accountId|studentId|subjectId|streamId|classRoomId|examId|score|paper1|paper2|paper3|term|year
E3CDC578-37BA-4CDB-B150-DAB0409270CD|4F218688-6DE5-4E69-8690-66FBA2F0DC9F|D0F7EC32-EA25-7D32-8708-2CC132446|4DA86139-6A72-4089-8858-6A3A613FDFE6|C143978A-E021-4015-BC67-5A00D6C910D1|D50E6399-B913-42F2-A5B6-F0D4BAAF9571|76|5|5|5|1|2017
E3CDC578-37BA-4CDB-B150-DAB0409270CD|A195BAF6-D6E7-43A5-B7C9-D6C627A42815|D0F7EC32-EA25-7D32-8708-2CC132446|4DA86139-6A72-4089-8858-6A3A613FDFE6|C143978A-E021-4015-BC67-5A00D6C910D1|D50E6399-B913-42F2-A5B6-F0D4BAAF9571|56|6|6|6|1|2017
E3CDC578-37BA-4CDB-B150-DAB0409270CD|8A1B5BDB-9589-4207-8345-A811FC18B2C9|D0F7EC32-EA25-7D32-8708-2CC132446|4DA86139-6A72-4089-8858-6A3A613FDFE6|C143978A-E021-4015-BC67-5A00D6C910D1|D50E6399-B913-42F2-A5B6-F0D4BAAF9571|82|7|7|7|1|2017
E3CDC578-37BA-4CDB-B150-DAB0409270CD|AEED7469-F7AF-41E6-B24C-13B1D74E1026|D0F7EC32-EA25-7D32-8708-2CC132446|4DA86139-6A72-4089-8858-6A3A613FDFE6|C143978A-E021-4015-BC67-5A00D6C910D1|D50E6399-B913-42F2-A5B6-F0D4BAAF9571|96|8|8|8|1|2017
E3CDC578-37BA-4CDB-B150-DAB0409270CD|CF64EBB2-BCC2-4EAA-B1C8-060EEE3284F3|D0F7EC32-EA25-7D32-8708-2CC132446|4DA86139-6A72-4089-8858-6A3A613FDFE6|C143978A-E021-4015-BC67-5A00D6C910D1|D50E6399-B913-42F2-A5B6-F0D4BAAF9571|94|9|9|9|1|2017
E3CDC578-37BA-4CDB-B150-DAB0409270CD|7BF6983F-CF8D-4897-8122-7CCD0F778CAF|D0F7EC32-EA25-7D32-8708-2CC132446|4DA86139-6A72-4089-8858-6A3A613FDFE6|C143978A-E021-4015-BC67-5A00D6C910D1|D50E6399-B913-42F2-A5B6-F0D4BAAF9571|88|10|10|10|1|2017
E3CDC578-37BA-4CDB-B150-DAB0409270CD|87D0EA99-7042-4867-A4B7-C31E7665DE5E|D0F7EC32-EA25-7D32-8708-2CC132446|4DA86139-6A72-4089-8858-6A3A613FDFE6|C143978A-E021-4015-BC67-5A00D6C910D1|D50E6399-B913-42F2-A5B6-F0D4BAAF9571|87|11|11|11|1|2017
E3CDC578-37BA-4CDB-B150-DAB0409270CD|6912F4C6-9370-440A-BA87-11A8426BA92C|D0F7EC32-EA25-7D32-8708-2CC132446|4DA86139-6A72-4089-8858-6A3A613FDFE6|C143978A-E021-4015-BC67-5A00D6C910D1|D50E6399-B913-42F2-A5B6-F0D4BAAF9571|65|12|12|12|1|2017
E3CDC578-37BA-4CDB-B150-DAB0409270CD|91318D8C-8150-49B4-A473-CF97F104F6B7|D0F7EC32-EA25-7D32-8708-2CC132446|4DA86139-6A72-4089-8858-6A3A613FDFE6|C143978A-E021-4015-BC67-5A00D6C910D1|D50E6399-B913-42F2-A5B6-F0D4BAAF9571|65|13|13|13|1|2017
E3CDC578-37BA-4CDB-B150-DAB0409270CD|DD9AF1EF-EEEC-49D3-A43F-802D7028BFD7|D0F7EC32-EA25-7D32-8708-2CC132446|4DA86139-6A72-4089-8858-6A3A613FDFE6|C143978A-E021-4015-BC67-5A00D6C910D1|D50E6399-B913-42F2-A5B6-F0D4BAAF9571|56|14|14|14|1|2017
E3CDC578-37BA-4CDB-B150-DAB0409270CD|62BC85B5-306F-4740-A215-48470CA31288|D0F7EC32-EA25-7D32-8708-2CC132446|4DA86139-6A72-4089-8858-6A3A613FDFE6|C143978A-E021-4015-BC67-5A00D6C910D1|D50E6399-B913-42F2-A5B6-F0D4BAAF9571|45|15|15|15|1|2017
E3CDC578-37BA-4CDB-B150-DAB0409270CD|B2EEF18D-EE0A-4CA1-B6FE-B82F863D81B4|D0F7EC32-EA25-7D32-8708-2CC132446|4DA86139-6A72-4089-8858-6A3A613FDFE6|C143978A-E021-4015-BC67-5A00D6C910D1|D50E6399-B913-42F2-A5B6-F0D4BAAF9571|98|16|16|16|1|2017
E3CDC578-37BA-4CDB-B150-DAB0409270CD|29A012E5-CDE3-45D8-9BB0-A25D3DBF0A92|D0F7EC32-EA25-7D32-8708-2CC132446|4DA86139-6A72-4089-8858-6A3A613FDFE6|C143978A-E021-4015-BC67-5A00D6C910D1|D50E6399-B913-42F2-A5B6-F0D4BAAF9571|67|17|17|17|1|2017
E3CDC578-37BA-4CDB-B150-DAB0409270CD|423C391C-4944-43F4-9034-9C6818E9C1A2|D0F7EC32-EA25-7D32-8708-2CC132446|4DA86139-6A72-4089-8858-6A3A613FDFE6|C143978A-E021-4015-BC67-5A00D6C910D1|D50E6399-B913-42F2-A5B6-F0D4BAAF9571|45|18|18|18|1|2017
E3CDC578-37BA-4CDB-B150-DAB0409270CD|F67E977A-0102-4758-91E8-9782A570E75D|D0F7EC32-EA25-7D32-8708-2CC132446|4DA86139-6A72-4089-8858-6A3A613FDFE6|C143978A-E021-4015-BC67-5A00D6C910D1|D50E6399-B913-42F2-A5B6-F0D4BAAF9571|56|19|19|19|1|2017
E3CDC578-37BA-4CDB-B150-DAB0409270CD|EF70C8D3-6866-4F6E-8FC2-10665A8D9B12|D0F7EC32-EA25-7D32-8708-2CC132446|4DA86139-6A72-4089-8858-6A3A613FDFE6|C143978A-E021-4015-BC67-5A00D6C910D1|D50E6399-B913-42F2-A5B6-F0D4BAAF9571|50|20|20|20|1|2017
E3CDC578-37BA-4CDB-B150-DAB0409270CD|123264D0-464E-4032-BEA5-CFECA81410C9|D0F7EC32-EA25-7D32-8708-2CC132446|4DA86139-6A72-4089-8858-6A3A613FDFE6|C143978A-E021-4015-BC67-5A00D6C910D1|D50E6399-B913-42F2-A5B6-F0D4BAAF9571|58|21|21|21|1|2017
E3CDC578-37BA-4CDB-B150-DAB0409270CD|CA1F032F-1CA2-4DCE-8AAA-CB284E167A3E|D0F7EC32-EA25-7D32-8708-2CC132446|4DA86139-6A72-4089-8858-6A3A613FDFE6|C143978A-E021-4015-BC67-5A00D6C910D1|D50E6399-B913-42F2-A5B6-F0D4BAAF9571|60|22|22|22|1|2017
E3CDC578-37BA-4CDB-B150-DAB0409270CD|72A995F4-0C94-4FAA-8A43-2277B02B97D1|D0F7EC32-EA25-7D32-8708-2CC132446|4DA86139-6A72-4089-8858-6A3A613FDFE6|C143978A-E021-4015-BC67-5A00D6C910D1|D50E6399-B913-42F2-A5B6-F0D4BAAF9571|63|23|23|23|1|2017
E3CDC578-37BA-4CDB-B150-DAB0409270CD|0DE968C9-7309-C481-58F7-AB6CDB1011EF|D0F7EC32-EA25-7D32-8708-2CC132446|4DA86139-6A72-4089-8858-6A3A613FDFE6|C143978A-E021-4015-BC67-5A00D6C910D1|D50E6399-B913-42F2-A5B6-F0D4BAAF9571|66|24|24|24|1|2017
E3CDC578-37BA-4CDB-B150-DAB0409270CD|C1F2964E-9DD5-4B7A-86BD-E7FCAFB9D9D9|D0F7EC32-EA25-7D32-8708-2CC132446|4DA86139-6A72-4089-8858-6A3A613FDFE6|C143978A-E021-4015-BC67-5A00D6C910D1|D50E6399-B913-42F2-A5B6-F0D4BAAF9571|77|25|25|25|1|2017
E3CDC578-37BA-4CDB-B150-DAB0409270CD|E4D9BF24-8574-463D-A816-A21CEC6CD548|D0F7EC32-EA25-7D32-8708-2CC132446|4DA86139-6A72-4089-8858-6A3A613FDFE6|C143978A-E021-4015-BC67-5A00D6C910D1|D50E6399-B913-42F2-A5B6-F0D4BAAF9571|56|26|26|26|1|2017
E3CDC578-37BA-4CDB-B150-DAB0409270CD|40F82118-26E7-4CCC-8456-195B5F009478|D0F7EC32-EA25-7D32-8708-2CC132446|4DA86139-6A72-4089-8858-6A3A613FDFE6|C143978A-E021-4015-BC67-5A00D6C910D1|D50E6399-B913-42F2-A5B6-F0D4BAAF9571|55|27|27|14|1|2017
E3CDC578-37BA-4CDB-B150-DAB0409270CD|0420916C-304D-4EB8-A847-8B4729E915C1|D0F7EC32-EA25-7D32-8708-2CC132446|4DA86139-6A72-4089-8858-6A3A613FDFE6|C143978A-E021-4015-BC67-5A00D6C910D1|D50E6399-B913-42F2-A5B6-F0D4BAAF9571|67|28|28|15|1|2017
E3CDC578-37BA-4CDB-B150-DAB0409270CD|199C78A9-4708-451E-8C87-8E6B4F47AAD9|D0F7EC32-EA25-7D32-8708-2CC132446|4DA86139-6A72-4089-8858-6A3A613FDFE6|C143978A-E021-4015-BC67-5A00D6C910D1|D50E6399-B913-42F2-A5B6-F0D4BAAF9571|56|29|29|16|1|2017
E3CDC578-37BA-4CDB-B150-DAB0409270CD|B404AA65-25A3-40B0-8462-D377A926354F|D0F7EC32-EA25-7D32-8708-2CC132446|4DA86139-6A72-4089-8858-6A3A613FDFE6|C143978A-E021-4015-BC67-5A00D6C910D1|D50E6399-B913-42F2-A5B6-F0D4BAAF9571|82|30|30|17|1|2017
E3CDC578-37BA-4CDB-B150-DAB0409270CD|B7B6D6E6-84B1-47F6-AA1B-AA34AEB7D236|D0F7EC32-EA25-7D32-8708-2CC132446|4DA86139-6A72-4089-8858-6A3A613FDFE6|C143978A-E021-4015-BC67-5A00D6C910D1|D50E6399-B913-42F2-A5B6-F0D4BAAF9571|96|31|31|18|1|2017
E3CDC578-37BA-4CDB-B150-DAB0409270CD|7559C867-A833-4DA2-816B-51D4636033A3|D0F7EC32-EA25-7D32-8708-2CC132446|4DA86139-6A72-4089-8858-6A3A613FDFE6|C143978A-E021-4015-BC67-5A00D6C910D1|D50E6399-B913-42F2-A5B6-F0D4BAAF9571|94|32|32|19|1|2017
E3CDC578-37BA-4CDB-B150-DAB0409270CD|7FC3A038-C5DE-4DEE-AE2D-E2ED230AB328|D0F7EC32-EA25-7D32-8708-2CC132446|4DA86139-6A72-4089-8858-6A3A613FDFE6|C143978A-E021-4015-BC67-5A00D6C910D1|D50E6399-B913-42F2-A5B6-F0D4BAAF9571|88|33|33|20|1|2017
E3CDC578-37BA-4CDB-B150-DAB0409270CD|4A4D0394-0FBD-4014-98A5-D3CE9161A568|D0F7EC32-EA25-7D32-8708-2CC132446|4DA86139-6A72-4089-8858-6A3A613FDFE6|C143978A-E021-4015-BC67-5A00D6C910D1|D50E6399-B913-42F2-A5B6-F0D4BAAF9571|87|34|34|21|1|2017
E3CDC578-37BA-4CDB-B150-DAB0409270CD|CB0EF175-8A57-49D7-A1D4-89D0C6E3A497|D0F7EC32-EA25-7D32-8708-2CC132446|4DA86139-6A72-4089-8858-6A3A613FDFE6|C143978A-E021-4015-BC67-5A00D6C910D1|D50E6399-B913-42F2-A5B6-F0D4BAAF9571|65|35|35|22|1|2017
E3CDC578-37BA-4CDB-B150-DAB0409270CD|309B97E9-72AB-4FD0-A282-8410413ACE46|D0F7EC32-EA25-7D32-8708-2CC132446|4DA86139-6A72-4089-8858-6A3A613FDFE6|C143978A-E021-4015-BC67-5A00D6C910D1|D50E6399-B913-42F2-A5B6-F0D4BAAF9571|65|36|36|23|1|2017
E3CDC578-37BA-4CDB-B150-DAB0409270CD|307ED34F-D6B5-4EE8-AB44-543305B12085|D0F7EC32-EA25-7D32-8708-2CC132446|4DA86139-6A72-4089-8858-6A3A613FDFE6|C143978A-E021-4015-BC67-5A00D6C910D1|D50E6399-B913-42F2-A5B6-F0D4BAAF9571|56|37|37|24|1|2017
E3CDC578-37BA-4CDB-B150-DAB0409270CD|97BAC717-C0A7-47F7-9918-C56658E6D792|D0F7EC32-EA25-7D32-8708-2CC132446|4DA86139-6A72-4089-8858-6A3A613FDFE6|C143978A-E021-4015-BC67-5A00D6C910D1|D50E6399-B913-42F2-A5B6-F0D4BAAF9571|45|38|38|25|1|2017
E3CDC578-37BA-4CDB-B150-DAB0409270CD|466D93AD-B0D7-4B29-89C0-569A421763D6|D0F7EC32-EA25-7D32-8708-2CC132446|4DA86139-6A72-4089-8858-6A3A613FDFE6|C143978A-E021-4015-BC67-5A00D6C910D1|D50E6399-B913-42F2-A5B6-F0D4BAAF9571|98|39|39|26|1|2017
E3CDC578-37BA-4CDB-B150-DAB0409270CD|41C68FA5-4A98-4BB2-B702-68DD844F92B0|D0F7EC32-EA25-7D32-8708-2CC132446|4DA86139-6A72-4089-8858-6A3A613FDFE6|C143978A-E021-4015-BC67-5A00D6C910D1|D50E6399-B913-42F2-A5B6-F0D4BAAF9571|67|40|40|14|1|2017
E3CDC578-37BA-4CDB-B150-DAB0409270CD|9208D11F-98E8-47B8-8DFC-4215FC2EF127|D0F7EC32-EA25-7D32-8708-2CC132446|4DA86139-6A72-4089-8858-6A3A613FDFE6|C143978A-E021-4015-BC67-5A00D6C910D1|D50E6399-B913-42F2-A5B6-F0D4BAAF9571|45|41|41|15|1|2017
E3CDC578-37BA-4CDB-B150-DAB0409270CD|3013780A-61AD-4BAA-8666-C89CC1A555F8|D0F7EC32-EA25-7D32-8708-2CC132446|4DA86139-6A72-4089-8858-6A3A613FDFE6|C143978A-E021-4015-BC67-5A00D6C910D1|D50E6399-B913-42F2-A5B6-F0D4BAAF9571|56|42|42|16|1|2017
E3CDC578-37BA-4CDB-B150-DAB0409270CD|3C14C92D-9113-4289-8A69-564BF3F3D871|D0F7EC32-EA25-7D32-8708-2CC132446|4DA86139-6A72-4089-8858-6A3A613FDFE6|C143978A-E021-4015-BC67-5A00D6C910D1|D50E6399-B913-42F2-A5B6-F0D4BAAF9571|50|43|43|17|1|2017
E3CDC578-37BA-4CDB-B150-DAB0409270CD|E9888085-FD91-4551-9274-50BA485A9637|D0F7EC32-EA25-7D32-8708-2CC132446|4DA86139-6A72-4089-8858-6A3A613FDFE6|C143978A-E021-4015-BC67-5A00D6C910D1|D50E6399-B913-42F2-A5B6-F0D4BAAF9571|58|44|44|18|1|2017
E3CDC578-37BA-4CDB-B150-DAB0409270CD|4F218688-6DE5-4E69-8690-66FBA2F0DC9F|66027e51-b1ad-4b10-8250-63af64d23323|4DA86139-6A72-4089-8858-6A3A613FDFE6|C143978A-E021-4015-BC67-5A00D6C910D1|D50E6399-B913-42F2-A5B6-F0D4BAAF9571|60|45|45|19|1|2017
E3CDC578-37BA-4CDB-B150-DAB0409270CD|A195BAF6-D6E7-43A5-B7C9-D6C627A42815|66027e51-b1ad-4b10-8250-63af64d23323|4DA86139-6A72-4089-8858-6A3A613FDFE6|C143978A-E021-4015-BC67-5A00D6C910D1|D50E6399-B913-42F2-A5B6-F0D4BAAF9571|63|13|13|13|1|2017
E3CDC578-37BA-4CDB-B150-DAB0409270CD|8A1B5BDB-9589-4207-8345-A811FC18B2C9|66027e51-b1ad-4b10-8250-63af64d23323|4DA86139-6A72-4089-8858-6A3A613FDFE6|C143978A-E021-4015-BC67-5A00D6C910D1|D50E6399-B913-42F2-A5B6-F0D4BAAF9571|66|14|14|14|1|2017
E3CDC578-37BA-4CDB-B150-DAB0409270CD|AEED7469-F7AF-41E6-B24C-13B1D74E1026|66027e51-b1ad-4b10-8250-63af64d23323|4DA86139-6A72-4089-8858-6A3A613FDFE6|C143978A-E021-4015-BC67-5A00D6C910D1|D50E6399-B913-42F2-A5B6-F0D4BAAF9571|77|15|15|15|1|2017
E3CDC578-37BA-4CDB-B150-DAB0409270CD|CF64EBB2-BCC2-4EAA-B1C8-060EEE3284F3|66027e51-b1ad-4b10-8250-63af64d23323|4DA86139-6A72-4089-8858-6A3A613FDFE6|C143978A-E021-4015-BC67-5A00D6C910D1|D50E6399-B913-42F2-A5B6-F0D4BAAF9571|56|16|16|16|1|2017
E3CDC578-37BA-4CDB-B150-DAB0409270CD|7BF6983F-CF8D-4897-8122-7CCD0F778CAF|66027e51-b1ad-4b10-8250-63af64d23323|4DA86139-6A72-4089-8858-6A3A613FDFE6|C143978A-E021-4015-BC67-5A00D6C910D1|D50E6399-B913-42F2-A5B6-F0D4BAAF9571|55|17|17|17|1|2017
E3CDC578-37BA-4CDB-B150-DAB0409270CD|87D0EA99-7042-4867-A4B7-C31E7665DE5E|66027e51-b1ad-4b10-8250-63af64d23323|4DA86139-6A72-4089-8858-6A3A613FDFE6|C143978A-E021-4015-BC67-5A00D6C910D1|D50E6399-B913-42F2-A5B6-F0D4BAAF9571|67|18|18|18|1|2017
E3CDC578-37BA-4CDB-B150-DAB0409270CD|6912F4C6-9370-440A-BA87-11A8426BA92C|66027e51-b1ad-4b10-8250-63af64d23323|4DA86139-6A72-4089-8858-6A3A613FDFE6|C143978A-E021-4015-BC67-5A00D6C910D1|D50E6399-B913-42F2-A5B6-F0D4BAAF9571|56|19|19|19|1|2017
E3CDC578-37BA-4CDB-B150-DAB0409270CD|91318D8C-8150-49B4-A473-CF97F104F6B7|66027e51-b1ad-4b10-8250-63af64d23323|4DA86139-6A72-4089-8858-6A3A613FDFE6|C143978A-E021-4015-BC67-5A00D6C910D1|D50E6399-B913-42F2-A5B6-F0D4BAAF9571|82|20|20|20|1|2017
E3CDC578-37BA-4CDB-B150-DAB0409270CD|DD9AF1EF-EEEC-49D3-A43F-802D7028BFD7|66027e51-b1ad-4b10-8250-63af64d23323|4DA86139-6A72-4089-8858-6A3A613FDFE6|C143978A-E021-4015-BC67-5A00D6C910D1|D50E6399-B913-42F2-A5B6-F0D4BAAF9571|96|21|21|21|1|2017
E3CDC578-37BA-4CDB-B150-DAB0409270CD|62BC85B5-306F-4740-A215-48470CA31288|66027e51-b1ad-4b10-8250-63af64d23323|4DA86139-6A72-4089-8858-6A3A613FDFE6|C143978A-E021-4015-BC67-5A00D6C910D1|D50E6399-B913-42F2-A5B6-F0D4BAAF9571|94|22|22|22|1|2017
E3CDC578-37BA-4CDB-B150-DAB0409270CD|B2EEF18D-EE0A-4CA1-B6FE-B82F863D81B4|66027e51-b1ad-4b10-8250-63af64d23323|4DA86139-6A72-4089-8858-6A3A613FDFE6|C143978A-E021-4015-BC67-5A00D6C910D1|D50E6399-B913-42F2-A5B6-F0D4BAAF9571|88|23|23|23|1|2017
E3CDC578-37BA-4CDB-B150-DAB0409270CD|29A012E5-CDE3-45D8-9BB0-A25D3DBF0A92|66027e51-b1ad-4b10-8250-63af64d23323|4DA86139-6A72-4089-8858-6A3A613FDFE6|C143978A-E021-4015-BC67-5A00D6C910D1|D50E6399-B913-42F2-A5B6-F0D4BAAF9571|87|24|24|24|1|2017
E3CDC578-37BA-4CDB-B150-DAB0409270CD|423C391C-4944-43F4-9034-9C6818E9C1A2|66027e51-b1ad-4b10-8250-63af64d23323|4DA86139-6A72-4089-8858-6A3A613FDFE6|C143978A-E021-4015-BC67-5A00D6C910D1|D50E6399-B913-42F2-A5B6-F0D4BAAF9571|65|25|25|25|1|2017
E3CDC578-37BA-4CDB-B150-DAB0409270CD|F67E977A-0102-4758-91E8-9782A570E75D|66027e51-b1ad-4b10-8250-63af64d23323|4DA86139-6A72-4089-8858-6A3A613FDFE6|C143978A-E021-4015-BC67-5A00D6C910D1|D50E6399-B913-42F2-A5B6-F0D4BAAF9571|65|26|26|26|1|2017
E3CDC578-37BA-4CDB-B150-DAB0409270CD|EF70C8D3-6866-4F6E-8FC2-10665A8D9B12|66027e51-b1ad-4b10-8250-63af64d23323|4DA86139-6A72-4089-8858-6A3A613FDFE6|C143978A-E021-4015-BC67-5A00D6C910D1|D50E6399-B913-42F2-A5B6-F0D4BAAF9571|56|27|27|14|1|2017
E3CDC578-37BA-4CDB-B150-DAB0409270CD|123264D0-464E-4032-BEA5-CFECA81410C9|66027e51-b1ad-4b10-8250-63af64d23323|4DA86139-6A72-4089-8858-6A3A613FDFE6|C143978A-E021-4015-BC67-5A00D6C910D1|D50E6399-B913-42F2-A5B6-F0D4BAAF9571|45|28|28|15|1|2017
E3CDC578-37BA-4CDB-B150-DAB0409270CD|CA1F032F-1CA2-4DCE-8AAA-CB284E167A3E|66027e51-b1ad-4b10-8250-63af64d23323|4DA86139-6A72-4089-8858-6A3A613FDFE6|C143978A-E021-4015-BC67-5A00D6C910D1|D50E6399-B913-42F2-A5B6-F0D4BAAF9571|98|29|29|16|1|2017
E3CDC578-37BA-4CDB-B150-DAB0409270CD|72A995F4-0C94-4FAA-8A43-2277B02B97D1|66027e51-b1ad-4b10-8250-63af64d23323|4DA86139-6A72-4089-8858-6A3A613FDFE6|C143978A-E021-4015-BC67-5A00D6C910D1|D50E6399-B913-42F2-A5B6-F0D4BAAF9571|67|30|30|17|1|2017
E3CDC578-37BA-4CDB-B150-DAB0409270CD|0DE968C9-7309-C481-58F7-AB6CDB1011EF|66027e51-b1ad-4b10-8250-63af64d23323|4DA86139-6A72-4089-8858-6A3A613FDFE6|C143978A-E021-4015-BC67-5A00D6C910D1|D50E6399-B913-42F2-A5B6-F0D4BAAF9571|45|31|31|18|1|2017
E3CDC578-37BA-4CDB-B150-DAB0409270CD|C1F2964E-9DD5-4B7A-86BD-E7FCAFB9D9D9|66027e51-b1ad-4b10-8250-63af64d23323|4DA86139-6A72-4089-8858-6A3A613FDFE6|C143978A-E021-4015-BC67-5A00D6C910D1|D50E6399-B913-42F2-A5B6-F0D4BAAF9571|56|32|32|19|1|2017
E3CDC578-37BA-4CDB-B150-DAB0409270CD|E4D9BF24-8574-463D-A816-A21CEC6CD548|66027e51-b1ad-4b10-8250-63af64d23323|4DA86139-6A72-4089-8858-6A3A613FDFE6|C143978A-E021-4015-BC67-5A00D6C910D1|D50E6399-B913-42F2-A5B6-F0D4BAAF9571|50|33|33|20|1|2017
E3CDC578-37BA-4CDB-B150-DAB0409270CD|40F82118-26E7-4CCC-8456-195B5F009478|66027e51-b1ad-4b10-8250-63af64d23323|4DA86139-6A72-4089-8858-6A3A613FDFE6|C143978A-E021-4015-BC67-5A00D6C910D1|D50E6399-B913-42F2-A5B6-F0D4BAAF9571|58|34|34|21|1|2017
E3CDC578-37BA-4CDB-B150-DAB0409270CD|0420916C-304D-4EB8-A847-8B4729E915C1|66027e51-b1ad-4b10-8250-63af64d23323|4DA86139-6A72-4089-8858-6A3A613FDFE6|C143978A-E021-4015-BC67-5A00D6C910D1|D50E6399-B913-42F2-A5B6-F0D4BAAF9571|60|35|35|22|1|2017
E3CDC578-37BA-4CDB-B150-DAB0409270CD|199C78A9-4708-451E-8C87-8E6B4F47AAD9|66027e51-b1ad-4b10-8250-63af64d23323|4DA86139-6A72-4089-8858-6A3A613FDFE6|C143978A-E021-4015-BC67-5A00D6C910D1|D50E6399-B913-42F2-A5B6-F0D4BAAF9571|63|36|36|23|1|2017
E3CDC578-37BA-4CDB-B150-DAB0409270CD|B404AA65-25A3-40B0-8462-D377A926354F|66027e51-b1ad-4b10-8250-63af64d23323|4DA86139-6A72-4089-8858-6A3A613FDFE6|C143978A-E021-4015-BC67-5A00D6C910D1|D50E6399-B913-42F2-A5B6-F0D4BAAF9571|66|37|37|24|1|2017
E3CDC578-37BA-4CDB-B150-DAB0409270CD|B7B6D6E6-84B1-47F6-AA1B-AA34AEB7D236|66027e51-b1ad-4b10-8250-63af64d23323|4DA86139-6A72-4089-8858-6A3A613FDFE6|C143978A-E021-4015-BC67-5A00D6C910D1|D50E6399-B913-42F2-A5B6-F0D4BAAF9571|77|38|38|25|1|2017
E3CDC578-37BA-4CDB-B150-DAB0409270CD|7559C867-A833-4DA2-816B-51D4636033A3|66027e51-b1ad-4b10-8250-63af64d23323|4DA86139-6A72-4089-8858-6A3A613FDFE6|C143978A-E021-4015-BC67-5A00D6C910D1|D50E6399-B913-42F2-A5B6-F0D4BAAF9571|56|39|39|26|1|2017
E3CDC578-37BA-4CDB-B150-DAB0409270CD|7FC3A038-C5DE-4DEE-AE2D-E2ED230AB328|66027e51-b1ad-4b10-8250-63af64d23323|4DA86139-6A72-4089-8858-6A3A613FDFE6|C143978A-E021-4015-BC67-5A00D6C910D1|D50E6399-B913-42F2-A5B6-F0D4BAAF9571|55|40|40|14|1|2017
E3CDC578-37BA-4CDB-B150-DAB0409270CD|4A4D0394-0FBD-4014-98A5-D3CE9161A568|66027e51-b1ad-4b10-8250-63af64d23323|4DA86139-6A72-4089-8858-6A3A613FDFE6|C143978A-E021-4015-BC67-5A00D6C910D1|D50E6399-B913-42F2-A5B6-F0D4BAAF9571|67|41|41|15|1|2017
E3CDC578-37BA-4CDB-B150-DAB0409270CD|CB0EF175-8A57-49D7-A1D4-89D0C6E3A497|66027e51-b1ad-4b10-8250-63af64d23323|4DA86139-6A72-4089-8858-6A3A613FDFE6|C143978A-E021-4015-BC67-5A00D6C910D1|D50E6399-B913-42F2-A5B6-F0D4BAAF9571|56|42|42|16|1|2017
E3CDC578-37BA-4CDB-B150-DAB0409270CD|309B97E9-72AB-4FD0-A282-8410413ACE46|66027e51-b1ad-4b10-8250-63af64d23323|4DA86139-6A72-4089-8858-6A3A613FDFE6|C143978A-E021-4015-BC67-5A00D6C910D1|D50E6399-B913-42F2-A5B6-F0D4BAAF9571|82|43|43|17|1|2017
E3CDC578-37BA-4CDB-B150-DAB0409270CD|307ED34F-D6B5-4EE8-AB44-543305B12085|66027e51-b1ad-4b10-8250-63af64d23323|4DA86139-6A72-4089-8858-6A3A613FDFE6|C143978A-E021-4015-BC67-5A00D6C910D1|D50E6399-B913-42F2-A5B6-F0D4BAAF9571|96|44|44|18|1|2017
E3CDC578-37BA-4CDB-B150-DAB0409270CD|97BAC717-C0A7-47F7-9918-C56658E6D792|66027e51-b1ad-4b10-8250-63af64d23323|4DA86139-6A72-4089-8858-6A3A613FDFE6|C143978A-E021-4015-BC67-5A00D6C910D1|D50E6399-B913-42F2-A5B6-F0D4BAAF9571|94|45|45|19|1|2017
E3CDC578-37BA-4CDB-B150-DAB0409270CD|466D93AD-B0D7-4B29-89C0-569A421763D6|66027e51-b1ad-4b10-8250-63af64d23323|4DA86139-6A72-4089-8858-6A3A613FDFE6|C143978A-E021-4015-BC67-5A00D6C910D1|D50E6399-B913-42F2-A5B6-F0D4BAAF9571|88|13|13|13|1|2017
E3CDC578-37BA-4CDB-B150-DAB0409270CD|41C68FA5-4A98-4BB2-B702-68DD844F92B0|66027e51-b1ad-4b10-8250-63af64d23323|4DA86139-6A72-4089-8858-6A3A613FDFE6|C143978A-E021-4015-BC67-5A00D6C910D1|D50E6399-B913-42F2-A5B6-F0D4BAAF9571|87|14|14|14|1|2017
E3CDC578-37BA-4CDB-B150-DAB0409270CD|9208D11F-98E8-47B8-8DFC-4215FC2EF127|66027e51-b1ad-4b10-8250-63af64d23323|4DA86139-6A72-4089-8858-6A3A613FDFE6|C143978A-E021-4015-BC67-5A00D6C910D1|D50E6399-B913-42F2-A5B6-F0D4BAAF9571|65|15|15|15|1|2017
E3CDC578-37BA-4CDB-B150-DAB0409270CD|3013780A-61AD-4BAA-8666-C89CC1A555F8|66027e51-b1ad-4b10-8250-63af64d23323|4DA86139-6A72-4089-8858-6A3A613FDFE6|C143978A-E021-4015-BC67-5A00D6C910D1|D50E6399-B913-42F2-A5B6-F0D4BAAF9571|65|16|16|16|1|2017
E3CDC578-37BA-4CDB-B150-DAB0409270CD|3C14C92D-9113-4289-8A69-564BF3F3D871|66027e51-b1ad-4b10-8250-63af64d23323|4DA86139-6A72-4089-8858-6A3A613FDFE6|C143978A-E021-4015-BC67-5A00D6C910D1|D50E6399-B913-42F2-A5B6-F0D4BAAF9571|56|17|17|17|1|2017
E3CDC578-37BA-4CDB-B150-DAB0409270CD|E9888085-FD91-4551-9274-50BA485A9637|66027e51-b1ad-4b10-8250-63af64d23323|4DA86139-6A72-4089-8858-6A3A613FDFE6|C143978A-E021-4015-BC67-5A00D6C910D1|D50E6399-B913-42F2-A5B6-F0D4BAAF9571|45|18|18|18|1|2017
E3CDC578-37BA-4CDB-B150-DAB0409270CD|4F218688-6DE5-4E69-8690-66FBA2F0DC9F|4f59580d-1a16-4669-9ed5-4b89615d6903|4DA86139-6A72-4089-8858-6A3A613FDFE6|C143978A-E021-4015-BC67-5A00D6C910D1|D50E6399-B913-42F2-A5B6-F0D4BAAF9571|98|19|19|19|1|2017
E3CDC578-37BA-4CDB-B150-DAB0409270CD|A195BAF6-D6E7-43A5-B7C9-D6C627A42815|4f59580d-1a16-4669-9ed5-4b89615d6903|4DA86139-6A72-4089-8858-6A3A613FDFE6|C143978A-E021-4015-BC67-5A00D6C910D1|D50E6399-B913-42F2-A5B6-F0D4BAAF9571|67|20|20|20|1|2017
E3CDC578-37BA-4CDB-B150-DAB0409270CD|8A1B5BDB-9589-4207-8345-A811FC18B2C9|4f59580d-1a16-4669-9ed5-4b89615d6903|4DA86139-6A72-4089-8858-6A3A613FDFE6|C143978A-E021-4015-BC67-5A00D6C910D1|D50E6399-B913-42F2-A5B6-F0D4BAAF9571|45|21|21|21|1|2017
E3CDC578-37BA-4CDB-B150-DAB0409270CD|AEED7469-F7AF-41E6-B24C-13B1D74E1026|4f59580d-1a16-4669-9ed5-4b89615d6903|4DA86139-6A72-4089-8858-6A3A613FDFE6|C143978A-E021-4015-BC67-5A00D6C910D1|D50E6399-B913-42F2-A5B6-F0D4BAAF9571|56|22|22|22|1|2017
E3CDC578-37BA-4CDB-B150-DAB0409270CD|CF64EBB2-BCC2-4EAA-B1C8-060EEE3284F3|4f59580d-1a16-4669-9ed5-4b89615d6903|4DA86139-6A72-4089-8858-6A3A613FDFE6|C143978A-E021-4015-BC67-5A00D6C910D1|D50E6399-B913-42F2-A5B6-F0D4BAAF9571|50|23|23|23|1|2017
E3CDC578-37BA-4CDB-B150-DAB0409270CD|7BF6983F-CF8D-4897-8122-7CCD0F778CAF|4f59580d-1a16-4669-9ed5-4b89615d6903|4DA86139-6A72-4089-8858-6A3A613FDFE6|C143978A-E021-4015-BC67-5A00D6C910D1|D50E6399-B913-42F2-A5B6-F0D4BAAF9571|58|24|24|24|1|2017
E3CDC578-37BA-4CDB-B150-DAB0409270CD|87D0EA99-7042-4867-A4B7-C31E7665DE5E|4f59580d-1a16-4669-9ed5-4b89615d6903|4DA86139-6A72-4089-8858-6A3A613FDFE6|C143978A-E021-4015-BC67-5A00D6C910D1|D50E6399-B913-42F2-A5B6-F0D4BAAF9571|60|25|25|25|1|2017
E3CDC578-37BA-4CDB-B150-DAB0409270CD|6912F4C6-9370-440A-BA87-11A8426BA92C|4f59580d-1a16-4669-9ed5-4b89615d6903|4DA86139-6A72-4089-8858-6A3A613FDFE6|C143978A-E021-4015-BC67-5A00D6C910D1|D50E6399-B913-42F2-A5B6-F0D4BAAF9571|63|26|26|26|1|2017
E3CDC578-37BA-4CDB-B150-DAB0409270CD|91318D8C-8150-49B4-A473-CF97F104F6B7|4f59580d-1a16-4669-9ed5-4b89615d6903|4DA86139-6A72-4089-8858-6A3A613FDFE6|C143978A-E021-4015-BC67-5A00D6C910D1|D50E6399-B913-42F2-A5B6-F0D4BAAF9571|66|27|27|14|1|2017
E3CDC578-37BA-4CDB-B150-DAB0409270CD|DD9AF1EF-EEEC-49D3-A43F-802D7028BFD7|4f59580d-1a16-4669-9ed5-4b89615d6903|4DA86139-6A72-4089-8858-6A3A613FDFE6|C143978A-E021-4015-BC67-5A00D6C910D1|D50E6399-B913-42F2-A5B6-F0D4BAAF9571|77|28|28|15|1|2017
E3CDC578-37BA-4CDB-B150-DAB0409270CD|62BC85B5-306F-4740-A215-48470CA31288|4f59580d-1a16-4669-9ed5-4b89615d6903|4DA86139-6A72-4089-8858-6A3A613FDFE6|C143978A-E021-4015-BC67-5A00D6C910D1|D50E6399-B913-42F2-A5B6-F0D4BAAF9571|56|29|29|16|1|2017
E3CDC578-37BA-4CDB-B150-DAB0409270CD|B2EEF18D-EE0A-4CA1-B6FE-B82F863D81B4|4f59580d-1a16-4669-9ed5-4b89615d6903|4DA86139-6A72-4089-8858-6A3A613FDFE6|C143978A-E021-4015-BC67-5A00D6C910D1|D50E6399-B913-42F2-A5B6-F0D4BAAF9571|55|30|30|17|1|2017
E3CDC578-37BA-4CDB-B150-DAB0409270CD|29A012E5-CDE3-45D8-9BB0-A25D3DBF0A92|4f59580d-1a16-4669-9ed5-4b89615d6903|4DA86139-6A72-4089-8858-6A3A613FDFE6|C143978A-E021-4015-BC67-5A00D6C910D1|D50E6399-B913-42F2-A5B6-F0D4BAAF9571|67|31|31|18|1|2017
E3CDC578-37BA-4CDB-B150-DAB0409270CD|423C391C-4944-43F4-9034-9C6818E9C1A2|4f59580d-1a16-4669-9ed5-4b89615d6903|4DA86139-6A72-4089-8858-6A3A613FDFE6|C143978A-E021-4015-BC67-5A00D6C910D1|D50E6399-B913-42F2-A5B6-F0D4BAAF9571|56|32|32|19|1|2017
E3CDC578-37BA-4CDB-B150-DAB0409270CD|F67E977A-0102-4758-91E8-9782A570E75D|4f59580d-1a16-4669-9ed5-4b89615d6903|4DA86139-6A72-4089-8858-6A3A613FDFE6|C143978A-E021-4015-BC67-5A00D6C910D1|D50E6399-B913-42F2-A5B6-F0D4BAAF9571|82|33|33|20|1|2017
E3CDC578-37BA-4CDB-B150-DAB0409270CD|EF70C8D3-6866-4F6E-8FC2-10665A8D9B12|4f59580d-1a16-4669-9ed5-4b89615d6903|4DA86139-6A72-4089-8858-6A3A613FDFE6|C143978A-E021-4015-BC67-5A00D6C910D1|D50E6399-B913-42F2-A5B6-F0D4BAAF9571|96|34|34|21|1|2017
E3CDC578-37BA-4CDB-B150-DAB0409270CD|123264D0-464E-4032-BEA5-CFECA81410C9|4f59580d-1a16-4669-9ed5-4b89615d6903|4DA86139-6A72-4089-8858-6A3A613FDFE6|C143978A-E021-4015-BC67-5A00D6C910D1|D50E6399-B913-42F2-A5B6-F0D4BAAF9571|94|35|35|22|1|2017
E3CDC578-37BA-4CDB-B150-DAB0409270CD|CA1F032F-1CA2-4DCE-8AAA-CB284E167A3E|4f59580d-1a16-4669-9ed5-4b89615d6903|4DA86139-6A72-4089-8858-6A3A613FDFE6|C143978A-E021-4015-BC67-5A00D6C910D1|D50E6399-B913-42F2-A5B6-F0D4BAAF9571|88|36|36|23|1|2017
E3CDC578-37BA-4CDB-B150-DAB0409270CD|72A995F4-0C94-4FAA-8A43-2277B02B97D1|4f59580d-1a16-4669-9ed5-4b89615d6903|4DA86139-6A72-4089-8858-6A3A613FDFE6|C143978A-E021-4015-BC67-5A00D6C910D1|D50E6399-B913-42F2-A5B6-F0D4BAAF9571|87|37|37|24|1|2017
E3CDC578-37BA-4CDB-B150-DAB0409270CD|0DE968C9-7309-C481-58F7-AB6CDB1011EF|4f59580d-1a16-4669-9ed5-4b89615d6903|4DA86139-6A72-4089-8858-6A3A613FDFE6|C143978A-E021-4015-BC67-5A00D6C910D1|D50E6399-B913-42F2-A5B6-F0D4BAAF9571|65|38|38|25|1|2017
E3CDC578-37BA-4CDB-B150-DAB0409270CD|C1F2964E-9DD5-4B7A-86BD-E7FCAFB9D9D9|4f59580d-1a16-4669-9ed5-4b89615d6903|4DA86139-6A72-4089-8858-6A3A613FDFE6|C143978A-E021-4015-BC67-5A00D6C910D1|D50E6399-B913-42F2-A5B6-F0D4BAAF9571|65|39|39|26|1|2017
E3CDC578-37BA-4CDB-B150-DAB0409270CD|E4D9BF24-8574-463D-A816-A21CEC6CD548|4f59580d-1a16-4669-9ed5-4b89615d6903|4DA86139-6A72-4089-8858-6A3A613FDFE6|C143978A-E021-4015-BC67-5A00D6C910D1|D50E6399-B913-42F2-A5B6-F0D4BAAF9571|56|40|40|14|1|2017
E3CDC578-37BA-4CDB-B150-DAB0409270CD|40F82118-26E7-4CCC-8456-195B5F009478|4f59580d-1a16-4669-9ed5-4b89615d6903|4DA86139-6A72-4089-8858-6A3A613FDFE6|C143978A-E021-4015-BC67-5A00D6C910D1|D50E6399-B913-42F2-A5B6-F0D4BAAF9571|45|41|41|15|1|2017
E3CDC578-37BA-4CDB-B150-DAB0409270CD|0420916C-304D-4EB8-A847-8B4729E915C1|4f59580d-1a16-4669-9ed5-4b89615d6903|4DA86139-6A72-4089-8858-6A3A613FDFE6|C143978A-E021-4015-BC67-5A00D6C910D1|D50E6399-B913-42F2-A5B6-F0D4BAAF9571|98|42|42|16|1|2017
E3CDC578-37BA-4CDB-B150-DAB0409270CD|199C78A9-4708-451E-8C87-8E6B4F47AAD9|4f59580d-1a16-4669-9ed5-4b89615d6903|4DA86139-6A72-4089-8858-6A3A613FDFE6|C143978A-E021-4015-BC67-5A00D6C910D1|D50E6399-B913-42F2-A5B6-F0D4BAAF9571|67|43|43|17|1|2017
E3CDC578-37BA-4CDB-B150-DAB0409270CD|B404AA65-25A3-40B0-8462-D377A926354F|4f59580d-1a16-4669-9ed5-4b89615d6903|4DA86139-6A72-4089-8858-6A3A613FDFE6|C143978A-E021-4015-BC67-5A00D6C910D1|D50E6399-B913-42F2-A5B6-F0D4BAAF9571|45|44|44|18|1|2017
E3CDC578-37BA-4CDB-B150-DAB0409270CD|B7B6D6E6-84B1-47F6-AA1B-AA34AEB7D236|4f59580d-1a16-4669-9ed5-4b89615d6903|4DA86139-6A72-4089-8858-6A3A613FDFE6|C143978A-E021-4015-BC67-5A00D6C910D1|D50E6399-B913-42F2-A5B6-F0D4BAAF9571|56|45|45|19|1|2017
E3CDC578-37BA-4CDB-B150-DAB0409270CD|7559C867-A833-4DA2-816B-51D4636033A3|4f59580d-1a16-4669-9ed5-4b89615d6903|4DA86139-6A72-4089-8858-6A3A613FDFE6|C143978A-E021-4015-BC67-5A00D6C910D1|D50E6399-B913-42F2-A5B6-F0D4BAAF9571|50|13|13|13|1|2017
E3CDC578-37BA-4CDB-B150-DAB0409270CD|7FC3A038-C5DE-4DEE-AE2D-E2ED230AB328|4f59580d-1a16-4669-9ed5-4b89615d6903|4DA86139-6A72-4089-8858-6A3A613FDFE6|C143978A-E021-4015-BC67-5A00D6C910D1|D50E6399-B913-42F2-A5B6-F0D4BAAF9571|58|14|14|14|1|2017
E3CDC578-37BA-4CDB-B150-DAB0409270CD|4A4D0394-0FBD-4014-98A5-D3CE9161A568|4f59580d-1a16-4669-9ed5-4b89615d6903|4DA86139-6A72-4089-8858-6A3A613FDFE6|C143978A-E021-4015-BC67-5A00D6C910D1|D50E6399-B913-42F2-A5B6-F0D4BAAF9571|60|15|15|15|1|2017
E3CDC578-37BA-4CDB-B150-DAB0409270CD|CB0EF175-8A57-49D7-A1D4-89D0C6E3A497|4f59580d-1a16-4669-9ed5-4b89615d6903|4DA86139-6A72-4089-8858-6A3A613FDFE6|C143978A-E021-4015-BC67-5A00D6C910D1|D50E6399-B913-42F2-A5B6-F0D4BAAF9571|63|16|16|16|1|2017
E3CDC578-37BA-4CDB-B150-DAB0409270CD|309B97E9-72AB-4FD0-A282-8410413ACE46|4f59580d-1a16-4669-9ed5-4b89615d6903|4DA86139-6A72-4089-8858-6A3A613FDFE6|C143978A-E021-4015-BC67-5A00D6C910D1|D50E6399-B913-42F2-A5B6-F0D4BAAF9571|66|17|17|17|1|2017
E3CDC578-37BA-4CDB-B150-DAB0409270CD|307ED34F-D6B5-4EE8-AB44-543305B12085|4f59580d-1a16-4669-9ed5-4b89615d6903|4DA86139-6A72-4089-8858-6A3A613FDFE6|C143978A-E021-4015-BC67-5A00D6C910D1|D50E6399-B913-42F2-A5B6-F0D4BAAF9571|77|18|18|18|1|2017
E3CDC578-37BA-4CDB-B150-DAB0409270CD|97BAC717-C0A7-47F7-9918-C56658E6D792|4f59580d-1a16-4669-9ed5-4b89615d6903|4DA86139-6A72-4089-8858-6A3A613FDFE6|C143978A-E021-4015-BC67-5A00D6C910D1|D50E6399-B913-42F2-A5B6-F0D4BAAF9571|56|19|19|19|1|2017
E3CDC578-37BA-4CDB-B150-DAB0409270CD|466D93AD-B0D7-4B29-89C0-569A421763D6|4f59580d-1a16-4669-9ed5-4b89615d6903|4DA86139-6A72-4089-8858-6A3A613FDFE6|C143978A-E021-4015-BC67-5A00D6C910D1|D50E6399-B913-42F2-A5B6-F0D4BAAF9571|55|20|20|20|1|2017
E3CDC578-37BA-4CDB-B150-DAB0409270CD|41C68FA5-4A98-4BB2-B702-68DD844F92B0|4f59580d-1a16-4669-9ed5-4b89615d6903|4DA86139-6A72-4089-8858-6A3A613FDFE6|C143978A-E021-4015-BC67-5A00D6C910D1|D50E6399-B913-42F2-A5B6-F0D4BAAF9571|67|21|21|21|1|2017
E3CDC578-37BA-4CDB-B150-DAB0409270CD|9208D11F-98E8-47B8-8DFC-4215FC2EF127|4f59580d-1a16-4669-9ed5-4b89615d6903|4DA86139-6A72-4089-8858-6A3A613FDFE6|C143978A-E021-4015-BC67-5A00D6C910D1|D50E6399-B913-42F2-A5B6-F0D4BAAF9571|56|22|22|22|1|2017
E3CDC578-37BA-4CDB-B150-DAB0409270CD|3013780A-61AD-4BAA-8666-C89CC1A555F8|4f59580d-1a16-4669-9ed5-4b89615d6903|4DA86139-6A72-4089-8858-6A3A613FDFE6|C143978A-E021-4015-BC67-5A00D6C910D1|D50E6399-B913-42F2-A5B6-F0D4BAAF9571|82|23|23|23|1|2017
E3CDC578-37BA-4CDB-B150-DAB0409270CD|3C14C92D-9113-4289-8A69-564BF3F3D871|4f59580d-1a16-4669-9ed5-4b89615d6903|4DA86139-6A72-4089-8858-6A3A613FDFE6|C143978A-E021-4015-BC67-5A00D6C910D1|D50E6399-B913-42F2-A5B6-F0D4BAAF9571|96|24|24|24|1|2017
E3CDC578-37BA-4CDB-B150-DAB0409270CD|E9888085-FD91-4551-9274-50BA485A9637|4f59580d-1a16-4669-9ed5-4b89615d6903|4DA86139-6A72-4089-8858-6A3A613FDFE6|C143978A-E021-4015-BC67-5A00D6C910D1|D50E6399-B913-42F2-A5B6-F0D4BAAF9571|94|25|25|25|1|2017
E3CDC578-37BA-4CDB-B150-DAB0409270CD|4F218688-6DE5-4E69-8690-66FBA2F0DC9F|552c0a24-6038-440f-add5-2dadfb9a23bd|4DA86139-6A72-4089-8858-6A3A613FDFE6|C143978A-E021-4015-BC67-5A00D6C910D1|D50E6399-B913-42F2-A5B6-F0D4BAAF9571|88|26|26|26|1|2017
E3CDC578-37BA-4CDB-B150-DAB0409270CD|A195BAF6-D6E7-43A5-B7C9-D6C627A42815|552c0a24-6038-440f-add5-2dadfb9a23bd|4DA86139-6A72-4089-8858-6A3A613FDFE6|C143978A-E021-4015-BC67-5A00D6C910D1|D50E6399-B913-42F2-A5B6-F0D4BAAF9571|87|27|27|14|1|2017
E3CDC578-37BA-4CDB-B150-DAB0409270CD|8A1B5BDB-9589-4207-8345-A811FC18B2C9|552c0a24-6038-440f-add5-2dadfb9a23bd|4DA86139-6A72-4089-8858-6A3A613FDFE6|C143978A-E021-4015-BC67-5A00D6C910D1|D50E6399-B913-42F2-A5B6-F0D4BAAF9571|65|28|28|15|1|2017
E3CDC578-37BA-4CDB-B150-DAB0409270CD|AEED7469-F7AF-41E6-B24C-13B1D74E1026|552c0a24-6038-440f-add5-2dadfb9a23bd|4DA86139-6A72-4089-8858-6A3A613FDFE6|C143978A-E021-4015-BC67-5A00D6C910D1|D50E6399-B913-42F2-A5B6-F0D4BAAF9571|65|29|29|16|1|2017
E3CDC578-37BA-4CDB-B150-DAB0409270CD|CF64EBB2-BCC2-4EAA-B1C8-060EEE3284F3|552c0a24-6038-440f-add5-2dadfb9a23bd|4DA86139-6A72-4089-8858-6A3A613FDFE6|C143978A-E021-4015-BC67-5A00D6C910D1|D50E6399-B913-42F2-A5B6-F0D4BAAF9571|56|30|30|17|1|2017
E3CDC578-37BA-4CDB-B150-DAB0409270CD|7BF6983F-CF8D-4897-8122-7CCD0F778CAF|552c0a24-6038-440f-add5-2dadfb9a23bd|4DA86139-6A72-4089-8858-6A3A613FDFE6|C143978A-E021-4015-BC67-5A00D6C910D1|D50E6399-B913-42F2-A5B6-F0D4BAAF9571|45|31|31|18|1|2017
E3CDC578-37BA-4CDB-B150-DAB0409270CD|87D0EA99-7042-4867-A4B7-C31E7665DE5E|552c0a24-6038-440f-add5-2dadfb9a23bd|4DA86139-6A72-4089-8858-6A3A613FDFE6|C143978A-E021-4015-BC67-5A00D6C910D1|D50E6399-B913-42F2-A5B6-F0D4BAAF9571|98|32|32|19|1|2017
E3CDC578-37BA-4CDB-B150-DAB0409270CD|6912F4C6-9370-440A-BA87-11A8426BA92C|552c0a24-6038-440f-add5-2dadfb9a23bd|4DA86139-6A72-4089-8858-6A3A613FDFE6|C143978A-E021-4015-BC67-5A00D6C910D1|D50E6399-B913-42F2-A5B6-F0D4BAAF9571|67|33|33|20|1|2017
E3CDC578-37BA-4CDB-B150-DAB0409270CD|91318D8C-8150-49B4-A473-CF97F104F6B7|552c0a24-6038-440f-add5-2dadfb9a23bd|4DA86139-6A72-4089-8858-6A3A613FDFE6|C143978A-E021-4015-BC67-5A00D6C910D1|D50E6399-B913-42F2-A5B6-F0D4BAAF9571|45|34|34|21|1|2017
E3CDC578-37BA-4CDB-B150-DAB0409270CD|DD9AF1EF-EEEC-49D3-A43F-802D7028BFD7|552c0a24-6038-440f-add5-2dadfb9a23bd|4DA86139-6A72-4089-8858-6A3A613FDFE6|C143978A-E021-4015-BC67-5A00D6C910D1|D50E6399-B913-42F2-A5B6-F0D4BAAF9571|56|35|35|22|1|2017
E3CDC578-37BA-4CDB-B150-DAB0409270CD|62BC85B5-306F-4740-A215-48470CA31288|552c0a24-6038-440f-add5-2dadfb9a23bd|4DA86139-6A72-4089-8858-6A3A613FDFE6|C143978A-E021-4015-BC67-5A00D6C910D1|D50E6399-B913-42F2-A5B6-F0D4BAAF9571|50|36|36|23|1|2017
E3CDC578-37BA-4CDB-B150-DAB0409270CD|B2EEF18D-EE0A-4CA1-B6FE-B82F863D81B4|552c0a24-6038-440f-add5-2dadfb9a23bd|4DA86139-6A72-4089-8858-6A3A613FDFE6|C143978A-E021-4015-BC67-5A00D6C910D1|D50E6399-B913-42F2-A5B6-F0D4BAAF9571|58|37|37|24|1|2017
E3CDC578-37BA-4CDB-B150-DAB0409270CD|29A012E5-CDE3-45D8-9BB0-A25D3DBF0A92|552c0a24-6038-440f-add5-2dadfb9a23bd|4DA86139-6A72-4089-8858-6A3A613FDFE6|C143978A-E021-4015-BC67-5A00D6C910D1|D50E6399-B913-42F2-A5B6-F0D4BAAF9571|60|38|38|25|1|2017
E3CDC578-37BA-4CDB-B150-DAB0409270CD|423C391C-4944-43F4-9034-9C6818E9C1A2|552c0a24-6038-440f-add5-2dadfb9a23bd|4DA86139-6A72-4089-8858-6A3A613FDFE6|C143978A-E021-4015-BC67-5A00D6C910D1|D50E6399-B913-42F2-A5B6-F0D4BAAF9571|63|39|39|26|1|2017
E3CDC578-37BA-4CDB-B150-DAB0409270CD|F67E977A-0102-4758-91E8-9782A570E75D|552c0a24-6038-440f-add5-2dadfb9a23bd|4DA86139-6A72-4089-8858-6A3A613FDFE6|C143978A-E021-4015-BC67-5A00D6C910D1|D50E6399-B913-42F2-A5B6-F0D4BAAF9571|66|40|40|14|1|2017
E3CDC578-37BA-4CDB-B150-DAB0409270CD|EF70C8D3-6866-4F6E-8FC2-10665A8D9B12|552c0a24-6038-440f-add5-2dadfb9a23bd|4DA86139-6A72-4089-8858-6A3A613FDFE6|C143978A-E021-4015-BC67-5A00D6C910D1|D50E6399-B913-42F2-A5B6-F0D4BAAF9571|77|41|41|15|1|2017
E3CDC578-37BA-4CDB-B150-DAB0409270CD|123264D0-464E-4032-BEA5-CFECA81410C9|552c0a24-6038-440f-add5-2dadfb9a23bd|4DA86139-6A72-4089-8858-6A3A613FDFE6|C143978A-E021-4015-BC67-5A00D6C910D1|D50E6399-B913-42F2-A5B6-F0D4BAAF9571|56|42|42|16|1|2017
E3CDC578-37BA-4CDB-B150-DAB0409270CD|CA1F032F-1CA2-4DCE-8AAA-CB284E167A3E|552c0a24-6038-440f-add5-2dadfb9a23bd|4DA86139-6A72-4089-8858-6A3A613FDFE6|C143978A-E021-4015-BC67-5A00D6C910D1|D50E6399-B913-42F2-A5B6-F0D4BAAF9571|55|43|43|17|1|2017
E3CDC578-37BA-4CDB-B150-DAB0409270CD|72A995F4-0C94-4FAA-8A43-2277B02B97D1|552c0a24-6038-440f-add5-2dadfb9a23bd|4DA86139-6A72-4089-8858-6A3A613FDFE6|C143978A-E021-4015-BC67-5A00D6C910D1|D50E6399-B913-42F2-A5B6-F0D4BAAF9571|67|44|44|18|1|2017
E3CDC578-37BA-4CDB-B150-DAB0409270CD|0DE968C9-7309-C481-58F7-AB6CDB1011EF|552c0a24-6038-440f-add5-2dadfb9a23bd|4DA86139-6A72-4089-8858-6A3A613FDFE6|C143978A-E021-4015-BC67-5A00D6C910D1|D50E6399-B913-42F2-A5B6-F0D4BAAF9571|56|45|45|19|1|2017
E3CDC578-37BA-4CDB-B150-DAB0409270CD|C1F2964E-9DD5-4B7A-86BD-E7FCAFB9D9D9|552c0a24-6038-440f-add5-2dadfb9a23bd|4DA86139-6A72-4089-8858-6A3A613FDFE6|C143978A-E021-4015-BC67-5A00D6C910D1|D50E6399-B913-42F2-A5B6-F0D4BAAF9571|82|13|13|13|1|2017
E3CDC578-37BA-4CDB-B150-DAB0409270CD|E4D9BF24-8574-463D-A816-A21CEC6CD548|552c0a24-6038-440f-add5-2dadfb9a23bd|4DA86139-6A72-4089-8858-6A3A613FDFE6|C143978A-E021-4015-BC67-5A00D6C910D1|D50E6399-B913-42F2-A5B6-F0D4BAAF9571|96|14|14|14|1|2017
E3CDC578-37BA-4CDB-B150-DAB0409270CD|40F82118-26E7-4CCC-8456-195B5F009478|552c0a24-6038-440f-add5-2dadfb9a23bd|4DA86139-6A72-4089-8858-6A3A613FDFE6|C143978A-E021-4015-BC67-5A00D6C910D1|D50E6399-B913-42F2-A5B6-F0D4BAAF9571|76|15|15|15|1|2017
E3CDC578-37BA-4CDB-B150-DAB0409270CD|0420916C-304D-4EB8-A847-8B4729E915C1|552c0a24-6038-440f-add5-2dadfb9a23bd|4DA86139-6A72-4089-8858-6A3A613FDFE6|C143978A-E021-4015-BC67-5A00D6C910D1|D50E6399-B913-42F2-A5B6-F0D4BAAF9571|56|16|16|16|1|2017
E3CDC578-37BA-4CDB-B150-DAB0409270CD|199C78A9-4708-451E-8C87-8E6B4F47AAD9|552c0a24-6038-440f-add5-2dadfb9a23bd|4DA86139-6A72-4089-8858-6A3A613FDFE6|C143978A-E021-4015-BC67-5A00D6C910D1|D50E6399-B913-42F2-A5B6-F0D4BAAF9571|82|17|17|17|1|2017
E3CDC578-37BA-4CDB-B150-DAB0409270CD|B404AA65-25A3-40B0-8462-D377A926354F|552c0a24-6038-440f-add5-2dadfb9a23bd|4DA86139-6A72-4089-8858-6A3A613FDFE6|C143978A-E021-4015-BC67-5A00D6C910D1|D50E6399-B913-42F2-A5B6-F0D4BAAF9571|96|18|18|18|1|2017
E3CDC578-37BA-4CDB-B150-DAB0409270CD|B7B6D6E6-84B1-47F6-AA1B-AA34AEB7D236|552c0a24-6038-440f-add5-2dadfb9a23bd|4DA86139-6A72-4089-8858-6A3A613FDFE6|C143978A-E021-4015-BC67-5A00D6C910D1|D50E6399-B913-42F2-A5B6-F0D4BAAF9571|94|19|19|19|1|2017
E3CDC578-37BA-4CDB-B150-DAB0409270CD|7559C867-A833-4DA2-816B-51D4636033A3|552c0a24-6038-440f-add5-2dadfb9a23bd|4DA86139-6A72-4089-8858-6A3A613FDFE6|C143978A-E021-4015-BC67-5A00D6C910D1|D50E6399-B913-42F2-A5B6-F0D4BAAF9571|88|20|20|20|1|2017
E3CDC578-37BA-4CDB-B150-DAB0409270CD|7FC3A038-C5DE-4DEE-AE2D-E2ED230AB328|552c0a24-6038-440f-add5-2dadfb9a23bd|4DA86139-6A72-4089-8858-6A3A613FDFE6|C143978A-E021-4015-BC67-5A00D6C910D1|D50E6399-B913-42F2-A5B6-F0D4BAAF9571|87|21|21|21|1|2017
E3CDC578-37BA-4CDB-B150-DAB0409270CD|4A4D0394-0FBD-4014-98A5-D3CE9161A568|552c0a24-6038-440f-add5-2dadfb9a23bd|4DA86139-6A72-4089-8858-6A3A613FDFE6|C143978A-E021-4015-BC67-5A00D6C910D1|D50E6399-B913-42F2-A5B6-F0D4BAAF9571|65|22|22|22|1|2017
E3CDC578-37BA-4CDB-B150-DAB0409270CD|CB0EF175-8A57-49D7-A1D4-89D0C6E3A497|552c0a24-6038-440f-add5-2dadfb9a23bd|4DA86139-6A72-4089-8858-6A3A613FDFE6|C143978A-E021-4015-BC67-5A00D6C910D1|D50E6399-B913-42F2-A5B6-F0D4BAAF9571|65|23|23|23|1|2017
E3CDC578-37BA-4CDB-B150-DAB0409270CD|309B97E9-72AB-4FD0-A282-8410413ACE46|552c0a24-6038-440f-add5-2dadfb9a23bd|4DA86139-6A72-4089-8858-6A3A613FDFE6|C143978A-E021-4015-BC67-5A00D6C910D1|D50E6399-B913-42F2-A5B6-F0D4BAAF9571|56|24|24|24|1|2017
E3CDC578-37BA-4CDB-B150-DAB0409270CD|307ED34F-D6B5-4EE8-AB44-543305B12085|552c0a24-6038-440f-add5-2dadfb9a23bd|4DA86139-6A72-4089-8858-6A3A613FDFE6|C143978A-E021-4015-BC67-5A00D6C910D1|D50E6399-B913-42F2-A5B6-F0D4BAAF9571|45|25|25|25|1|2017
E3CDC578-37BA-4CDB-B150-DAB0409270CD|97BAC717-C0A7-47F7-9918-C56658E6D792|552c0a24-6038-440f-add5-2dadfb9a23bd|4DA86139-6A72-4089-8858-6A3A613FDFE6|C143978A-E021-4015-BC67-5A00D6C910D1|D50E6399-B913-42F2-A5B6-F0D4BAAF9571|98|26|26|26|1|2017
E3CDC578-37BA-4CDB-B150-DAB0409270CD|466D93AD-B0D7-4B29-89C0-569A421763D6|552c0a24-6038-440f-add5-2dadfb9a23bd|4DA86139-6A72-4089-8858-6A3A613FDFE6|C143978A-E021-4015-BC67-5A00D6C910D1|D50E6399-B913-42F2-A5B6-F0D4BAAF9571|67|27|27|14|1|2017
E3CDC578-37BA-4CDB-B150-DAB0409270CD|41C68FA5-4A98-4BB2-B702-68DD844F92B0|552c0a24-6038-440f-add5-2dadfb9a23bd|4DA86139-6A72-4089-8858-6A3A613FDFE6|C143978A-E021-4015-BC67-5A00D6C910D1|D50E6399-B913-42F2-A5B6-F0D4BAAF9571|45|28|28|15|1|2017
E3CDC578-37BA-4CDB-B150-DAB0409270CD|9208D11F-98E8-47B8-8DFC-4215FC2EF127|552c0a24-6038-440f-add5-2dadfb9a23bd|4DA86139-6A72-4089-8858-6A3A613FDFE6|C143978A-E021-4015-BC67-5A00D6C910D1|D50E6399-B913-42F2-A5B6-F0D4BAAF9571|56|29|29|16|1|2017
E3CDC578-37BA-4CDB-B150-DAB0409270CD|3013780A-61AD-4BAA-8666-C89CC1A555F8|552c0a24-6038-440f-add5-2dadfb9a23bd|4DA86139-6A72-4089-8858-6A3A613FDFE6|C143978A-E021-4015-BC67-5A00D6C910D1|D50E6399-B913-42F2-A5B6-F0D4BAAF9571|50|30|30|17|1|2017
E3CDC578-37BA-4CDB-B150-DAB0409270CD|3C14C92D-9113-4289-8A69-564BF3F3D871|552c0a24-6038-440f-add5-2dadfb9a23bd|4DA86139-6A72-4089-8858-6A3A613FDFE6|C143978A-E021-4015-BC67-5A00D6C910D1|D50E6399-B913-42F2-A5B6-F0D4BAAF9571|58|31|31|18|1|2017
E3CDC578-37BA-4CDB-B150-DAB0409270CD|E9888085-FD91-4551-9274-50BA485A9637|552c0a24-6038-440f-add5-2dadfb9a23bd|4DA86139-6A72-4089-8858-6A3A613FDFE6|C143978A-E021-4015-BC67-5A00D6C910D1|D50E6399-B913-42F2-A5B6-F0D4BAAF9571|60|32|32|19|1|2017
E3CDC578-37BA-4CDB-B150-DAB0409270CD|4F218688-6DE5-4E69-8690-66FBA2F0DC9F|44f23b3c-e066-4b45-931c-0e8073d3a93a|4DA86139-6A72-4089-8858-6A3A613FDFE6|C143978A-E021-4015-BC67-5A00D6C910D1|D50E6399-B913-42F2-A5B6-F0D4BAAF9571|63|33|33|20|1|2017
E3CDC578-37BA-4CDB-B150-DAB0409270CD|A195BAF6-D6E7-43A5-B7C9-D6C627A42815|44f23b3c-e066-4b45-931c-0e8073d3a93a|4DA86139-6A72-4089-8858-6A3A613FDFE6|C143978A-E021-4015-BC67-5A00D6C910D1|D50E6399-B913-42F2-A5B6-F0D4BAAF9571|66|34|34|21|1|2017
E3CDC578-37BA-4CDB-B150-DAB0409270CD|8A1B5BDB-9589-4207-8345-A811FC18B2C9|44f23b3c-e066-4b45-931c-0e8073d3a93a|4DA86139-6A72-4089-8858-6A3A613FDFE6|C143978A-E021-4015-BC67-5A00D6C910D1|D50E6399-B913-42F2-A5B6-F0D4BAAF9571|77|35|35|22|1|2017
E3CDC578-37BA-4CDB-B150-DAB0409270CD|AEED7469-F7AF-41E6-B24C-13B1D74E1026|44f23b3c-e066-4b45-931c-0e8073d3a93a|4DA86139-6A72-4089-8858-6A3A613FDFE6|C143978A-E021-4015-BC67-5A00D6C910D1|D50E6399-B913-42F2-A5B6-F0D4BAAF9571|56|36|36|23|1|2017
E3CDC578-37BA-4CDB-B150-DAB0409270CD|CF64EBB2-BCC2-4EAA-B1C8-060EEE3284F3|44f23b3c-e066-4b45-931c-0e8073d3a93a|4DA86139-6A72-4089-8858-6A3A613FDFE6|C143978A-E021-4015-BC67-5A00D6C910D1|D50E6399-B913-42F2-A5B6-F0D4BAAF9571|55|37|37|24|1|2017
E3CDC578-37BA-4CDB-B150-DAB0409270CD|7BF6983F-CF8D-4897-8122-7CCD0F778CAF|44f23b3c-e066-4b45-931c-0e8073d3a93a|4DA86139-6A72-4089-8858-6A3A613FDFE6|C143978A-E021-4015-BC67-5A00D6C910D1|D50E6399-B913-42F2-A5B6-F0D4BAAF9571|67|38|38|25|1|2017
E3CDC578-37BA-4CDB-B150-DAB0409270CD|87D0EA99-7042-4867-A4B7-C31E7665DE5E|44f23b3c-e066-4b45-931c-0e8073d3a93a|4DA86139-6A72-4089-8858-6A3A613FDFE6|C143978A-E021-4015-BC67-5A00D6C910D1|D50E6399-B913-42F2-A5B6-F0D4BAAF9571|56|39|39|26|1|2017
E3CDC578-37BA-4CDB-B150-DAB0409270CD|6912F4C6-9370-440A-BA87-11A8426BA92C|44f23b3c-e066-4b45-931c-0e8073d3a93a|4DA86139-6A72-4089-8858-6A3A613FDFE6|C143978A-E021-4015-BC67-5A00D6C910D1|D50E6399-B913-42F2-A5B6-F0D4BAAF9571|82|40|40|14|1|2017
E3CDC578-37BA-4CDB-B150-DAB0409270CD|91318D8C-8150-49B4-A473-CF97F104F6B7|44f23b3c-e066-4b45-931c-0e8073d3a93a|4DA86139-6A72-4089-8858-6A3A613FDFE6|C143978A-E021-4015-BC67-5A00D6C910D1|D50E6399-B913-42F2-A5B6-F0D4BAAF9571|96|41|41|15|1|2017
E3CDC578-37BA-4CDB-B150-DAB0409270CD|DD9AF1EF-EEEC-49D3-A43F-802D7028BFD7|44f23b3c-e066-4b45-931c-0e8073d3a93a|4DA86139-6A72-4089-8858-6A3A613FDFE6|C143978A-E021-4015-BC67-5A00D6C910D1|D50E6399-B913-42F2-A5B6-F0D4BAAF9571|94|42|42|16|1|2017
E3CDC578-37BA-4CDB-B150-DAB0409270CD|62BC85B5-306F-4740-A215-48470CA31288|44f23b3c-e066-4b45-931c-0e8073d3a93a|4DA86139-6A72-4089-8858-6A3A613FDFE6|C143978A-E021-4015-BC67-5A00D6C910D1|D50E6399-B913-42F2-A5B6-F0D4BAAF9571|88|43|43|17|1|2017
E3CDC578-37BA-4CDB-B150-DAB0409270CD|B2EEF18D-EE0A-4CA1-B6FE-B82F863D81B4|44f23b3c-e066-4b45-931c-0e8073d3a93a|4DA86139-6A72-4089-8858-6A3A613FDFE6|C143978A-E021-4015-BC67-5A00D6C910D1|D50E6399-B913-42F2-A5B6-F0D4BAAF9571|87|44|44|18|1|2017
E3CDC578-37BA-4CDB-B150-DAB0409270CD|29A012E5-CDE3-45D8-9BB0-A25D3DBF0A92|44f23b3c-e066-4b45-931c-0e8073d3a93a|4DA86139-6A72-4089-8858-6A3A613FDFE6|C143978A-E021-4015-BC67-5A00D6C910D1|D50E6399-B913-42F2-A5B6-F0D4BAAF9571|65|45|45|19|1|2017
E3CDC578-37BA-4CDB-B150-DAB0409270CD|423C391C-4944-43F4-9034-9C6818E9C1A2|44f23b3c-e066-4b45-931c-0e8073d3a93a|4DA86139-6A72-4089-8858-6A3A613FDFE6|C143978A-E021-4015-BC67-5A00D6C910D1|D50E6399-B913-42F2-A5B6-F0D4BAAF9571|65|13|13|13|1|2017
E3CDC578-37BA-4CDB-B150-DAB0409270CD|F67E977A-0102-4758-91E8-9782A570E75D|44f23b3c-e066-4b45-931c-0e8073d3a93a|4DA86139-6A72-4089-8858-6A3A613FDFE6|C143978A-E021-4015-BC67-5A00D6C910D1|D50E6399-B913-42F2-A5B6-F0D4BAAF9571|56|14|14|14|1|2017
E3CDC578-37BA-4CDB-B150-DAB0409270CD|EF70C8D3-6866-4F6E-8FC2-10665A8D9B12|44f23b3c-e066-4b45-931c-0e8073d3a93a|4DA86139-6A72-4089-8858-6A3A613FDFE6|C143978A-E021-4015-BC67-5A00D6C910D1|D50E6399-B913-42F2-A5B6-F0D4BAAF9571|45|15|15|15|1|2017
E3CDC578-37BA-4CDB-B150-DAB0409270CD|123264D0-464E-4032-BEA5-CFECA81410C9|44f23b3c-e066-4b45-931c-0e8073d3a93a|4DA86139-6A72-4089-8858-6A3A613FDFE6|C143978A-E021-4015-BC67-5A00D6C910D1|D50E6399-B913-42F2-A5B6-F0D4BAAF9571|98|16|16|16|1|2017
E3CDC578-37BA-4CDB-B150-DAB0409270CD|CA1F032F-1CA2-4DCE-8AAA-CB284E167A3E|44f23b3c-e066-4b45-931c-0e8073d3a93a|4DA86139-6A72-4089-8858-6A3A613FDFE6|C143978A-E021-4015-BC67-5A00D6C910D1|D50E6399-B913-42F2-A5B6-F0D4BAAF9571|67|17|17|17|1|2017
E3CDC578-37BA-4CDB-B150-DAB0409270CD|72A995F4-0C94-4FAA-8A43-2277B02B97D1|44f23b3c-e066-4b45-931c-0e8073d3a93a|4DA86139-6A72-4089-8858-6A3A613FDFE6|C143978A-E021-4015-BC67-5A00D6C910D1|D50E6399-B913-42F2-A5B6-F0D4BAAF9571|45|18|18|18|1|2017
E3CDC578-37BA-4CDB-B150-DAB0409270CD|0DE968C9-7309-C481-58F7-AB6CDB1011EF|44f23b3c-e066-4b45-931c-0e8073d3a93a|4DA86139-6A72-4089-8858-6A3A613FDFE6|C143978A-E021-4015-BC67-5A00D6C910D1|D50E6399-B913-42F2-A5B6-F0D4BAAF9571|56|19|19|19|1|2017
E3CDC578-37BA-4CDB-B150-DAB0409270CD|C1F2964E-9DD5-4B7A-86BD-E7FCAFB9D9D9|44f23b3c-e066-4b45-931c-0e8073d3a93a|4DA86139-6A72-4089-8858-6A3A613FDFE6|C143978A-E021-4015-BC67-5A00D6C910D1|D50E6399-B913-42F2-A5B6-F0D4BAAF9571|50|20|20|20|1|2017
E3CDC578-37BA-4CDB-B150-DAB0409270CD|E4D9BF24-8574-463D-A816-A21CEC6CD548|44f23b3c-e066-4b45-931c-0e8073d3a93a|4DA86139-6A72-4089-8858-6A3A613FDFE6|C143978A-E021-4015-BC67-5A00D6C910D1|D50E6399-B913-42F2-A5B6-F0D4BAAF9571|58|21|21|21|1|2017
E3CDC578-37BA-4CDB-B150-DAB0409270CD|40F82118-26E7-4CCC-8456-195B5F009478|44f23b3c-e066-4b45-931c-0e8073d3a93a|4DA86139-6A72-4089-8858-6A3A613FDFE6|C143978A-E021-4015-BC67-5A00D6C910D1|D50E6399-B913-42F2-A5B6-F0D4BAAF9571|60|22|22|22|1|2017
E3CDC578-37BA-4CDB-B150-DAB0409270CD|0420916C-304D-4EB8-A847-8B4729E915C1|44f23b3c-e066-4b45-931c-0e8073d3a93a|4DA86139-6A72-4089-8858-6A3A613FDFE6|C143978A-E021-4015-BC67-5A00D6C910D1|D50E6399-B913-42F2-A5B6-F0D4BAAF9571|63|23|23|23|1|2017
E3CDC578-37BA-4CDB-B150-DAB0409270CD|199C78A9-4708-451E-8C87-8E6B4F47AAD9|44f23b3c-e066-4b45-931c-0e8073d3a93a|4DA86139-6A72-4089-8858-6A3A613FDFE6|C143978A-E021-4015-BC67-5A00D6C910D1|D50E6399-B913-42F2-A5B6-F0D4BAAF9571|66|24|24|24|1|2017
E3CDC578-37BA-4CDB-B150-DAB0409270CD|B404AA65-25A3-40B0-8462-D377A926354F|44f23b3c-e066-4b45-931c-0e8073d3a93a|4DA86139-6A72-4089-8858-6A3A613FDFE6|C143978A-E021-4015-BC67-5A00D6C910D1|D50E6399-B913-42F2-A5B6-F0D4BAAF9571|77|25|25|25|1|2017
E3CDC578-37BA-4CDB-B150-DAB0409270CD|B7B6D6E6-84B1-47F6-AA1B-AA34AEB7D236|44f23b3c-e066-4b45-931c-0e8073d3a93a|4DA86139-6A72-4089-8858-6A3A613FDFE6|C143978A-E021-4015-BC67-5A00D6C910D1|D50E6399-B913-42F2-A5B6-F0D4BAAF9571|56|26|26|26|1|2017
E3CDC578-37BA-4CDB-B150-DAB0409270CD|7559C867-A833-4DA2-816B-51D4636033A3|44f23b3c-e066-4b45-931c-0e8073d3a93a|4DA86139-6A72-4089-8858-6A3A613FDFE6|C143978A-E021-4015-BC67-5A00D6C910D1|D50E6399-B913-42F2-A5B6-F0D4BAAF9571|55|27|27|14|1|2017
E3CDC578-37BA-4CDB-B150-DAB0409270CD|7FC3A038-C5DE-4DEE-AE2D-E2ED230AB328|44f23b3c-e066-4b45-931c-0e8073d3a93a|4DA86139-6A72-4089-8858-6A3A613FDFE6|C143978A-E021-4015-BC67-5A00D6C910D1|D50E6399-B913-42F2-A5B6-F0D4BAAF9571|67|28|28|15|1|2017
E3CDC578-37BA-4CDB-B150-DAB0409270CD|4A4D0394-0FBD-4014-98A5-D3CE9161A568|44f23b3c-e066-4b45-931c-0e8073d3a93a|4DA86139-6A72-4089-8858-6A3A613FDFE6|C143978A-E021-4015-BC67-5A00D6C910D1|D50E6399-B913-42F2-A5B6-F0D4BAAF9571|56|29|29|16|1|2017
E3CDC578-37BA-4CDB-B150-DAB0409270CD|CB0EF175-8A57-49D7-A1D4-89D0C6E3A497|44f23b3c-e066-4b45-931c-0e8073d3a93a|4DA86139-6A72-4089-8858-6A3A613FDFE6|C143978A-E021-4015-BC67-5A00D6C910D1|D50E6399-B913-42F2-A5B6-F0D4BAAF9571|82|30|30|17|1|2017
E3CDC578-37BA-4CDB-B150-DAB0409270CD|309B97E9-72AB-4FD0-A282-8410413ACE46|44f23b3c-e066-4b45-931c-0e8073d3a93a|4DA86139-6A72-4089-8858-6A3A613FDFE6|C143978A-E021-4015-BC67-5A00D6C910D1|D50E6399-B913-42F2-A5B6-F0D4BAAF9571|96|31|31|18|1|2017
E3CDC578-37BA-4CDB-B150-DAB0409270CD|307ED34F-D6B5-4EE8-AB44-543305B12085|44f23b3c-e066-4b45-931c-0e8073d3a93a|4DA86139-6A72-4089-8858-6A3A613FDFE6|C143978A-E021-4015-BC67-5A00D6C910D1|D50E6399-B913-42F2-A5B6-F0D4BAAF9571|94|32|32|19|1|2017
E3CDC578-37BA-4CDB-B150-DAB0409270CD|97BAC717-C0A7-47F7-9918-C56658E6D792|44f23b3c-e066-4b45-931c-0e8073d3a93a|4DA86139-6A72-4089-8858-6A3A613FDFE6|C143978A-E021-4015-BC67-5A00D6C910D1|D50E6399-B913-42F2-A5B6-F0D4BAAF9571|88|33|33|20|1|2017
E3CDC578-37BA-4CDB-B150-DAB0409270CD|466D93AD-B0D7-4B29-89C0-569A421763D6|44f23b3c-e066-4b45-931c-0e8073d3a93a|4DA86139-6A72-4089-8858-6A3A613FDFE6|C143978A-E021-4015-BC67-5A00D6C910D1|D50E6399-B913-42F2-A5B6-F0D4BAAF9571|87|34|34|21|1|2017
E3CDC578-37BA-4CDB-B150-DAB0409270CD|41C68FA5-4A98-4BB2-B702-68DD844F92B0|44f23b3c-e066-4b45-931c-0e8073d3a93a|4DA86139-6A72-4089-8858-6A3A613FDFE6|C143978A-E021-4015-BC67-5A00D6C910D1|D50E6399-B913-42F2-A5B6-F0D4BAAF9571|65|35|35|22|1|2017
E3CDC578-37BA-4CDB-B150-DAB0409270CD|9208D11F-98E8-47B8-8DFC-4215FC2EF127|44f23b3c-e066-4b45-931c-0e8073d3a93a|4DA86139-6A72-4089-8858-6A3A613FDFE6|C143978A-E021-4015-BC67-5A00D6C910D1|D50E6399-B913-42F2-A5B6-F0D4BAAF9571|65|36|36|23|1|2017
E3CDC578-37BA-4CDB-B150-DAB0409270CD|3013780A-61AD-4BAA-8666-C89CC1A555F8|44f23b3c-e066-4b45-931c-0e8073d3a93a|4DA86139-6A72-4089-8858-6A3A613FDFE6|C143978A-E021-4015-BC67-5A00D6C910D1|D50E6399-B913-42F2-A5B6-F0D4BAAF9571|56|37|37|24|1|2017
E3CDC578-37BA-4CDB-B150-DAB0409270CD|3C14C92D-9113-4289-8A69-564BF3F3D871|44f23b3c-e066-4b45-931c-0e8073d3a93a|4DA86139-6A72-4089-8858-6A3A613FDFE6|C143978A-E021-4015-BC67-5A00D6C910D1|D50E6399-B913-42F2-A5B6-F0D4BAAF9571|45|38|38|25|1|2017
E3CDC578-37BA-4CDB-B150-DAB0409270CD|E9888085-FD91-4551-9274-50BA485A9637|44f23b3c-e066-4b45-931c-0e8073d3a93a|4DA86139-6A72-4089-8858-6A3A613FDFE6|C143978A-E021-4015-BC67-5A00D6C910D1|D50E6399-B913-42F2-A5B6-F0D4BAAF9571|98|39|39|26|1|2017
E3CDC578-37BA-4CDB-B150-DAB0409270CD|4F218688-6DE5-4E69-8690-66FBA2F0DC9F|de0c86be-9bcb-4d3b-8098-b06687536c1f|4DA86139-6A72-4089-8858-6A3A613FDFE6|C143978A-E021-4015-BC67-5A00D6C910D1|D50E6399-B913-42F2-A5B6-F0D4BAAF9571|67|40|40|14|1|2017
E3CDC578-37BA-4CDB-B150-DAB0409270CD|A195BAF6-D6E7-43A5-B7C9-D6C627A42815|de0c86be-9bcb-4d3b-8098-b06687536c1f|4DA86139-6A72-4089-8858-6A3A613FDFE6|C143978A-E021-4015-BC67-5A00D6C910D1|D50E6399-B913-42F2-A5B6-F0D4BAAF9571|45|41|41|15|1|2017
E3CDC578-37BA-4CDB-B150-DAB0409270CD|8A1B5BDB-9589-4207-8345-A811FC18B2C9|de0c86be-9bcb-4d3b-8098-b06687536c1f|4DA86139-6A72-4089-8858-6A3A613FDFE6|C143978A-E021-4015-BC67-5A00D6C910D1|D50E6399-B913-42F2-A5B6-F0D4BAAF9571|56|42|42|16|1|2017
E3CDC578-37BA-4CDB-B150-DAB0409270CD|AEED7469-F7AF-41E6-B24C-13B1D74E1026|de0c86be-9bcb-4d3b-8098-b06687536c1f|4DA86139-6A72-4089-8858-6A3A613FDFE6|C143978A-E021-4015-BC67-5A00D6C910D1|D50E6399-B913-42F2-A5B6-F0D4BAAF9571|50|43|43|17|1|2017
E3CDC578-37BA-4CDB-B150-DAB0409270CD|CF64EBB2-BCC2-4EAA-B1C8-060EEE3284F3|de0c86be-9bcb-4d3b-8098-b06687536c1f|4DA86139-6A72-4089-8858-6A3A613FDFE6|C143978A-E021-4015-BC67-5A00D6C910D1|D50E6399-B913-42F2-A5B6-F0D4BAAF9571|58|44|44|18|1|2017
E3CDC578-37BA-4CDB-B150-DAB0409270CD|7BF6983F-CF8D-4897-8122-7CCD0F778CAF|de0c86be-9bcb-4d3b-8098-b06687536c1f|4DA86139-6A72-4089-8858-6A3A613FDFE6|C143978A-E021-4015-BC67-5A00D6C910D1|D50E6399-B913-42F2-A5B6-F0D4BAAF9571|60|45|45|19|1|2017
E3CDC578-37BA-4CDB-B150-DAB0409270CD|87D0EA99-7042-4867-A4B7-C31E7665DE5E|de0c86be-9bcb-4d3b-8098-b06687536c1f|4DA86139-6A72-4089-8858-6A3A613FDFE6|C143978A-E021-4015-BC67-5A00D6C910D1|D50E6399-B913-42F2-A5B6-F0D4BAAF9571|63|13|13|13|1|2017
E3CDC578-37BA-4CDB-B150-DAB0409270CD|6912F4C6-9370-440A-BA87-11A8426BA92C|de0c86be-9bcb-4d3b-8098-b06687536c1f|4DA86139-6A72-4089-8858-6A3A613FDFE6|C143978A-E021-4015-BC67-5A00D6C910D1|D50E6399-B913-42F2-A5B6-F0D4BAAF9571|76|14|14|14|1|2017
E3CDC578-37BA-4CDB-B150-DAB0409270CD|91318D8C-8150-49B4-A473-CF97F104F6B7|de0c86be-9bcb-4d3b-8098-b06687536c1f|4DA86139-6A72-4089-8858-6A3A613FDFE6|C143978A-E021-4015-BC67-5A00D6C910D1|D50E6399-B913-42F2-A5B6-F0D4BAAF9571|56|15|15|15|1|2017
E3CDC578-37BA-4CDB-B150-DAB0409270CD|DD9AF1EF-EEEC-49D3-A43F-802D7028BFD7|de0c86be-9bcb-4d3b-8098-b06687536c1f|4DA86139-6A72-4089-8858-6A3A613FDFE6|C143978A-E021-4015-BC67-5A00D6C910D1|D50E6399-B913-42F2-A5B6-F0D4BAAF9571|82|16|16|16|1|2017
E3CDC578-37BA-4CDB-B150-DAB0409270CD|62BC85B5-306F-4740-A215-48470CA31288|de0c86be-9bcb-4d3b-8098-b06687536c1f|4DA86139-6A72-4089-8858-6A3A613FDFE6|C143978A-E021-4015-BC67-5A00D6C910D1|D50E6399-B913-42F2-A5B6-F0D4BAAF9571|96|17|17|17|1|2017
E3CDC578-37BA-4CDB-B150-DAB0409270CD|B2EEF18D-EE0A-4CA1-B6FE-B82F863D81B4|de0c86be-9bcb-4d3b-8098-b06687536c1f|4DA86139-6A72-4089-8858-6A3A613FDFE6|C143978A-E021-4015-BC67-5A00D6C910D1|D50E6399-B913-42F2-A5B6-F0D4BAAF9571|94|18|18|18|1|2017
E3CDC578-37BA-4CDB-B150-DAB0409270CD|29A012E5-CDE3-45D8-9BB0-A25D3DBF0A92|de0c86be-9bcb-4d3b-8098-b06687536c1f|4DA86139-6A72-4089-8858-6A3A613FDFE6|C143978A-E021-4015-BC67-5A00D6C910D1|D50E6399-B913-42F2-A5B6-F0D4BAAF9571|88|19|19|19|1|2017
E3CDC578-37BA-4CDB-B150-DAB0409270CD|423C391C-4944-43F4-9034-9C6818E9C1A2|de0c86be-9bcb-4d3b-8098-b06687536c1f|4DA86139-6A72-4089-8858-6A3A613FDFE6|C143978A-E021-4015-BC67-5A00D6C910D1|D50E6399-B913-42F2-A5B6-F0D4BAAF9571|87|20|20|20|1|2017
E3CDC578-37BA-4CDB-B150-DAB0409270CD|F67E977A-0102-4758-91E8-9782A570E75D|de0c86be-9bcb-4d3b-8098-b06687536c1f|4DA86139-6A72-4089-8858-6A3A613FDFE6|C143978A-E021-4015-BC67-5A00D6C910D1|D50E6399-B913-42F2-A5B6-F0D4BAAF9571|65|21|21|21|1|2017
E3CDC578-37BA-4CDB-B150-DAB0409270CD|EF70C8D3-6866-4F6E-8FC2-10665A8D9B12|de0c86be-9bcb-4d3b-8098-b06687536c1f|4DA86139-6A72-4089-8858-6A3A613FDFE6|C143978A-E021-4015-BC67-5A00D6C910D1|D50E6399-B913-42F2-A5B6-F0D4BAAF9571|65|22|22|22|1|2017
E3CDC578-37BA-4CDB-B150-DAB0409270CD|123264D0-464E-4032-BEA5-CFECA81410C9|de0c86be-9bcb-4d3b-8098-b06687536c1f|4DA86139-6A72-4089-8858-6A3A613FDFE6|C143978A-E021-4015-BC67-5A00D6C910D1|D50E6399-B913-42F2-A5B6-F0D4BAAF9571|56|23|23|23|1|2017
E3CDC578-37BA-4CDB-B150-DAB0409270CD|CA1F032F-1CA2-4DCE-8AAA-CB284E167A3E|de0c86be-9bcb-4d3b-8098-b06687536c1f|4DA86139-6A72-4089-8858-6A3A613FDFE6|C143978A-E021-4015-BC67-5A00D6C910D1|D50E6399-B913-42F2-A5B6-F0D4BAAF9571|45|24|24|24|1|2017
E3CDC578-37BA-4CDB-B150-DAB0409270CD|72A995F4-0C94-4FAA-8A43-2277B02B97D1|de0c86be-9bcb-4d3b-8098-b06687536c1f|4DA86139-6A72-4089-8858-6A3A613FDFE6|C143978A-E021-4015-BC67-5A00D6C910D1|D50E6399-B913-42F2-A5B6-F0D4BAAF9571|98|25|25|25|1|2017
E3CDC578-37BA-4CDB-B150-DAB0409270CD|0DE968C9-7309-C481-58F7-AB6CDB1011EF|de0c86be-9bcb-4d3b-8098-b06687536c1f|4DA86139-6A72-4089-8858-6A3A613FDFE6|C143978A-E021-4015-BC67-5A00D6C910D1|D50E6399-B913-42F2-A5B6-F0D4BAAF9571|67|26|26|26|1|2017
E3CDC578-37BA-4CDB-B150-DAB0409270CD|C1F2964E-9DD5-4B7A-86BD-E7FCAFB9D9D9|de0c86be-9bcb-4d3b-8098-b06687536c1f|4DA86139-6A72-4089-8858-6A3A613FDFE6|C143978A-E021-4015-BC67-5A00D6C910D1|D50E6399-B913-42F2-A5B6-F0D4BAAF9571|45|27|27|14|1|2017
E3CDC578-37BA-4CDB-B150-DAB0409270CD|E4D9BF24-8574-463D-A816-A21CEC6CD548|de0c86be-9bcb-4d3b-8098-b06687536c1f|4DA86139-6A72-4089-8858-6A3A613FDFE6|C143978A-E021-4015-BC67-5A00D6C910D1|D50E6399-B913-42F2-A5B6-F0D4BAAF9571|56|28|28|15|1|2017
E3CDC578-37BA-4CDB-B150-DAB0409270CD|40F82118-26E7-4CCC-8456-195B5F009478|de0c86be-9bcb-4d3b-8098-b06687536c1f|4DA86139-6A72-4089-8858-6A3A613FDFE6|C143978A-E021-4015-BC67-5A00D6C910D1|D50E6399-B913-42F2-A5B6-F0D4BAAF9571|50|29|29|16|1|2017
E3CDC578-37BA-4CDB-B150-DAB0409270CD|0420916C-304D-4EB8-A847-8B4729E915C1|de0c86be-9bcb-4d3b-8098-b06687536c1f|4DA86139-6A72-4089-8858-6A3A613FDFE6|C143978A-E021-4015-BC67-5A00D6C910D1|D50E6399-B913-42F2-A5B6-F0D4BAAF9571|58|30|30|17|1|2017
E3CDC578-37BA-4CDB-B150-DAB0409270CD|199C78A9-4708-451E-8C87-8E6B4F47AAD9|de0c86be-9bcb-4d3b-8098-b06687536c1f|4DA86139-6A72-4089-8858-6A3A613FDFE6|C143978A-E021-4015-BC67-5A00D6C910D1|D50E6399-B913-42F2-A5B6-F0D4BAAF9571|60|31|31|18|1|2017
E3CDC578-37BA-4CDB-B150-DAB0409270CD|B404AA65-25A3-40B0-8462-D377A926354F|de0c86be-9bcb-4d3b-8098-b06687536c1f|4DA86139-6A72-4089-8858-6A3A613FDFE6|C143978A-E021-4015-BC67-5A00D6C910D1|D50E6399-B913-42F2-A5B6-F0D4BAAF9571|63|32|32|19|1|2017
E3CDC578-37BA-4CDB-B150-DAB0409270CD|B7B6D6E6-84B1-47F6-AA1B-AA34AEB7D236|de0c86be-9bcb-4d3b-8098-b06687536c1f|4DA86139-6A72-4089-8858-6A3A613FDFE6|C143978A-E021-4015-BC67-5A00D6C910D1|D50E6399-B913-42F2-A5B6-F0D4BAAF9571|66|33|33|20|1|2017
E3CDC578-37BA-4CDB-B150-DAB0409270CD|7559C867-A833-4DA2-816B-51D4636033A3|de0c86be-9bcb-4d3b-8098-b06687536c1f|4DA86139-6A72-4089-8858-6A3A613FDFE6|C143978A-E021-4015-BC67-5A00D6C910D1|D50E6399-B913-42F2-A5B6-F0D4BAAF9571|77|34|34|21|1|2017
E3CDC578-37BA-4CDB-B150-DAB0409270CD|7FC3A038-C5DE-4DEE-AE2D-E2ED230AB328|de0c86be-9bcb-4d3b-8098-b06687536c1f|4DA86139-6A72-4089-8858-6A3A613FDFE6|C143978A-E021-4015-BC67-5A00D6C910D1|D50E6399-B913-42F2-A5B6-F0D4BAAF9571|56|35|35|22|1|2017
E3CDC578-37BA-4CDB-B150-DAB0409270CD|4A4D0394-0FBD-4014-98A5-D3CE9161A568|de0c86be-9bcb-4d3b-8098-b06687536c1f|4DA86139-6A72-4089-8858-6A3A613FDFE6|C143978A-E021-4015-BC67-5A00D6C910D1|D50E6399-B913-42F2-A5B6-F0D4BAAF9571|55|36|36|23|1|2017
E3CDC578-37BA-4CDB-B150-DAB0409270CD|CB0EF175-8A57-49D7-A1D4-89D0C6E3A497|de0c86be-9bcb-4d3b-8098-b06687536c1f|4DA86139-6A72-4089-8858-6A3A613FDFE6|C143978A-E021-4015-BC67-5A00D6C910D1|D50E6399-B913-42F2-A5B6-F0D4BAAF9571|67|37|37|24|1|2017
E3CDC578-37BA-4CDB-B150-DAB0409270CD|309B97E9-72AB-4FD0-A282-8410413ACE46|de0c86be-9bcb-4d3b-8098-b06687536c1f|4DA86139-6A72-4089-8858-6A3A613FDFE6|C143978A-E021-4015-BC67-5A00D6C910D1|D50E6399-B913-42F2-A5B6-F0D4BAAF9571|56|38|38|25|1|2017
E3CDC578-37BA-4CDB-B150-DAB0409270CD|307ED34F-D6B5-4EE8-AB44-543305B12085|de0c86be-9bcb-4d3b-8098-b06687536c1f|4DA86139-6A72-4089-8858-6A3A613FDFE6|C143978A-E021-4015-BC67-5A00D6C910D1|D50E6399-B913-42F2-A5B6-F0D4BAAF9571|82|39|39|26|1|2017
E3CDC578-37BA-4CDB-B150-DAB0409270CD|97BAC717-C0A7-47F7-9918-C56658E6D792|de0c86be-9bcb-4d3b-8098-b06687536c1f|4DA86139-6A72-4089-8858-6A3A613FDFE6|C143978A-E021-4015-BC67-5A00D6C910D1|D50E6399-B913-42F2-A5B6-F0D4BAAF9571|96|40|40|14|1|2017
E3CDC578-37BA-4CDB-B150-DAB0409270CD|466D93AD-B0D7-4B29-89C0-569A421763D6|de0c86be-9bcb-4d3b-8098-b06687536c1f|4DA86139-6A72-4089-8858-6A3A613FDFE6|C143978A-E021-4015-BC67-5A00D6C910D1|D50E6399-B913-42F2-A5B6-F0D4BAAF9571|94|41|41|15|1|2017
E3CDC578-37BA-4CDB-B150-DAB0409270CD|41C68FA5-4A98-4BB2-B702-68DD844F92B0|de0c86be-9bcb-4d3b-8098-b06687536c1f|4DA86139-6A72-4089-8858-6A3A613FDFE6|C143978A-E021-4015-BC67-5A00D6C910D1|D50E6399-B913-42F2-A5B6-F0D4BAAF9571|88|42|42|16|1|2017
E3CDC578-37BA-4CDB-B150-DAB0409270CD|9208D11F-98E8-47B8-8DFC-4215FC2EF127|de0c86be-9bcb-4d3b-8098-b06687536c1f|4DA86139-6A72-4089-8858-6A3A613FDFE6|C143978A-E021-4015-BC67-5A00D6C910D1|D50E6399-B913-42F2-A5B6-F0D4BAAF9571|87|43|43|17|1|2017
E3CDC578-37BA-4CDB-B150-DAB0409270CD|3013780A-61AD-4BAA-8666-C89CC1A555F8|de0c86be-9bcb-4d3b-8098-b06687536c1f|4DA86139-6A72-4089-8858-6A3A613FDFE6|C143978A-E021-4015-BC67-5A00D6C910D1|D50E6399-B913-42F2-A5B6-F0D4BAAF9571|65|44|44|18|1|2017
E3CDC578-37BA-4CDB-B150-DAB0409270CD|3C14C92D-9113-4289-8A69-564BF3F3D871|de0c86be-9bcb-4d3b-8098-b06687536c1f|4DA86139-6A72-4089-8858-6A3A613FDFE6|C143978A-E021-4015-BC67-5A00D6C910D1|D50E6399-B913-42F2-A5B6-F0D4BAAF9571|65|45|45|19|1|2017
E3CDC578-37BA-4CDB-B150-DAB0409270CD|E9888085-FD91-4551-9274-50BA485A9637|de0c86be-9bcb-4d3b-8098-b06687536c1f|4DA86139-6A72-4089-8858-6A3A613FDFE6|C143978A-E021-4015-BC67-5A00D6C910D1|D50E6399-B913-42F2-A5B6-F0D4BAAF9571|56|13|13|13|1|2017
E3CDC578-37BA-4CDB-B150-DAB0409270CD|4F218688-6DE5-4E69-8690-66FBA2F0DC9F|c9caf109-c27d-4062-9b9f-ac4268629e27|4DA86139-6A72-4089-8858-6A3A613FDFE6|C143978A-E021-4015-BC67-5A00D6C910D1|D50E6399-B913-42F2-A5B6-F0D4BAAF9571|45|14|14|14|1|2017
E3CDC578-37BA-4CDB-B150-DAB0409270CD|A195BAF6-D6E7-43A5-B7C9-D6C627A42815|c9caf109-c27d-4062-9b9f-ac4268629e27|4DA86139-6A72-4089-8858-6A3A613FDFE6|C143978A-E021-4015-BC67-5A00D6C910D1|D50E6399-B913-42F2-A5B6-F0D4BAAF9571|98|15|15|15|1|2017
E3CDC578-37BA-4CDB-B150-DAB0409270CD|8A1B5BDB-9589-4207-8345-A811FC18B2C9|c9caf109-c27d-4062-9b9f-ac4268629e27|4DA86139-6A72-4089-8858-6A3A613FDFE6|C143978A-E021-4015-BC67-5A00D6C910D1|D50E6399-B913-42F2-A5B6-F0D4BAAF9571|67|16|16|16|1|2017
E3CDC578-37BA-4CDB-B150-DAB0409270CD|AEED7469-F7AF-41E6-B24C-13B1D74E1026|c9caf109-c27d-4062-9b9f-ac4268629e27|4DA86139-6A72-4089-8858-6A3A613FDFE6|C143978A-E021-4015-BC67-5A00D6C910D1|D50E6399-B913-42F2-A5B6-F0D4BAAF9571|45|17|17|17|1|2017
E3CDC578-37BA-4CDB-B150-DAB0409270CD|CF64EBB2-BCC2-4EAA-B1C8-060EEE3284F3|c9caf109-c27d-4062-9b9f-ac4268629e27|4DA86139-6A72-4089-8858-6A3A613FDFE6|C143978A-E021-4015-BC67-5A00D6C910D1|D50E6399-B913-42F2-A5B6-F0D4BAAF9571|56|18|18|18|1|2017
E3CDC578-37BA-4CDB-B150-DAB0409270CD|7BF6983F-CF8D-4897-8122-7CCD0F778CAF|c9caf109-c27d-4062-9b9f-ac4268629e27|4DA86139-6A72-4089-8858-6A3A613FDFE6|C143978A-E021-4015-BC67-5A00D6C910D1|D50E6399-B913-42F2-A5B6-F0D4BAAF9571|50|19|19|19|1|2017
E3CDC578-37BA-4CDB-B150-DAB0409270CD|87D0EA99-7042-4867-A4B7-C31E7665DE5E|c9caf109-c27d-4062-9b9f-ac4268629e27|4DA86139-6A72-4089-8858-6A3A613FDFE6|C143978A-E021-4015-BC67-5A00D6C910D1|D50E6399-B913-42F2-A5B6-F0D4BAAF9571|58|20|20|20|1|2017
E3CDC578-37BA-4CDB-B150-DAB0409270CD|6912F4C6-9370-440A-BA87-11A8426BA92C|c9caf109-c27d-4062-9b9f-ac4268629e27|4DA86139-6A72-4089-8858-6A3A613FDFE6|C143978A-E021-4015-BC67-5A00D6C910D1|D50E6399-B913-42F2-A5B6-F0D4BAAF9571|60|21|21|21|1|2017
E3CDC578-37BA-4CDB-B150-DAB0409270CD|91318D8C-8150-49B4-A473-CF97F104F6B7|c9caf109-c27d-4062-9b9f-ac4268629e27|4DA86139-6A72-4089-8858-6A3A613FDFE6|C143978A-E021-4015-BC67-5A00D6C910D1|D50E6399-B913-42F2-A5B6-F0D4BAAF9571|63|22|22|22|1|2017
E3CDC578-37BA-4CDB-B150-DAB0409270CD|DD9AF1EF-EEEC-49D3-A43F-802D7028BFD7|c9caf109-c27d-4062-9b9f-ac4268629e27|4DA86139-6A72-4089-8858-6A3A613FDFE6|C143978A-E021-4015-BC67-5A00D6C910D1|D50E6399-B913-42F2-A5B6-F0D4BAAF9571|66|23|23|23|1|2017
E3CDC578-37BA-4CDB-B150-DAB0409270CD|62BC85B5-306F-4740-A215-48470CA31288|c9caf109-c27d-4062-9b9f-ac4268629e27|4DA86139-6A72-4089-8858-6A3A613FDFE6|C143978A-E021-4015-BC67-5A00D6C910D1|D50E6399-B913-42F2-A5B6-F0D4BAAF9571|77|24|24|24|1|2017
E3CDC578-37BA-4CDB-B150-DAB0409270CD|B2EEF18D-EE0A-4CA1-B6FE-B82F863D81B4|c9caf109-c27d-4062-9b9f-ac4268629e27|4DA86139-6A72-4089-8858-6A3A613FDFE6|C143978A-E021-4015-BC67-5A00D6C910D1|D50E6399-B913-42F2-A5B6-F0D4BAAF9571|56|25|25|25|1|2017
E3CDC578-37BA-4CDB-B150-DAB0409270CD|29A012E5-CDE3-45D8-9BB0-A25D3DBF0A92|c9caf109-c27d-4062-9b9f-ac4268629e27|4DA86139-6A72-4089-8858-6A3A613FDFE6|C143978A-E021-4015-BC67-5A00D6C910D1|D50E6399-B913-42F2-A5B6-F0D4BAAF9571|55|26|26|26|1|2017
E3CDC578-37BA-4CDB-B150-DAB0409270CD|423C391C-4944-43F4-9034-9C6818E9C1A2|c9caf109-c27d-4062-9b9f-ac4268629e27|4DA86139-6A72-4089-8858-6A3A613FDFE6|C143978A-E021-4015-BC67-5A00D6C910D1|D50E6399-B913-42F2-A5B6-F0D4BAAF9571|67|27|27|14|1|2017
E3CDC578-37BA-4CDB-B150-DAB0409270CD|F67E977A-0102-4758-91E8-9782A570E75D|c9caf109-c27d-4062-9b9f-ac4268629e27|4DA86139-6A72-4089-8858-6A3A613FDFE6|C143978A-E021-4015-BC67-5A00D6C910D1|D50E6399-B913-42F2-A5B6-F0D4BAAF9571|56|28|28|15|1|2017
E3CDC578-37BA-4CDB-B150-DAB0409270CD|EF70C8D3-6866-4F6E-8FC2-10665A8D9B12|c9caf109-c27d-4062-9b9f-ac4268629e27|4DA86139-6A72-4089-8858-6A3A613FDFE6|C143978A-E021-4015-BC67-5A00D6C910D1|D50E6399-B913-42F2-A5B6-F0D4BAAF9571|82|29|29|16|1|2017
E3CDC578-37BA-4CDB-B150-DAB0409270CD|123264D0-464E-4032-BEA5-CFECA81410C9|c9caf109-c27d-4062-9b9f-ac4268629e27|4DA86139-6A72-4089-8858-6A3A613FDFE6|C143978A-E021-4015-BC67-5A00D6C910D1|D50E6399-B913-42F2-A5B6-F0D4BAAF9571|96|30|30|17|1|2017
E3CDC578-37BA-4CDB-B150-DAB0409270CD|CA1F032F-1CA2-4DCE-8AAA-CB284E167A3E|c9caf109-c27d-4062-9b9f-ac4268629e27|4DA86139-6A72-4089-8858-6A3A613FDFE6|C143978A-E021-4015-BC67-5A00D6C910D1|D50E6399-B913-42F2-A5B6-F0D4BAAF9571|94|31|31|18|1|2017
E3CDC578-37BA-4CDB-B150-DAB0409270CD|72A995F4-0C94-4FAA-8A43-2277B02B97D1|c9caf109-c27d-4062-9b9f-ac4268629e27|4DA86139-6A72-4089-8858-6A3A613FDFE6|C143978A-E021-4015-BC67-5A00D6C910D1|D50E6399-B913-42F2-A5B6-F0D4BAAF9571|88|32|32|19|1|2017
E3CDC578-37BA-4CDB-B150-DAB0409270CD|0DE968C9-7309-C481-58F7-AB6CDB1011EF|c9caf109-c27d-4062-9b9f-ac4268629e27|4DA86139-6A72-4089-8858-6A3A613FDFE6|C143978A-E021-4015-BC67-5A00D6C910D1|D50E6399-B913-42F2-A5B6-F0D4BAAF9571|87|33|33|20|1|2017
E3CDC578-37BA-4CDB-B150-DAB0409270CD|C1F2964E-9DD5-4B7A-86BD-E7FCAFB9D9D9|c9caf109-c27d-4062-9b9f-ac4268629e27|4DA86139-6A72-4089-8858-6A3A613FDFE6|C143978A-E021-4015-BC67-5A00D6C910D1|D50E6399-B913-42F2-A5B6-F0D4BAAF9571|65|34|34|21|1|2017
E3CDC578-37BA-4CDB-B150-DAB0409270CD|E4D9BF24-8574-463D-A816-A21CEC6CD548|c9caf109-c27d-4062-9b9f-ac4268629e27|4DA86139-6A72-4089-8858-6A3A613FDFE6|C143978A-E021-4015-BC67-5A00D6C910D1|D50E6399-B913-42F2-A5B6-F0D4BAAF9571|65|35|35|22|1|2017
E3CDC578-37BA-4CDB-B150-DAB0409270CD|40F82118-26E7-4CCC-8456-195B5F009478|c9caf109-c27d-4062-9b9f-ac4268629e27|4DA86139-6A72-4089-8858-6A3A613FDFE6|C143978A-E021-4015-BC67-5A00D6C910D1|D50E6399-B913-42F2-A5B6-F0D4BAAF9571|56|36|36|23|1|2017
E3CDC578-37BA-4CDB-B150-DAB0409270CD|0420916C-304D-4EB8-A847-8B4729E915C1|c9caf109-c27d-4062-9b9f-ac4268629e27|4DA86139-6A72-4089-8858-6A3A613FDFE6|C143978A-E021-4015-BC67-5A00D6C910D1|D50E6399-B913-42F2-A5B6-F0D4BAAF9571|45|37|37|24|1|2017
E3CDC578-37BA-4CDB-B150-DAB0409270CD|199C78A9-4708-451E-8C87-8E6B4F47AAD9|c9caf109-c27d-4062-9b9f-ac4268629e27|4DA86139-6A72-4089-8858-6A3A613FDFE6|C143978A-E021-4015-BC67-5A00D6C910D1|D50E6399-B913-42F2-A5B6-F0D4BAAF9571|98|38|38|25|1|2017
E3CDC578-37BA-4CDB-B150-DAB0409270CD|B404AA65-25A3-40B0-8462-D377A926354F|c9caf109-c27d-4062-9b9f-ac4268629e27|4DA86139-6A72-4089-8858-6A3A613FDFE6|C143978A-E021-4015-BC67-5A00D6C910D1|D50E6399-B913-42F2-A5B6-F0D4BAAF9571|67|39|39|26|1|2017
E3CDC578-37BA-4CDB-B150-DAB0409270CD|B7B6D6E6-84B1-47F6-AA1B-AA34AEB7D236|c9caf109-c27d-4062-9b9f-ac4268629e27|4DA86139-6A72-4089-8858-6A3A613FDFE6|C143978A-E021-4015-BC67-5A00D6C910D1|D50E6399-B913-42F2-A5B6-F0D4BAAF9571|45|40|40|14|1|2017
E3CDC578-37BA-4CDB-B150-DAB0409270CD|7559C867-A833-4DA2-816B-51D4636033A3|c9caf109-c27d-4062-9b9f-ac4268629e27|4DA86139-6A72-4089-8858-6A3A613FDFE6|C143978A-E021-4015-BC67-5A00D6C910D1|D50E6399-B913-42F2-A5B6-F0D4BAAF9571|56|41|41|15|1|2017
E3CDC578-37BA-4CDB-B150-DAB0409270CD|7FC3A038-C5DE-4DEE-AE2D-E2ED230AB328|c9caf109-c27d-4062-9b9f-ac4268629e27|4DA86139-6A72-4089-8858-6A3A613FDFE6|C143978A-E021-4015-BC67-5A00D6C910D1|D50E6399-B913-42F2-A5B6-F0D4BAAF9571|50|42|42|16|1|2017
E3CDC578-37BA-4CDB-B150-DAB0409270CD|4A4D0394-0FBD-4014-98A5-D3CE9161A568|c9caf109-c27d-4062-9b9f-ac4268629e27|4DA86139-6A72-4089-8858-6A3A613FDFE6|C143978A-E021-4015-BC67-5A00D6C910D1|D50E6399-B913-42F2-A5B6-F0D4BAAF9571|58|43|43|17|1|2017
E3CDC578-37BA-4CDB-B150-DAB0409270CD|CB0EF175-8A57-49D7-A1D4-89D0C6E3A497|c9caf109-c27d-4062-9b9f-ac4268629e27|4DA86139-6A72-4089-8858-6A3A613FDFE6|C143978A-E021-4015-BC67-5A00D6C910D1|D50E6399-B913-42F2-A5B6-F0D4BAAF9571|60|44|44|18|1|2017
E3CDC578-37BA-4CDB-B150-DAB0409270CD|309B97E9-72AB-4FD0-A282-8410413ACE46|c9caf109-c27d-4062-9b9f-ac4268629e27|4DA86139-6A72-4089-8858-6A3A613FDFE6|C143978A-E021-4015-BC67-5A00D6C910D1|D50E6399-B913-42F2-A5B6-F0D4BAAF9571|63|45|45|19|1|2017
E3CDC578-37BA-4CDB-B150-DAB0409270CD|307ED34F-D6B5-4EE8-AB44-543305B12085|c9caf109-c27d-4062-9b9f-ac4268629e27|4DA86139-6A72-4089-8858-6A3A613FDFE6|C143978A-E021-4015-BC67-5A00D6C910D1|D50E6399-B913-42F2-A5B6-F0D4BAAF9571|76|13|13|13|1|2017
E3CDC578-37BA-4CDB-B150-DAB0409270CD|97BAC717-C0A7-47F7-9918-C56658E6D792|c9caf109-c27d-4062-9b9f-ac4268629e27|4DA86139-6A72-4089-8858-6A3A613FDFE6|C143978A-E021-4015-BC67-5A00D6C910D1|D50E6399-B913-42F2-A5B6-F0D4BAAF9571|56|14|14|14|1|2017
E3CDC578-37BA-4CDB-B150-DAB0409270CD|466D93AD-B0D7-4B29-89C0-569A421763D6|c9caf109-c27d-4062-9b9f-ac4268629e27|4DA86139-6A72-4089-8858-6A3A613FDFE6|C143978A-E021-4015-BC67-5A00D6C910D1|D50E6399-B913-42F2-A5B6-F0D4BAAF9571|82|15|15|15|1|2017
E3CDC578-37BA-4CDB-B150-DAB0409270CD|41C68FA5-4A98-4BB2-B702-68DD844F92B0|c9caf109-c27d-4062-9b9f-ac4268629e27|4DA86139-6A72-4089-8858-6A3A613FDFE6|C143978A-E021-4015-BC67-5A00D6C910D1|D50E6399-B913-42F2-A5B6-F0D4BAAF9571|96|16|16|16|1|2017
E3CDC578-37BA-4CDB-B150-DAB0409270CD|9208D11F-98E8-47B8-8DFC-4215FC2EF127|c9caf109-c27d-4062-9b9f-ac4268629e27|4DA86139-6A72-4089-8858-6A3A613FDFE6|C143978A-E021-4015-BC67-5A00D6C910D1|D50E6399-B913-42F2-A5B6-F0D4BAAF9571|94|17|17|17|1|2017
E3CDC578-37BA-4CDB-B150-DAB0409270CD|3013780A-61AD-4BAA-8666-C89CC1A555F8|c9caf109-c27d-4062-9b9f-ac4268629e27|4DA86139-6A72-4089-8858-6A3A613FDFE6|C143978A-E021-4015-BC67-5A00D6C910D1|D50E6399-B913-42F2-A5B6-F0D4BAAF9571|88|18|18|18|1|2017
E3CDC578-37BA-4CDB-B150-DAB0409270CD|3C14C92D-9113-4289-8A69-564BF3F3D871|c9caf109-c27d-4062-9b9f-ac4268629e27|4DA86139-6A72-4089-8858-6A3A613FDFE6|C143978A-E021-4015-BC67-5A00D6C910D1|D50E6399-B913-42F2-A5B6-F0D4BAAF9571|87|19|19|19|1|2017
E3CDC578-37BA-4CDB-B150-DAB0409270CD|E9888085-FD91-4551-9274-50BA485A9637|c9caf109-c27d-4062-9b9f-ac4268629e27|4DA86139-6A72-4089-8858-6A3A613FDFE6|C143978A-E021-4015-BC67-5A00D6C910D1|D50E6399-B913-42F2-A5B6-F0D4BAAF9571|65|20|20|20|1|2017
E3CDC578-37BA-4CDB-B150-DAB0409270CD|4F218688-6DE5-4E69-8690-66FBA2F0DC9F|f098e943-26fd-4dc0-b6a0-2d02477004a4|4DA86139-6A72-4089-8858-6A3A613FDFE6|C143978A-E021-4015-BC67-5A00D6C910D1|D50E6399-B913-42F2-A5B6-F0D4BAAF9571|65|21|21|21|1|2017
E3CDC578-37BA-4CDB-B150-DAB0409270CD|A195BAF6-D6E7-43A5-B7C9-D6C627A42815|f098e943-26fd-4dc0-b6a0-2d02477004a4|4DA86139-6A72-4089-8858-6A3A613FDFE6|C143978A-E021-4015-BC67-5A00D6C910D1|D50E6399-B913-42F2-A5B6-F0D4BAAF9571|56|22|22|22|1|2017
E3CDC578-37BA-4CDB-B150-DAB0409270CD|8A1B5BDB-9589-4207-8345-A811FC18B2C9|f098e943-26fd-4dc0-b6a0-2d02477004a4|4DA86139-6A72-4089-8858-6A3A613FDFE6|C143978A-E021-4015-BC67-5A00D6C910D1|D50E6399-B913-42F2-A5B6-F0D4BAAF9571|45|23|23|23|1|2017
E3CDC578-37BA-4CDB-B150-DAB0409270CD|AEED7469-F7AF-41E6-B24C-13B1D74E1026|f098e943-26fd-4dc0-b6a0-2d02477004a4|4DA86139-6A72-4089-8858-6A3A613FDFE6|C143978A-E021-4015-BC67-5A00D6C910D1|D50E6399-B913-42F2-A5B6-F0D4BAAF9571|98|24|24|24|1|2017
E3CDC578-37BA-4CDB-B150-DAB0409270CD|CF64EBB2-BCC2-4EAA-B1C8-060EEE3284F3|f098e943-26fd-4dc0-b6a0-2d02477004a4|4DA86139-6A72-4089-8858-6A3A613FDFE6|C143978A-E021-4015-BC67-5A00D6C910D1|D50E6399-B913-42F2-A5B6-F0D4BAAF9571|67|25|25|25|1|2017
E3CDC578-37BA-4CDB-B150-DAB0409270CD|7BF6983F-CF8D-4897-8122-7CCD0F778CAF|f098e943-26fd-4dc0-b6a0-2d02477004a4|4DA86139-6A72-4089-8858-6A3A613FDFE6|C143978A-E021-4015-BC67-5A00D6C910D1|D50E6399-B913-42F2-A5B6-F0D4BAAF9571|45|26|26|26|1|2017
E3CDC578-37BA-4CDB-B150-DAB0409270CD|87D0EA99-7042-4867-A4B7-C31E7665DE5E|f098e943-26fd-4dc0-b6a0-2d02477004a4|4DA86139-6A72-4089-8858-6A3A613FDFE6|C143978A-E021-4015-BC67-5A00D6C910D1|D50E6399-B913-42F2-A5B6-F0D4BAAF9571|56|27|27|14|1|2017
E3CDC578-37BA-4CDB-B150-DAB0409270CD|6912F4C6-9370-440A-BA87-11A8426BA92C|f098e943-26fd-4dc0-b6a0-2d02477004a4|4DA86139-6A72-4089-8858-6A3A613FDFE6|C143978A-E021-4015-BC67-5A00D6C910D1|D50E6399-B913-42F2-A5B6-F0D4BAAF9571|50|28|28|15|1|2017
E3CDC578-37BA-4CDB-B150-DAB0409270CD|91318D8C-8150-49B4-A473-CF97F104F6B7|f098e943-26fd-4dc0-b6a0-2d02477004a4|4DA86139-6A72-4089-8858-6A3A613FDFE6|C143978A-E021-4015-BC67-5A00D6C910D1|D50E6399-B913-42F2-A5B6-F0D4BAAF9571|58|29|29|16|1|2017
E3CDC578-37BA-4CDB-B150-DAB0409270CD|DD9AF1EF-EEEC-49D3-A43F-802D7028BFD7|f098e943-26fd-4dc0-b6a0-2d02477004a4|4DA86139-6A72-4089-8858-6A3A613FDFE6|C143978A-E021-4015-BC67-5A00D6C910D1|D50E6399-B913-42F2-A5B6-F0D4BAAF9571|60|30|30|17|1|2017
E3CDC578-37BA-4CDB-B150-DAB0409270CD|62BC85B5-306F-4740-A215-48470CA31288|f098e943-26fd-4dc0-b6a0-2d02477004a4|4DA86139-6A72-4089-8858-6A3A613FDFE6|C143978A-E021-4015-BC67-5A00D6C910D1|D50E6399-B913-42F2-A5B6-F0D4BAAF9571|63|31|31|18|1|2017
E3CDC578-37BA-4CDB-B150-DAB0409270CD|B2EEF18D-EE0A-4CA1-B6FE-B82F863D81B4|f098e943-26fd-4dc0-b6a0-2d02477004a4|4DA86139-6A72-4089-8858-6A3A613FDFE6|C143978A-E021-4015-BC67-5A00D6C910D1|D50E6399-B913-42F2-A5B6-F0D4BAAF9571|66|32|32|19|1|2017
E3CDC578-37BA-4CDB-B150-DAB0409270CD|29A012E5-CDE3-45D8-9BB0-A25D3DBF0A92|f098e943-26fd-4dc0-b6a0-2d02477004a4|4DA86139-6A72-4089-8858-6A3A613FDFE6|C143978A-E021-4015-BC67-5A00D6C910D1|D50E6399-B913-42F2-A5B6-F0D4BAAF9571|77|33|33|20|1|2017
E3CDC578-37BA-4CDB-B150-DAB0409270CD|423C391C-4944-43F4-9034-9C6818E9C1A2|f098e943-26fd-4dc0-b6a0-2d02477004a4|4DA86139-6A72-4089-8858-6A3A613FDFE6|C143978A-E021-4015-BC67-5A00D6C910D1|D50E6399-B913-42F2-A5B6-F0D4BAAF9571|56|34|34|21|1|2017
E3CDC578-37BA-4CDB-B150-DAB0409270CD|F67E977A-0102-4758-91E8-9782A570E75D|f098e943-26fd-4dc0-b6a0-2d02477004a4|4DA86139-6A72-4089-8858-6A3A613FDFE6|C143978A-E021-4015-BC67-5A00D6C910D1|D50E6399-B913-42F2-A5B6-F0D4BAAF9571|55|35|35|22|1|2017
E3CDC578-37BA-4CDB-B150-DAB0409270CD|EF70C8D3-6866-4F6E-8FC2-10665A8D9B12|f098e943-26fd-4dc0-b6a0-2d02477004a4|4DA86139-6A72-4089-8858-6A3A613FDFE6|C143978A-E021-4015-BC67-5A00D6C910D1|D50E6399-B913-42F2-A5B6-F0D4BAAF9571|67|36|36|23|1|2017
E3CDC578-37BA-4CDB-B150-DAB0409270CD|123264D0-464E-4032-BEA5-CFECA81410C9|f098e943-26fd-4dc0-b6a0-2d02477004a4|4DA86139-6A72-4089-8858-6A3A613FDFE6|C143978A-E021-4015-BC67-5A00D6C910D1|D50E6399-B913-42F2-A5B6-F0D4BAAF9571|56|37|37|24|1|2017
E3CDC578-37BA-4CDB-B150-DAB0409270CD|CA1F032F-1CA2-4DCE-8AAA-CB284E167A3E|f098e943-26fd-4dc0-b6a0-2d02477004a4|4DA86139-6A72-4089-8858-6A3A613FDFE6|C143978A-E021-4015-BC67-5A00D6C910D1|D50E6399-B913-42F2-A5B6-F0D4BAAF9571|82|38|38|25|1|2017
E3CDC578-37BA-4CDB-B150-DAB0409270CD|72A995F4-0C94-4FAA-8A43-2277B02B97D1|f098e943-26fd-4dc0-b6a0-2d02477004a4|4DA86139-6A72-4089-8858-6A3A613FDFE6|C143978A-E021-4015-BC67-5A00D6C910D1|D50E6399-B913-42F2-A5B6-F0D4BAAF9571|96|39|39|26|1|2017
E3CDC578-37BA-4CDB-B150-DAB0409270CD|0DE968C9-7309-C481-58F7-AB6CDB1011EF|f098e943-26fd-4dc0-b6a0-2d02477004a4|4DA86139-6A72-4089-8858-6A3A613FDFE6|C143978A-E021-4015-BC67-5A00D6C910D1|D50E6399-B913-42F2-A5B6-F0D4BAAF9571|94|40|40|14|1|2017
E3CDC578-37BA-4CDB-B150-DAB0409270CD|C1F2964E-9DD5-4B7A-86BD-E7FCAFB9D9D9|f098e943-26fd-4dc0-b6a0-2d02477004a4|4DA86139-6A72-4089-8858-6A3A613FDFE6|C143978A-E021-4015-BC67-5A00D6C910D1|D50E6399-B913-42F2-A5B6-F0D4BAAF9571|88|41|41|15|1|2017
E3CDC578-37BA-4CDB-B150-DAB0409270CD|E4D9BF24-8574-463D-A816-A21CEC6CD548|f098e943-26fd-4dc0-b6a0-2d02477004a4|4DA86139-6A72-4089-8858-6A3A613FDFE6|C143978A-E021-4015-BC67-5A00D6C910D1|D50E6399-B913-42F2-A5B6-F0D4BAAF9571|87|42|42|16|1|2017
E3CDC578-37BA-4CDB-B150-DAB0409270CD|40F82118-26E7-4CCC-8456-195B5F009478|f098e943-26fd-4dc0-b6a0-2d02477004a4|4DA86139-6A72-4089-8858-6A3A613FDFE6|C143978A-E021-4015-BC67-5A00D6C910D1|D50E6399-B913-42F2-A5B6-F0D4BAAF9571|65|43|43|17|1|2017
E3CDC578-37BA-4CDB-B150-DAB0409270CD|0420916C-304D-4EB8-A847-8B4729E915C1|f098e943-26fd-4dc0-b6a0-2d02477004a4|4DA86139-6A72-4089-8858-6A3A613FDFE6|C143978A-E021-4015-BC67-5A00D6C910D1|D50E6399-B913-42F2-A5B6-F0D4BAAF9571|65|44|44|18|1|2017
E3CDC578-37BA-4CDB-B150-DAB0409270CD|199C78A9-4708-451E-8C87-8E6B4F47AAD9|f098e943-26fd-4dc0-b6a0-2d02477004a4|4DA86139-6A72-4089-8858-6A3A613FDFE6|C143978A-E021-4015-BC67-5A00D6C910D1|D50E6399-B913-42F2-A5B6-F0D4BAAF9571|56|45|45|19|1|2017
E3CDC578-37BA-4CDB-B150-DAB0409270CD|B404AA65-25A3-40B0-8462-D377A926354F|f098e943-26fd-4dc0-b6a0-2d02477004a4|4DA86139-6A72-4089-8858-6A3A613FDFE6|C143978A-E021-4015-BC67-5A00D6C910D1|D50E6399-B913-42F2-A5B6-F0D4BAAF9571|45|13|13|13|1|2017
E3CDC578-37BA-4CDB-B150-DAB0409270CD|B7B6D6E6-84B1-47F6-AA1B-AA34AEB7D236|f098e943-26fd-4dc0-b6a0-2d02477004a4|4DA86139-6A72-4089-8858-6A3A613FDFE6|C143978A-E021-4015-BC67-5A00D6C910D1|D50E6399-B913-42F2-A5B6-F0D4BAAF9571|98|14|14|14|1|2017
E3CDC578-37BA-4CDB-B150-DAB0409270CD|7559C867-A833-4DA2-816B-51D4636033A3|f098e943-26fd-4dc0-b6a0-2d02477004a4|4DA86139-6A72-4089-8858-6A3A613FDFE6|C143978A-E021-4015-BC67-5A00D6C910D1|D50E6399-B913-42F2-A5B6-F0D4BAAF9571|67|15|15|15|1|2017
E3CDC578-37BA-4CDB-B150-DAB0409270CD|7FC3A038-C5DE-4DEE-AE2D-E2ED230AB328|f098e943-26fd-4dc0-b6a0-2d02477004a4|4DA86139-6A72-4089-8858-6A3A613FDFE6|C143978A-E021-4015-BC67-5A00D6C910D1|D50E6399-B913-42F2-A5B6-F0D4BAAF9571|45|16|16|16|1|2017
E3CDC578-37BA-4CDB-B150-DAB0409270CD|4A4D0394-0FBD-4014-98A5-D3CE9161A568|f098e943-26fd-4dc0-b6a0-2d02477004a4|4DA86139-6A72-4089-8858-6A3A613FDFE6|C143978A-E021-4015-BC67-5A00D6C910D1|D50E6399-B913-42F2-A5B6-F0D4BAAF9571|56|17|17|17|1|2017
E3CDC578-37BA-4CDB-B150-DAB0409270CD|CB0EF175-8A57-49D7-A1D4-89D0C6E3A497|f098e943-26fd-4dc0-b6a0-2d02477004a4|4DA86139-6A72-4089-8858-6A3A613FDFE6|C143978A-E021-4015-BC67-5A00D6C910D1|D50E6399-B913-42F2-A5B6-F0D4BAAF9571|50|18|18|18|1|2017
E3CDC578-37BA-4CDB-B150-DAB0409270CD|309B97E9-72AB-4FD0-A282-8410413ACE46|f098e943-26fd-4dc0-b6a0-2d02477004a4|4DA86139-6A72-4089-8858-6A3A613FDFE6|C143978A-E021-4015-BC67-5A00D6C910D1|D50E6399-B913-42F2-A5B6-F0D4BAAF9571|58|19|19|19|1|2017
E3CDC578-37BA-4CDB-B150-DAB0409270CD|307ED34F-D6B5-4EE8-AB44-543305B12085|f098e943-26fd-4dc0-b6a0-2d02477004a4|4DA86139-6A72-4089-8858-6A3A613FDFE6|C143978A-E021-4015-BC67-5A00D6C910D1|D50E6399-B913-42F2-A5B6-F0D4BAAF9571|60|20|20|20|1|2017
E3CDC578-37BA-4CDB-B150-DAB0409270CD|97BAC717-C0A7-47F7-9918-C56658E6D792|f098e943-26fd-4dc0-b6a0-2d02477004a4|4DA86139-6A72-4089-8858-6A3A613FDFE6|C143978A-E021-4015-BC67-5A00D6C910D1|D50E6399-B913-42F2-A5B6-F0D4BAAF9571|63|21|21|21|1|2017
E3CDC578-37BA-4CDB-B150-DAB0409270CD|466D93AD-B0D7-4B29-89C0-569A421763D6|f098e943-26fd-4dc0-b6a0-2d02477004a4|4DA86139-6A72-4089-8858-6A3A613FDFE6|C143978A-E021-4015-BC67-5A00D6C910D1|D50E6399-B913-42F2-A5B6-F0D4BAAF9571|66|22|22|22|1|2017
E3CDC578-37BA-4CDB-B150-DAB0409270CD|41C68FA5-4A98-4BB2-B702-68DD844F92B0|f098e943-26fd-4dc0-b6a0-2d02477004a4|4DA86139-6A72-4089-8858-6A3A613FDFE6|C143978A-E021-4015-BC67-5A00D6C910D1|D50E6399-B913-42F2-A5B6-F0D4BAAF9571|77|23|23|23|1|2017
E3CDC578-37BA-4CDB-B150-DAB0409270CD|9208D11F-98E8-47B8-8DFC-4215FC2EF127|f098e943-26fd-4dc0-b6a0-2d02477004a4|4DA86139-6A72-4089-8858-6A3A613FDFE6|C143978A-E021-4015-BC67-5A00D6C910D1|D50E6399-B913-42F2-A5B6-F0D4BAAF9571|56|24|24|24|1|2017
E3CDC578-37BA-4CDB-B150-DAB0409270CD|3013780A-61AD-4BAA-8666-C89CC1A555F8|f098e943-26fd-4dc0-b6a0-2d02477004a4|4DA86139-6A72-4089-8858-6A3A613FDFE6|C143978A-E021-4015-BC67-5A00D6C910D1|D50E6399-B913-42F2-A5B6-F0D4BAAF9571|55|25|25|25|1|2017
E3CDC578-37BA-4CDB-B150-DAB0409270CD|3C14C92D-9113-4289-8A69-564BF3F3D871|f098e943-26fd-4dc0-b6a0-2d02477004a4|4DA86139-6A72-4089-8858-6A3A613FDFE6|C143978A-E021-4015-BC67-5A00D6C910D1|D50E6399-B913-42F2-A5B6-F0D4BAAF9571|67|26|26|26|1|2017
E3CDC578-37BA-4CDB-B150-DAB0409270CD|E9888085-FD91-4551-9274-50BA485A9637|f098e943-26fd-4dc0-b6a0-2d02477004a4|4DA86139-6A72-4089-8858-6A3A613FDFE6|C143978A-E021-4015-BC67-5A00D6C910D1|D50E6399-B913-42F2-A5B6-F0D4BAAF9571|56|27|27|14|1|2017
E3CDC578-37BA-4CDB-B150-DAB0409270CD|4F218688-6DE5-4E69-8690-66FBA2F0DC9F|0e5dc1c6-f62f-4a36-a1ec-064173332694|4DA86139-6A72-4089-8858-6A3A613FDFE6|C143978A-E021-4015-BC67-5A00D6C910D1|D50E6399-B913-42F2-A5B6-F0D4BAAF9571|82|28|28|15|1|2017
E3CDC578-37BA-4CDB-B150-DAB0409270CD|A195BAF6-D6E7-43A5-B7C9-D6C627A42815|0e5dc1c6-f62f-4a36-a1ec-064173332694|4DA86139-6A72-4089-8858-6A3A613FDFE6|C143978A-E021-4015-BC67-5A00D6C910D1|D50E6399-B913-42F2-A5B6-F0D4BAAF9571|96|29|29|16|1|2017
E3CDC578-37BA-4CDB-B150-DAB0409270CD|8A1B5BDB-9589-4207-8345-A811FC18B2C9|0e5dc1c6-f62f-4a36-a1ec-064173332694|4DA86139-6A72-4089-8858-6A3A613FDFE6|C143978A-E021-4015-BC67-5A00D6C910D1|D50E6399-B913-42F2-A5B6-F0D4BAAF9571|94|30|30|17|1|2017
E3CDC578-37BA-4CDB-B150-DAB0409270CD|AEED7469-F7AF-41E6-B24C-13B1D74E1026|0e5dc1c6-f62f-4a36-a1ec-064173332694|4DA86139-6A72-4089-8858-6A3A613FDFE6|C143978A-E021-4015-BC67-5A00D6C910D1|D50E6399-B913-42F2-A5B6-F0D4BAAF9571|88|31|31|18|1|2017
E3CDC578-37BA-4CDB-B150-DAB0409270CD|CF64EBB2-BCC2-4EAA-B1C8-060EEE3284F3|0e5dc1c6-f62f-4a36-a1ec-064173332694|4DA86139-6A72-4089-8858-6A3A613FDFE6|C143978A-E021-4015-BC67-5A00D6C910D1|D50E6399-B913-42F2-A5B6-F0D4BAAF9571|87|32|32|19|1|2017
E3CDC578-37BA-4CDB-B150-DAB0409270CD|7BF6983F-CF8D-4897-8122-7CCD0F778CAF|0e5dc1c6-f62f-4a36-a1ec-064173332694|4DA86139-6A72-4089-8858-6A3A613FDFE6|C143978A-E021-4015-BC67-5A00D6C910D1|D50E6399-B913-42F2-A5B6-F0D4BAAF9571|65|33|33|20|1|2017
E3CDC578-37BA-4CDB-B150-DAB0409270CD|87D0EA99-7042-4867-A4B7-C31E7665DE5E|0e5dc1c6-f62f-4a36-a1ec-064173332694|4DA86139-6A72-4089-8858-6A3A613FDFE6|C143978A-E021-4015-BC67-5A00D6C910D1|D50E6399-B913-42F2-A5B6-F0D4BAAF9571|65|34|34|21|1|2017
E3CDC578-37BA-4CDB-B150-DAB0409270CD|6912F4C6-9370-440A-BA87-11A8426BA92C|0e5dc1c6-f62f-4a36-a1ec-064173332694|4DA86139-6A72-4089-8858-6A3A613FDFE6|C143978A-E021-4015-BC67-5A00D6C910D1|D50E6399-B913-42F2-A5B6-F0D4BAAF9571|56|35|35|22|1|2017
E3CDC578-37BA-4CDB-B150-DAB0409270CD|91318D8C-8150-49B4-A473-CF97F104F6B7|0e5dc1c6-f62f-4a36-a1ec-064173332694|4DA86139-6A72-4089-8858-6A3A613FDFE6|C143978A-E021-4015-BC67-5A00D6C910D1|D50E6399-B913-42F2-A5B6-F0D4BAAF9571|45|36|36|23|1|2017
E3CDC578-37BA-4CDB-B150-DAB0409270CD|DD9AF1EF-EEEC-49D3-A43F-802D7028BFD7|0e5dc1c6-f62f-4a36-a1ec-064173332694|4DA86139-6A72-4089-8858-6A3A613FDFE6|C143978A-E021-4015-BC67-5A00D6C910D1|D50E6399-B913-42F2-A5B6-F0D4BAAF9571|98|37|37|24|1|2017
E3CDC578-37BA-4CDB-B150-DAB0409270CD|62BC85B5-306F-4740-A215-48470CA31288|0e5dc1c6-f62f-4a36-a1ec-064173332694|4DA86139-6A72-4089-8858-6A3A613FDFE6|C143978A-E021-4015-BC67-5A00D6C910D1|D50E6399-B913-42F2-A5B6-F0D4BAAF9571|67|38|38|25|1|2017
E3CDC578-37BA-4CDB-B150-DAB0409270CD|B2EEF18D-EE0A-4CA1-B6FE-B82F863D81B4|0e5dc1c6-f62f-4a36-a1ec-064173332694|4DA86139-6A72-4089-8858-6A3A613FDFE6|C143978A-E021-4015-BC67-5A00D6C910D1|D50E6399-B913-42F2-A5B6-F0D4BAAF9571|45|39|39|26|1|2017
E3CDC578-37BA-4CDB-B150-DAB0409270CD|29A012E5-CDE3-45D8-9BB0-A25D3DBF0A92|0e5dc1c6-f62f-4a36-a1ec-064173332694|4DA86139-6A72-4089-8858-6A3A613FDFE6|C143978A-E021-4015-BC67-5A00D6C910D1|D50E6399-B913-42F2-A5B6-F0D4BAAF9571|56|40|40|14|1|2017
E3CDC578-37BA-4CDB-B150-DAB0409270CD|423C391C-4944-43F4-9034-9C6818E9C1A2|0e5dc1c6-f62f-4a36-a1ec-064173332694|4DA86139-6A72-4089-8858-6A3A613FDFE6|C143978A-E021-4015-BC67-5A00D6C910D1|D50E6399-B913-42F2-A5B6-F0D4BAAF9571|50|41|41|15|1|2017
E3CDC578-37BA-4CDB-B150-DAB0409270CD|F67E977A-0102-4758-91E8-9782A570E75D|0e5dc1c6-f62f-4a36-a1ec-064173332694|4DA86139-6A72-4089-8858-6A3A613FDFE6|C143978A-E021-4015-BC67-5A00D6C910D1|D50E6399-B913-42F2-A5B6-F0D4BAAF9571|58|42|42|16|1|2017
E3CDC578-37BA-4CDB-B150-DAB0409270CD|EF70C8D3-6866-4F6E-8FC2-10665A8D9B12|0e5dc1c6-f62f-4a36-a1ec-064173332694|4DA86139-6A72-4089-8858-6A3A613FDFE6|C143978A-E021-4015-BC67-5A00D6C910D1|D50E6399-B913-42F2-A5B6-F0D4BAAF9571|60|43|43|17|1|2017
E3CDC578-37BA-4CDB-B150-DAB0409270CD|123264D0-464E-4032-BEA5-CFECA81410C9|0e5dc1c6-f62f-4a36-a1ec-064173332694|4DA86139-6A72-4089-8858-6A3A613FDFE6|C143978A-E021-4015-BC67-5A00D6C910D1|D50E6399-B913-42F2-A5B6-F0D4BAAF9571|63|44|44|18|1|2017
E3CDC578-37BA-4CDB-B150-DAB0409270CD|CA1F032F-1CA2-4DCE-8AAA-CB284E167A3E|0e5dc1c6-f62f-4a36-a1ec-064173332694|4DA86139-6A72-4089-8858-6A3A613FDFE6|C143978A-E021-4015-BC67-5A00D6C910D1|D50E6399-B913-42F2-A5B6-F0D4BAAF9571|76|45|45|19|1|2017
E3CDC578-37BA-4CDB-B150-DAB0409270CD|72A995F4-0C94-4FAA-8A43-2277B02B97D1|0e5dc1c6-f62f-4a36-a1ec-064173332694|4DA86139-6A72-4089-8858-6A3A613FDFE6|C143978A-E021-4015-BC67-5A00D6C910D1|D50E6399-B913-42F2-A5B6-F0D4BAAF9571|56|13|13|13|1|2017
E3CDC578-37BA-4CDB-B150-DAB0409270CD|0DE968C9-7309-C481-58F7-AB6CDB1011EF|0e5dc1c6-f62f-4a36-a1ec-064173332694|4DA86139-6A72-4089-8858-6A3A613FDFE6|C143978A-E021-4015-BC67-5A00D6C910D1|D50E6399-B913-42F2-A5B6-F0D4BAAF9571|82|14|14|14|1|2017
E3CDC578-37BA-4CDB-B150-DAB0409270CD|C1F2964E-9DD5-4B7A-86BD-E7FCAFB9D9D9|0e5dc1c6-f62f-4a36-a1ec-064173332694|4DA86139-6A72-4089-8858-6A3A613FDFE6|C143978A-E021-4015-BC67-5A00D6C910D1|D50E6399-B913-42F2-A5B6-F0D4BAAF9571|96|15|15|15|1|2017
E3CDC578-37BA-4CDB-B150-DAB0409270CD|E4D9BF24-8574-463D-A816-A21CEC6CD548|0e5dc1c6-f62f-4a36-a1ec-064173332694|4DA86139-6A72-4089-8858-6A3A613FDFE6|C143978A-E021-4015-BC67-5A00D6C910D1|D50E6399-B913-42F2-A5B6-F0D4BAAF9571|94|16|16|16|1|2017
E3CDC578-37BA-4CDB-B150-DAB0409270CD|40F82118-26E7-4CCC-8456-195B5F009478|0e5dc1c6-f62f-4a36-a1ec-064173332694|4DA86139-6A72-4089-8858-6A3A613FDFE6|C143978A-E021-4015-BC67-5A00D6C910D1|D50E6399-B913-42F2-A5B6-F0D4BAAF9571|88|17|17|17|1|2017
E3CDC578-37BA-4CDB-B150-DAB0409270CD|0420916C-304D-4EB8-A847-8B4729E915C1|0e5dc1c6-f62f-4a36-a1ec-064173332694|4DA86139-6A72-4089-8858-6A3A613FDFE6|C143978A-E021-4015-BC67-5A00D6C910D1|D50E6399-B913-42F2-A5B6-F0D4BAAF9571|87|18|18|18|1|2017
E3CDC578-37BA-4CDB-B150-DAB0409270CD|199C78A9-4708-451E-8C87-8E6B4F47AAD9|0e5dc1c6-f62f-4a36-a1ec-064173332694|4DA86139-6A72-4089-8858-6A3A613FDFE6|C143978A-E021-4015-BC67-5A00D6C910D1|D50E6399-B913-42F2-A5B6-F0D4BAAF9571|65|19|19|19|1|2017
E3CDC578-37BA-4CDB-B150-DAB0409270CD|B404AA65-25A3-40B0-8462-D377A926354F|0e5dc1c6-f62f-4a36-a1ec-064173332694|4DA86139-6A72-4089-8858-6A3A613FDFE6|C143978A-E021-4015-BC67-5A00D6C910D1|D50E6399-B913-42F2-A5B6-F0D4BAAF9571|65|20|20|20|1|2017
E3CDC578-37BA-4CDB-B150-DAB0409270CD|B7B6D6E6-84B1-47F6-AA1B-AA34AEB7D236|0e5dc1c6-f62f-4a36-a1ec-064173332694|4DA86139-6A72-4089-8858-6A3A613FDFE6|C143978A-E021-4015-BC67-5A00D6C910D1|D50E6399-B913-42F2-A5B6-F0D4BAAF9571|56|21|21|21|1|2017
E3CDC578-37BA-4CDB-B150-DAB0409270CD|7559C867-A833-4DA2-816B-51D4636033A3|0e5dc1c6-f62f-4a36-a1ec-064173332694|4DA86139-6A72-4089-8858-6A3A613FDFE6|C143978A-E021-4015-BC67-5A00D6C910D1|D50E6399-B913-42F2-A5B6-F0D4BAAF9571|45|22|22|22|1|2017
E3CDC578-37BA-4CDB-B150-DAB0409270CD|7FC3A038-C5DE-4DEE-AE2D-E2ED230AB328|0e5dc1c6-f62f-4a36-a1ec-064173332694|4DA86139-6A72-4089-8858-6A3A613FDFE6|C143978A-E021-4015-BC67-5A00D6C910D1|D50E6399-B913-42F2-A5B6-F0D4BAAF9571|98|23|23|23|1|2017
E3CDC578-37BA-4CDB-B150-DAB0409270CD|4A4D0394-0FBD-4014-98A5-D3CE9161A568|0e5dc1c6-f62f-4a36-a1ec-064173332694|4DA86139-6A72-4089-8858-6A3A613FDFE6|C143978A-E021-4015-BC67-5A00D6C910D1|D50E6399-B913-42F2-A5B6-F0D4BAAF9571|67|24|24|24|1|2017
E3CDC578-37BA-4CDB-B150-DAB0409270CD|CB0EF175-8A57-49D7-A1D4-89D0C6E3A497|0e5dc1c6-f62f-4a36-a1ec-064173332694|4DA86139-6A72-4089-8858-6A3A613FDFE6|C143978A-E021-4015-BC67-5A00D6C910D1|D50E6399-B913-42F2-A5B6-F0D4BAAF9571|45|25|25|25|1|2017
E3CDC578-37BA-4CDB-B150-DAB0409270CD|309B97E9-72AB-4FD0-A282-8410413ACE46|0e5dc1c6-f62f-4a36-a1ec-064173332694|4DA86139-6A72-4089-8858-6A3A613FDFE6|C143978A-E021-4015-BC67-5A00D6C910D1|D50E6399-B913-42F2-A5B6-F0D4BAAF9571|56|26|26|26|1|2017
E3CDC578-37BA-4CDB-B150-DAB0409270CD|307ED34F-D6B5-4EE8-AB44-543305B12085|0e5dc1c6-f62f-4a36-a1ec-064173332694|4DA86139-6A72-4089-8858-6A3A613FDFE6|C143978A-E021-4015-BC67-5A00D6C910D1|D50E6399-B913-42F2-A5B6-F0D4BAAF9571|50|27|27|14|1|2017
E3CDC578-37BA-4CDB-B150-DAB0409270CD|97BAC717-C0A7-47F7-9918-C56658E6D792|0e5dc1c6-f62f-4a36-a1ec-064173332694|4DA86139-6A72-4089-8858-6A3A613FDFE6|C143978A-E021-4015-BC67-5A00D6C910D1|D50E6399-B913-42F2-A5B6-F0D4BAAF9571|58|28|28|15|1|2017
E3CDC578-37BA-4CDB-B150-DAB0409270CD|466D93AD-B0D7-4B29-89C0-569A421763D6|0e5dc1c6-f62f-4a36-a1ec-064173332694|4DA86139-6A72-4089-8858-6A3A613FDFE6|C143978A-E021-4015-BC67-5A00D6C910D1|D50E6399-B913-42F2-A5B6-F0D4BAAF9571|60|29|29|16|1|2017
E3CDC578-37BA-4CDB-B150-DAB0409270CD|41C68FA5-4A98-4BB2-B702-68DD844F92B0|0e5dc1c6-f62f-4a36-a1ec-064173332694|4DA86139-6A72-4089-8858-6A3A613FDFE6|C143978A-E021-4015-BC67-5A00D6C910D1|D50E6399-B913-42F2-A5B6-F0D4BAAF9571|63|30|30|17|1|2017
E3CDC578-37BA-4CDB-B150-DAB0409270CD|9208D11F-98E8-47B8-8DFC-4215FC2EF127|0e5dc1c6-f62f-4a36-a1ec-064173332694|4DA86139-6A72-4089-8858-6A3A613FDFE6|C143978A-E021-4015-BC67-5A00D6C910D1|D50E6399-B913-42F2-A5B6-F0D4BAAF9571|66|31|31|18|1|2017
E3CDC578-37BA-4CDB-B150-DAB0409270CD|3013780A-61AD-4BAA-8666-C89CC1A555F8|0e5dc1c6-f62f-4a36-a1ec-064173332694|4DA86139-6A72-4089-8858-6A3A613FDFE6|C143978A-E021-4015-BC67-5A00D6C910D1|D50E6399-B913-42F2-A5B6-F0D4BAAF9571|77|32|32|19|1|2017
E3CDC578-37BA-4CDB-B150-DAB0409270CD|3C14C92D-9113-4289-8A69-564BF3F3D871|0e5dc1c6-f62f-4a36-a1ec-064173332694|4DA86139-6A72-4089-8858-6A3A613FDFE6|C143978A-E021-4015-BC67-5A00D6C910D1|D50E6399-B913-42F2-A5B6-F0D4BAAF9571|56|33|33|20|1|2017
E3CDC578-37BA-4CDB-B150-DAB0409270CD|E9888085-FD91-4551-9274-50BA485A9637|0e5dc1c6-f62f-4a36-a1ec-064173332694|4DA86139-6A72-4089-8858-6A3A613FDFE6|C143978A-E021-4015-BC67-5A00D6C910D1|D50E6399-B913-42F2-A5B6-F0D4BAAF9571|55|34|34|21|1|2017
E3CDC578-37BA-4CDB-B150-DAB0409270CD|4F218688-6DE5-4E69-8690-66FBA2F0DC9F|e1729cc2-524a-4069-b4a4-be5aec8473fe|4DA86139-6A72-4089-8858-6A3A613FDFE6|C143978A-E021-4015-BC67-5A00D6C910D1|D50E6399-B913-42F2-A5B6-F0D4BAAF9571|67|35|35|22|1|2017
E3CDC578-37BA-4CDB-B150-DAB0409270CD|A195BAF6-D6E7-43A5-B7C9-D6C627A42815|e1729cc2-524a-4069-b4a4-be5aec8473fe|4DA86139-6A72-4089-8858-6A3A613FDFE6|C143978A-E021-4015-BC67-5A00D6C910D1|D50E6399-B913-42F2-A5B6-F0D4BAAF9571|56|36|36|23|1|2017
E3CDC578-37BA-4CDB-B150-DAB0409270CD|8A1B5BDB-9589-4207-8345-A811FC18B2C9|e1729cc2-524a-4069-b4a4-be5aec8473fe|4DA86139-6A72-4089-8858-6A3A613FDFE6|C143978A-E021-4015-BC67-5A00D6C910D1|D50E6399-B913-42F2-A5B6-F0D4BAAF9571|82|37|37|24|1|2017
E3CDC578-37BA-4CDB-B150-DAB0409270CD|AEED7469-F7AF-41E6-B24C-13B1D74E1026|e1729cc2-524a-4069-b4a4-be5aec8473fe|4DA86139-6A72-4089-8858-6A3A613FDFE6|C143978A-E021-4015-BC67-5A00D6C910D1|D50E6399-B913-42F2-A5B6-F0D4BAAF9571|96|38|38|25|1|2017
E3CDC578-37BA-4CDB-B150-DAB0409270CD|CF64EBB2-BCC2-4EAA-B1C8-060EEE3284F3|e1729cc2-524a-4069-b4a4-be5aec8473fe|4DA86139-6A72-4089-8858-6A3A613FDFE6|C143978A-E021-4015-BC67-5A00D6C910D1|D50E6399-B913-42F2-A5B6-F0D4BAAF9571|94|39|39|26|1|2017
E3CDC578-37BA-4CDB-B150-DAB0409270CD|7BF6983F-CF8D-4897-8122-7CCD0F778CAF|e1729cc2-524a-4069-b4a4-be5aec8473fe|4DA86139-6A72-4089-8858-6A3A613FDFE6|C143978A-E021-4015-BC67-5A00D6C910D1|D50E6399-B913-42F2-A5B6-F0D4BAAF9571|88|40|40|14|1|2017
E3CDC578-37BA-4CDB-B150-DAB0409270CD|87D0EA99-7042-4867-A4B7-C31E7665DE5E|e1729cc2-524a-4069-b4a4-be5aec8473fe|4DA86139-6A72-4089-8858-6A3A613FDFE6|C143978A-E021-4015-BC67-5A00D6C910D1|D50E6399-B913-42F2-A5B6-F0D4BAAF9571|87|41|41|15|1|2017
E3CDC578-37BA-4CDB-B150-DAB0409270CD|6912F4C6-9370-440A-BA87-11A8426BA92C|e1729cc2-524a-4069-b4a4-be5aec8473fe|4DA86139-6A72-4089-8858-6A3A613FDFE6|C143978A-E021-4015-BC67-5A00D6C910D1|D50E6399-B913-42F2-A5B6-F0D4BAAF9571|65|42|42|16|1|2017
E3CDC578-37BA-4CDB-B150-DAB0409270CD|91318D8C-8150-49B4-A473-CF97F104F6B7|e1729cc2-524a-4069-b4a4-be5aec8473fe|4DA86139-6A72-4089-8858-6A3A613FDFE6|C143978A-E021-4015-BC67-5A00D6C910D1|D50E6399-B913-42F2-A5B6-F0D4BAAF9571|65|43|43|17|1|2017
E3CDC578-37BA-4CDB-B150-DAB0409270CD|DD9AF1EF-EEEC-49D3-A43F-802D7028BFD7|e1729cc2-524a-4069-b4a4-be5aec8473fe|4DA86139-6A72-4089-8858-6A3A613FDFE6|C143978A-E021-4015-BC67-5A00D6C910D1|D50E6399-B913-42F2-A5B6-F0D4BAAF9571|56|44|44|18|1|2017
E3CDC578-37BA-4CDB-B150-DAB0409270CD|62BC85B5-306F-4740-A215-48470CA31288|e1729cc2-524a-4069-b4a4-be5aec8473fe|4DA86139-6A72-4089-8858-6A3A613FDFE6|C143978A-E021-4015-BC67-5A00D6C910D1|D50E6399-B913-42F2-A5B6-F0D4BAAF9571|45|45|45|19|1|2017
E3CDC578-37BA-4CDB-B150-DAB0409270CD|B2EEF18D-EE0A-4CA1-B6FE-B82F863D81B4|e1729cc2-524a-4069-b4a4-be5aec8473fe|4DA86139-6A72-4089-8858-6A3A613FDFE6|C143978A-E021-4015-BC67-5A00D6C910D1|D50E6399-B913-42F2-A5B6-F0D4BAAF9571|98|13|13|13|1|2017
E3CDC578-37BA-4CDB-B150-DAB0409270CD|29A012E5-CDE3-45D8-9BB0-A25D3DBF0A92|e1729cc2-524a-4069-b4a4-be5aec8473fe|4DA86139-6A72-4089-8858-6A3A613FDFE6|C143978A-E021-4015-BC67-5A00D6C910D1|D50E6399-B913-42F2-A5B6-F0D4BAAF9571|67|14|14|14|1|2017
E3CDC578-37BA-4CDB-B150-DAB0409270CD|423C391C-4944-43F4-9034-9C6818E9C1A2|e1729cc2-524a-4069-b4a4-be5aec8473fe|4DA86139-6A72-4089-8858-6A3A613FDFE6|C143978A-E021-4015-BC67-5A00D6C910D1|D50E6399-B913-42F2-A5B6-F0D4BAAF9571|45|15|15|15|1|2017
E3CDC578-37BA-4CDB-B150-DAB0409270CD|F67E977A-0102-4758-91E8-9782A570E75D|e1729cc2-524a-4069-b4a4-be5aec8473fe|4DA86139-6A72-4089-8858-6A3A613FDFE6|C143978A-E021-4015-BC67-5A00D6C910D1|D50E6399-B913-42F2-A5B6-F0D4BAAF9571|56|16|16|16|1|2017
E3CDC578-37BA-4CDB-B150-DAB0409270CD|EF70C8D3-6866-4F6E-8FC2-10665A8D9B12|e1729cc2-524a-4069-b4a4-be5aec8473fe|4DA86139-6A72-4089-8858-6A3A613FDFE6|C143978A-E021-4015-BC67-5A00D6C910D1|D50E6399-B913-42F2-A5B6-F0D4BAAF9571|50|17|17|17|1|2017
E3CDC578-37BA-4CDB-B150-DAB0409270CD|123264D0-464E-4032-BEA5-CFECA81410C9|e1729cc2-524a-4069-b4a4-be5aec8473fe|4DA86139-6A72-4089-8858-6A3A613FDFE6|C143978A-E021-4015-BC67-5A00D6C910D1|D50E6399-B913-42F2-A5B6-F0D4BAAF9571|58|18|18|18|1|2017
E3CDC578-37BA-4CDB-B150-DAB0409270CD|CA1F032F-1CA2-4DCE-8AAA-CB284E167A3E|e1729cc2-524a-4069-b4a4-be5aec8473fe|4DA86139-6A72-4089-8858-6A3A613FDFE6|C143978A-E021-4015-BC67-5A00D6C910D1|D50E6399-B913-42F2-A5B6-F0D4BAAF9571|60|19|19|19|1|2017
E3CDC578-37BA-4CDB-B150-DAB0409270CD|72A995F4-0C94-4FAA-8A43-2277B02B97D1|e1729cc2-524a-4069-b4a4-be5aec8473fe|4DA86139-6A72-4089-8858-6A3A613FDFE6|C143978A-E021-4015-BC67-5A00D6C910D1|D50E6399-B913-42F2-A5B6-F0D4BAAF9571|63|20|20|20|1|2017
E3CDC578-37BA-4CDB-B150-DAB0409270CD|0DE968C9-7309-C481-58F7-AB6CDB1011EF|e1729cc2-524a-4069-b4a4-be5aec8473fe|4DA86139-6A72-4089-8858-6A3A613FDFE6|C143978A-E021-4015-BC67-5A00D6C910D1|D50E6399-B913-42F2-A5B6-F0D4BAAF9571|66|21|21|21|1|2017
E3CDC578-37BA-4CDB-B150-DAB0409270CD|C1F2964E-9DD5-4B7A-86BD-E7FCAFB9D9D9|e1729cc2-524a-4069-b4a4-be5aec8473fe|4DA86139-6A72-4089-8858-6A3A613FDFE6|C143978A-E021-4015-BC67-5A00D6C910D1|D50E6399-B913-42F2-A5B6-F0D4BAAF9571|77|22|22|22|1|2017
E3CDC578-37BA-4CDB-B150-DAB0409270CD|E4D9BF24-8574-463D-A816-A21CEC6CD548|e1729cc2-524a-4069-b4a4-be5aec8473fe|4DA86139-6A72-4089-8858-6A3A613FDFE6|C143978A-E021-4015-BC67-5A00D6C910D1|D50E6399-B913-42F2-A5B6-F0D4BAAF9571|56|23|23|23|1|2017
E3CDC578-37BA-4CDB-B150-DAB0409270CD|40F82118-26E7-4CCC-8456-195B5F009478|e1729cc2-524a-4069-b4a4-be5aec8473fe|4DA86139-6A72-4089-8858-6A3A613FDFE6|C143978A-E021-4015-BC67-5A00D6C910D1|D50E6399-B913-42F2-A5B6-F0D4BAAF9571|55|24|24|24|1|2017
E3CDC578-37BA-4CDB-B150-DAB0409270CD|0420916C-304D-4EB8-A847-8B4729E915C1|e1729cc2-524a-4069-b4a4-be5aec8473fe|4DA86139-6A72-4089-8858-6A3A613FDFE6|C143978A-E021-4015-BC67-5A00D6C910D1|D50E6399-B913-42F2-A5B6-F0D4BAAF9571|67|25|25|25|1|2017
E3CDC578-37BA-4CDB-B150-DAB0409270CD|199C78A9-4708-451E-8C87-8E6B4F47AAD9|e1729cc2-524a-4069-b4a4-be5aec8473fe|4DA86139-6A72-4089-8858-6A3A613FDFE6|C143978A-E021-4015-BC67-5A00D6C910D1|D50E6399-B913-42F2-A5B6-F0D4BAAF9571|56|26|26|26|1|2017
E3CDC578-37BA-4CDB-B150-DAB0409270CD|B404AA65-25A3-40B0-8462-D377A926354F|e1729cc2-524a-4069-b4a4-be5aec8473fe|4DA86139-6A72-4089-8858-6A3A613FDFE6|C143978A-E021-4015-BC67-5A00D6C910D1|D50E6399-B913-42F2-A5B6-F0D4BAAF9571|82|27|27|14|1|2017
E3CDC578-37BA-4CDB-B150-DAB0409270CD|B7B6D6E6-84B1-47F6-AA1B-AA34AEB7D236|e1729cc2-524a-4069-b4a4-be5aec8473fe|4DA86139-6A72-4089-8858-6A3A613FDFE6|C143978A-E021-4015-BC67-5A00D6C910D1|D50E6399-B913-42F2-A5B6-F0D4BAAF9571|96|28|28|15|1|2017
E3CDC578-37BA-4CDB-B150-DAB0409270CD|7559C867-A833-4DA2-816B-51D4636033A3|e1729cc2-524a-4069-b4a4-be5aec8473fe|4DA86139-6A72-4089-8858-6A3A613FDFE6|C143978A-E021-4015-BC67-5A00D6C910D1|D50E6399-B913-42F2-A5B6-F0D4BAAF9571|94|29|29|16|1|2017
E3CDC578-37BA-4CDB-B150-DAB0409270CD|7FC3A038-C5DE-4DEE-AE2D-E2ED230AB328|e1729cc2-524a-4069-b4a4-be5aec8473fe|4DA86139-6A72-4089-8858-6A3A613FDFE6|C143978A-E021-4015-BC67-5A00D6C910D1|D50E6399-B913-42F2-A5B6-F0D4BAAF9571|88|30|30|17|1|2017
E3CDC578-37BA-4CDB-B150-DAB0409270CD|4A4D0394-0FBD-4014-98A5-D3CE9161A568|e1729cc2-524a-4069-b4a4-be5aec8473fe|4DA86139-6A72-4089-8858-6A3A613FDFE6|C143978A-E021-4015-BC67-5A00D6C910D1|D50E6399-B913-42F2-A5B6-F0D4BAAF9571|87|31|31|18|1|2017
E3CDC578-37BA-4CDB-B150-DAB0409270CD|CB0EF175-8A57-49D7-A1D4-89D0C6E3A497|e1729cc2-524a-4069-b4a4-be5aec8473fe|4DA86139-6A72-4089-8858-6A3A613FDFE6|C143978A-E021-4015-BC67-5A00D6C910D1|D50E6399-B913-42F2-A5B6-F0D4BAAF9571|65|32|32|19|1|2017
E3CDC578-37BA-4CDB-B150-DAB0409270CD|309B97E9-72AB-4FD0-A282-8410413ACE46|e1729cc2-524a-4069-b4a4-be5aec8473fe|4DA86139-6A72-4089-8858-6A3A613FDFE6|C143978A-E021-4015-BC67-5A00D6C910D1|D50E6399-B913-42F2-A5B6-F0D4BAAF9571|65|33|33|20|1|2017
E3CDC578-37BA-4CDB-B150-DAB0409270CD|307ED34F-D6B5-4EE8-AB44-543305B12085|e1729cc2-524a-4069-b4a4-be5aec8473fe|4DA86139-6A72-4089-8858-6A3A613FDFE6|C143978A-E021-4015-BC67-5A00D6C910D1|D50E6399-B913-42F2-A5B6-F0D4BAAF9571|56|34|34|21|1|2017
E3CDC578-37BA-4CDB-B150-DAB0409270CD|97BAC717-C0A7-47F7-9918-C56658E6D792|e1729cc2-524a-4069-b4a4-be5aec8473fe|4DA86139-6A72-4089-8858-6A3A613FDFE6|C143978A-E021-4015-BC67-5A00D6C910D1|D50E6399-B913-42F2-A5B6-F0D4BAAF9571|45|35|35|22|1|2017
E3CDC578-37BA-4CDB-B150-DAB0409270CD|466D93AD-B0D7-4B29-89C0-569A421763D6|e1729cc2-524a-4069-b4a4-be5aec8473fe|4DA86139-6A72-4089-8858-6A3A613FDFE6|C143978A-E021-4015-BC67-5A00D6C910D1|D50E6399-B913-42F2-A5B6-F0D4BAAF9571|98|36|36|23|1|2017
E3CDC578-37BA-4CDB-B150-DAB0409270CD|41C68FA5-4A98-4BB2-B702-68DD844F92B0|e1729cc2-524a-4069-b4a4-be5aec8473fe|4DA86139-6A72-4089-8858-6A3A613FDFE6|C143978A-E021-4015-BC67-5A00D6C910D1|D50E6399-B913-42F2-A5B6-F0D4BAAF9571|67|37|37|24|1|2017
E3CDC578-37BA-4CDB-B150-DAB0409270CD|9208D11F-98E8-47B8-8DFC-4215FC2EF127|e1729cc2-524a-4069-b4a4-be5aec8473fe|4DA86139-6A72-4089-8858-6A3A613FDFE6|C143978A-E021-4015-BC67-5A00D6C910D1|D50E6399-B913-42F2-A5B6-F0D4BAAF9571|45|38|38|25|1|2017
E3CDC578-37BA-4CDB-B150-DAB0409270CD|3013780A-61AD-4BAA-8666-C89CC1A555F8|e1729cc2-524a-4069-b4a4-be5aec8473fe|4DA86139-6A72-4089-8858-6A3A613FDFE6|C143978A-E021-4015-BC67-5A00D6C910D1|D50E6399-B913-42F2-A5B6-F0D4BAAF9571|56|39|39|26|1|2017
E3CDC578-37BA-4CDB-B150-DAB0409270CD|3C14C92D-9113-4289-8A69-564BF3F3D871|e1729cc2-524a-4069-b4a4-be5aec8473fe|4DA86139-6A72-4089-8858-6A3A613FDFE6|C143978A-E021-4015-BC67-5A00D6C910D1|D50E6399-B913-42F2-A5B6-F0D4BAAF9571|50|40|40|14|1|2017
E3CDC578-37BA-4CDB-B150-DAB0409270CD|E9888085-FD91-4551-9274-50BA485A9637|e1729cc2-524a-4069-b4a4-be5aec8473fe|4DA86139-6A72-4089-8858-6A3A613FDFE6|C143978A-E021-4015-BC67-5A00D6C910D1|D50E6399-B913-42F2-A5B6-F0D4BAAF9571|58|41|41|15|1|2017
E3CDC578-37BA-4CDB-B150-DAB0409270CD|4F218688-6DE5-4E69-8690-66FBA2F0DC9F|b9bbd718-b32f-4466-ab34-42f544ff900e|4DA86139-6A72-4089-8858-6A3A613FDFE6|C143978A-E021-4015-BC67-5A00D6C910D1|D50E6399-B913-42F2-A5B6-F0D4BAAF9571|60|42|42|16|1|2017
E3CDC578-37BA-4CDB-B150-DAB0409270CD|A195BAF6-D6E7-43A5-B7C9-D6C627A42815|b9bbd718-b32f-4466-ab34-42f544ff900e|4DA86139-6A72-4089-8858-6A3A613FDFE6|C143978A-E021-4015-BC67-5A00D6C910D1|D50E6399-B913-42F2-A5B6-F0D4BAAF9571|63|43|43|17|1|2017
E3CDC578-37BA-4CDB-B150-DAB0409270CD|8A1B5BDB-9589-4207-8345-A811FC18B2C9|b9bbd718-b32f-4466-ab34-42f544ff900e|4DA86139-6A72-4089-8858-6A3A613FDFE6|C143978A-E021-4015-BC67-5A00D6C910D1|D50E6399-B913-42F2-A5B6-F0D4BAAF9571|76|44|44|18|1|2017
E3CDC578-37BA-4CDB-B150-DAB0409270CD|AEED7469-F7AF-41E6-B24C-13B1D74E1026|b9bbd718-b32f-4466-ab34-42f544ff900e|4DA86139-6A72-4089-8858-6A3A613FDFE6|C143978A-E021-4015-BC67-5A00D6C910D1|D50E6399-B913-42F2-A5B6-F0D4BAAF9571|56|45|45|19|1|2017
E3CDC578-37BA-4CDB-B150-DAB0409270CD|CF64EBB2-BCC2-4EAA-B1C8-060EEE3284F3|b9bbd718-b32f-4466-ab34-42f544ff900e|4DA86139-6A72-4089-8858-6A3A613FDFE6|C143978A-E021-4015-BC67-5A00D6C910D1|D50E6399-B913-42F2-A5B6-F0D4BAAF9571|82|13|13|13|1|2017
E3CDC578-37BA-4CDB-B150-DAB0409270CD|7BF6983F-CF8D-4897-8122-7CCD0F778CAF|b9bbd718-b32f-4466-ab34-42f544ff900e|4DA86139-6A72-4089-8858-6A3A613FDFE6|C143978A-E021-4015-BC67-5A00D6C910D1|D50E6399-B913-42F2-A5B6-F0D4BAAF9571|96|14|14|14|1|2017
E3CDC578-37BA-4CDB-B150-DAB0409270CD|87D0EA99-7042-4867-A4B7-C31E7665DE5E|b9bbd718-b32f-4466-ab34-42f544ff900e|4DA86139-6A72-4089-8858-6A3A613FDFE6|C143978A-E021-4015-BC67-5A00D6C910D1|D50E6399-B913-42F2-A5B6-F0D4BAAF9571|94|15|15|15|1|2017
E3CDC578-37BA-4CDB-B150-DAB0409270CD|6912F4C6-9370-440A-BA87-11A8426BA92C|b9bbd718-b32f-4466-ab34-42f544ff900e|4DA86139-6A72-4089-8858-6A3A613FDFE6|C143978A-E021-4015-BC67-5A00D6C910D1|D50E6399-B913-42F2-A5B6-F0D4BAAF9571|88|16|16|16|1|2017
E3CDC578-37BA-4CDB-B150-DAB0409270CD|91318D8C-8150-49B4-A473-CF97F104F6B7|b9bbd718-b32f-4466-ab34-42f544ff900e|4DA86139-6A72-4089-8858-6A3A613FDFE6|C143978A-E021-4015-BC67-5A00D6C910D1|D50E6399-B913-42F2-A5B6-F0D4BAAF9571|87|17|17|17|1|2017
E3CDC578-37BA-4CDB-B150-DAB0409270CD|DD9AF1EF-EEEC-49D3-A43F-802D7028BFD7|b9bbd718-b32f-4466-ab34-42f544ff900e|4DA86139-6A72-4089-8858-6A3A613FDFE6|C143978A-E021-4015-BC67-5A00D6C910D1|D50E6399-B913-42F2-A5B6-F0D4BAAF9571|65|18|18|18|1|2017
E3CDC578-37BA-4CDB-B150-DAB0409270CD|62BC85B5-306F-4740-A215-48470CA31288|b9bbd718-b32f-4466-ab34-42f544ff900e|4DA86139-6A72-4089-8858-6A3A613FDFE6|C143978A-E021-4015-BC67-5A00D6C910D1|D50E6399-B913-42F2-A5B6-F0D4BAAF9571|65|19|19|19|1|2017
E3CDC578-37BA-4CDB-B150-DAB0409270CD|B2EEF18D-EE0A-4CA1-B6FE-B82F863D81B4|b9bbd718-b32f-4466-ab34-42f544ff900e|4DA86139-6A72-4089-8858-6A3A613FDFE6|C143978A-E021-4015-BC67-5A00D6C910D1|D50E6399-B913-42F2-A5B6-F0D4BAAF9571|56|20|20|20|1|2017
E3CDC578-37BA-4CDB-B150-DAB0409270CD|29A012E5-CDE3-45D8-9BB0-A25D3DBF0A92|b9bbd718-b32f-4466-ab34-42f544ff900e|4DA86139-6A72-4089-8858-6A3A613FDFE6|C143978A-E021-4015-BC67-5A00D6C910D1|D50E6399-B913-42F2-A5B6-F0D4BAAF9571|45|21|21|21|1|2017
E3CDC578-37BA-4CDB-B150-DAB0409270CD|423C391C-4944-43F4-9034-9C6818E9C1A2|b9bbd718-b32f-4466-ab34-42f544ff900e|4DA86139-6A72-4089-8858-6A3A613FDFE6|C143978A-E021-4015-BC67-5A00D6C910D1|D50E6399-B913-42F2-A5B6-F0D4BAAF9571|98|22|22|22|1|2017
E3CDC578-37BA-4CDB-B150-DAB0409270CD|F67E977A-0102-4758-91E8-9782A570E75D|b9bbd718-b32f-4466-ab34-42f544ff900e|4DA86139-6A72-4089-8858-6A3A613FDFE6|C143978A-E021-4015-BC67-5A00D6C910D1|D50E6399-B913-42F2-A5B6-F0D4BAAF9571|67|23|23|23|1|2017
E3CDC578-37BA-4CDB-B150-DAB0409270CD|EF70C8D3-6866-4F6E-8FC2-10665A8D9B12|b9bbd718-b32f-4466-ab34-42f544ff900e|4DA86139-6A72-4089-8858-6A3A613FDFE6|C143978A-E021-4015-BC67-5A00D6C910D1|D50E6399-B913-42F2-A5B6-F0D4BAAF9571|45|24|24|24|1|2017
E3CDC578-37BA-4CDB-B150-DAB0409270CD|123264D0-464E-4032-BEA5-CFECA81410C9|b9bbd718-b32f-4466-ab34-42f544ff900e|4DA86139-6A72-4089-8858-6A3A613FDFE6|C143978A-E021-4015-BC67-5A00D6C910D1|D50E6399-B913-42F2-A5B6-F0D4BAAF9571|56|25|25|25|1|2017
E3CDC578-37BA-4CDB-B150-DAB0409270CD|CA1F032F-1CA2-4DCE-8AAA-CB284E167A3E|b9bbd718-b32f-4466-ab34-42f544ff900e|4DA86139-6A72-4089-8858-6A3A613FDFE6|C143978A-E021-4015-BC67-5A00D6C910D1|D50E6399-B913-42F2-A5B6-F0D4BAAF9571|50|26|26|26|1|2017
E3CDC578-37BA-4CDB-B150-DAB0409270CD|72A995F4-0C94-4FAA-8A43-2277B02B97D1|b9bbd718-b32f-4466-ab34-42f544ff900e|4DA86139-6A72-4089-8858-6A3A613FDFE6|C143978A-E021-4015-BC67-5A00D6C910D1|D50E6399-B913-42F2-A5B6-F0D4BAAF9571|58|27|27|14|1|2017
E3CDC578-37BA-4CDB-B150-DAB0409270CD|0DE968C9-7309-C481-58F7-AB6CDB1011EF|b9bbd718-b32f-4466-ab34-42f544ff900e|4DA86139-6A72-4089-8858-6A3A613FDFE6|C143978A-E021-4015-BC67-5A00D6C910D1|D50E6399-B913-42F2-A5B6-F0D4BAAF9571|60|28|28|15|1|2017
E3CDC578-37BA-4CDB-B150-DAB0409270CD|C1F2964E-9DD5-4B7A-86BD-E7FCAFB9D9D9|b9bbd718-b32f-4466-ab34-42f544ff900e|4DA86139-6A72-4089-8858-6A3A613FDFE6|C143978A-E021-4015-BC67-5A00D6C910D1|D50E6399-B913-42F2-A5B6-F0D4BAAF9571|63|29|29|16|1|2017
E3CDC578-37BA-4CDB-B150-DAB0409270CD|E4D9BF24-8574-463D-A816-A21CEC6CD548|b9bbd718-b32f-4466-ab34-42f544ff900e|4DA86139-6A72-4089-8858-6A3A613FDFE6|C143978A-E021-4015-BC67-5A00D6C910D1|D50E6399-B913-42F2-A5B6-F0D4BAAF9571|66|30|30|17|1|2017
E3CDC578-37BA-4CDB-B150-DAB0409270CD|40F82118-26E7-4CCC-8456-195B5F009478|b9bbd718-b32f-4466-ab34-42f544ff900e|4DA86139-6A72-4089-8858-6A3A613FDFE6|C143978A-E021-4015-BC67-5A00D6C910D1|D50E6399-B913-42F2-A5B6-F0D4BAAF9571|77|31|31|18|1|2017
E3CDC578-37BA-4CDB-B150-DAB0409270CD|0420916C-304D-4EB8-A847-8B4729E915C1|b9bbd718-b32f-4466-ab34-42f544ff900e|4DA86139-6A72-4089-8858-6A3A613FDFE6|C143978A-E021-4015-BC67-5A00D6C910D1|D50E6399-B913-42F2-A5B6-F0D4BAAF9571|56|32|32|19|1|2017
E3CDC578-37BA-4CDB-B150-DAB0409270CD|199C78A9-4708-451E-8C87-8E6B4F47AAD9|b9bbd718-b32f-4466-ab34-42f544ff900e|4DA86139-6A72-4089-8858-6A3A613FDFE6|C143978A-E021-4015-BC67-5A00D6C910D1|D50E6399-B913-42F2-A5B6-F0D4BAAF9571|55|33|33|20|1|2017
E3CDC578-37BA-4CDB-B150-DAB0409270CD|B404AA65-25A3-40B0-8462-D377A926354F|b9bbd718-b32f-4466-ab34-42f544ff900e|4DA86139-6A72-4089-8858-6A3A613FDFE6|C143978A-E021-4015-BC67-5A00D6C910D1|D50E6399-B913-42F2-A5B6-F0D4BAAF9571|67|34|34|21|1|2017
E3CDC578-37BA-4CDB-B150-DAB0409270CD|B7B6D6E6-84B1-47F6-AA1B-AA34AEB7D236|b9bbd718-b32f-4466-ab34-42f544ff900e|4DA86139-6A72-4089-8858-6A3A613FDFE6|C143978A-E021-4015-BC67-5A00D6C910D1|D50E6399-B913-42F2-A5B6-F0D4BAAF9571|56|35|35|22|1|2017
E3CDC578-37BA-4CDB-B150-DAB0409270CD|7559C867-A833-4DA2-816B-51D4636033A3|b9bbd718-b32f-4466-ab34-42f544ff900e|4DA86139-6A72-4089-8858-6A3A613FDFE6|C143978A-E021-4015-BC67-5A00D6C910D1|D50E6399-B913-42F2-A5B6-F0D4BAAF9571|82|36|36|23|1|2017
E3CDC578-37BA-4CDB-B150-DAB0409270CD|7FC3A038-C5DE-4DEE-AE2D-E2ED230AB328|b9bbd718-b32f-4466-ab34-42f544ff900e|4DA86139-6A72-4089-8858-6A3A613FDFE6|C143978A-E021-4015-BC67-5A00D6C910D1|D50E6399-B913-42F2-A5B6-F0D4BAAF9571|96|37|37|24|1|2017
E3CDC578-37BA-4CDB-B150-DAB0409270CD|4A4D0394-0FBD-4014-98A5-D3CE9161A568|b9bbd718-b32f-4466-ab34-42f544ff900e|4DA86139-6A72-4089-8858-6A3A613FDFE6|C143978A-E021-4015-BC67-5A00D6C910D1|D50E6399-B913-42F2-A5B6-F0D4BAAF9571|94|38|38|25|1|2017
E3CDC578-37BA-4CDB-B150-DAB0409270CD|CB0EF175-8A57-49D7-A1D4-89D0C6E3A497|b9bbd718-b32f-4466-ab34-42f544ff900e|4DA86139-6A72-4089-8858-6A3A613FDFE6|C143978A-E021-4015-BC67-5A00D6C910D1|D50E6399-B913-42F2-A5B6-F0D4BAAF9571|88|39|39|26|1|2017
E3CDC578-37BA-4CDB-B150-DAB0409270CD|309B97E9-72AB-4FD0-A282-8410413ACE46|b9bbd718-b32f-4466-ab34-42f544ff900e|4DA86139-6A72-4089-8858-6A3A613FDFE6|C143978A-E021-4015-BC67-5A00D6C910D1|D50E6399-B913-42F2-A5B6-F0D4BAAF9571|87|40|40|14|1|2017
E3CDC578-37BA-4CDB-B150-DAB0409270CD|307ED34F-D6B5-4EE8-AB44-543305B12085|b9bbd718-b32f-4466-ab34-42f544ff900e|4DA86139-6A72-4089-8858-6A3A613FDFE6|C143978A-E021-4015-BC67-5A00D6C910D1|D50E6399-B913-42F2-A5B6-F0D4BAAF9571|65|41|41|15|1|2017
E3CDC578-37BA-4CDB-B150-DAB0409270CD|97BAC717-C0A7-47F7-9918-C56658E6D792|b9bbd718-b32f-4466-ab34-42f544ff900e|4DA86139-6A72-4089-8858-6A3A613FDFE6|C143978A-E021-4015-BC67-5A00D6C910D1|D50E6399-B913-42F2-A5B6-F0D4BAAF9571|65|42|42|16|1|2017
E3CDC578-37BA-4CDB-B150-DAB0409270CD|466D93AD-B0D7-4B29-89C0-569A421763D6|b9bbd718-b32f-4466-ab34-42f544ff900e|4DA86139-6A72-4089-8858-6A3A613FDFE6|C143978A-E021-4015-BC67-5A00D6C910D1|D50E6399-B913-42F2-A5B6-F0D4BAAF9571|56|43|43|17|1|2017
E3CDC578-37BA-4CDB-B150-DAB0409270CD|41C68FA5-4A98-4BB2-B702-68DD844F92B0|b9bbd718-b32f-4466-ab34-42f544ff900e|4DA86139-6A72-4089-8858-6A3A613FDFE6|C143978A-E021-4015-BC67-5A00D6C910D1|D50E6399-B913-42F2-A5B6-F0D4BAAF9571|45|44|44|18|1|2017
E3CDC578-37BA-4CDB-B150-DAB0409270CD|9208D11F-98E8-47B8-8DFC-4215FC2EF127|b9bbd718-b32f-4466-ab34-42f544ff900e|4DA86139-6A72-4089-8858-6A3A613FDFE6|C143978A-E021-4015-BC67-5A00D6C910D1|D50E6399-B913-42F2-A5B6-F0D4BAAF9571|56|45|45|19|1|2017
E3CDC578-37BA-4CDB-B150-DAB0409270CD|3013780A-61AD-4BAA-8666-C89CC1A555F8|b9bbd718-b32f-4466-ab34-42f544ff900e|4DA86139-6A72-4089-8858-6A3A613FDFE6|C143978A-E021-4015-BC67-5A00D6C910D1|D50E6399-B913-42F2-A5B6-F0D4BAAF9571|45|13|13|13|1|2017
E3CDC578-37BA-4CDB-B150-DAB0409270CD|3C14C92D-9113-4289-8A69-564BF3F3D871|b9bbd718-b32f-4466-ab34-42f544ff900e|4DA86139-6A72-4089-8858-6A3A613FDFE6|C143978A-E021-4015-BC67-5A00D6C910D1|D50E6399-B913-42F2-A5B6-F0D4BAAF9571|98|14|14|14|1|2017
E3CDC578-37BA-4CDB-B150-DAB0409270CD|E9888085-FD91-4551-9274-50BA485A9637|b9bbd718-b32f-4466-ab34-42f544ff900e|4DA86139-6A72-4089-8858-6A3A613FDFE6|C143978A-E021-4015-BC67-5A00D6C910D1|D50E6399-B913-42F2-A5B6-F0D4BAAF9571|67|15|15|15|1|2017
E3CDC578-37BA-4CDB-B150-DAB0409270CD|4F218688-6DE5-4E69-8690-66FBA2F0DC9F|C1F28FF4-1A18-4552-822A-7A4767643643|4DA86139-6A72-4089-8858-6A3A613FDFE6|C143978A-E021-4015-BC67-5A00D6C910D1|D50E6399-B913-42F2-A5B6-F0D4BAAF9571|45|16|16|16|1|2017
E3CDC578-37BA-4CDB-B150-DAB0409270CD|A195BAF6-D6E7-43A5-B7C9-D6C627A42815|C1F28FF4-1A18-4552-822A-7A4767643643|4DA86139-6A72-4089-8858-6A3A613FDFE6|C143978A-E021-4015-BC67-5A00D6C910D1|D50E6399-B913-42F2-A5B6-F0D4BAAF9571|56|17|17|17|1|2017
E3CDC578-37BA-4CDB-B150-DAB0409270CD|8A1B5BDB-9589-4207-8345-A811FC18B2C9|C1F28FF4-1A18-4552-822A-7A4767643643|4DA86139-6A72-4089-8858-6A3A613FDFE6|C143978A-E021-4015-BC67-5A00D6C910D1|D50E6399-B913-42F2-A5B6-F0D4BAAF9571|50|18|18|18|1|2017
E3CDC578-37BA-4CDB-B150-DAB0409270CD|AEED7469-F7AF-41E6-B24C-13B1D74E1026|C1F28FF4-1A18-4552-822A-7A4767643643|4DA86139-6A72-4089-8858-6A3A613FDFE6|C143978A-E021-4015-BC67-5A00D6C910D1|D50E6399-B913-42F2-A5B6-F0D4BAAF9571|58|19|19|19|1|2017
E3CDC578-37BA-4CDB-B150-DAB0409270CD|CF64EBB2-BCC2-4EAA-B1C8-060EEE3284F3|C1F28FF4-1A18-4552-822A-7A4767643643|4DA86139-6A72-4089-8858-6A3A613FDFE6|C143978A-E021-4015-BC67-5A00D6C910D1|D50E6399-B913-42F2-A5B6-F0D4BAAF9571|60|20|20|20|1|2017
E3CDC578-37BA-4CDB-B150-DAB0409270CD|7BF6983F-CF8D-4897-8122-7CCD0F778CAF|C1F28FF4-1A18-4552-822A-7A4767643643|4DA86139-6A72-4089-8858-6A3A613FDFE6|C143978A-E021-4015-BC67-5A00D6C910D1|D50E6399-B913-42F2-A5B6-F0D4BAAF9571|63|21|21|21|1|2017
E3CDC578-37BA-4CDB-B150-DAB0409270CD|87D0EA99-7042-4867-A4B7-C31E7665DE5E|C1F28FF4-1A18-4552-822A-7A4767643643|4DA86139-6A72-4089-8858-6A3A613FDFE6|C143978A-E021-4015-BC67-5A00D6C910D1|D50E6399-B913-42F2-A5B6-F0D4BAAF9571|66|22|22|22|1|2017
E3CDC578-37BA-4CDB-B150-DAB0409270CD|6912F4C6-9370-440A-BA87-11A8426BA92C|C1F28FF4-1A18-4552-822A-7A4767643643|4DA86139-6A72-4089-8858-6A3A613FDFE6|C143978A-E021-4015-BC67-5A00D6C910D1|D50E6399-B913-42F2-A5B6-F0D4BAAF9571|77|23|23|23|1|2017
E3CDC578-37BA-4CDB-B150-DAB0409270CD|91318D8C-8150-49B4-A473-CF97F104F6B7|C1F28FF4-1A18-4552-822A-7A4767643643|4DA86139-6A72-4089-8858-6A3A613FDFE6|C143978A-E021-4015-BC67-5A00D6C910D1|D50E6399-B913-42F2-A5B6-F0D4BAAF9571|56|24|24|24|1|2017
E3CDC578-37BA-4CDB-B150-DAB0409270CD|DD9AF1EF-EEEC-49D3-A43F-802D7028BFD7|C1F28FF4-1A18-4552-822A-7A4767643643|4DA86139-6A72-4089-8858-6A3A613FDFE6|C143978A-E021-4015-BC67-5A00D6C910D1|D50E6399-B913-42F2-A5B6-F0D4BAAF9571|55|25|25|25|1|2017
E3CDC578-37BA-4CDB-B150-DAB0409270CD|62BC85B5-306F-4740-A215-48470CA31288|C1F28FF4-1A18-4552-822A-7A4767643643|4DA86139-6A72-4089-8858-6A3A613FDFE6|C143978A-E021-4015-BC67-5A00D6C910D1|D50E6399-B913-42F2-A5B6-F0D4BAAF9571|67|26|26|26|1|2017
E3CDC578-37BA-4CDB-B150-DAB0409270CD|B2EEF18D-EE0A-4CA1-B6FE-B82F863D81B4|C1F28FF4-1A18-4552-822A-7A4767643643|4DA86139-6A72-4089-8858-6A3A613FDFE6|C143978A-E021-4015-BC67-5A00D6C910D1|D50E6399-B913-42F2-A5B6-F0D4BAAF9571|56|27|27|14|1|2017
E3CDC578-37BA-4CDB-B150-DAB0409270CD|29A012E5-CDE3-45D8-9BB0-A25D3DBF0A92|C1F28FF4-1A18-4552-822A-7A4767643643|4DA86139-6A72-4089-8858-6A3A613FDFE6|C143978A-E021-4015-BC67-5A00D6C910D1|D50E6399-B913-42F2-A5B6-F0D4BAAF9571|82|28|28|15|1|2017
E3CDC578-37BA-4CDB-B150-DAB0409270CD|423C391C-4944-43F4-9034-9C6818E9C1A2|C1F28FF4-1A18-4552-822A-7A4767643643|4DA86139-6A72-4089-8858-6A3A613FDFE6|C143978A-E021-4015-BC67-5A00D6C910D1|D50E6399-B913-42F2-A5B6-F0D4BAAF9571|96|29|29|16|1|2017
E3CDC578-37BA-4CDB-B150-DAB0409270CD|F67E977A-0102-4758-91E8-9782A570E75D|C1F28FF4-1A18-4552-822A-7A4767643643|4DA86139-6A72-4089-8858-6A3A613FDFE6|C143978A-E021-4015-BC67-5A00D6C910D1|D50E6399-B913-42F2-A5B6-F0D4BAAF9571|94|30|30|17|1|2017
E3CDC578-37BA-4CDB-B150-DAB0409270CD|EF70C8D3-6866-4F6E-8FC2-10665A8D9B12|C1F28FF4-1A18-4552-822A-7A4767643643|4DA86139-6A72-4089-8858-6A3A613FDFE6|C143978A-E021-4015-BC67-5A00D6C910D1|D50E6399-B913-42F2-A5B6-F0D4BAAF9571|88|31|31|18|1|2017
E3CDC578-37BA-4CDB-B150-DAB0409270CD|123264D0-464E-4032-BEA5-CFECA81410C9|C1F28FF4-1A18-4552-822A-7A4767643643|4DA86139-6A72-4089-8858-6A3A613FDFE6|C143978A-E021-4015-BC67-5A00D6C910D1|D50E6399-B913-42F2-A5B6-F0D4BAAF9571|87|32|32|19|1|2017
E3CDC578-37BA-4CDB-B150-DAB0409270CD|CA1F032F-1CA2-4DCE-8AAA-CB284E167A3E|C1F28FF4-1A18-4552-822A-7A4767643643|4DA86139-6A72-4089-8858-6A3A613FDFE6|C143978A-E021-4015-BC67-5A00D6C910D1|D50E6399-B913-42F2-A5B6-F0D4BAAF9571|65|33|33|20|1|2017
E3CDC578-37BA-4CDB-B150-DAB0409270CD|72A995F4-0C94-4FAA-8A43-2277B02B97D1|C1F28FF4-1A18-4552-822A-7A4767643643|4DA86139-6A72-4089-8858-6A3A613FDFE6|C143978A-E021-4015-BC67-5A00D6C910D1|D50E6399-B913-42F2-A5B6-F0D4BAAF9571|65|34|34|21|1|2017
E3CDC578-37BA-4CDB-B150-DAB0409270CD|0DE968C9-7309-C481-58F7-AB6CDB1011EF|C1F28FF4-1A18-4552-822A-7A4767643643|4DA86139-6A72-4089-8858-6A3A613FDFE6|C143978A-E021-4015-BC67-5A00D6C910D1|D50E6399-B913-42F2-A5B6-F0D4BAAF9571|56|35|35|22|1|2017
E3CDC578-37BA-4CDB-B150-DAB0409270CD|C1F2964E-9DD5-4B7A-86BD-E7FCAFB9D9D9|C1F28FF4-1A18-4552-822A-7A4767643643|4DA86139-6A72-4089-8858-6A3A613FDFE6|C143978A-E021-4015-BC67-5A00D6C910D1|D50E6399-B913-42F2-A5B6-F0D4BAAF9571|45|36|36|23|1|2017
E3CDC578-37BA-4CDB-B150-DAB0409270CD|E4D9BF24-8574-463D-A816-A21CEC6CD548|C1F28FF4-1A18-4552-822A-7A4767643643|4DA86139-6A72-4089-8858-6A3A613FDFE6|C143978A-E021-4015-BC67-5A00D6C910D1|D50E6399-B913-42F2-A5B6-F0D4BAAF9571|98|37|37|24|1|2017
E3CDC578-37BA-4CDB-B150-DAB0409270CD|40F82118-26E7-4CCC-8456-195B5F009478|C1F28FF4-1A18-4552-822A-7A4767643643|4DA86139-6A72-4089-8858-6A3A613FDFE6|C143978A-E021-4015-BC67-5A00D6C910D1|D50E6399-B913-42F2-A5B6-F0D4BAAF9571|67|38|38|25|1|2017
E3CDC578-37BA-4CDB-B150-DAB0409270CD|0420916C-304D-4EB8-A847-8B4729E915C1|C1F28FF4-1A18-4552-822A-7A4767643643|4DA86139-6A72-4089-8858-6A3A613FDFE6|C143978A-E021-4015-BC67-5A00D6C910D1|D50E6399-B913-42F2-A5B6-F0D4BAAF9571|45|39|39|26|1|2017
E3CDC578-37BA-4CDB-B150-DAB0409270CD|199C78A9-4708-451E-8C87-8E6B4F47AAD9|C1F28FF4-1A18-4552-822A-7A4767643643|4DA86139-6A72-4089-8858-6A3A613FDFE6|C143978A-E021-4015-BC67-5A00D6C910D1|D50E6399-B913-42F2-A5B6-F0D4BAAF9571|56|40|40|14|1|2017
E3CDC578-37BA-4CDB-B150-DAB0409270CD|B404AA65-25A3-40B0-8462-D377A926354F|C1F28FF4-1A18-4552-822A-7A4767643643|4DA86139-6A72-4089-8858-6A3A613FDFE6|C143978A-E021-4015-BC67-5A00D6C910D1|D50E6399-B913-42F2-A5B6-F0D4BAAF9571|50|41|41|15|1|2017
E3CDC578-37BA-4CDB-B150-DAB0409270CD|B7B6D6E6-84B1-47F6-AA1B-AA34AEB7D236|C1F28FF4-1A18-4552-822A-7A4767643643|4DA86139-6A72-4089-8858-6A3A613FDFE6|C143978A-E021-4015-BC67-5A00D6C910D1|D50E6399-B913-42F2-A5B6-F0D4BAAF9571|58|42|42|16|1|2017
E3CDC578-37BA-4CDB-B150-DAB0409270CD|7559C867-A833-4DA2-816B-51D4636033A3|C1F28FF4-1A18-4552-822A-7A4767643643|4DA86139-6A72-4089-8858-6A3A613FDFE6|C143978A-E021-4015-BC67-5A00D6C910D1|D50E6399-B913-42F2-A5B6-F0D4BAAF9571|60|43|43|17|1|2017
E3CDC578-37BA-4CDB-B150-DAB0409270CD|7FC3A038-C5DE-4DEE-AE2D-E2ED230AB328|C1F28FF4-1A18-4552-822A-7A4767643643|4DA86139-6A72-4089-8858-6A3A613FDFE6|C143978A-E021-4015-BC67-5A00D6C910D1|D50E6399-B913-42F2-A5B6-F0D4BAAF9571|63|44|44|18|1|2017
E3CDC578-37BA-4CDB-B150-DAB0409270CD|4A4D0394-0FBD-4014-98A5-D3CE9161A568|C1F28FF4-1A18-4552-822A-7A4767643643|4DA86139-6A72-4089-8858-6A3A613FDFE6|C143978A-E021-4015-BC67-5A00D6C910D1|D50E6399-B913-42F2-A5B6-F0D4BAAF9571|76|45|45|19|1|2017
E3CDC578-37BA-4CDB-B150-DAB0409270CD|CB0EF175-8A57-49D7-A1D4-89D0C6E3A497|C1F28FF4-1A18-4552-822A-7A4767643643|4DA86139-6A72-4089-8858-6A3A613FDFE6|C143978A-E021-4015-BC67-5A00D6C910D1|D50E6399-B913-42F2-A5B6-F0D4BAAF9571|56|13|13|13|1|2017
E3CDC578-37BA-4CDB-B150-DAB0409270CD|309B97E9-72AB-4FD0-A282-8410413ACE46|C1F28FF4-1A18-4552-822A-7A4767643643|4DA86139-6A72-4089-8858-6A3A613FDFE6|C143978A-E021-4015-BC67-5A00D6C910D1|D50E6399-B913-42F2-A5B6-F0D4BAAF9571|82|14|14|14|1|2017
E3CDC578-37BA-4CDB-B150-DAB0409270CD|307ED34F-D6B5-4EE8-AB44-543305B12085|C1F28FF4-1A18-4552-822A-7A4767643643|4DA86139-6A72-4089-8858-6A3A613FDFE6|C143978A-E021-4015-BC67-5A00D6C910D1|D50E6399-B913-42F2-A5B6-F0D4BAAF9571|96|15|15|15|1|2017
E3CDC578-37BA-4CDB-B150-DAB0409270CD|97BAC717-C0A7-47F7-9918-C56658E6D792|C1F28FF4-1A18-4552-822A-7A4767643643|4DA86139-6A72-4089-8858-6A3A613FDFE6|C143978A-E021-4015-BC67-5A00D6C910D1|D50E6399-B913-42F2-A5B6-F0D4BAAF9571|94|16|16|16|1|2017
E3CDC578-37BA-4CDB-B150-DAB0409270CD|466D93AD-B0D7-4B29-89C0-569A421763D6|C1F28FF4-1A18-4552-822A-7A4767643643|4DA86139-6A72-4089-8858-6A3A613FDFE6|C143978A-E021-4015-BC67-5A00D6C910D1|D50E6399-B913-42F2-A5B6-F0D4BAAF9571|88|17|17|17|1|2017
E3CDC578-37BA-4CDB-B150-DAB0409270CD|41C68FA5-4A98-4BB2-B702-68DD844F92B0|C1F28FF4-1A18-4552-822A-7A4767643643|4DA86139-6A72-4089-8858-6A3A613FDFE6|C143978A-E021-4015-BC67-5A00D6C910D1|D50E6399-B913-42F2-A5B6-F0D4BAAF9571|87|18|18|18|1|2017
E3CDC578-37BA-4CDB-B150-DAB0409270CD|9208D11F-98E8-47B8-8DFC-4215FC2EF127|C1F28FF4-1A18-4552-822A-7A4767643643|4DA86139-6A72-4089-8858-6A3A613FDFE6|C143978A-E021-4015-BC67-5A00D6C910D1|D50E6399-B913-42F2-A5B6-F0D4BAAF9571|65|19|19|19|1|2017
E3CDC578-37BA-4CDB-B150-DAB0409270CD|3013780A-61AD-4BAA-8666-C89CC1A555F8|C1F28FF4-1A18-4552-822A-7A4767643643|4DA86139-6A72-4089-8858-6A3A613FDFE6|C143978A-E021-4015-BC67-5A00D6C910D1|D50E6399-B913-42F2-A5B6-F0D4BAAF9571|65|20|20|20|1|2017
E3CDC578-37BA-4CDB-B150-DAB0409270CD|3C14C92D-9113-4289-8A69-564BF3F3D871|C1F28FF4-1A18-4552-822A-7A4767643643|4DA86139-6A72-4089-8858-6A3A613FDFE6|C143978A-E021-4015-BC67-5A00D6C910D1|D50E6399-B913-42F2-A5B6-F0D4BAAF9571|56|21|21|21|1|2017
E3CDC578-37BA-4CDB-B150-DAB0409270CD|E9888085-FD91-4551-9274-50BA485A9637|C1F28FF4-1A18-4552-822A-7A4767643643|4DA86139-6A72-4089-8858-6A3A613FDFE6|C143978A-E021-4015-BC67-5A00D6C910D1|D50E6399-B913-42F2-A5B6-F0D4BAAF9571|45|22|22|22|1|2017
E3CDC578-37BA-4CDB-B150-DAB0409270CD|4F218688-6DE5-4E69-8690-66FBA2F0DC9F|F1972BF2-C788-4F41-94FE-FBA1869C92BC|4DA86139-6A72-4089-8858-6A3A613FDFE6|C143978A-E021-4015-BC67-5A00D6C910D1|D50E6399-B913-42F2-A5B6-F0D4BAAF9571|98|23|23|23|1|2017
E3CDC578-37BA-4CDB-B150-DAB0409270CD|A195BAF6-D6E7-43A5-B7C9-D6C627A42815|F1972BF2-C788-4F41-94FE-FBA1869C92BC|4DA86139-6A72-4089-8858-6A3A613FDFE6|C143978A-E021-4015-BC67-5A00D6C910D1|D50E6399-B913-42F2-A5B6-F0D4BAAF9571|67|24|24|24|1|2017
E3CDC578-37BA-4CDB-B150-DAB0409270CD|8A1B5BDB-9589-4207-8345-A811FC18B2C9|F1972BF2-C788-4F41-94FE-FBA1869C92BC|4DA86139-6A72-4089-8858-6A3A613FDFE6|C143978A-E021-4015-BC67-5A00D6C910D1|D50E6399-B913-42F2-A5B6-F0D4BAAF9571|45|25|25|25|1|2017
E3CDC578-37BA-4CDB-B150-DAB0409270CD|AEED7469-F7AF-41E6-B24C-13B1D74E1026|F1972BF2-C788-4F41-94FE-FBA1869C92BC|4DA86139-6A72-4089-8858-6A3A613FDFE6|C143978A-E021-4015-BC67-5A00D6C910D1|D50E6399-B913-42F2-A5B6-F0D4BAAF9571|56|26|26|26|1|2017
E3CDC578-37BA-4CDB-B150-DAB0409270CD|CF64EBB2-BCC2-4EAA-B1C8-060EEE3284F3|F1972BF2-C788-4F41-94FE-FBA1869C92BC|4DA86139-6A72-4089-8858-6A3A613FDFE6|C143978A-E021-4015-BC67-5A00D6C910D1|D50E6399-B913-42F2-A5B6-F0D4BAAF9571|50|27|27|14|1|2017
E3CDC578-37BA-4CDB-B150-DAB0409270CD|7BF6983F-CF8D-4897-8122-7CCD0F778CAF|F1972BF2-C788-4F41-94FE-FBA1869C92BC|4DA86139-6A72-4089-8858-6A3A613FDFE6|C143978A-E021-4015-BC67-5A00D6C910D1|D50E6399-B913-42F2-A5B6-F0D4BAAF9571|58|28|28|15|1|2017
E3CDC578-37BA-4CDB-B150-DAB0409270CD|87D0EA99-7042-4867-A4B7-C31E7665DE5E|F1972BF2-C788-4F41-94FE-FBA1869C92BC|4DA86139-6A72-4089-8858-6A3A613FDFE6|C143978A-E021-4015-BC67-5A00D6C910D1|D50E6399-B913-42F2-A5B6-F0D4BAAF9571|60|29|29|16|1|2017
E3CDC578-37BA-4CDB-B150-DAB0409270CD|6912F4C6-9370-440A-BA87-11A8426BA92C|F1972BF2-C788-4F41-94FE-FBA1869C92BC|4DA86139-6A72-4089-8858-6A3A613FDFE6|C143978A-E021-4015-BC67-5A00D6C910D1|D50E6399-B913-42F2-A5B6-F0D4BAAF9571|63|30|30|17|1|2017
E3CDC578-37BA-4CDB-B150-DAB0409270CD|91318D8C-8150-49B4-A473-CF97F104F6B7|F1972BF2-C788-4F41-94FE-FBA1869C92BC|4DA86139-6A72-4089-8858-6A3A613FDFE6|C143978A-E021-4015-BC67-5A00D6C910D1|D50E6399-B913-42F2-A5B6-F0D4BAAF9571|66|31|31|18|1|2017
E3CDC578-37BA-4CDB-B150-DAB0409270CD|DD9AF1EF-EEEC-49D3-A43F-802D7028BFD7|F1972BF2-C788-4F41-94FE-FBA1869C92BC|4DA86139-6A72-4089-8858-6A3A613FDFE6|C143978A-E021-4015-BC67-5A00D6C910D1|D50E6399-B913-42F2-A5B6-F0D4BAAF9571|77|32|32|19|1|2017
E3CDC578-37BA-4CDB-B150-DAB0409270CD|62BC85B5-306F-4740-A215-48470CA31288|F1972BF2-C788-4F41-94FE-FBA1869C92BC|4DA86139-6A72-4089-8858-6A3A613FDFE6|C143978A-E021-4015-BC67-5A00D6C910D1|D50E6399-B913-42F2-A5B6-F0D4BAAF9571|56|33|33|20|1|2017
E3CDC578-37BA-4CDB-B150-DAB0409270CD|B2EEF18D-EE0A-4CA1-B6FE-B82F863D81B4|F1972BF2-C788-4F41-94FE-FBA1869C92BC|4DA86139-6A72-4089-8858-6A3A613FDFE6|C143978A-E021-4015-BC67-5A00D6C910D1|D50E6399-B913-42F2-A5B6-F0D4BAAF9571|55|34|34|21|1|2017
E3CDC578-37BA-4CDB-B150-DAB0409270CD|29A012E5-CDE3-45D8-9BB0-A25D3DBF0A92|F1972BF2-C788-4F41-94FE-FBA1869C92BC|4DA86139-6A72-4089-8858-6A3A613FDFE6|C143978A-E021-4015-BC67-5A00D6C910D1|D50E6399-B913-42F2-A5B6-F0D4BAAF9571|67|35|35|22|1|2017
E3CDC578-37BA-4CDB-B150-DAB0409270CD|423C391C-4944-43F4-9034-9C6818E9C1A2|F1972BF2-C788-4F41-94FE-FBA1869C92BC|4DA86139-6A72-4089-8858-6A3A613FDFE6|C143978A-E021-4015-BC67-5A00D6C910D1|D50E6399-B913-42F2-A5B6-F0D4BAAF9571|56|36|36|23|1|2017
E3CDC578-37BA-4CDB-B150-DAB0409270CD|F67E977A-0102-4758-91E8-9782A570E75D|F1972BF2-C788-4F41-94FE-FBA1869C92BC|4DA86139-6A72-4089-8858-6A3A613FDFE6|C143978A-E021-4015-BC67-5A00D6C910D1|D50E6399-B913-42F2-A5B6-F0D4BAAF9571|82|37|37|24|1|2017
E3CDC578-37BA-4CDB-B150-DAB0409270CD|EF70C8D3-6866-4F6E-8FC2-10665A8D9B12|F1972BF2-C788-4F41-94FE-FBA1869C92BC|4DA86139-6A72-4089-8858-6A3A613FDFE6|C143978A-E021-4015-BC67-5A00D6C910D1|D50E6399-B913-42F2-A5B6-F0D4BAAF9571|96|38|38|25|1|2017
E3CDC578-37BA-4CDB-B150-DAB0409270CD|123264D0-464E-4032-BEA5-CFECA81410C9|F1972BF2-C788-4F41-94FE-FBA1869C92BC|4DA86139-6A72-4089-8858-6A3A613FDFE6|C143978A-E021-4015-BC67-5A00D6C910D1|D50E6399-B913-42F2-A5B6-F0D4BAAF9571|94|39|39|26|1|2017
E3CDC578-37BA-4CDB-B150-DAB0409270CD|CA1F032F-1CA2-4DCE-8AAA-CB284E167A3E|F1972BF2-C788-4F41-94FE-FBA1869C92BC|4DA86139-6A72-4089-8858-6A3A613FDFE6|C143978A-E021-4015-BC67-5A00D6C910D1|D50E6399-B913-42F2-A5B6-F0D4BAAF9571|88|40|40|14|1|2017
E3CDC578-37BA-4CDB-B150-DAB0409270CD|72A995F4-0C94-4FAA-8A43-2277B02B97D1|F1972BF2-C788-4F41-94FE-FBA1869C92BC|4DA86139-6A72-4089-8858-6A3A613FDFE6|C143978A-E021-4015-BC67-5A00D6C910D1|D50E6399-B913-42F2-A5B6-F0D4BAAF9571|87|41|41|15|1|2017
E3CDC578-37BA-4CDB-B150-DAB0409270CD|0DE968C9-7309-C481-58F7-AB6CDB1011EF|F1972BF2-C788-4F41-94FE-FBA1869C92BC|4DA86139-6A72-4089-8858-6A3A613FDFE6|C143978A-E021-4015-BC67-5A00D6C910D1|D50E6399-B913-42F2-A5B6-F0D4BAAF9571|65|42|42|16|1|2017
E3CDC578-37BA-4CDB-B150-DAB0409270CD|C1F2964E-9DD5-4B7A-86BD-E7FCAFB9D9D9|F1972BF2-C788-4F41-94FE-FBA1869C92BC|4DA86139-6A72-4089-8858-6A3A613FDFE6|C143978A-E021-4015-BC67-5A00D6C910D1|D50E6399-B913-42F2-A5B6-F0D4BAAF9571|65|43|43|17|1|2017
E3CDC578-37BA-4CDB-B150-DAB0409270CD|E4D9BF24-8574-463D-A816-A21CEC6CD548|F1972BF2-C788-4F41-94FE-FBA1869C92BC|4DA86139-6A72-4089-8858-6A3A613FDFE6|C143978A-E021-4015-BC67-5A00D6C910D1|D50E6399-B913-42F2-A5B6-F0D4BAAF9571|56|44|44|18|1|2017
E3CDC578-37BA-4CDB-B150-DAB0409270CD|40F82118-26E7-4CCC-8456-195B5F009478|F1972BF2-C788-4F41-94FE-FBA1869C92BC|4DA86139-6A72-4089-8858-6A3A613FDFE6|C143978A-E021-4015-BC67-5A00D6C910D1|D50E6399-B913-42F2-A5B6-F0D4BAAF9571|45|45|45|19|1|2017
E3CDC578-37BA-4CDB-B150-DAB0409270CD|0420916C-304D-4EB8-A847-8B4729E915C1|F1972BF2-C788-4F41-94FE-FBA1869C92BC|4DA86139-6A72-4089-8858-6A3A613FDFE6|C143978A-E021-4015-BC67-5A00D6C910D1|D50E6399-B913-42F2-A5B6-F0D4BAAF9571|98|13|13|13|1|2017
E3CDC578-37BA-4CDB-B150-DAB0409270CD|199C78A9-4708-451E-8C87-8E6B4F47AAD9|F1972BF2-C788-4F41-94FE-FBA1869C92BC|4DA86139-6A72-4089-8858-6A3A613FDFE6|C143978A-E021-4015-BC67-5A00D6C910D1|D50E6399-B913-42F2-A5B6-F0D4BAAF9571|67|14|14|14|1|2017
E3CDC578-37BA-4CDB-B150-DAB0409270CD|B404AA65-25A3-40B0-8462-D377A926354F|F1972BF2-C788-4F41-94FE-FBA1869C92BC|4DA86139-6A72-4089-8858-6A3A613FDFE6|C143978A-E021-4015-BC67-5A00D6C910D1|D50E6399-B913-42F2-A5B6-F0D4BAAF9571|45|15|15|15|1|2017
E3CDC578-37BA-4CDB-B150-DAB0409270CD|B7B6D6E6-84B1-47F6-AA1B-AA34AEB7D236|F1972BF2-C788-4F41-94FE-FBA1869C92BC|4DA86139-6A72-4089-8858-6A3A613FDFE6|C143978A-E021-4015-BC67-5A00D6C910D1|D50E6399-B913-42F2-A5B6-F0D4BAAF9571|56|16|16|16|1|2017
E3CDC578-37BA-4CDB-B150-DAB0409270CD|7559C867-A833-4DA2-816B-51D4636033A3|F1972BF2-C788-4F41-94FE-FBA1869C92BC|4DA86139-6A72-4089-8858-6A3A613FDFE6|C143978A-E021-4015-BC67-5A00D6C910D1|D50E6399-B913-42F2-A5B6-F0D4BAAF9571|56|17|17|17|1|2017
E3CDC578-37BA-4CDB-B150-DAB0409270CD|7FC3A038-C5DE-4DEE-AE2D-E2ED230AB328|F1972BF2-C788-4F41-94FE-FBA1869C92BC|4DA86139-6A72-4089-8858-6A3A613FDFE6|C143978A-E021-4015-BC67-5A00D6C910D1|D50E6399-B913-42F2-A5B6-F0D4BAAF9571|45|18|18|18|1|2017
E3CDC578-37BA-4CDB-B150-DAB0409270CD|4A4D0394-0FBD-4014-98A5-D3CE9161A568|F1972BF2-C788-4F41-94FE-FBA1869C92BC|4DA86139-6A72-4089-8858-6A3A613FDFE6|C143978A-E021-4015-BC67-5A00D6C910D1|D50E6399-B913-42F2-A5B6-F0D4BAAF9571|98|19|19|19|1|2017
E3CDC578-37BA-4CDB-B150-DAB0409270CD|CB0EF175-8A57-49D7-A1D4-89D0C6E3A497|F1972BF2-C788-4F41-94FE-FBA1869C92BC|4DA86139-6A72-4089-8858-6A3A613FDFE6|C143978A-E021-4015-BC67-5A00D6C910D1|D50E6399-B913-42F2-A5B6-F0D4BAAF9571|67|20|20|20|1|2017
E3CDC578-37BA-4CDB-B150-DAB0409270CD|309B97E9-72AB-4FD0-A282-8410413ACE46|F1972BF2-C788-4F41-94FE-FBA1869C92BC|4DA86139-6A72-4089-8858-6A3A613FDFE6|C143978A-E021-4015-BC67-5A00D6C910D1|D50E6399-B913-42F2-A5B6-F0D4BAAF9571|45|21|21|21|1|2017
E3CDC578-37BA-4CDB-B150-DAB0409270CD|307ED34F-D6B5-4EE8-AB44-543305B12085|F1972BF2-C788-4F41-94FE-FBA1869C92BC|4DA86139-6A72-4089-8858-6A3A613FDFE6|C143978A-E021-4015-BC67-5A00D6C910D1|D50E6399-B913-42F2-A5B6-F0D4BAAF9571|56|22|22|22|1|2017
E3CDC578-37BA-4CDB-B150-DAB0409270CD|97BAC717-C0A7-47F7-9918-C56658E6D792|F1972BF2-C788-4F41-94FE-FBA1869C92BC|4DA86139-6A72-4089-8858-6A3A613FDFE6|C143978A-E021-4015-BC67-5A00D6C910D1|D50E6399-B913-42F2-A5B6-F0D4BAAF9571|50|23|23|23|1|2017
E3CDC578-37BA-4CDB-B150-DAB0409270CD|466D93AD-B0D7-4B29-89C0-569A421763D6|F1972BF2-C788-4F41-94FE-FBA1869C92BC|4DA86139-6A72-4089-8858-6A3A613FDFE6|C143978A-E021-4015-BC67-5A00D6C910D1|D50E6399-B913-42F2-A5B6-F0D4BAAF9571|58|24|24|24|1|2017
E3CDC578-37BA-4CDB-B150-DAB0409270CD|41C68FA5-4A98-4BB2-B702-68DD844F92B0|F1972BF2-C788-4F41-94FE-FBA1869C92BC|4DA86139-6A72-4089-8858-6A3A613FDFE6|C143978A-E021-4015-BC67-5A00D6C910D1|D50E6399-B913-42F2-A5B6-F0D4BAAF9571|60|25|25|25|1|2017
E3CDC578-37BA-4CDB-B150-DAB0409270CD|9208D11F-98E8-47B8-8DFC-4215FC2EF127|F1972BF2-C788-4F41-94FE-FBA1869C92BC|4DA86139-6A72-4089-8858-6A3A613FDFE6|C143978A-E021-4015-BC67-5A00D6C910D1|D50E6399-B913-42F2-A5B6-F0D4BAAF9571|63|26|26|26|1|2017
E3CDC578-37BA-4CDB-B150-DAB0409270CD|3013780A-61AD-4BAA-8666-C89CC1A555F8|F1972BF2-C788-4F41-94FE-FBA1869C92BC|4DA86139-6A72-4089-8858-6A3A613FDFE6|C143978A-E021-4015-BC67-5A00D6C910D1|D50E6399-B913-42F2-A5B6-F0D4BAAF9571|66|27|27|14|1|2017
E3CDC578-37BA-4CDB-B150-DAB0409270CD|3C14C92D-9113-4289-8A69-564BF3F3D871|F1972BF2-C788-4F41-94FE-FBA1869C92BC|4DA86139-6A72-4089-8858-6A3A613FDFE6|C143978A-E021-4015-BC67-5A00D6C910D1|D50E6399-B913-42F2-A5B6-F0D4BAAF9571|77|28|28|15|1|2017
E3CDC578-37BA-4CDB-B150-DAB0409270CD|E9888085-FD91-4551-9274-50BA485A9637|F1972BF2-C788-4F41-94FE-FBA1869C92BC|4DA86139-6A72-4089-8858-6A3A613FDFE6|C143978A-E021-4015-BC67-5A00D6C910D1|D50E6399-B913-42F2-A5B6-F0D4BAAF9571|56|29|29|16|1|2017
E3CDC578-37BA-4CDB-B150-DAB0409270CD|4F218688-6DE5-4E69-8690-66FBA2F0DC9F|D0F7EC32-EA25-7D32-8708-2CC132446|4DA86139-6A72-4089-8858-6A3A613FDFE6|C143978A-E021-4015-BC67-5A00D6C910D1|34C4244E-5CE0-4D5D-AD85-60E97FDDD80A|55|30|30|17|1|2017
E3CDC578-37BA-4CDB-B150-DAB0409270CD|A195BAF6-D6E7-43A5-B7C9-D6C627A42815|D0F7EC32-EA25-7D32-8708-2CC132446|4DA86139-6A72-4089-8858-6A3A613FDFE6|C143978A-E021-4015-BC67-5A00D6C910D1|34C4244E-5CE0-4D5D-AD85-60E97FDDD80A|67|31|31|18|1|2017
E3CDC578-37BA-4CDB-B150-DAB0409270CD|8A1B5BDB-9589-4207-8345-A811FC18B2C9|D0F7EC32-EA25-7D32-8708-2CC132446|4DA86139-6A72-4089-8858-6A3A613FDFE6|C143978A-E021-4015-BC67-5A00D6C910D1|34C4244E-5CE0-4D5D-AD85-60E97FDDD80A|56|32|32|19|1|2017
E3CDC578-37BA-4CDB-B150-DAB0409270CD|AEED7469-F7AF-41E6-B24C-13B1D74E1026|D0F7EC32-EA25-7D32-8708-2CC132446|4DA86139-6A72-4089-8858-6A3A613FDFE6|C143978A-E021-4015-BC67-5A00D6C910D1|34C4244E-5CE0-4D5D-AD85-60E97FDDD80A|82|33|33|20|1|2017
E3CDC578-37BA-4CDB-B150-DAB0409270CD|CF64EBB2-BCC2-4EAA-B1C8-060EEE3284F3|D0F7EC32-EA25-7D32-8708-2CC132446|4DA86139-6A72-4089-8858-6A3A613FDFE6|C143978A-E021-4015-BC67-5A00D6C910D1|34C4244E-5CE0-4D5D-AD85-60E97FDDD80A|96|34|34|21|1|2017
E3CDC578-37BA-4CDB-B150-DAB0409270CD|7BF6983F-CF8D-4897-8122-7CCD0F778CAF|D0F7EC32-EA25-7D32-8708-2CC132446|4DA86139-6A72-4089-8858-6A3A613FDFE6|C143978A-E021-4015-BC67-5A00D6C910D1|34C4244E-5CE0-4D5D-AD85-60E97FDDD80A|94|35|35|22|1|2017
E3CDC578-37BA-4CDB-B150-DAB0409270CD|87D0EA99-7042-4867-A4B7-C31E7665DE5E|D0F7EC32-EA25-7D32-8708-2CC132446|4DA86139-6A72-4089-8858-6A3A613FDFE6|C143978A-E021-4015-BC67-5A00D6C910D1|34C4244E-5CE0-4D5D-AD85-60E97FDDD80A|88|36|36|23|1|2017
E3CDC578-37BA-4CDB-B150-DAB0409270CD|6912F4C6-9370-440A-BA87-11A8426BA92C|D0F7EC32-EA25-7D32-8708-2CC132446|4DA86139-6A72-4089-8858-6A3A613FDFE6|C143978A-E021-4015-BC67-5A00D6C910D1|34C4244E-5CE0-4D5D-AD85-60E97FDDD80A|87|37|37|24|1|2017
E3CDC578-37BA-4CDB-B150-DAB0409270CD|91318D8C-8150-49B4-A473-CF97F104F6B7|D0F7EC32-EA25-7D32-8708-2CC132446|4DA86139-6A72-4089-8858-6A3A613FDFE6|C143978A-E021-4015-BC67-5A00D6C910D1|34C4244E-5CE0-4D5D-AD85-60E97FDDD80A|65|38|38|25|1|2017
E3CDC578-37BA-4CDB-B150-DAB0409270CD|DD9AF1EF-EEEC-49D3-A43F-802D7028BFD7|D0F7EC32-EA25-7D32-8708-2CC132446|4DA86139-6A72-4089-8858-6A3A613FDFE6|C143978A-E021-4015-BC67-5A00D6C910D1|34C4244E-5CE0-4D5D-AD85-60E97FDDD80A|65|39|39|26|1|2017
E3CDC578-37BA-4CDB-B150-DAB0409270CD|62BC85B5-306F-4740-A215-48470CA31288|D0F7EC32-EA25-7D32-8708-2CC132446|4DA86139-6A72-4089-8858-6A3A613FDFE6|C143978A-E021-4015-BC67-5A00D6C910D1|34C4244E-5CE0-4D5D-AD85-60E97FDDD80A|56|40|40|14|1|2017
E3CDC578-37BA-4CDB-B150-DAB0409270CD|B2EEF18D-EE0A-4CA1-B6FE-B82F863D81B4|D0F7EC32-EA25-7D32-8708-2CC132446|4DA86139-6A72-4089-8858-6A3A613FDFE6|C143978A-E021-4015-BC67-5A00D6C910D1|34C4244E-5CE0-4D5D-AD85-60E97FDDD80A|45|41|41|15|1|2017
E3CDC578-37BA-4CDB-B150-DAB0409270CD|29A012E5-CDE3-45D8-9BB0-A25D3DBF0A92|D0F7EC32-EA25-7D32-8708-2CC132446|4DA86139-6A72-4089-8858-6A3A613FDFE6|C143978A-E021-4015-BC67-5A00D6C910D1|34C4244E-5CE0-4D5D-AD85-60E97FDDD80A|98|42|42|16|1|2017
E3CDC578-37BA-4CDB-B150-DAB0409270CD|423C391C-4944-43F4-9034-9C6818E9C1A2|D0F7EC32-EA25-7D32-8708-2CC132446|4DA86139-6A72-4089-8858-6A3A613FDFE6|C143978A-E021-4015-BC67-5A00D6C910D1|34C4244E-5CE0-4D5D-AD85-60E97FDDD80A|67|43|43|17|1|2017
E3CDC578-37BA-4CDB-B150-DAB0409270CD|F67E977A-0102-4758-91E8-9782A570E75D|D0F7EC32-EA25-7D32-8708-2CC132446|4DA86139-6A72-4089-8858-6A3A613FDFE6|C143978A-E021-4015-BC67-5A00D6C910D1|34C4244E-5CE0-4D5D-AD85-60E97FDDD80A|45|44|44|18|1|2017
E3CDC578-37BA-4CDB-B150-DAB0409270CD|EF70C8D3-6866-4F6E-8FC2-10665A8D9B12|D0F7EC32-EA25-7D32-8708-2CC132446|4DA86139-6A72-4089-8858-6A3A613FDFE6|C143978A-E021-4015-BC67-5A00D6C910D1|34C4244E-5CE0-4D5D-AD85-60E97FDDD80A|56|45|45|19|1|2017
E3CDC578-37BA-4CDB-B150-DAB0409270CD|123264D0-464E-4032-BEA5-CFECA81410C9|D0F7EC32-EA25-7D32-8708-2CC132446|4DA86139-6A72-4089-8858-6A3A613FDFE6|C143978A-E021-4015-BC67-5A00D6C910D1|34C4244E-5CE0-4D5D-AD85-60E97FDDD80A|50|13|13|13|1|2017
E3CDC578-37BA-4CDB-B150-DAB0409270CD|CA1F032F-1CA2-4DCE-8AAA-CB284E167A3E|D0F7EC32-EA25-7D32-8708-2CC132446|4DA86139-6A72-4089-8858-6A3A613FDFE6|C143978A-E021-4015-BC67-5A00D6C910D1|34C4244E-5CE0-4D5D-AD85-60E97FDDD80A|58|14|14|14|1|2017
E3CDC578-37BA-4CDB-B150-DAB0409270CD|72A995F4-0C94-4FAA-8A43-2277B02B97D1|D0F7EC32-EA25-7D32-8708-2CC132446|4DA86139-6A72-4089-8858-6A3A613FDFE6|C143978A-E021-4015-BC67-5A00D6C910D1|34C4244E-5CE0-4D5D-AD85-60E97FDDD80A|60|15|15|15|1|2017
E3CDC578-37BA-4CDB-B150-DAB0409270CD|0DE968C9-7309-C481-58F7-AB6CDB1011EF|D0F7EC32-EA25-7D32-8708-2CC132446|4DA86139-6A72-4089-8858-6A3A613FDFE6|C143978A-E021-4015-BC67-5A00D6C910D1|34C4244E-5CE0-4D5D-AD85-60E97FDDD80A|63|16|16|16|1|2017
E3CDC578-37BA-4CDB-B150-DAB0409270CD|C1F2964E-9DD5-4B7A-86BD-E7FCAFB9D9D9|D0F7EC32-EA25-7D32-8708-2CC132446|4DA86139-6A72-4089-8858-6A3A613FDFE6|C143978A-E021-4015-BC67-5A00D6C910D1|34C4244E-5CE0-4D5D-AD85-60E97FDDD80A|76|17|17|17|1|2017
E3CDC578-37BA-4CDB-B150-DAB0409270CD|E4D9BF24-8574-463D-A816-A21CEC6CD548|D0F7EC32-EA25-7D32-8708-2CC132446|4DA86139-6A72-4089-8858-6A3A613FDFE6|C143978A-E021-4015-BC67-5A00D6C910D1|34C4244E-5CE0-4D5D-AD85-60E97FDDD80A|56|18|18|18|1|2017
E3CDC578-37BA-4CDB-B150-DAB0409270CD|40F82118-26E7-4CCC-8456-195B5F009478|D0F7EC32-EA25-7D32-8708-2CC132446|4DA86139-6A72-4089-8858-6A3A613FDFE6|C143978A-E021-4015-BC67-5A00D6C910D1|34C4244E-5CE0-4D5D-AD85-60E97FDDD80A|82|19|19|19|1|2017
E3CDC578-37BA-4CDB-B150-DAB0409270CD|0420916C-304D-4EB8-A847-8B4729E915C1|D0F7EC32-EA25-7D32-8708-2CC132446|4DA86139-6A72-4089-8858-6A3A613FDFE6|C143978A-E021-4015-BC67-5A00D6C910D1|34C4244E-5CE0-4D5D-AD85-60E97FDDD80A|96|20|20|20|1|2017
E3CDC578-37BA-4CDB-B150-DAB0409270CD|199C78A9-4708-451E-8C87-8E6B4F47AAD9|D0F7EC32-EA25-7D32-8708-2CC132446|4DA86139-6A72-4089-8858-6A3A613FDFE6|C143978A-E021-4015-BC67-5A00D6C910D1|34C4244E-5CE0-4D5D-AD85-60E97FDDD80A|94|21|21|21|1|2017
E3CDC578-37BA-4CDB-B150-DAB0409270CD|B404AA65-25A3-40B0-8462-D377A926354F|D0F7EC32-EA25-7D32-8708-2CC132446|4DA86139-6A72-4089-8858-6A3A613FDFE6|C143978A-E021-4015-BC67-5A00D6C910D1|34C4244E-5CE0-4D5D-AD85-60E97FDDD80A|88|22|22|22|1|2017
E3CDC578-37BA-4CDB-B150-DAB0409270CD|B7B6D6E6-84B1-47F6-AA1B-AA34AEB7D236|D0F7EC32-EA25-7D32-8708-2CC132446|4DA86139-6A72-4089-8858-6A3A613FDFE6|C143978A-E021-4015-BC67-5A00D6C910D1|34C4244E-5CE0-4D5D-AD85-60E97FDDD80A|87|23|23|23|1|2017
E3CDC578-37BA-4CDB-B150-DAB0409270CD|7559C867-A833-4DA2-816B-51D4636033A3|D0F7EC32-EA25-7D32-8708-2CC132446|4DA86139-6A72-4089-8858-6A3A613FDFE6|C143978A-E021-4015-BC67-5A00D6C910D1|34C4244E-5CE0-4D5D-AD85-60E97FDDD80A|65|24|24|24|1|2017
E3CDC578-37BA-4CDB-B150-DAB0409270CD|7FC3A038-C5DE-4DEE-AE2D-E2ED230AB328|D0F7EC32-EA25-7D32-8708-2CC132446|4DA86139-6A72-4089-8858-6A3A613FDFE6|C143978A-E021-4015-BC67-5A00D6C910D1|34C4244E-5CE0-4D5D-AD85-60E97FDDD80A|65|25|25|25|1|2017
E3CDC578-37BA-4CDB-B150-DAB0409270CD|4A4D0394-0FBD-4014-98A5-D3CE9161A568|D0F7EC32-EA25-7D32-8708-2CC132446|4DA86139-6A72-4089-8858-6A3A613FDFE6|C143978A-E021-4015-BC67-5A00D6C910D1|34C4244E-5CE0-4D5D-AD85-60E97FDDD80A|56|26|26|26|1|2017
E3CDC578-37BA-4CDB-B150-DAB0409270CD|CB0EF175-8A57-49D7-A1D4-89D0C6E3A497|D0F7EC32-EA25-7D32-8708-2CC132446|4DA86139-6A72-4089-8858-6A3A613FDFE6|C143978A-E021-4015-BC67-5A00D6C910D1|34C4244E-5CE0-4D5D-AD85-60E97FDDD80A|45|27|27|14|1|2017
E3CDC578-37BA-4CDB-B150-DAB0409270CD|309B97E9-72AB-4FD0-A282-8410413ACE46|D0F7EC32-EA25-7D32-8708-2CC132446|4DA86139-6A72-4089-8858-6A3A613FDFE6|C143978A-E021-4015-BC67-5A00D6C910D1|34C4244E-5CE0-4D5D-AD85-60E97FDDD80A|98|28|28|15|1|2017
E3CDC578-37BA-4CDB-B150-DAB0409270CD|307ED34F-D6B5-4EE8-AB44-543305B12085|D0F7EC32-EA25-7D32-8708-2CC132446|4DA86139-6A72-4089-8858-6A3A613FDFE6|C143978A-E021-4015-BC67-5A00D6C910D1|34C4244E-5CE0-4D5D-AD85-60E97FDDD80A|67|29|29|16|1|2017
E3CDC578-37BA-4CDB-B150-DAB0409270CD|97BAC717-C0A7-47F7-9918-C56658E6D792|D0F7EC32-EA25-7D32-8708-2CC132446|4DA86139-6A72-4089-8858-6A3A613FDFE6|C143978A-E021-4015-BC67-5A00D6C910D1|34C4244E-5CE0-4D5D-AD85-60E97FDDD80A|45|30|30|17|1|2017
E3CDC578-37BA-4CDB-B150-DAB0409270CD|466D93AD-B0D7-4B29-89C0-569A421763D6|D0F7EC32-EA25-7D32-8708-2CC132446|4DA86139-6A72-4089-8858-6A3A613FDFE6|C143978A-E021-4015-BC67-5A00D6C910D1|34C4244E-5CE0-4D5D-AD85-60E97FDDD80A|56|31|31|18|1|2017
E3CDC578-37BA-4CDB-B150-DAB0409270CD|41C68FA5-4A98-4BB2-B702-68DD844F92B0|D0F7EC32-EA25-7D32-8708-2CC132446|4DA86139-6A72-4089-8858-6A3A613FDFE6|C143978A-E021-4015-BC67-5A00D6C910D1|34C4244E-5CE0-4D5D-AD85-60E97FDDD80A|50|32|32|19|1|2017
E3CDC578-37BA-4CDB-B150-DAB0409270CD|9208D11F-98E8-47B8-8DFC-4215FC2EF127|D0F7EC32-EA25-7D32-8708-2CC132446|4DA86139-6A72-4089-8858-6A3A613FDFE6|C143978A-E021-4015-BC67-5A00D6C910D1|34C4244E-5CE0-4D5D-AD85-60E97FDDD80A|58|33|33|20|1|2017
E3CDC578-37BA-4CDB-B150-DAB0409270CD|3013780A-61AD-4BAA-8666-C89CC1A555F8|D0F7EC32-EA25-7D32-8708-2CC132446|4DA86139-6A72-4089-8858-6A3A613FDFE6|C143978A-E021-4015-BC67-5A00D6C910D1|34C4244E-5CE0-4D5D-AD85-60E97FDDD80A|60|34|34|21|1|2017
E3CDC578-37BA-4CDB-B150-DAB0409270CD|3C14C92D-9113-4289-8A69-564BF3F3D871|D0F7EC32-EA25-7D32-8708-2CC132446|4DA86139-6A72-4089-8858-6A3A613FDFE6|C143978A-E021-4015-BC67-5A00D6C910D1|34C4244E-5CE0-4D5D-AD85-60E97FDDD80A|63|35|35|22|1|2017
E3CDC578-37BA-4CDB-B150-DAB0409270CD|E9888085-FD91-4551-9274-50BA485A9637|D0F7EC32-EA25-7D32-8708-2CC132446|4DA86139-6A72-4089-8858-6A3A613FDFE6|C143978A-E021-4015-BC67-5A00D6C910D1|34C4244E-5CE0-4D5D-AD85-60E97FDDD80A|66|36|36|23|1|2017
E3CDC578-37BA-4CDB-B150-DAB0409270CD|4F218688-6DE5-4E69-8690-66FBA2F0DC9F|66027e51-b1ad-4b10-8250-63af64d23323|4DA86139-6A72-4089-8858-6A3A613FDFE6|C143978A-E021-4015-BC67-5A00D6C910D1|34C4244E-5CE0-4D5D-AD85-60E97FDDD80A|77|37|37|24|1|2017
E3CDC578-37BA-4CDB-B150-DAB0409270CD|A195BAF6-D6E7-43A5-B7C9-D6C627A42815|66027e51-b1ad-4b10-8250-63af64d23323|4DA86139-6A72-4089-8858-6A3A613FDFE6|C143978A-E021-4015-BC67-5A00D6C910D1|34C4244E-5CE0-4D5D-AD85-60E97FDDD80A|56|38|38|25|1|2017
E3CDC578-37BA-4CDB-B150-DAB0409270CD|8A1B5BDB-9589-4207-8345-A811FC18B2C9|66027e51-b1ad-4b10-8250-63af64d23323|4DA86139-6A72-4089-8858-6A3A613FDFE6|C143978A-E021-4015-BC67-5A00D6C910D1|34C4244E-5CE0-4D5D-AD85-60E97FDDD80A|55|39|39|26|1|2017
E3CDC578-37BA-4CDB-B150-DAB0409270CD|AEED7469-F7AF-41E6-B24C-13B1D74E1026|66027e51-b1ad-4b10-8250-63af64d23323|4DA86139-6A72-4089-8858-6A3A613FDFE6|C143978A-E021-4015-BC67-5A00D6C910D1|34C4244E-5CE0-4D5D-AD85-60E97FDDD80A|67|40|40|14|1|2017
E3CDC578-37BA-4CDB-B150-DAB0409270CD|CF64EBB2-BCC2-4EAA-B1C8-060EEE3284F3|66027e51-b1ad-4b10-8250-63af64d23323|4DA86139-6A72-4089-8858-6A3A613FDFE6|C143978A-E021-4015-BC67-5A00D6C910D1|34C4244E-5CE0-4D5D-AD85-60E97FDDD80A|56|41|41|15|1|2017
E3CDC578-37BA-4CDB-B150-DAB0409270CD|7BF6983F-CF8D-4897-8122-7CCD0F778CAF|66027e51-b1ad-4b10-8250-63af64d23323|4DA86139-6A72-4089-8858-6A3A613FDFE6|C143978A-E021-4015-BC67-5A00D6C910D1|34C4244E-5CE0-4D5D-AD85-60E97FDDD80A|82|42|42|16|1|2017
E3CDC578-37BA-4CDB-B150-DAB0409270CD|87D0EA99-7042-4867-A4B7-C31E7665DE5E|66027e51-b1ad-4b10-8250-63af64d23323|4DA86139-6A72-4089-8858-6A3A613FDFE6|C143978A-E021-4015-BC67-5A00D6C910D1|34C4244E-5CE0-4D5D-AD85-60E97FDDD80A|96|43|43|17|1|2017
E3CDC578-37BA-4CDB-B150-DAB0409270CD|6912F4C6-9370-440A-BA87-11A8426BA92C|66027e51-b1ad-4b10-8250-63af64d23323|4DA86139-6A72-4089-8858-6A3A613FDFE6|C143978A-E021-4015-BC67-5A00D6C910D1|34C4244E-5CE0-4D5D-AD85-60E97FDDD80A|94|44|44|18|1|2017
E3CDC578-37BA-4CDB-B150-DAB0409270CD|91318D8C-8150-49B4-A473-CF97F104F6B7|66027e51-b1ad-4b10-8250-63af64d23323|4DA86139-6A72-4089-8858-6A3A613FDFE6|C143978A-E021-4015-BC67-5A00D6C910D1|34C4244E-5CE0-4D5D-AD85-60E97FDDD80A|88|45|45|19|1|2017
E3CDC578-37BA-4CDB-B150-DAB0409270CD|DD9AF1EF-EEEC-49D3-A43F-802D7028BFD7|66027e51-b1ad-4b10-8250-63af64d23323|4DA86139-6A72-4089-8858-6A3A613FDFE6|C143978A-E021-4015-BC67-5A00D6C910D1|34C4244E-5CE0-4D5D-AD85-60E97FDDD80A|87|13|13|13|1|2017
E3CDC578-37BA-4CDB-B150-DAB0409270CD|62BC85B5-306F-4740-A215-48470CA31288|66027e51-b1ad-4b10-8250-63af64d23323|4DA86139-6A72-4089-8858-6A3A613FDFE6|C143978A-E021-4015-BC67-5A00D6C910D1|34C4244E-5CE0-4D5D-AD85-60E97FDDD80A|65|14|14|14|1|2017
E3CDC578-37BA-4CDB-B150-DAB0409270CD|B2EEF18D-EE0A-4CA1-B6FE-B82F863D81B4|66027e51-b1ad-4b10-8250-63af64d23323|4DA86139-6A72-4089-8858-6A3A613FDFE6|C143978A-E021-4015-BC67-5A00D6C910D1|34C4244E-5CE0-4D5D-AD85-60E97FDDD80A|65|15|15|15|1|2017
E3CDC578-37BA-4CDB-B150-DAB0409270CD|29A012E5-CDE3-45D8-9BB0-A25D3DBF0A92|66027e51-b1ad-4b10-8250-63af64d23323|4DA86139-6A72-4089-8858-6A3A613FDFE6|C143978A-E021-4015-BC67-5A00D6C910D1|34C4244E-5CE0-4D5D-AD85-60E97FDDD80A|56|16|16|16|1|2017
E3CDC578-37BA-4CDB-B150-DAB0409270CD|423C391C-4944-43F4-9034-9C6818E9C1A2|66027e51-b1ad-4b10-8250-63af64d23323|4DA86139-6A72-4089-8858-6A3A613FDFE6|C143978A-E021-4015-BC67-5A00D6C910D1|34C4244E-5CE0-4D5D-AD85-60E97FDDD80A|45|17|17|17|1|2017
E3CDC578-37BA-4CDB-B150-DAB0409270CD|F67E977A-0102-4758-91E8-9782A570E75D|66027e51-b1ad-4b10-8250-63af64d23323|4DA86139-6A72-4089-8858-6A3A613FDFE6|C143978A-E021-4015-BC67-5A00D6C910D1|34C4244E-5CE0-4D5D-AD85-60E97FDDD80A|98|18|18|18|1|2017
E3CDC578-37BA-4CDB-B150-DAB0409270CD|EF70C8D3-6866-4F6E-8FC2-10665A8D9B12|66027e51-b1ad-4b10-8250-63af64d23323|4DA86139-6A72-4089-8858-6A3A613FDFE6|C143978A-E021-4015-BC67-5A00D6C910D1|34C4244E-5CE0-4D5D-AD85-60E97FDDD80A|67|19|19|19|1|2017
E3CDC578-37BA-4CDB-B150-DAB0409270CD|123264D0-464E-4032-BEA5-CFECA81410C9|66027e51-b1ad-4b10-8250-63af64d23323|4DA86139-6A72-4089-8858-6A3A613FDFE6|C143978A-E021-4015-BC67-5A00D6C910D1|34C4244E-5CE0-4D5D-AD85-60E97FDDD80A|45|20|20|20|1|2017
E3CDC578-37BA-4CDB-B150-DAB0409270CD|CA1F032F-1CA2-4DCE-8AAA-CB284E167A3E|66027e51-b1ad-4b10-8250-63af64d23323|4DA86139-6A72-4089-8858-6A3A613FDFE6|C143978A-E021-4015-BC67-5A00D6C910D1|34C4244E-5CE0-4D5D-AD85-60E97FDDD80A|56|21|21|21|1|2017
E3CDC578-37BA-4CDB-B150-DAB0409270CD|72A995F4-0C94-4FAA-8A43-2277B02B97D1|66027e51-b1ad-4b10-8250-63af64d23323|4DA86139-6A72-4089-8858-6A3A613FDFE6|C143978A-E021-4015-BC67-5A00D6C910D1|34C4244E-5CE0-4D5D-AD85-60E97FDDD80A|56|22|22|22|1|2017
E3CDC578-37BA-4CDB-B150-DAB0409270CD|0DE968C9-7309-C481-58F7-AB6CDB1011EF|66027e51-b1ad-4b10-8250-63af64d23323|4DA86139-6A72-4089-8858-6A3A613FDFE6|C143978A-E021-4015-BC67-5A00D6C910D1|34C4244E-5CE0-4D5D-AD85-60E97FDDD80A|45|23|23|23|1|2017
E3CDC578-37BA-4CDB-B150-DAB0409270CD|C1F2964E-9DD5-4B7A-86BD-E7FCAFB9D9D9|66027e51-b1ad-4b10-8250-63af64d23323|4DA86139-6A72-4089-8858-6A3A613FDFE6|C143978A-E021-4015-BC67-5A00D6C910D1|34C4244E-5CE0-4D5D-AD85-60E97FDDD80A|98|24|24|24|1|2017
E3CDC578-37BA-4CDB-B150-DAB0409270CD|E4D9BF24-8574-463D-A816-A21CEC6CD548|66027e51-b1ad-4b10-8250-63af64d23323|4DA86139-6A72-4089-8858-6A3A613FDFE6|C143978A-E021-4015-BC67-5A00D6C910D1|34C4244E-5CE0-4D5D-AD85-60E97FDDD80A|67|25|25|25|1|2017
E3CDC578-37BA-4CDB-B150-DAB0409270CD|40F82118-26E7-4CCC-8456-195B5F009478|66027e51-b1ad-4b10-8250-63af64d23323|4DA86139-6A72-4089-8858-6A3A613FDFE6|C143978A-E021-4015-BC67-5A00D6C910D1|34C4244E-5CE0-4D5D-AD85-60E97FDDD80A|45|26|26|26|1|2017
E3CDC578-37BA-4CDB-B150-DAB0409270CD|0420916C-304D-4EB8-A847-8B4729E915C1|66027e51-b1ad-4b10-8250-63af64d23323|4DA86139-6A72-4089-8858-6A3A613FDFE6|C143978A-E021-4015-BC67-5A00D6C910D1|34C4244E-5CE0-4D5D-AD85-60E97FDDD80A|56|27|27|14|1|2017
E3CDC578-37BA-4CDB-B150-DAB0409270CD|199C78A9-4708-451E-8C87-8E6B4F47AAD9|66027e51-b1ad-4b10-8250-63af64d23323|4DA86139-6A72-4089-8858-6A3A613FDFE6|C143978A-E021-4015-BC67-5A00D6C910D1|34C4244E-5CE0-4D5D-AD85-60E97FDDD80A|50|28|28|15|1|2017
E3CDC578-37BA-4CDB-B150-DAB0409270CD|B404AA65-25A3-40B0-8462-D377A926354F|66027e51-b1ad-4b10-8250-63af64d23323|4DA86139-6A72-4089-8858-6A3A613FDFE6|C143978A-E021-4015-BC67-5A00D6C910D1|34C4244E-5CE0-4D5D-AD85-60E97FDDD80A|58|29|29|16|1|2017
E3CDC578-37BA-4CDB-B150-DAB0409270CD|B7B6D6E6-84B1-47F6-AA1B-AA34AEB7D236|66027e51-b1ad-4b10-8250-63af64d23323|4DA86139-6A72-4089-8858-6A3A613FDFE6|C143978A-E021-4015-BC67-5A00D6C910D1|34C4244E-5CE0-4D5D-AD85-60E97FDDD80A|60|30|30|17|1|2017
E3CDC578-37BA-4CDB-B150-DAB0409270CD|7559C867-A833-4DA2-816B-51D4636033A3|66027e51-b1ad-4b10-8250-63af64d23323|4DA86139-6A72-4089-8858-6A3A613FDFE6|C143978A-E021-4015-BC67-5A00D6C910D1|34C4244E-5CE0-4D5D-AD85-60E97FDDD80A|63|31|31|18|1|2017
E3CDC578-37BA-4CDB-B150-DAB0409270CD|7FC3A038-C5DE-4DEE-AE2D-E2ED230AB328|66027e51-b1ad-4b10-8250-63af64d23323|4DA86139-6A72-4089-8858-6A3A613FDFE6|C143978A-E021-4015-BC67-5A00D6C910D1|34C4244E-5CE0-4D5D-AD85-60E97FDDD80A|66|32|32|19|1|2017
E3CDC578-37BA-4CDB-B150-DAB0409270CD|4A4D0394-0FBD-4014-98A5-D3CE9161A568|66027e51-b1ad-4b10-8250-63af64d23323|4DA86139-6A72-4089-8858-6A3A613FDFE6|C143978A-E021-4015-BC67-5A00D6C910D1|34C4244E-5CE0-4D5D-AD85-60E97FDDD80A|77|33|33|20|1|2017
E3CDC578-37BA-4CDB-B150-DAB0409270CD|CB0EF175-8A57-49D7-A1D4-89D0C6E3A497|66027e51-b1ad-4b10-8250-63af64d23323|4DA86139-6A72-4089-8858-6A3A613FDFE6|C143978A-E021-4015-BC67-5A00D6C910D1|34C4244E-5CE0-4D5D-AD85-60E97FDDD80A|56|34|34|21|1|2017
E3CDC578-37BA-4CDB-B150-DAB0409270CD|309B97E9-72AB-4FD0-A282-8410413ACE46|66027e51-b1ad-4b10-8250-63af64d23323|4DA86139-6A72-4089-8858-6A3A613FDFE6|C143978A-E021-4015-BC67-5A00D6C910D1|34C4244E-5CE0-4D5D-AD85-60E97FDDD80A|55|35|35|22|1|2017
E3CDC578-37BA-4CDB-B150-DAB0409270CD|307ED34F-D6B5-4EE8-AB44-543305B12085|66027e51-b1ad-4b10-8250-63af64d23323|4DA86139-6A72-4089-8858-6A3A613FDFE6|C143978A-E021-4015-BC67-5A00D6C910D1|34C4244E-5CE0-4D5D-AD85-60E97FDDD80A|67|36|36|23|1|2017
E3CDC578-37BA-4CDB-B150-DAB0409270CD|97BAC717-C0A7-47F7-9918-C56658E6D792|66027e51-b1ad-4b10-8250-63af64d23323|4DA86139-6A72-4089-8858-6A3A613FDFE6|C143978A-E021-4015-BC67-5A00D6C910D1|34C4244E-5CE0-4D5D-AD85-60E97FDDD80A|56|37|37|24|1|2017
E3CDC578-37BA-4CDB-B150-DAB0409270CD|466D93AD-B0D7-4B29-89C0-569A421763D6|66027e51-b1ad-4b10-8250-63af64d23323|4DA86139-6A72-4089-8858-6A3A613FDFE6|C143978A-E021-4015-BC67-5A00D6C910D1|34C4244E-5CE0-4D5D-AD85-60E97FDDD80A|82|38|38|25|1|2017
E3CDC578-37BA-4CDB-B150-DAB0409270CD|41C68FA5-4A98-4BB2-B702-68DD844F92B0|66027e51-b1ad-4b10-8250-63af64d23323|4DA86139-6A72-4089-8858-6A3A613FDFE6|C143978A-E021-4015-BC67-5A00D6C910D1|34C4244E-5CE0-4D5D-AD85-60E97FDDD80A|96|39|39|26|1|2017
E3CDC578-37BA-4CDB-B150-DAB0409270CD|9208D11F-98E8-47B8-8DFC-4215FC2EF127|66027e51-b1ad-4b10-8250-63af64d23323|4DA86139-6A72-4089-8858-6A3A613FDFE6|C143978A-E021-4015-BC67-5A00D6C910D1|34C4244E-5CE0-4D5D-AD85-60E97FDDD80A|94|40|40|14|1|2017
E3CDC578-37BA-4CDB-B150-DAB0409270CD|3013780A-61AD-4BAA-8666-C89CC1A555F8|66027e51-b1ad-4b10-8250-63af64d23323|4DA86139-6A72-4089-8858-6A3A613FDFE6|C143978A-E021-4015-BC67-5A00D6C910D1|34C4244E-5CE0-4D5D-AD85-60E97FDDD80A|88|41|41|15|1|2017
E3CDC578-37BA-4CDB-B150-DAB0409270CD|3C14C92D-9113-4289-8A69-564BF3F3D871|66027e51-b1ad-4b10-8250-63af64d23323|4DA86139-6A72-4089-8858-6A3A613FDFE6|C143978A-E021-4015-BC67-5A00D6C910D1|34C4244E-5CE0-4D5D-AD85-60E97FDDD80A|87|42|42|16|1|2017
E3CDC578-37BA-4CDB-B150-DAB0409270CD|E9888085-FD91-4551-9274-50BA485A9637|66027e51-b1ad-4b10-8250-63af64d23323|4DA86139-6A72-4089-8858-6A3A613FDFE6|C143978A-E021-4015-BC67-5A00D6C910D1|34C4244E-5CE0-4D5D-AD85-60E97FDDD80A|65|43|43|17|1|2017
E3CDC578-37BA-4CDB-B150-DAB0409270CD|4F218688-6DE5-4E69-8690-66FBA2F0DC9F|4f59580d-1a16-4669-9ed5-4b89615d6903|4DA86139-6A72-4089-8858-6A3A613FDFE6|C143978A-E021-4015-BC67-5A00D6C910D1|34C4244E-5CE0-4D5D-AD85-60E97FDDD80A|65|44|44|18|1|2017
E3CDC578-37BA-4CDB-B150-DAB0409270CD|A195BAF6-D6E7-43A5-B7C9-D6C627A42815|4f59580d-1a16-4669-9ed5-4b89615d6903|4DA86139-6A72-4089-8858-6A3A613FDFE6|C143978A-E021-4015-BC67-5A00D6C910D1|34C4244E-5CE0-4D5D-AD85-60E97FDDD80A|56|45|45|19|1|2017
E3CDC578-37BA-4CDB-B150-DAB0409270CD|8A1B5BDB-9589-4207-8345-A811FC18B2C9|4f59580d-1a16-4669-9ed5-4b89615d6903|4DA86139-6A72-4089-8858-6A3A613FDFE6|C143978A-E021-4015-BC67-5A00D6C910D1|34C4244E-5CE0-4D5D-AD85-60E97FDDD80A|45|13|13|13|1|2017
E3CDC578-37BA-4CDB-B150-DAB0409270CD|AEED7469-F7AF-41E6-B24C-13B1D74E1026|4f59580d-1a16-4669-9ed5-4b89615d6903|4DA86139-6A72-4089-8858-6A3A613FDFE6|C143978A-E021-4015-BC67-5A00D6C910D1|34C4244E-5CE0-4D5D-AD85-60E97FDDD80A|98|14|14|14|1|2017
E3CDC578-37BA-4CDB-B150-DAB0409270CD|CF64EBB2-BCC2-4EAA-B1C8-060EEE3284F3|4f59580d-1a16-4669-9ed5-4b89615d6903|4DA86139-6A72-4089-8858-6A3A613FDFE6|C143978A-E021-4015-BC67-5A00D6C910D1|34C4244E-5CE0-4D5D-AD85-60E97FDDD80A|67|15|15|15|1|2017
E3CDC578-37BA-4CDB-B150-DAB0409270CD|7BF6983F-CF8D-4897-8122-7CCD0F778CAF|4f59580d-1a16-4669-9ed5-4b89615d6903|4DA86139-6A72-4089-8858-6A3A613FDFE6|C143978A-E021-4015-BC67-5A00D6C910D1|34C4244E-5CE0-4D5D-AD85-60E97FDDD80A|45|16|16|16|1|2017
E3CDC578-37BA-4CDB-B150-DAB0409270CD|87D0EA99-7042-4867-A4B7-C31E7665DE5E|4f59580d-1a16-4669-9ed5-4b89615d6903|4DA86139-6A72-4089-8858-6A3A613FDFE6|C143978A-E021-4015-BC67-5A00D6C910D1|34C4244E-5CE0-4D5D-AD85-60E97FDDD80A|56|17|17|17|1|2017
E3CDC578-37BA-4CDB-B150-DAB0409270CD|6912F4C6-9370-440A-BA87-11A8426BA92C|4f59580d-1a16-4669-9ed5-4b89615d6903|4DA86139-6A72-4089-8858-6A3A613FDFE6|C143978A-E021-4015-BC67-5A00D6C910D1|34C4244E-5CE0-4D5D-AD85-60E97FDDD80A|50|18|18|18|1|2017
E3CDC578-37BA-4CDB-B150-DAB0409270CD|91318D8C-8150-49B4-A473-CF97F104F6B7|4f59580d-1a16-4669-9ed5-4b89615d6903|4DA86139-6A72-4089-8858-6A3A613FDFE6|C143978A-E021-4015-BC67-5A00D6C910D1|34C4244E-5CE0-4D5D-AD85-60E97FDDD80A|58|19|19|19|1|2017
E3CDC578-37BA-4CDB-B150-DAB0409270CD|DD9AF1EF-EEEC-49D3-A43F-802D7028BFD7|4f59580d-1a16-4669-9ed5-4b89615d6903|4DA86139-6A72-4089-8858-6A3A613FDFE6|C143978A-E021-4015-BC67-5A00D6C910D1|34C4244E-5CE0-4D5D-AD85-60E97FDDD80A|60|20|20|20|1|2017
E3CDC578-37BA-4CDB-B150-DAB0409270CD|62BC85B5-306F-4740-A215-48470CA31288|4f59580d-1a16-4669-9ed5-4b89615d6903|4DA86139-6A72-4089-8858-6A3A613FDFE6|C143978A-E021-4015-BC67-5A00D6C910D1|34C4244E-5CE0-4D5D-AD85-60E97FDDD80A|63|21|21|21|1|2017
E3CDC578-37BA-4CDB-B150-DAB0409270CD|B2EEF18D-EE0A-4CA1-B6FE-B82F863D81B4|4f59580d-1a16-4669-9ed5-4b89615d6903|4DA86139-6A72-4089-8858-6A3A613FDFE6|C143978A-E021-4015-BC67-5A00D6C910D1|34C4244E-5CE0-4D5D-AD85-60E97FDDD80A|76|22|22|22|1|2017
E3CDC578-37BA-4CDB-B150-DAB0409270CD|29A012E5-CDE3-45D8-9BB0-A25D3DBF0A92|4f59580d-1a16-4669-9ed5-4b89615d6903|4DA86139-6A72-4089-8858-6A3A613FDFE6|C143978A-E021-4015-BC67-5A00D6C910D1|34C4244E-5CE0-4D5D-AD85-60E97FDDD80A|56|23|23|23|1|2017
E3CDC578-37BA-4CDB-B150-DAB0409270CD|423C391C-4944-43F4-9034-9C6818E9C1A2|4f59580d-1a16-4669-9ed5-4b89615d6903|4DA86139-6A72-4089-8858-6A3A613FDFE6|C143978A-E021-4015-BC67-5A00D6C910D1|34C4244E-5CE0-4D5D-AD85-60E97FDDD80A|82|24|24|24|1|2017
E3CDC578-37BA-4CDB-B150-DAB0409270CD|F67E977A-0102-4758-91E8-9782A570E75D|4f59580d-1a16-4669-9ed5-4b89615d6903|4DA86139-6A72-4089-8858-6A3A613FDFE6|C143978A-E021-4015-BC67-5A00D6C910D1|34C4244E-5CE0-4D5D-AD85-60E97FDDD80A|96|25|25|25|1|2017
E3CDC578-37BA-4CDB-B150-DAB0409270CD|EF70C8D3-6866-4F6E-8FC2-10665A8D9B12|4f59580d-1a16-4669-9ed5-4b89615d6903|4DA86139-6A72-4089-8858-6A3A613FDFE6|C143978A-E021-4015-BC67-5A00D6C910D1|34C4244E-5CE0-4D5D-AD85-60E97FDDD80A|94|26|26|26|1|2017
E3CDC578-37BA-4CDB-B150-DAB0409270CD|123264D0-464E-4032-BEA5-CFECA81410C9|4f59580d-1a16-4669-9ed5-4b89615d6903|4DA86139-6A72-4089-8858-6A3A613FDFE6|C143978A-E021-4015-BC67-5A00D6C910D1|34C4244E-5CE0-4D5D-AD85-60E97FDDD80A|88|27|27|14|1|2017
E3CDC578-37BA-4CDB-B150-DAB0409270CD|CA1F032F-1CA2-4DCE-8AAA-CB284E167A3E|4f59580d-1a16-4669-9ed5-4b89615d6903|4DA86139-6A72-4089-8858-6A3A613FDFE6|C143978A-E021-4015-BC67-5A00D6C910D1|34C4244E-5CE0-4D5D-AD85-60E97FDDD80A|87|28|28|15|1|2017
E3CDC578-37BA-4CDB-B150-DAB0409270CD|72A995F4-0C94-4FAA-8A43-2277B02B97D1|4f59580d-1a16-4669-9ed5-4b89615d6903|4DA86139-6A72-4089-8858-6A3A613FDFE6|C143978A-E021-4015-BC67-5A00D6C910D1|34C4244E-5CE0-4D5D-AD85-60E97FDDD80A|65|29|29|16|1|2017
E3CDC578-37BA-4CDB-B150-DAB0409270CD|0DE968C9-7309-C481-58F7-AB6CDB1011EF|4f59580d-1a16-4669-9ed5-4b89615d6903|4DA86139-6A72-4089-8858-6A3A613FDFE6|C143978A-E021-4015-BC67-5A00D6C910D1|34C4244E-5CE0-4D5D-AD85-60E97FDDD80A|65|30|30|17|1|2017
E3CDC578-37BA-4CDB-B150-DAB0409270CD|C1F2964E-9DD5-4B7A-86BD-E7FCAFB9D9D9|4f59580d-1a16-4669-9ed5-4b89615d6903|4DA86139-6A72-4089-8858-6A3A613FDFE6|C143978A-E021-4015-BC67-5A00D6C910D1|34C4244E-5CE0-4D5D-AD85-60E97FDDD80A|56|31|31|18|1|2017
E3CDC578-37BA-4CDB-B150-DAB0409270CD|E4D9BF24-8574-463D-A816-A21CEC6CD548|4f59580d-1a16-4669-9ed5-4b89615d6903|4DA86139-6A72-4089-8858-6A3A613FDFE6|C143978A-E021-4015-BC67-5A00D6C910D1|34C4244E-5CE0-4D5D-AD85-60E97FDDD80A|45|32|32|19|1|2017
E3CDC578-37BA-4CDB-B150-DAB0409270CD|40F82118-26E7-4CCC-8456-195B5F009478|4f59580d-1a16-4669-9ed5-4b89615d6903|4DA86139-6A72-4089-8858-6A3A613FDFE6|C143978A-E021-4015-BC67-5A00D6C910D1|34C4244E-5CE0-4D5D-AD85-60E97FDDD80A|98|33|33|20|1|2017
E3CDC578-37BA-4CDB-B150-DAB0409270CD|0420916C-304D-4EB8-A847-8B4729E915C1|4f59580d-1a16-4669-9ed5-4b89615d6903|4DA86139-6A72-4089-8858-6A3A613FDFE6|C143978A-E021-4015-BC67-5A00D6C910D1|34C4244E-5CE0-4D5D-AD85-60E97FDDD80A|67|34|34|21|1|2017
E3CDC578-37BA-4CDB-B150-DAB0409270CD|199C78A9-4708-451E-8C87-8E6B4F47AAD9|4f59580d-1a16-4669-9ed5-4b89615d6903|4DA86139-6A72-4089-8858-6A3A613FDFE6|C143978A-E021-4015-BC67-5A00D6C910D1|34C4244E-5CE0-4D5D-AD85-60E97FDDD80A|45|35|35|22|1|2017
E3CDC578-37BA-4CDB-B150-DAB0409270CD|B404AA65-25A3-40B0-8462-D377A926354F|4f59580d-1a16-4669-9ed5-4b89615d6903|4DA86139-6A72-4089-8858-6A3A613FDFE6|C143978A-E021-4015-BC67-5A00D6C910D1|34C4244E-5CE0-4D5D-AD85-60E97FDDD80A|56|36|36|23|1|2017
E3CDC578-37BA-4CDB-B150-DAB0409270CD|B7B6D6E6-84B1-47F6-AA1B-AA34AEB7D236|4f59580d-1a16-4669-9ed5-4b89615d6903|4DA86139-6A72-4089-8858-6A3A613FDFE6|C143978A-E021-4015-BC67-5A00D6C910D1|34C4244E-5CE0-4D5D-AD85-60E97FDDD80A|50|37|37|24|1|2017
E3CDC578-37BA-4CDB-B150-DAB0409270CD|7559C867-A833-4DA2-816B-51D4636033A3|4f59580d-1a16-4669-9ed5-4b89615d6903|4DA86139-6A72-4089-8858-6A3A613FDFE6|C143978A-E021-4015-BC67-5A00D6C910D1|34C4244E-5CE0-4D5D-AD85-60E97FDDD80A|58|38|38|25|1|2017
E3CDC578-37BA-4CDB-B150-DAB0409270CD|7FC3A038-C5DE-4DEE-AE2D-E2ED230AB328|4f59580d-1a16-4669-9ed5-4b89615d6903|4DA86139-6A72-4089-8858-6A3A613FDFE6|C143978A-E021-4015-BC67-5A00D6C910D1|34C4244E-5CE0-4D5D-AD85-60E97FDDD80A|60|39|39|26|1|2017
E3CDC578-37BA-4CDB-B150-DAB0409270CD|4A4D0394-0FBD-4014-98A5-D3CE9161A568|4f59580d-1a16-4669-9ed5-4b89615d6903|4DA86139-6A72-4089-8858-6A3A613FDFE6|C143978A-E021-4015-BC67-5A00D6C910D1|34C4244E-5CE0-4D5D-AD85-60E97FDDD80A|63|40|40|14|1|2017
E3CDC578-37BA-4CDB-B150-DAB0409270CD|CB0EF175-8A57-49D7-A1D4-89D0C6E3A497|4f59580d-1a16-4669-9ed5-4b89615d6903|4DA86139-6A72-4089-8858-6A3A613FDFE6|C143978A-E021-4015-BC67-5A00D6C910D1|34C4244E-5CE0-4D5D-AD85-60E97FDDD80A|66|41|41|15|1|2017
E3CDC578-37BA-4CDB-B150-DAB0409270CD|309B97E9-72AB-4FD0-A282-8410413ACE46|4f59580d-1a16-4669-9ed5-4b89615d6903|4DA86139-6A72-4089-8858-6A3A613FDFE6|C143978A-E021-4015-BC67-5A00D6C910D1|34C4244E-5CE0-4D5D-AD85-60E97FDDD80A|77|42|42|16|1|2017
E3CDC578-37BA-4CDB-B150-DAB0409270CD|307ED34F-D6B5-4EE8-AB44-543305B12085|4f59580d-1a16-4669-9ed5-4b89615d6903|4DA86139-6A72-4089-8858-6A3A613FDFE6|C143978A-E021-4015-BC67-5A00D6C910D1|34C4244E-5CE0-4D5D-AD85-60E97FDDD80A|56|43|43|17|1|2017
E3CDC578-37BA-4CDB-B150-DAB0409270CD|97BAC717-C0A7-47F7-9918-C56658E6D792|4f59580d-1a16-4669-9ed5-4b89615d6903|4DA86139-6A72-4089-8858-6A3A613FDFE6|C143978A-E021-4015-BC67-5A00D6C910D1|34C4244E-5CE0-4D5D-AD85-60E97FDDD80A|55|44|44|18|1|2017
E3CDC578-37BA-4CDB-B150-DAB0409270CD|466D93AD-B0D7-4B29-89C0-569A421763D6|4f59580d-1a16-4669-9ed5-4b89615d6903|4DA86139-6A72-4089-8858-6A3A613FDFE6|C143978A-E021-4015-BC67-5A00D6C910D1|34C4244E-5CE0-4D5D-AD85-60E97FDDD80A|67|45|45|19|1|2017
E3CDC578-37BA-4CDB-B150-DAB0409270CD|41C68FA5-4A98-4BB2-B702-68DD844F92B0|4f59580d-1a16-4669-9ed5-4b89615d6903|4DA86139-6A72-4089-8858-6A3A613FDFE6|C143978A-E021-4015-BC67-5A00D6C910D1|34C4244E-5CE0-4D5D-AD85-60E97FDDD80A|56|13|13|13|1|2017
E3CDC578-37BA-4CDB-B150-DAB0409270CD|9208D11F-98E8-47B8-8DFC-4215FC2EF127|4f59580d-1a16-4669-9ed5-4b89615d6903|4DA86139-6A72-4089-8858-6A3A613FDFE6|C143978A-E021-4015-BC67-5A00D6C910D1|34C4244E-5CE0-4D5D-AD85-60E97FDDD80A|82|14|14|14|1|2017
E3CDC578-37BA-4CDB-B150-DAB0409270CD|3013780A-61AD-4BAA-8666-C89CC1A555F8|4f59580d-1a16-4669-9ed5-4b89615d6903|4DA86139-6A72-4089-8858-6A3A613FDFE6|C143978A-E021-4015-BC67-5A00D6C910D1|34C4244E-5CE0-4D5D-AD85-60E97FDDD80A|96|15|15|15|1|2017
E3CDC578-37BA-4CDB-B150-DAB0409270CD|3C14C92D-9113-4289-8A69-564BF3F3D871|4f59580d-1a16-4669-9ed5-4b89615d6903|4DA86139-6A72-4089-8858-6A3A613FDFE6|C143978A-E021-4015-BC67-5A00D6C910D1|34C4244E-5CE0-4D5D-AD85-60E97FDDD80A|94|16|16|16|1|2017
E3CDC578-37BA-4CDB-B150-DAB0409270CD|E9888085-FD91-4551-9274-50BA485A9637|4f59580d-1a16-4669-9ed5-4b89615d6903|4DA86139-6A72-4089-8858-6A3A613FDFE6|C143978A-E021-4015-BC67-5A00D6C910D1|34C4244E-5CE0-4D5D-AD85-60E97FDDD80A|88|17|17|17|1|2017
E3CDC578-37BA-4CDB-B150-DAB0409270CD|4F218688-6DE5-4E69-8690-66FBA2F0DC9F|552c0a24-6038-440f-add5-2dadfb9a23bd|4DA86139-6A72-4089-8858-6A3A613FDFE6|C143978A-E021-4015-BC67-5A00D6C910D1|34C4244E-5CE0-4D5D-AD85-60E97FDDD80A|87|18|18|18|1|2017
E3CDC578-37BA-4CDB-B150-DAB0409270CD|A195BAF6-D6E7-43A5-B7C9-D6C627A42815|552c0a24-6038-440f-add5-2dadfb9a23bd|4DA86139-6A72-4089-8858-6A3A613FDFE6|C143978A-E021-4015-BC67-5A00D6C910D1|34C4244E-5CE0-4D5D-AD85-60E97FDDD80A|65|19|19|19|1|2017
E3CDC578-37BA-4CDB-B150-DAB0409270CD|8A1B5BDB-9589-4207-8345-A811FC18B2C9|552c0a24-6038-440f-add5-2dadfb9a23bd|4DA86139-6A72-4089-8858-6A3A613FDFE6|C143978A-E021-4015-BC67-5A00D6C910D1|34C4244E-5CE0-4D5D-AD85-60E97FDDD80A|65|20|20|20|1|2017
E3CDC578-37BA-4CDB-B150-DAB0409270CD|AEED7469-F7AF-41E6-B24C-13B1D74E1026|552c0a24-6038-440f-add5-2dadfb9a23bd|4DA86139-6A72-4089-8858-6A3A613FDFE6|C143978A-E021-4015-BC67-5A00D6C910D1|34C4244E-5CE0-4D5D-AD85-60E97FDDD80A|56|21|21|21|1|2017
E3CDC578-37BA-4CDB-B150-DAB0409270CD|CF64EBB2-BCC2-4EAA-B1C8-060EEE3284F3|552c0a24-6038-440f-add5-2dadfb9a23bd|4DA86139-6A72-4089-8858-6A3A613FDFE6|C143978A-E021-4015-BC67-5A00D6C910D1|34C4244E-5CE0-4D5D-AD85-60E97FDDD80A|45|22|22|22|1|2017
E3CDC578-37BA-4CDB-B150-DAB0409270CD|7BF6983F-CF8D-4897-8122-7CCD0F778CAF|552c0a24-6038-440f-add5-2dadfb9a23bd|4DA86139-6A72-4089-8858-6A3A613FDFE6|C143978A-E021-4015-BC67-5A00D6C910D1|34C4244E-5CE0-4D5D-AD85-60E97FDDD80A|98|23|23|23|1|2017
E3CDC578-37BA-4CDB-B150-DAB0409270CD|87D0EA99-7042-4867-A4B7-C31E7665DE5E|552c0a24-6038-440f-add5-2dadfb9a23bd|4DA86139-6A72-4089-8858-6A3A613FDFE6|C143978A-E021-4015-BC67-5A00D6C910D1|34C4244E-5CE0-4D5D-AD85-60E97FDDD80A|67|24|24|24|1|2017
E3CDC578-37BA-4CDB-B150-DAB0409270CD|6912F4C6-9370-440A-BA87-11A8426BA92C|552c0a24-6038-440f-add5-2dadfb9a23bd|4DA86139-6A72-4089-8858-6A3A613FDFE6|C143978A-E021-4015-BC67-5A00D6C910D1|34C4244E-5CE0-4D5D-AD85-60E97FDDD80A|45|25|25|25|1|2017
E3CDC578-37BA-4CDB-B150-DAB0409270CD|91318D8C-8150-49B4-A473-CF97F104F6B7|552c0a24-6038-440f-add5-2dadfb9a23bd|4DA86139-6A72-4089-8858-6A3A613FDFE6|C143978A-E021-4015-BC67-5A00D6C910D1|34C4244E-5CE0-4D5D-AD85-60E97FDDD80A|56|26|26|26|1|2017
E3CDC578-37BA-4CDB-B150-DAB0409270CD|DD9AF1EF-EEEC-49D3-A43F-802D7028BFD7|552c0a24-6038-440f-add5-2dadfb9a23bd|4DA86139-6A72-4089-8858-6A3A613FDFE6|C143978A-E021-4015-BC67-5A00D6C910D1|34C4244E-5CE0-4D5D-AD85-60E97FDDD80A|56|27|27|14|1|2017
E3CDC578-37BA-4CDB-B150-DAB0409270CD|62BC85B5-306F-4740-A215-48470CA31288|552c0a24-6038-440f-add5-2dadfb9a23bd|4DA86139-6A72-4089-8858-6A3A613FDFE6|C143978A-E021-4015-BC67-5A00D6C910D1|34C4244E-5CE0-4D5D-AD85-60E97FDDD80A|45|28|28|15|1|2017
E3CDC578-37BA-4CDB-B150-DAB0409270CD|B2EEF18D-EE0A-4CA1-B6FE-B82F863D81B4|552c0a24-6038-440f-add5-2dadfb9a23bd|4DA86139-6A72-4089-8858-6A3A613FDFE6|C143978A-E021-4015-BC67-5A00D6C910D1|34C4244E-5CE0-4D5D-AD85-60E97FDDD80A|98|29|29|16|1|2017
E3CDC578-37BA-4CDB-B150-DAB0409270CD|29A012E5-CDE3-45D8-9BB0-A25D3DBF0A92|552c0a24-6038-440f-add5-2dadfb9a23bd|4DA86139-6A72-4089-8858-6A3A613FDFE6|C143978A-E021-4015-BC67-5A00D6C910D1|34C4244E-5CE0-4D5D-AD85-60E97FDDD80A|67|30|30|17|1|2017
E3CDC578-37BA-4CDB-B150-DAB0409270CD|423C391C-4944-43F4-9034-9C6818E9C1A2|552c0a24-6038-440f-add5-2dadfb9a23bd|4DA86139-6A72-4089-8858-6A3A613FDFE6|C143978A-E021-4015-BC67-5A00D6C910D1|34C4244E-5CE0-4D5D-AD85-60E97FDDD80A|45|31|31|18|1|2017
E3CDC578-37BA-4CDB-B150-DAB0409270CD|F67E977A-0102-4758-91E8-9782A570E75D|552c0a24-6038-440f-add5-2dadfb9a23bd|4DA86139-6A72-4089-8858-6A3A613FDFE6|C143978A-E021-4015-BC67-5A00D6C910D1|34C4244E-5CE0-4D5D-AD85-60E97FDDD80A|56|32|32|19|1|2017
E3CDC578-37BA-4CDB-B150-DAB0409270CD|EF70C8D3-6866-4F6E-8FC2-10665A8D9B12|552c0a24-6038-440f-add5-2dadfb9a23bd|4DA86139-6A72-4089-8858-6A3A613FDFE6|C143978A-E021-4015-BC67-5A00D6C910D1|34C4244E-5CE0-4D5D-AD85-60E97FDDD80A|50|33|33|20|1|2017
E3CDC578-37BA-4CDB-B150-DAB0409270CD|123264D0-464E-4032-BEA5-CFECA81410C9|552c0a24-6038-440f-add5-2dadfb9a23bd|4DA86139-6A72-4089-8858-6A3A613FDFE6|C143978A-E021-4015-BC67-5A00D6C910D1|34C4244E-5CE0-4D5D-AD85-60E97FDDD80A|58|34|34|21|1|2017
E3CDC578-37BA-4CDB-B150-DAB0409270CD|CA1F032F-1CA2-4DCE-8AAA-CB284E167A3E|552c0a24-6038-440f-add5-2dadfb9a23bd|4DA86139-6A72-4089-8858-6A3A613FDFE6|C143978A-E021-4015-BC67-5A00D6C910D1|34C4244E-5CE0-4D5D-AD85-60E97FDDD80A|60|35|35|22|1|2017
E3CDC578-37BA-4CDB-B150-DAB0409270CD|72A995F4-0C94-4FAA-8A43-2277B02B97D1|552c0a24-6038-440f-add5-2dadfb9a23bd|4DA86139-6A72-4089-8858-6A3A613FDFE6|C143978A-E021-4015-BC67-5A00D6C910D1|34C4244E-5CE0-4D5D-AD85-60E97FDDD80A|63|36|36|23|1|2017
E3CDC578-37BA-4CDB-B150-DAB0409270CD|0DE968C9-7309-C481-58F7-AB6CDB1011EF|552c0a24-6038-440f-add5-2dadfb9a23bd|4DA86139-6A72-4089-8858-6A3A613FDFE6|C143978A-E021-4015-BC67-5A00D6C910D1|34C4244E-5CE0-4D5D-AD85-60E97FDDD80A|66|37|37|24|1|2017
E3CDC578-37BA-4CDB-B150-DAB0409270CD|C1F2964E-9DD5-4B7A-86BD-E7FCAFB9D9D9|552c0a24-6038-440f-add5-2dadfb9a23bd|4DA86139-6A72-4089-8858-6A3A613FDFE6|C143978A-E021-4015-BC67-5A00D6C910D1|34C4244E-5CE0-4D5D-AD85-60E97FDDD80A|77|38|38|25|1|2017
E3CDC578-37BA-4CDB-B150-DAB0409270CD|E4D9BF24-8574-463D-A816-A21CEC6CD548|552c0a24-6038-440f-add5-2dadfb9a23bd|4DA86139-6A72-4089-8858-6A3A613FDFE6|C143978A-E021-4015-BC67-5A00D6C910D1|34C4244E-5CE0-4D5D-AD85-60E97FDDD80A|56|39|39|26|1|2017
E3CDC578-37BA-4CDB-B150-DAB0409270CD|40F82118-26E7-4CCC-8456-195B5F009478|552c0a24-6038-440f-add5-2dadfb9a23bd|4DA86139-6A72-4089-8858-6A3A613FDFE6|C143978A-E021-4015-BC67-5A00D6C910D1|34C4244E-5CE0-4D5D-AD85-60E97FDDD80A|55|40|40|14|1|2017
E3CDC578-37BA-4CDB-B150-DAB0409270CD|0420916C-304D-4EB8-A847-8B4729E915C1|552c0a24-6038-440f-add5-2dadfb9a23bd|4DA86139-6A72-4089-8858-6A3A613FDFE6|C143978A-E021-4015-BC67-5A00D6C910D1|34C4244E-5CE0-4D5D-AD85-60E97FDDD80A|67|41|41|15|1|2017
E3CDC578-37BA-4CDB-B150-DAB0409270CD|199C78A9-4708-451E-8C87-8E6B4F47AAD9|552c0a24-6038-440f-add5-2dadfb9a23bd|4DA86139-6A72-4089-8858-6A3A613FDFE6|C143978A-E021-4015-BC67-5A00D6C910D1|34C4244E-5CE0-4D5D-AD85-60E97FDDD80A|56|42|42|16|1|2017
E3CDC578-37BA-4CDB-B150-DAB0409270CD|B404AA65-25A3-40B0-8462-D377A926354F|552c0a24-6038-440f-add5-2dadfb9a23bd|4DA86139-6A72-4089-8858-6A3A613FDFE6|C143978A-E021-4015-BC67-5A00D6C910D1|34C4244E-5CE0-4D5D-AD85-60E97FDDD80A|82|43|43|17|1|2017
E3CDC578-37BA-4CDB-B150-DAB0409270CD|B7B6D6E6-84B1-47F6-AA1B-AA34AEB7D236|552c0a24-6038-440f-add5-2dadfb9a23bd|4DA86139-6A72-4089-8858-6A3A613FDFE6|C143978A-E021-4015-BC67-5A00D6C910D1|34C4244E-5CE0-4D5D-AD85-60E97FDDD80A|96|44|44|18|1|2017
E3CDC578-37BA-4CDB-B150-DAB0409270CD|7559C867-A833-4DA2-816B-51D4636033A3|552c0a24-6038-440f-add5-2dadfb9a23bd|4DA86139-6A72-4089-8858-6A3A613FDFE6|C143978A-E021-4015-BC67-5A00D6C910D1|34C4244E-5CE0-4D5D-AD85-60E97FDDD80A|94|45|45|19|1|2017
E3CDC578-37BA-4CDB-B150-DAB0409270CD|7FC3A038-C5DE-4DEE-AE2D-E2ED230AB328|552c0a24-6038-440f-add5-2dadfb9a23bd|4DA86139-6A72-4089-8858-6A3A613FDFE6|C143978A-E021-4015-BC67-5A00D6C910D1|34C4244E-5CE0-4D5D-AD85-60E97FDDD80A|88|13|13|13|1|2017
E3CDC578-37BA-4CDB-B150-DAB0409270CD|4A4D0394-0FBD-4014-98A5-D3CE9161A568|552c0a24-6038-440f-add5-2dadfb9a23bd|4DA86139-6A72-4089-8858-6A3A613FDFE6|C143978A-E021-4015-BC67-5A00D6C910D1|34C4244E-5CE0-4D5D-AD85-60E97FDDD80A|87|14|14|14|1|2017
E3CDC578-37BA-4CDB-B150-DAB0409270CD|CB0EF175-8A57-49D7-A1D4-89D0C6E3A497|552c0a24-6038-440f-add5-2dadfb9a23bd|4DA86139-6A72-4089-8858-6A3A613FDFE6|C143978A-E021-4015-BC67-5A00D6C910D1|34C4244E-5CE0-4D5D-AD85-60E97FDDD80A|65|15|15|15|1|2017
E3CDC578-37BA-4CDB-B150-DAB0409270CD|309B97E9-72AB-4FD0-A282-8410413ACE46|552c0a24-6038-440f-add5-2dadfb9a23bd|4DA86139-6A72-4089-8858-6A3A613FDFE6|C143978A-E021-4015-BC67-5A00D6C910D1|34C4244E-5CE0-4D5D-AD85-60E97FDDD80A|65|16|16|16|1|2017
E3CDC578-37BA-4CDB-B150-DAB0409270CD|307ED34F-D6B5-4EE8-AB44-543305B12085|552c0a24-6038-440f-add5-2dadfb9a23bd|4DA86139-6A72-4089-8858-6A3A613FDFE6|C143978A-E021-4015-BC67-5A00D6C910D1|34C4244E-5CE0-4D5D-AD85-60E97FDDD80A|56|17|17|17|1|2017
E3CDC578-37BA-4CDB-B150-DAB0409270CD|97BAC717-C0A7-47F7-9918-C56658E6D792|552c0a24-6038-440f-add5-2dadfb9a23bd|4DA86139-6A72-4089-8858-6A3A613FDFE6|C143978A-E021-4015-BC67-5A00D6C910D1|34C4244E-5CE0-4D5D-AD85-60E97FDDD80A|45|18|18|18|1|2017
E3CDC578-37BA-4CDB-B150-DAB0409270CD|466D93AD-B0D7-4B29-89C0-569A421763D6|552c0a24-6038-440f-add5-2dadfb9a23bd|4DA86139-6A72-4089-8858-6A3A613FDFE6|C143978A-E021-4015-BC67-5A00D6C910D1|34C4244E-5CE0-4D5D-AD85-60E97FDDD80A|98|19|19|19|1|2017
E3CDC578-37BA-4CDB-B150-DAB0409270CD|41C68FA5-4A98-4BB2-B702-68DD844F92B0|552c0a24-6038-440f-add5-2dadfb9a23bd|4DA86139-6A72-4089-8858-6A3A613FDFE6|C143978A-E021-4015-BC67-5A00D6C910D1|34C4244E-5CE0-4D5D-AD85-60E97FDDD80A|67|20|20|20|1|2017
E3CDC578-37BA-4CDB-B150-DAB0409270CD|9208D11F-98E8-47B8-8DFC-4215FC2EF127|552c0a24-6038-440f-add5-2dadfb9a23bd|4DA86139-6A72-4089-8858-6A3A613FDFE6|C143978A-E021-4015-BC67-5A00D6C910D1|34C4244E-5CE0-4D5D-AD85-60E97FDDD80A|45|21|21|21|1|2017
E3CDC578-37BA-4CDB-B150-DAB0409270CD|3013780A-61AD-4BAA-8666-C89CC1A555F8|552c0a24-6038-440f-add5-2dadfb9a23bd|4DA86139-6A72-4089-8858-6A3A613FDFE6|C143978A-E021-4015-BC67-5A00D6C910D1|34C4244E-5CE0-4D5D-AD85-60E97FDDD80A|56|22|22|22|1|2017
E3CDC578-37BA-4CDB-B150-DAB0409270CD|3C14C92D-9113-4289-8A69-564BF3F3D871|552c0a24-6038-440f-add5-2dadfb9a23bd|4DA86139-6A72-4089-8858-6A3A613FDFE6|C143978A-E021-4015-BC67-5A00D6C910D1|34C4244E-5CE0-4D5D-AD85-60E97FDDD80A|50|23|23|23|1|2017
E3CDC578-37BA-4CDB-B150-DAB0409270CD|E9888085-FD91-4551-9274-50BA485A9637|552c0a24-6038-440f-add5-2dadfb9a23bd|4DA86139-6A72-4089-8858-6A3A613FDFE6|C143978A-E021-4015-BC67-5A00D6C910D1|34C4244E-5CE0-4D5D-AD85-60E97FDDD80A|58|24|24|24|1|2017
E3CDC578-37BA-4CDB-B150-DAB0409270CD|4F218688-6DE5-4E69-8690-66FBA2F0DC9F|44f23b3c-e066-4b45-931c-0e8073d3a93a|4DA86139-6A72-4089-8858-6A3A613FDFE6|C143978A-E021-4015-BC67-5A00D6C910D1|34C4244E-5CE0-4D5D-AD85-60E97FDDD80A|60|25|25|25|1|2017
E3CDC578-37BA-4CDB-B150-DAB0409270CD|A195BAF6-D6E7-43A5-B7C9-D6C627A42815|44f23b3c-e066-4b45-931c-0e8073d3a93a|4DA86139-6A72-4089-8858-6A3A613FDFE6|C143978A-E021-4015-BC67-5A00D6C910D1|34C4244E-5CE0-4D5D-AD85-60E97FDDD80A|63|26|26|26|1|2017
E3CDC578-37BA-4CDB-B150-DAB0409270CD|8A1B5BDB-9589-4207-8345-A811FC18B2C9|44f23b3c-e066-4b45-931c-0e8073d3a93a|4DA86139-6A72-4089-8858-6A3A613FDFE6|C143978A-E021-4015-BC67-5A00D6C910D1|34C4244E-5CE0-4D5D-AD85-60E97FDDD80A|76|27|27|14|1|2017
E3CDC578-37BA-4CDB-B150-DAB0409270CD|AEED7469-F7AF-41E6-B24C-13B1D74E1026|44f23b3c-e066-4b45-931c-0e8073d3a93a|4DA86139-6A72-4089-8858-6A3A613FDFE6|C143978A-E021-4015-BC67-5A00D6C910D1|34C4244E-5CE0-4D5D-AD85-60E97FDDD80A|56|28|28|15|1|2017
E3CDC578-37BA-4CDB-B150-DAB0409270CD|CF64EBB2-BCC2-4EAA-B1C8-060EEE3284F3|44f23b3c-e066-4b45-931c-0e8073d3a93a|4DA86139-6A72-4089-8858-6A3A613FDFE6|C143978A-E021-4015-BC67-5A00D6C910D1|34C4244E-5CE0-4D5D-AD85-60E97FDDD80A|82|29|29|16|1|2017
E3CDC578-37BA-4CDB-B150-DAB0409270CD|7BF6983F-CF8D-4897-8122-7CCD0F778CAF|44f23b3c-e066-4b45-931c-0e8073d3a93a|4DA86139-6A72-4089-8858-6A3A613FDFE6|C143978A-E021-4015-BC67-5A00D6C910D1|34C4244E-5CE0-4D5D-AD85-60E97FDDD80A|96|30|30|17|1|2017
E3CDC578-37BA-4CDB-B150-DAB0409270CD|87D0EA99-7042-4867-A4B7-C31E7665DE5E|44f23b3c-e066-4b45-931c-0e8073d3a93a|4DA86139-6A72-4089-8858-6A3A613FDFE6|C143978A-E021-4015-BC67-5A00D6C910D1|34C4244E-5CE0-4D5D-AD85-60E97FDDD80A|94|31|31|18|1|2017
E3CDC578-37BA-4CDB-B150-DAB0409270CD|6912F4C6-9370-440A-BA87-11A8426BA92C|44f23b3c-e066-4b45-931c-0e8073d3a93a|4DA86139-6A72-4089-8858-6A3A613FDFE6|C143978A-E021-4015-BC67-5A00D6C910D1|34C4244E-5CE0-4D5D-AD85-60E97FDDD80A|88|32|32|19|1|2017
E3CDC578-37BA-4CDB-B150-DAB0409270CD|91318D8C-8150-49B4-A473-CF97F104F6B7|44f23b3c-e066-4b45-931c-0e8073d3a93a|4DA86139-6A72-4089-8858-6A3A613FDFE6|C143978A-E021-4015-BC67-5A00D6C910D1|34C4244E-5CE0-4D5D-AD85-60E97FDDD80A|87|33|33|20|1|2017
E3CDC578-37BA-4CDB-B150-DAB0409270CD|DD9AF1EF-EEEC-49D3-A43F-802D7028BFD7|44f23b3c-e066-4b45-931c-0e8073d3a93a|4DA86139-6A72-4089-8858-6A3A613FDFE6|C143978A-E021-4015-BC67-5A00D6C910D1|34C4244E-5CE0-4D5D-AD85-60E97FDDD80A|65|34|34|21|1|2017
E3CDC578-37BA-4CDB-B150-DAB0409270CD|62BC85B5-306F-4740-A215-48470CA31288|44f23b3c-e066-4b45-931c-0e8073d3a93a|4DA86139-6A72-4089-8858-6A3A613FDFE6|C143978A-E021-4015-BC67-5A00D6C910D1|34C4244E-5CE0-4D5D-AD85-60E97FDDD80A|65|35|35|22|1|2017
E3CDC578-37BA-4CDB-B150-DAB0409270CD|B2EEF18D-EE0A-4CA1-B6FE-B82F863D81B4|44f23b3c-e066-4b45-931c-0e8073d3a93a|4DA86139-6A72-4089-8858-6A3A613FDFE6|C143978A-E021-4015-BC67-5A00D6C910D1|34C4244E-5CE0-4D5D-AD85-60E97FDDD80A|56|36|36|23|1|2017
E3CDC578-37BA-4CDB-B150-DAB0409270CD|29A012E5-CDE3-45D8-9BB0-A25D3DBF0A92|44f23b3c-e066-4b45-931c-0e8073d3a93a|4DA86139-6A72-4089-8858-6A3A613FDFE6|C143978A-E021-4015-BC67-5A00D6C910D1|34C4244E-5CE0-4D5D-AD85-60E97FDDD80A|45|37|37|24|1|2017
E3CDC578-37BA-4CDB-B150-DAB0409270CD|423C391C-4944-43F4-9034-9C6818E9C1A2|44f23b3c-e066-4b45-931c-0e8073d3a93a|4DA86139-6A72-4089-8858-6A3A613FDFE6|C143978A-E021-4015-BC67-5A00D6C910D1|34C4244E-5CE0-4D5D-AD85-60E97FDDD80A|98|38|38|25|1|2017
E3CDC578-37BA-4CDB-B150-DAB0409270CD|F67E977A-0102-4758-91E8-9782A570E75D|44f23b3c-e066-4b45-931c-0e8073d3a93a|4DA86139-6A72-4089-8858-6A3A613FDFE6|C143978A-E021-4015-BC67-5A00D6C910D1|34C4244E-5CE0-4D5D-AD85-60E97FDDD80A|67|39|39|26|1|2017
E3CDC578-37BA-4CDB-B150-DAB0409270CD|EF70C8D3-6866-4F6E-8FC2-10665A8D9B12|44f23b3c-e066-4b45-931c-0e8073d3a93a|4DA86139-6A72-4089-8858-6A3A613FDFE6|C143978A-E021-4015-BC67-5A00D6C910D1|34C4244E-5CE0-4D5D-AD85-60E97FDDD80A|45|40|40|14|1|2017
E3CDC578-37BA-4CDB-B150-DAB0409270CD|123264D0-464E-4032-BEA5-CFECA81410C9|44f23b3c-e066-4b45-931c-0e8073d3a93a|4DA86139-6A72-4089-8858-6A3A613FDFE6|C143978A-E021-4015-BC67-5A00D6C910D1|34C4244E-5CE0-4D5D-AD85-60E97FDDD80A|56|41|41|15|1|2017
E3CDC578-37BA-4CDB-B150-DAB0409270CD|CA1F032F-1CA2-4DCE-8AAA-CB284E167A3E|44f23b3c-e066-4b45-931c-0e8073d3a93a|4DA86139-6A72-4089-8858-6A3A613FDFE6|C143978A-E021-4015-BC67-5A00D6C910D1|34C4244E-5CE0-4D5D-AD85-60E97FDDD80A|50|42|42|16|1|2017
E3CDC578-37BA-4CDB-B150-DAB0409270CD|72A995F4-0C94-4FAA-8A43-2277B02B97D1|44f23b3c-e066-4b45-931c-0e8073d3a93a|4DA86139-6A72-4089-8858-6A3A613FDFE6|C143978A-E021-4015-BC67-5A00D6C910D1|34C4244E-5CE0-4D5D-AD85-60E97FDDD80A|58|43|43|17|1|2017
E3CDC578-37BA-4CDB-B150-DAB0409270CD|0DE968C9-7309-C481-58F7-AB6CDB1011EF|44f23b3c-e066-4b45-931c-0e8073d3a93a|4DA86139-6A72-4089-8858-6A3A613FDFE6|C143978A-E021-4015-BC67-5A00D6C910D1|34C4244E-5CE0-4D5D-AD85-60E97FDDD80A|60|44|44|18|1|2017
E3CDC578-37BA-4CDB-B150-DAB0409270CD|C1F2964E-9DD5-4B7A-86BD-E7FCAFB9D9D9|44f23b3c-e066-4b45-931c-0e8073d3a93a|4DA86139-6A72-4089-8858-6A3A613FDFE6|C143978A-E021-4015-BC67-5A00D6C910D1|34C4244E-5CE0-4D5D-AD85-60E97FDDD80A|63|45|45|19|1|2017
E3CDC578-37BA-4CDB-B150-DAB0409270CD|E4D9BF24-8574-463D-A816-A21CEC6CD548|44f23b3c-e066-4b45-931c-0e8073d3a93a|4DA86139-6A72-4089-8858-6A3A613FDFE6|C143978A-E021-4015-BC67-5A00D6C910D1|34C4244E-5CE0-4D5D-AD85-60E97FDDD80A|66|13|13|13|1|2017
E3CDC578-37BA-4CDB-B150-DAB0409270CD|40F82118-26E7-4CCC-8456-195B5F009478|44f23b3c-e066-4b45-931c-0e8073d3a93a|4DA86139-6A72-4089-8858-6A3A613FDFE6|C143978A-E021-4015-BC67-5A00D6C910D1|34C4244E-5CE0-4D5D-AD85-60E97FDDD80A|77|14|14|14|1|2017
E3CDC578-37BA-4CDB-B150-DAB0409270CD|0420916C-304D-4EB8-A847-8B4729E915C1|44f23b3c-e066-4b45-931c-0e8073d3a93a|4DA86139-6A72-4089-8858-6A3A613FDFE6|C143978A-E021-4015-BC67-5A00D6C910D1|34C4244E-5CE0-4D5D-AD85-60E97FDDD80A|56|15|15|15|1|2017
E3CDC578-37BA-4CDB-B150-DAB0409270CD|199C78A9-4708-451E-8C87-8E6B4F47AAD9|44f23b3c-e066-4b45-931c-0e8073d3a93a|4DA86139-6A72-4089-8858-6A3A613FDFE6|C143978A-E021-4015-BC67-5A00D6C910D1|34C4244E-5CE0-4D5D-AD85-60E97FDDD80A|55|16|16|16|1|2017
E3CDC578-37BA-4CDB-B150-DAB0409270CD|B404AA65-25A3-40B0-8462-D377A926354F|44f23b3c-e066-4b45-931c-0e8073d3a93a|4DA86139-6A72-4089-8858-6A3A613FDFE6|C143978A-E021-4015-BC67-5A00D6C910D1|34C4244E-5CE0-4D5D-AD85-60E97FDDD80A|67|17|17|17|1|2017
E3CDC578-37BA-4CDB-B150-DAB0409270CD|B7B6D6E6-84B1-47F6-AA1B-AA34AEB7D236|44f23b3c-e066-4b45-931c-0e8073d3a93a|4DA86139-6A72-4089-8858-6A3A613FDFE6|C143978A-E021-4015-BC67-5A00D6C910D1|34C4244E-5CE0-4D5D-AD85-60E97FDDD80A|56|18|18|18|1|2017
E3CDC578-37BA-4CDB-B150-DAB0409270CD|7559C867-A833-4DA2-816B-51D4636033A3|44f23b3c-e066-4b45-931c-0e8073d3a93a|4DA86139-6A72-4089-8858-6A3A613FDFE6|C143978A-E021-4015-BC67-5A00D6C910D1|34C4244E-5CE0-4D5D-AD85-60E97FDDD80A|82|19|19|19|1|2017
E3CDC578-37BA-4CDB-B150-DAB0409270CD|7FC3A038-C5DE-4DEE-AE2D-E2ED230AB328|44f23b3c-e066-4b45-931c-0e8073d3a93a|4DA86139-6A72-4089-8858-6A3A613FDFE6|C143978A-E021-4015-BC67-5A00D6C910D1|34C4244E-5CE0-4D5D-AD85-60E97FDDD80A|96|20|20|20|1|2017
E3CDC578-37BA-4CDB-B150-DAB0409270CD|4A4D0394-0FBD-4014-98A5-D3CE9161A568|44f23b3c-e066-4b45-931c-0e8073d3a93a|4DA86139-6A72-4089-8858-6A3A613FDFE6|C143978A-E021-4015-BC67-5A00D6C910D1|34C4244E-5CE0-4D5D-AD85-60E97FDDD80A|94|21|21|21|1|2017
E3CDC578-37BA-4CDB-B150-DAB0409270CD|CB0EF175-8A57-49D7-A1D4-89D0C6E3A497|44f23b3c-e066-4b45-931c-0e8073d3a93a|4DA86139-6A72-4089-8858-6A3A613FDFE6|C143978A-E021-4015-BC67-5A00D6C910D1|34C4244E-5CE0-4D5D-AD85-60E97FDDD80A|88|22|22|22|1|2017
E3CDC578-37BA-4CDB-B150-DAB0409270CD|309B97E9-72AB-4FD0-A282-8410413ACE46|44f23b3c-e066-4b45-931c-0e8073d3a93a|4DA86139-6A72-4089-8858-6A3A613FDFE6|C143978A-E021-4015-BC67-5A00D6C910D1|34C4244E-5CE0-4D5D-AD85-60E97FDDD80A|87|23|23|23|1|2017
E3CDC578-37BA-4CDB-B150-DAB0409270CD|307ED34F-D6B5-4EE8-AB44-543305B12085|44f23b3c-e066-4b45-931c-0e8073d3a93a|4DA86139-6A72-4089-8858-6A3A613FDFE6|C143978A-E021-4015-BC67-5A00D6C910D1|34C4244E-5CE0-4D5D-AD85-60E97FDDD80A|65|24|24|24|1|2017
E3CDC578-37BA-4CDB-B150-DAB0409270CD|97BAC717-C0A7-47F7-9918-C56658E6D792|44f23b3c-e066-4b45-931c-0e8073d3a93a|4DA86139-6A72-4089-8858-6A3A613FDFE6|C143978A-E021-4015-BC67-5A00D6C910D1|34C4244E-5CE0-4D5D-AD85-60E97FDDD80A|65|25|25|25|1|2017
E3CDC578-37BA-4CDB-B150-DAB0409270CD|466D93AD-B0D7-4B29-89C0-569A421763D6|44f23b3c-e066-4b45-931c-0e8073d3a93a|4DA86139-6A72-4089-8858-6A3A613FDFE6|C143978A-E021-4015-BC67-5A00D6C910D1|34C4244E-5CE0-4D5D-AD85-60E97FDDD80A|56|26|26|26|1|2017
E3CDC578-37BA-4CDB-B150-DAB0409270CD|41C68FA5-4A98-4BB2-B702-68DD844F92B0|44f23b3c-e066-4b45-931c-0e8073d3a93a|4DA86139-6A72-4089-8858-6A3A613FDFE6|C143978A-E021-4015-BC67-5A00D6C910D1|34C4244E-5CE0-4D5D-AD85-60E97FDDD80A|45|27|27|14|1|2017
E3CDC578-37BA-4CDB-B150-DAB0409270CD|9208D11F-98E8-47B8-8DFC-4215FC2EF127|44f23b3c-e066-4b45-931c-0e8073d3a93a|4DA86139-6A72-4089-8858-6A3A613FDFE6|C143978A-E021-4015-BC67-5A00D6C910D1|34C4244E-5CE0-4D5D-AD85-60E97FDDD80A|98|28|28|15|1|2017
E3CDC578-37BA-4CDB-B150-DAB0409270CD|3013780A-61AD-4BAA-8666-C89CC1A555F8|44f23b3c-e066-4b45-931c-0e8073d3a93a|4DA86139-6A72-4089-8858-6A3A613FDFE6|C143978A-E021-4015-BC67-5A00D6C910D1|34C4244E-5CE0-4D5D-AD85-60E97FDDD80A|67|29|29|16|1|2017
E3CDC578-37BA-4CDB-B150-DAB0409270CD|3C14C92D-9113-4289-8A69-564BF3F3D871|44f23b3c-e066-4b45-931c-0e8073d3a93a|4DA86139-6A72-4089-8858-6A3A613FDFE6|C143978A-E021-4015-BC67-5A00D6C910D1|34C4244E-5CE0-4D5D-AD85-60E97FDDD80A|45|30|30|17|1|2017
E3CDC578-37BA-4CDB-B150-DAB0409270CD|E9888085-FD91-4551-9274-50BA485A9637|44f23b3c-e066-4b45-931c-0e8073d3a93a|4DA86139-6A72-4089-8858-6A3A613FDFE6|C143978A-E021-4015-BC67-5A00D6C910D1|34C4244E-5CE0-4D5D-AD85-60E97FDDD80A|56|31|31|18|1|2017
E3CDC578-37BA-4CDB-B150-DAB0409270CD|4F218688-6DE5-4E69-8690-66FBA2F0DC9F|de0c86be-9bcb-4d3b-8098-b06687536c1f|4DA86139-6A72-4089-8858-6A3A613FDFE6|C143978A-E021-4015-BC67-5A00D6C910D1|34C4244E-5CE0-4D5D-AD85-60E97FDDD80A|56|32|32|19|1|2017
E3CDC578-37BA-4CDB-B150-DAB0409270CD|A195BAF6-D6E7-43A5-B7C9-D6C627A42815|de0c86be-9bcb-4d3b-8098-b06687536c1f|4DA86139-6A72-4089-8858-6A3A613FDFE6|C143978A-E021-4015-BC67-5A00D6C910D1|34C4244E-5CE0-4D5D-AD85-60E97FDDD80A|45|33|33|20|1|2017
E3CDC578-37BA-4CDB-B150-DAB0409270CD|8A1B5BDB-9589-4207-8345-A811FC18B2C9|de0c86be-9bcb-4d3b-8098-b06687536c1f|4DA86139-6A72-4089-8858-6A3A613FDFE6|C143978A-E021-4015-BC67-5A00D6C910D1|34C4244E-5CE0-4D5D-AD85-60E97FDDD80A|98|34|34|21|1|2017
E3CDC578-37BA-4CDB-B150-DAB0409270CD|AEED7469-F7AF-41E6-B24C-13B1D74E1026|de0c86be-9bcb-4d3b-8098-b06687536c1f|4DA86139-6A72-4089-8858-6A3A613FDFE6|C143978A-E021-4015-BC67-5A00D6C910D1|34C4244E-5CE0-4D5D-AD85-60E97FDDD80A|67|35|35|22|1|2017
E3CDC578-37BA-4CDB-B150-DAB0409270CD|CF64EBB2-BCC2-4EAA-B1C8-060EEE3284F3|de0c86be-9bcb-4d3b-8098-b06687536c1f|4DA86139-6A72-4089-8858-6A3A613FDFE6|C143978A-E021-4015-BC67-5A00D6C910D1|34C4244E-5CE0-4D5D-AD85-60E97FDDD80A|45|36|36|23|1|2017
E3CDC578-37BA-4CDB-B150-DAB0409270CD|7BF6983F-CF8D-4897-8122-7CCD0F778CAF|de0c86be-9bcb-4d3b-8098-b06687536c1f|4DA86139-6A72-4089-8858-6A3A613FDFE6|C143978A-E021-4015-BC67-5A00D6C910D1|34C4244E-5CE0-4D5D-AD85-60E97FDDD80A|56|37|37|24|1|2017
E3CDC578-37BA-4CDB-B150-DAB0409270CD|87D0EA99-7042-4867-A4B7-C31E7665DE5E|de0c86be-9bcb-4d3b-8098-b06687536c1f|4DA86139-6A72-4089-8858-6A3A613FDFE6|C143978A-E021-4015-BC67-5A00D6C910D1|34C4244E-5CE0-4D5D-AD85-60E97FDDD80A|50|38|38|25|1|2017
E3CDC578-37BA-4CDB-B150-DAB0409270CD|6912F4C6-9370-440A-BA87-11A8426BA92C|de0c86be-9bcb-4d3b-8098-b06687536c1f|4DA86139-6A72-4089-8858-6A3A613FDFE6|C143978A-E021-4015-BC67-5A00D6C910D1|34C4244E-5CE0-4D5D-AD85-60E97FDDD80A|58|39|39|26|1|2017
E3CDC578-37BA-4CDB-B150-DAB0409270CD|91318D8C-8150-49B4-A473-CF97F104F6B7|de0c86be-9bcb-4d3b-8098-b06687536c1f|4DA86139-6A72-4089-8858-6A3A613FDFE6|C143978A-E021-4015-BC67-5A00D6C910D1|34C4244E-5CE0-4D5D-AD85-60E97FDDD80A|60|40|40|14|1|2017
E3CDC578-37BA-4CDB-B150-DAB0409270CD|DD9AF1EF-EEEC-49D3-A43F-802D7028BFD7|de0c86be-9bcb-4d3b-8098-b06687536c1f|4DA86139-6A72-4089-8858-6A3A613FDFE6|C143978A-E021-4015-BC67-5A00D6C910D1|34C4244E-5CE0-4D5D-AD85-60E97FDDD80A|63|41|41|15|1|2017
E3CDC578-37BA-4CDB-B150-DAB0409270CD|62BC85B5-306F-4740-A215-48470CA31288|de0c86be-9bcb-4d3b-8098-b06687536c1f|4DA86139-6A72-4089-8858-6A3A613FDFE6|C143978A-E021-4015-BC67-5A00D6C910D1|34C4244E-5CE0-4D5D-AD85-60E97FDDD80A|66|42|42|16|1|2017
E3CDC578-37BA-4CDB-B150-DAB0409270CD|B2EEF18D-EE0A-4CA1-B6FE-B82F863D81B4|de0c86be-9bcb-4d3b-8098-b06687536c1f|4DA86139-6A72-4089-8858-6A3A613FDFE6|C143978A-E021-4015-BC67-5A00D6C910D1|34C4244E-5CE0-4D5D-AD85-60E97FDDD80A|77|43|43|17|1|2017
E3CDC578-37BA-4CDB-B150-DAB0409270CD|29A012E5-CDE3-45D8-9BB0-A25D3DBF0A92|de0c86be-9bcb-4d3b-8098-b06687536c1f|4DA86139-6A72-4089-8858-6A3A613FDFE6|C143978A-E021-4015-BC67-5A00D6C910D1|34C4244E-5CE0-4D5D-AD85-60E97FDDD80A|56|44|44|18|1|2017
E3CDC578-37BA-4CDB-B150-DAB0409270CD|423C391C-4944-43F4-9034-9C6818E9C1A2|de0c86be-9bcb-4d3b-8098-b06687536c1f|4DA86139-6A72-4089-8858-6A3A613FDFE6|C143978A-E021-4015-BC67-5A00D6C910D1|34C4244E-5CE0-4D5D-AD85-60E97FDDD80A|55|45|45|19|1|2017
E3CDC578-37BA-4CDB-B150-DAB0409270CD|F67E977A-0102-4758-91E8-9782A570E75D|de0c86be-9bcb-4d3b-8098-b06687536c1f|4DA86139-6A72-4089-8858-6A3A613FDFE6|C143978A-E021-4015-BC67-5A00D6C910D1|34C4244E-5CE0-4D5D-AD85-60E97FDDD80A|67|13|13|13|1|2017
E3CDC578-37BA-4CDB-B150-DAB0409270CD|EF70C8D3-6866-4F6E-8FC2-10665A8D9B12|de0c86be-9bcb-4d3b-8098-b06687536c1f|4DA86139-6A72-4089-8858-6A3A613FDFE6|C143978A-E021-4015-BC67-5A00D6C910D1|34C4244E-5CE0-4D5D-AD85-60E97FDDD80A|56|14|14|14|1|2017
E3CDC578-37BA-4CDB-B150-DAB0409270CD|123264D0-464E-4032-BEA5-CFECA81410C9|de0c86be-9bcb-4d3b-8098-b06687536c1f|4DA86139-6A72-4089-8858-6A3A613FDFE6|C143978A-E021-4015-BC67-5A00D6C910D1|34C4244E-5CE0-4D5D-AD85-60E97FDDD80A|82|15|15|15|1|2017
E3CDC578-37BA-4CDB-B150-DAB0409270CD|CA1F032F-1CA2-4DCE-8AAA-CB284E167A3E|de0c86be-9bcb-4d3b-8098-b06687536c1f|4DA86139-6A72-4089-8858-6A3A613FDFE6|C143978A-E021-4015-BC67-5A00D6C910D1|34C4244E-5CE0-4D5D-AD85-60E97FDDD80A|96|16|16|16|1|2017
E3CDC578-37BA-4CDB-B150-DAB0409270CD|72A995F4-0C94-4FAA-8A43-2277B02B97D1|de0c86be-9bcb-4d3b-8098-b06687536c1f|4DA86139-6A72-4089-8858-6A3A613FDFE6|C143978A-E021-4015-BC67-5A00D6C910D1|34C4244E-5CE0-4D5D-AD85-60E97FDDD80A|94|17|17|17|1|2017
E3CDC578-37BA-4CDB-B150-DAB0409270CD|0DE968C9-7309-C481-58F7-AB6CDB1011EF|de0c86be-9bcb-4d3b-8098-b06687536c1f|4DA86139-6A72-4089-8858-6A3A613FDFE6|C143978A-E021-4015-BC67-5A00D6C910D1|34C4244E-5CE0-4D5D-AD85-60E97FDDD80A|88|18|18|18|1|2017
E3CDC578-37BA-4CDB-B150-DAB0409270CD|C1F2964E-9DD5-4B7A-86BD-E7FCAFB9D9D9|de0c86be-9bcb-4d3b-8098-b06687536c1f|4DA86139-6A72-4089-8858-6A3A613FDFE6|C143978A-E021-4015-BC67-5A00D6C910D1|34C4244E-5CE0-4D5D-AD85-60E97FDDD80A|87|19|19|19|1|2017
E3CDC578-37BA-4CDB-B150-DAB0409270CD|E4D9BF24-8574-463D-A816-A21CEC6CD548|de0c86be-9bcb-4d3b-8098-b06687536c1f|4DA86139-6A72-4089-8858-6A3A613FDFE6|C143978A-E021-4015-BC67-5A00D6C910D1|34C4244E-5CE0-4D5D-AD85-60E97FDDD80A|65|20|20|20|1|2017
E3CDC578-37BA-4CDB-B150-DAB0409270CD|40F82118-26E7-4CCC-8456-195B5F009478|de0c86be-9bcb-4d3b-8098-b06687536c1f|4DA86139-6A72-4089-8858-6A3A613FDFE6|C143978A-E021-4015-BC67-5A00D6C910D1|34C4244E-5CE0-4D5D-AD85-60E97FDDD80A|65|21|21|21|1|2017
E3CDC578-37BA-4CDB-B150-DAB0409270CD|0420916C-304D-4EB8-A847-8B4729E915C1|de0c86be-9bcb-4d3b-8098-b06687536c1f|4DA86139-6A72-4089-8858-6A3A613FDFE6|C143978A-E021-4015-BC67-5A00D6C910D1|34C4244E-5CE0-4D5D-AD85-60E97FDDD80A|56|22|22|22|1|2017
E3CDC578-37BA-4CDB-B150-DAB0409270CD|199C78A9-4708-451E-8C87-8E6B4F47AAD9|de0c86be-9bcb-4d3b-8098-b06687536c1f|4DA86139-6A72-4089-8858-6A3A613FDFE6|C143978A-E021-4015-BC67-5A00D6C910D1|34C4244E-5CE0-4D5D-AD85-60E97FDDD80A|45|23|23|23|1|2017
E3CDC578-37BA-4CDB-B150-DAB0409270CD|B404AA65-25A3-40B0-8462-D377A926354F|de0c86be-9bcb-4d3b-8098-b06687536c1f|4DA86139-6A72-4089-8858-6A3A613FDFE6|C143978A-E021-4015-BC67-5A00D6C910D1|34C4244E-5CE0-4D5D-AD85-60E97FDDD80A|98|13|13|13|1|2017
E3CDC578-37BA-4CDB-B150-DAB0409270CD|B7B6D6E6-84B1-47F6-AA1B-AA34AEB7D236|de0c86be-9bcb-4d3b-8098-b06687536c1f|4DA86139-6A72-4089-8858-6A3A613FDFE6|C143978A-E021-4015-BC67-5A00D6C910D1|34C4244E-5CE0-4D5D-AD85-60E97FDDD80A|67|14|14|14|1|2017
E3CDC578-37BA-4CDB-B150-DAB0409270CD|7559C867-A833-4DA2-816B-51D4636033A3|de0c86be-9bcb-4d3b-8098-b06687536c1f|4DA86139-6A72-4089-8858-6A3A613FDFE6|C143978A-E021-4015-BC67-5A00D6C910D1|34C4244E-5CE0-4D5D-AD85-60E97FDDD80A|45|15|15|15|1|2017
E3CDC578-37BA-4CDB-B150-DAB0409270CD|7FC3A038-C5DE-4DEE-AE2D-E2ED230AB328|de0c86be-9bcb-4d3b-8098-b06687536c1f|4DA86139-6A72-4089-8858-6A3A613FDFE6|C143978A-E021-4015-BC67-5A00D6C910D1|34C4244E-5CE0-4D5D-AD85-60E97FDDD80A|56|16|16|16|1|2017
E3CDC578-37BA-4CDB-B150-DAB0409270CD|4A4D0394-0FBD-4014-98A5-D3CE9161A568|de0c86be-9bcb-4d3b-8098-b06687536c1f|4DA86139-6A72-4089-8858-6A3A613FDFE6|C143978A-E021-4015-BC67-5A00D6C910D1|34C4244E-5CE0-4D5D-AD85-60E97FDDD80A|50|17|17|17|1|2017
E3CDC578-37BA-4CDB-B150-DAB0409270CD|CB0EF175-8A57-49D7-A1D4-89D0C6E3A497|de0c86be-9bcb-4d3b-8098-b06687536c1f|4DA86139-6A72-4089-8858-6A3A613FDFE6|C143978A-E021-4015-BC67-5A00D6C910D1|34C4244E-5CE0-4D5D-AD85-60E97FDDD80A|58|18|18|18|1|2017
E3CDC578-37BA-4CDB-B150-DAB0409270CD|309B97E9-72AB-4FD0-A282-8410413ACE46|de0c86be-9bcb-4d3b-8098-b06687536c1f|4DA86139-6A72-4089-8858-6A3A613FDFE6|C143978A-E021-4015-BC67-5A00D6C910D1|34C4244E-5CE0-4D5D-AD85-60E97FDDD80A|60|19|19|19|1|2017
E3CDC578-37BA-4CDB-B150-DAB0409270CD|307ED34F-D6B5-4EE8-AB44-543305B12085|de0c86be-9bcb-4d3b-8098-b06687536c1f|4DA86139-6A72-4089-8858-6A3A613FDFE6|C143978A-E021-4015-BC67-5A00D6C910D1|34C4244E-5CE0-4D5D-AD85-60E97FDDD80A|63|20|20|20|1|2017
E3CDC578-37BA-4CDB-B150-DAB0409270CD|97BAC717-C0A7-47F7-9918-C56658E6D792|de0c86be-9bcb-4d3b-8098-b06687536c1f|4DA86139-6A72-4089-8858-6A3A613FDFE6|C143978A-E021-4015-BC67-5A00D6C910D1|34C4244E-5CE0-4D5D-AD85-60E97FDDD80A|76|21|21|21|1|2017
E3CDC578-37BA-4CDB-B150-DAB0409270CD|466D93AD-B0D7-4B29-89C0-569A421763D6|de0c86be-9bcb-4d3b-8098-b06687536c1f|4DA86139-6A72-4089-8858-6A3A613FDFE6|C143978A-E021-4015-BC67-5A00D6C910D1|34C4244E-5CE0-4D5D-AD85-60E97FDDD80A|56|22|22|22|1|2017
E3CDC578-37BA-4CDB-B150-DAB0409270CD|41C68FA5-4A98-4BB2-B702-68DD844F92B0|de0c86be-9bcb-4d3b-8098-b06687536c1f|4DA86139-6A72-4089-8858-6A3A613FDFE6|C143978A-E021-4015-BC67-5A00D6C910D1|34C4244E-5CE0-4D5D-AD85-60E97FDDD80A|82|23|23|23|1|2017
E3CDC578-37BA-4CDB-B150-DAB0409270CD|9208D11F-98E8-47B8-8DFC-4215FC2EF127|de0c86be-9bcb-4d3b-8098-b06687536c1f|4DA86139-6A72-4089-8858-6A3A613FDFE6|C143978A-E021-4015-BC67-5A00D6C910D1|34C4244E-5CE0-4D5D-AD85-60E97FDDD80A|96|24|24|24|1|2017
E3CDC578-37BA-4CDB-B150-DAB0409270CD|3013780A-61AD-4BAA-8666-C89CC1A555F8|de0c86be-9bcb-4d3b-8098-b06687536c1f|4DA86139-6A72-4089-8858-6A3A613FDFE6|C143978A-E021-4015-BC67-5A00D6C910D1|34C4244E-5CE0-4D5D-AD85-60E97FDDD80A|94|25|25|25|1|2017
E3CDC578-37BA-4CDB-B150-DAB0409270CD|3C14C92D-9113-4289-8A69-564BF3F3D871|de0c86be-9bcb-4d3b-8098-b06687536c1f|4DA86139-6A72-4089-8858-6A3A613FDFE6|C143978A-E021-4015-BC67-5A00D6C910D1|34C4244E-5CE0-4D5D-AD85-60E97FDDD80A|88|26|26|26|1|2017
E3CDC578-37BA-4CDB-B150-DAB0409270CD|E9888085-FD91-4551-9274-50BA485A9637|de0c86be-9bcb-4d3b-8098-b06687536c1f|4DA86139-6A72-4089-8858-6A3A613FDFE6|C143978A-E021-4015-BC67-5A00D6C910D1|34C4244E-5CE0-4D5D-AD85-60E97FDDD80A|87|27|27|14|1|2017
E3CDC578-37BA-4CDB-B150-DAB0409270CD|4F218688-6DE5-4E69-8690-66FBA2F0DC9F|c9caf109-c27d-4062-9b9f-ac4268629e27|4DA86139-6A72-4089-8858-6A3A613FDFE6|C143978A-E021-4015-BC67-5A00D6C910D1|34C4244E-5CE0-4D5D-AD85-60E97FDDD80A|65|28|28|15|1|2017
E3CDC578-37BA-4CDB-B150-DAB0409270CD|A195BAF6-D6E7-43A5-B7C9-D6C627A42815|c9caf109-c27d-4062-9b9f-ac4268629e27|4DA86139-6A72-4089-8858-6A3A613FDFE6|C143978A-E021-4015-BC67-5A00D6C910D1|34C4244E-5CE0-4D5D-AD85-60E97FDDD80A|65|29|29|16|1|2017
E3CDC578-37BA-4CDB-B150-DAB0409270CD|8A1B5BDB-9589-4207-8345-A811FC18B2C9|c9caf109-c27d-4062-9b9f-ac4268629e27|4DA86139-6A72-4089-8858-6A3A613FDFE6|C143978A-E021-4015-BC67-5A00D6C910D1|34C4244E-5CE0-4D5D-AD85-60E97FDDD80A|56|30|30|17|1|2017
E3CDC578-37BA-4CDB-B150-DAB0409270CD|AEED7469-F7AF-41E6-B24C-13B1D74E1026|c9caf109-c27d-4062-9b9f-ac4268629e27|4DA86139-6A72-4089-8858-6A3A613FDFE6|C143978A-E021-4015-BC67-5A00D6C910D1|34C4244E-5CE0-4D5D-AD85-60E97FDDD80A|45|31|31|18|1|2017
E3CDC578-37BA-4CDB-B150-DAB0409270CD|CF64EBB2-BCC2-4EAA-B1C8-060EEE3284F3|c9caf109-c27d-4062-9b9f-ac4268629e27|4DA86139-6A72-4089-8858-6A3A613FDFE6|C143978A-E021-4015-BC67-5A00D6C910D1|34C4244E-5CE0-4D5D-AD85-60E97FDDD80A|98|32|32|19|1|2017
E3CDC578-37BA-4CDB-B150-DAB0409270CD|7BF6983F-CF8D-4897-8122-7CCD0F778CAF|c9caf109-c27d-4062-9b9f-ac4268629e27|4DA86139-6A72-4089-8858-6A3A613FDFE6|C143978A-E021-4015-BC67-5A00D6C910D1|34C4244E-5CE0-4D5D-AD85-60E97FDDD80A|67|33|33|20|1|2017
E3CDC578-37BA-4CDB-B150-DAB0409270CD|87D0EA99-7042-4867-A4B7-C31E7665DE5E|c9caf109-c27d-4062-9b9f-ac4268629e27|4DA86139-6A72-4089-8858-6A3A613FDFE6|C143978A-E021-4015-BC67-5A00D6C910D1|34C4244E-5CE0-4D5D-AD85-60E97FDDD80A|45|34|34|21|1|2017
E3CDC578-37BA-4CDB-B150-DAB0409270CD|6912F4C6-9370-440A-BA87-11A8426BA92C|c9caf109-c27d-4062-9b9f-ac4268629e27|4DA86139-6A72-4089-8858-6A3A613FDFE6|C143978A-E021-4015-BC67-5A00D6C910D1|34C4244E-5CE0-4D5D-AD85-60E97FDDD80A|56|35|35|22|1|2017
E3CDC578-37BA-4CDB-B150-DAB0409270CD|91318D8C-8150-49B4-A473-CF97F104F6B7|c9caf109-c27d-4062-9b9f-ac4268629e27|4DA86139-6A72-4089-8858-6A3A613FDFE6|C143978A-E021-4015-BC67-5A00D6C910D1|34C4244E-5CE0-4D5D-AD85-60E97FDDD80A|50|36|36|23|1|2017
E3CDC578-37BA-4CDB-B150-DAB0409270CD|DD9AF1EF-EEEC-49D3-A43F-802D7028BFD7|c9caf109-c27d-4062-9b9f-ac4268629e27|4DA86139-6A72-4089-8858-6A3A613FDFE6|C143978A-E021-4015-BC67-5A00D6C910D1|34C4244E-5CE0-4D5D-AD85-60E97FDDD80A|58|37|37|24|1|2017
E3CDC578-37BA-4CDB-B150-DAB0409270CD|62BC85B5-306F-4740-A215-48470CA31288|c9caf109-c27d-4062-9b9f-ac4268629e27|4DA86139-6A72-4089-8858-6A3A613FDFE6|C143978A-E021-4015-BC67-5A00D6C910D1|34C4244E-5CE0-4D5D-AD85-60E97FDDD80A|60|38|38|25|1|2017
E3CDC578-37BA-4CDB-B150-DAB0409270CD|B2EEF18D-EE0A-4CA1-B6FE-B82F863D81B4|c9caf109-c27d-4062-9b9f-ac4268629e27|4DA86139-6A72-4089-8858-6A3A613FDFE6|C143978A-E021-4015-BC67-5A00D6C910D1|34C4244E-5CE0-4D5D-AD85-60E97FDDD80A|63|39|39|26|1|2017
E3CDC578-37BA-4CDB-B150-DAB0409270CD|29A012E5-CDE3-45D8-9BB0-A25D3DBF0A92|c9caf109-c27d-4062-9b9f-ac4268629e27|4DA86139-6A72-4089-8858-6A3A613FDFE6|C143978A-E021-4015-BC67-5A00D6C910D1|34C4244E-5CE0-4D5D-AD85-60E97FDDD80A|66|40|40|14|1|2017
E3CDC578-37BA-4CDB-B150-DAB0409270CD|423C391C-4944-43F4-9034-9C6818E9C1A2|c9caf109-c27d-4062-9b9f-ac4268629e27|4DA86139-6A72-4089-8858-6A3A613FDFE6|C143978A-E021-4015-BC67-5A00D6C910D1|34C4244E-5CE0-4D5D-AD85-60E97FDDD80A|77|41|41|15|1|2017
E3CDC578-37BA-4CDB-B150-DAB0409270CD|F67E977A-0102-4758-91E8-9782A570E75D|c9caf109-c27d-4062-9b9f-ac4268629e27|4DA86139-6A72-4089-8858-6A3A613FDFE6|C143978A-E021-4015-BC67-5A00D6C910D1|34C4244E-5CE0-4D5D-AD85-60E97FDDD80A|56|42|42|16|1|2017
E3CDC578-37BA-4CDB-B150-DAB0409270CD|EF70C8D3-6866-4F6E-8FC2-10665A8D9B12|c9caf109-c27d-4062-9b9f-ac4268629e27|4DA86139-6A72-4089-8858-6A3A613FDFE6|C143978A-E021-4015-BC67-5A00D6C910D1|34C4244E-5CE0-4D5D-AD85-60E97FDDD80A|55|43|43|17|1|2017
E3CDC578-37BA-4CDB-B150-DAB0409270CD|123264D0-464E-4032-BEA5-CFECA81410C9|c9caf109-c27d-4062-9b9f-ac4268629e27|4DA86139-6A72-4089-8858-6A3A613FDFE6|C143978A-E021-4015-BC67-5A00D6C910D1|34C4244E-5CE0-4D5D-AD85-60E97FDDD80A|67|44|44|18|1|2017
E3CDC578-37BA-4CDB-B150-DAB0409270CD|CA1F032F-1CA2-4DCE-8AAA-CB284E167A3E|c9caf109-c27d-4062-9b9f-ac4268629e27|4DA86139-6A72-4089-8858-6A3A613FDFE6|C143978A-E021-4015-BC67-5A00D6C910D1|34C4244E-5CE0-4D5D-AD85-60E97FDDD80A|56|45|45|19|1|2017
E3CDC578-37BA-4CDB-B150-DAB0409270CD|72A995F4-0C94-4FAA-8A43-2277B02B97D1|c9caf109-c27d-4062-9b9f-ac4268629e27|4DA86139-6A72-4089-8858-6A3A613FDFE6|C143978A-E021-4015-BC67-5A00D6C910D1|34C4244E-5CE0-4D5D-AD85-60E97FDDD80A|82|13|13|13|1|2017
E3CDC578-37BA-4CDB-B150-DAB0409270CD|0DE968C9-7309-C481-58F7-AB6CDB1011EF|c9caf109-c27d-4062-9b9f-ac4268629e27|4DA86139-6A72-4089-8858-6A3A613FDFE6|C143978A-E021-4015-BC67-5A00D6C910D1|34C4244E-5CE0-4D5D-AD85-60E97FDDD80A|96|14|14|14|1|2017
E3CDC578-37BA-4CDB-B150-DAB0409270CD|C1F2964E-9DD5-4B7A-86BD-E7FCAFB9D9D9|c9caf109-c27d-4062-9b9f-ac4268629e27|4DA86139-6A72-4089-8858-6A3A613FDFE6|C143978A-E021-4015-BC67-5A00D6C910D1|34C4244E-5CE0-4D5D-AD85-60E97FDDD80A|94|15|15|15|1|2017
E3CDC578-37BA-4CDB-B150-DAB0409270CD|E4D9BF24-8574-463D-A816-A21CEC6CD548|c9caf109-c27d-4062-9b9f-ac4268629e27|4DA86139-6A72-4089-8858-6A3A613FDFE6|C143978A-E021-4015-BC67-5A00D6C910D1|34C4244E-5CE0-4D5D-AD85-60E97FDDD80A|88|16|16|16|1|2017
E3CDC578-37BA-4CDB-B150-DAB0409270CD|40F82118-26E7-4CCC-8456-195B5F009478|c9caf109-c27d-4062-9b9f-ac4268629e27|4DA86139-6A72-4089-8858-6A3A613FDFE6|C143978A-E021-4015-BC67-5A00D6C910D1|34C4244E-5CE0-4D5D-AD85-60E97FDDD80A|87|17|17|17|1|2017
E3CDC578-37BA-4CDB-B150-DAB0409270CD|0420916C-304D-4EB8-A847-8B4729E915C1|c9caf109-c27d-4062-9b9f-ac4268629e27|4DA86139-6A72-4089-8858-6A3A613FDFE6|C143978A-E021-4015-BC67-5A00D6C910D1|34C4244E-5CE0-4D5D-AD85-60E97FDDD80A|65|18|18|18|1|2017
E3CDC578-37BA-4CDB-B150-DAB0409270CD|199C78A9-4708-451E-8C87-8E6B4F47AAD9|c9caf109-c27d-4062-9b9f-ac4268629e27|4DA86139-6A72-4089-8858-6A3A613FDFE6|C143978A-E021-4015-BC67-5A00D6C910D1|34C4244E-5CE0-4D5D-AD85-60E97FDDD80A|65|19|19|19|1|2017
E3CDC578-37BA-4CDB-B150-DAB0409270CD|B404AA65-25A3-40B0-8462-D377A926354F|c9caf109-c27d-4062-9b9f-ac4268629e27|4DA86139-6A72-4089-8858-6A3A613FDFE6|C143978A-E021-4015-BC67-5A00D6C910D1|34C4244E-5CE0-4D5D-AD85-60E97FDDD80A|56|20|20|20|1|2017
E3CDC578-37BA-4CDB-B150-DAB0409270CD|B7B6D6E6-84B1-47F6-AA1B-AA34AEB7D236|c9caf109-c27d-4062-9b9f-ac4268629e27|4DA86139-6A72-4089-8858-6A3A613FDFE6|C143978A-E021-4015-BC67-5A00D6C910D1|34C4244E-5CE0-4D5D-AD85-60E97FDDD80A|45|21|21|21|1|2017
E3CDC578-37BA-4CDB-B150-DAB0409270CD|7559C867-A833-4DA2-816B-51D4636033A3|c9caf109-c27d-4062-9b9f-ac4268629e27|4DA86139-6A72-4089-8858-6A3A613FDFE6|C143978A-E021-4015-BC67-5A00D6C910D1|34C4244E-5CE0-4D5D-AD85-60E97FDDD80A|98|22|22|22|1|2017
E3CDC578-37BA-4CDB-B150-DAB0409270CD|7FC3A038-C5DE-4DEE-AE2D-E2ED230AB328|c9caf109-c27d-4062-9b9f-ac4268629e27|4DA86139-6A72-4089-8858-6A3A613FDFE6|C143978A-E021-4015-BC67-5A00D6C910D1|34C4244E-5CE0-4D5D-AD85-60E97FDDD80A|67|23|23|23|1|2017
E3CDC578-37BA-4CDB-B150-DAB0409270CD|4A4D0394-0FBD-4014-98A5-D3CE9161A568|c9caf109-c27d-4062-9b9f-ac4268629e27|4DA86139-6A72-4089-8858-6A3A613FDFE6|C143978A-E021-4015-BC67-5A00D6C910D1|34C4244E-5CE0-4D5D-AD85-60E97FDDD80A|45|24|24|24|1|2017
E3CDC578-37BA-4CDB-B150-DAB0409270CD|CB0EF175-8A57-49D7-A1D4-89D0C6E3A497|c9caf109-c27d-4062-9b9f-ac4268629e27|4DA86139-6A72-4089-8858-6A3A613FDFE6|C143978A-E021-4015-BC67-5A00D6C910D1|34C4244E-5CE0-4D5D-AD85-60E97FDDD80A|56|25|25|25|1|2017
E3CDC578-37BA-4CDB-B150-DAB0409270CD|309B97E9-72AB-4FD0-A282-8410413ACE46|c9caf109-c27d-4062-9b9f-ac4268629e27|4DA86139-6A72-4089-8858-6A3A613FDFE6|C143978A-E021-4015-BC67-5A00D6C910D1|34C4244E-5CE0-4D5D-AD85-60E97FDDD80A|56|26|26|26|1|2017
E3CDC578-37BA-4CDB-B150-DAB0409270CD|307ED34F-D6B5-4EE8-AB44-543305B12085|c9caf109-c27d-4062-9b9f-ac4268629e27|4DA86139-6A72-4089-8858-6A3A613FDFE6|C143978A-E021-4015-BC67-5A00D6C910D1|34C4244E-5CE0-4D5D-AD85-60E97FDDD80A|45|27|27|14|1|2017
E3CDC578-37BA-4CDB-B150-DAB0409270CD|97BAC717-C0A7-47F7-9918-C56658E6D792|c9caf109-c27d-4062-9b9f-ac4268629e27|4DA86139-6A72-4089-8858-6A3A613FDFE6|C143978A-E021-4015-BC67-5A00D6C910D1|34C4244E-5CE0-4D5D-AD85-60E97FDDD80A|98|28|28|15|1|2017
E3CDC578-37BA-4CDB-B150-DAB0409270CD|466D93AD-B0D7-4B29-89C0-569A421763D6|c9caf109-c27d-4062-9b9f-ac4268629e27|4DA86139-6A72-4089-8858-6A3A613FDFE6|C143978A-E021-4015-BC67-5A00D6C910D1|34C4244E-5CE0-4D5D-AD85-60E97FDDD80A|67|29|29|16|1|2017
E3CDC578-37BA-4CDB-B150-DAB0409270CD|41C68FA5-4A98-4BB2-B702-68DD844F92B0|c9caf109-c27d-4062-9b9f-ac4268629e27|4DA86139-6A72-4089-8858-6A3A613FDFE6|C143978A-E021-4015-BC67-5A00D6C910D1|34C4244E-5CE0-4D5D-AD85-60E97FDDD80A|45|30|30|17|1|2017
E3CDC578-37BA-4CDB-B150-DAB0409270CD|9208D11F-98E8-47B8-8DFC-4215FC2EF127|c9caf109-c27d-4062-9b9f-ac4268629e27|4DA86139-6A72-4089-8858-6A3A613FDFE6|C143978A-E021-4015-BC67-5A00D6C910D1|34C4244E-5CE0-4D5D-AD85-60E97FDDD80A|56|31|31|18|1|2017
E3CDC578-37BA-4CDB-B150-DAB0409270CD|3013780A-61AD-4BAA-8666-C89CC1A555F8|c9caf109-c27d-4062-9b9f-ac4268629e27|4DA86139-6A72-4089-8858-6A3A613FDFE6|C143978A-E021-4015-BC67-5A00D6C910D1|34C4244E-5CE0-4D5D-AD85-60E97FDDD80A|50|32|32|19|1|2017
E3CDC578-37BA-4CDB-B150-DAB0409270CD|3C14C92D-9113-4289-8A69-564BF3F3D871|c9caf109-c27d-4062-9b9f-ac4268629e27|4DA86139-6A72-4089-8858-6A3A613FDFE6|C143978A-E021-4015-BC67-5A00D6C910D1|34C4244E-5CE0-4D5D-AD85-60E97FDDD80A|58|33|33|20|1|2017
E3CDC578-37BA-4CDB-B150-DAB0409270CD|E9888085-FD91-4551-9274-50BA485A9637|c9caf109-c27d-4062-9b9f-ac4268629e27|4DA86139-6A72-4089-8858-6A3A613FDFE6|C143978A-E021-4015-BC67-5A00D6C910D1|34C4244E-5CE0-4D5D-AD85-60E97FDDD80A|60|34|34|21|1|2017
E3CDC578-37BA-4CDB-B150-DAB0409270CD|4F218688-6DE5-4E69-8690-66FBA2F0DC9F|f098e943-26fd-4dc0-b6a0-2d02477004a4|4DA86139-6A72-4089-8858-6A3A613FDFE6|C143978A-E021-4015-BC67-5A00D6C910D1|34C4244E-5CE0-4D5D-AD85-60E97FDDD80A|63|35|35|22|1|2017
E3CDC578-37BA-4CDB-B150-DAB0409270CD|A195BAF6-D6E7-43A5-B7C9-D6C627A42815|f098e943-26fd-4dc0-b6a0-2d02477004a4|4DA86139-6A72-4089-8858-6A3A613FDFE6|C143978A-E021-4015-BC67-5A00D6C910D1|34C4244E-5CE0-4D5D-AD85-60E97FDDD80A|66|36|36|23|1|2017
E3CDC578-37BA-4CDB-B150-DAB0409270CD|8A1B5BDB-9589-4207-8345-A811FC18B2C9|f098e943-26fd-4dc0-b6a0-2d02477004a4|4DA86139-6A72-4089-8858-6A3A613FDFE6|C143978A-E021-4015-BC67-5A00D6C910D1|34C4244E-5CE0-4D5D-AD85-60E97FDDD80A|77|37|37|24|1|2017
E3CDC578-37BA-4CDB-B150-DAB0409270CD|AEED7469-F7AF-41E6-B24C-13B1D74E1026|f098e943-26fd-4dc0-b6a0-2d02477004a4|4DA86139-6A72-4089-8858-6A3A613FDFE6|C143978A-E021-4015-BC67-5A00D6C910D1|34C4244E-5CE0-4D5D-AD85-60E97FDDD80A|56|38|38|25|1|2017
E3CDC578-37BA-4CDB-B150-DAB0409270CD|CF64EBB2-BCC2-4EAA-B1C8-060EEE3284F3|f098e943-26fd-4dc0-b6a0-2d02477004a4|4DA86139-6A72-4089-8858-6A3A613FDFE6|C143978A-E021-4015-BC67-5A00D6C910D1|34C4244E-5CE0-4D5D-AD85-60E97FDDD80A|55|39|39|26|1|2017
E3CDC578-37BA-4CDB-B150-DAB0409270CD|7BF6983F-CF8D-4897-8122-7CCD0F778CAF|f098e943-26fd-4dc0-b6a0-2d02477004a4|4DA86139-6A72-4089-8858-6A3A613FDFE6|C143978A-E021-4015-BC67-5A00D6C910D1|34C4244E-5CE0-4D5D-AD85-60E97FDDD80A|67|40|40|14|1|2017
E3CDC578-37BA-4CDB-B150-DAB0409270CD|87D0EA99-7042-4867-A4B7-C31E7665DE5E|f098e943-26fd-4dc0-b6a0-2d02477004a4|4DA86139-6A72-4089-8858-6A3A613FDFE6|C143978A-E021-4015-BC67-5A00D6C910D1|34C4244E-5CE0-4D5D-AD85-60E97FDDD80A|56|41|41|15|1|2017
E3CDC578-37BA-4CDB-B150-DAB0409270CD|6912F4C6-9370-440A-BA87-11A8426BA92C|f098e943-26fd-4dc0-b6a0-2d02477004a4|4DA86139-6A72-4089-8858-6A3A613FDFE6|C143978A-E021-4015-BC67-5A00D6C910D1|34C4244E-5CE0-4D5D-AD85-60E97FDDD80A|82|42|42|16|1|2017
E3CDC578-37BA-4CDB-B150-DAB0409270CD|91318D8C-8150-49B4-A473-CF97F104F6B7|f098e943-26fd-4dc0-b6a0-2d02477004a4|4DA86139-6A72-4089-8858-6A3A613FDFE6|C143978A-E021-4015-BC67-5A00D6C910D1|34C4244E-5CE0-4D5D-AD85-60E97FDDD80A|96|43|43|17|1|2017
E3CDC578-37BA-4CDB-B150-DAB0409270CD|DD9AF1EF-EEEC-49D3-A43F-802D7028BFD7|f098e943-26fd-4dc0-b6a0-2d02477004a4|4DA86139-6A72-4089-8858-6A3A613FDFE6|C143978A-E021-4015-BC67-5A00D6C910D1|34C4244E-5CE0-4D5D-AD85-60E97FDDD80A|94|44|44|18|1|2017
E3CDC578-37BA-4CDB-B150-DAB0409270CD|62BC85B5-306F-4740-A215-48470CA31288|f098e943-26fd-4dc0-b6a0-2d02477004a4|4DA86139-6A72-4089-8858-6A3A613FDFE6|C143978A-E021-4015-BC67-5A00D6C910D1|34C4244E-5CE0-4D5D-AD85-60E97FDDD80A|88|45|45|19|1|2017
E3CDC578-37BA-4CDB-B150-DAB0409270CD|B2EEF18D-EE0A-4CA1-B6FE-B82F863D81B4|f098e943-26fd-4dc0-b6a0-2d02477004a4|4DA86139-6A72-4089-8858-6A3A613FDFE6|C143978A-E021-4015-BC67-5A00D6C910D1|34C4244E-5CE0-4D5D-AD85-60E97FDDD80A|87|13|13|13|1|2017
E3CDC578-37BA-4CDB-B150-DAB0409270CD|29A012E5-CDE3-45D8-9BB0-A25D3DBF0A92|f098e943-26fd-4dc0-b6a0-2d02477004a4|4DA86139-6A72-4089-8858-6A3A613FDFE6|C143978A-E021-4015-BC67-5A00D6C910D1|34C4244E-5CE0-4D5D-AD85-60E97FDDD80A|65|14|14|14|1|2017
E3CDC578-37BA-4CDB-B150-DAB0409270CD|423C391C-4944-43F4-9034-9C6818E9C1A2|f098e943-26fd-4dc0-b6a0-2d02477004a4|4DA86139-6A72-4089-8858-6A3A613FDFE6|C143978A-E021-4015-BC67-5A00D6C910D1|34C4244E-5CE0-4D5D-AD85-60E97FDDD80A|65|15|15|15|1|2017
E3CDC578-37BA-4CDB-B150-DAB0409270CD|F67E977A-0102-4758-91E8-9782A570E75D|f098e943-26fd-4dc0-b6a0-2d02477004a4|4DA86139-6A72-4089-8858-6A3A613FDFE6|C143978A-E021-4015-BC67-5A00D6C910D1|34C4244E-5CE0-4D5D-AD85-60E97FDDD80A|56|16|16|16|1|2017
E3CDC578-37BA-4CDB-B150-DAB0409270CD|EF70C8D3-6866-4F6E-8FC2-10665A8D9B12|f098e943-26fd-4dc0-b6a0-2d02477004a4|4DA86139-6A72-4089-8858-6A3A613FDFE6|C143978A-E021-4015-BC67-5A00D6C910D1|34C4244E-5CE0-4D5D-AD85-60E97FDDD80A|45|17|17|17|1|2017
E3CDC578-37BA-4CDB-B150-DAB0409270CD|123264D0-464E-4032-BEA5-CFECA81410C9|f098e943-26fd-4dc0-b6a0-2d02477004a4|4DA86139-6A72-4089-8858-6A3A613FDFE6|C143978A-E021-4015-BC67-5A00D6C910D1|34C4244E-5CE0-4D5D-AD85-60E97FDDD80A|98|18|18|18|1|2017
E3CDC578-37BA-4CDB-B150-DAB0409270CD|CA1F032F-1CA2-4DCE-8AAA-CB284E167A3E|f098e943-26fd-4dc0-b6a0-2d02477004a4|4DA86139-6A72-4089-8858-6A3A613FDFE6|C143978A-E021-4015-BC67-5A00D6C910D1|34C4244E-5CE0-4D5D-AD85-60E97FDDD80A|67|19|19|19|1|2017
E3CDC578-37BA-4CDB-B150-DAB0409270CD|72A995F4-0C94-4FAA-8A43-2277B02B97D1|f098e943-26fd-4dc0-b6a0-2d02477004a4|4DA86139-6A72-4089-8858-6A3A613FDFE6|C143978A-E021-4015-BC67-5A00D6C910D1|34C4244E-5CE0-4D5D-AD85-60E97FDDD80A|45|20|20|20|1|2017
E3CDC578-37BA-4CDB-B150-DAB0409270CD|0DE968C9-7309-C481-58F7-AB6CDB1011EF|f098e943-26fd-4dc0-b6a0-2d02477004a4|4DA86139-6A72-4089-8858-6A3A613FDFE6|C143978A-E021-4015-BC67-5A00D6C910D1|34C4244E-5CE0-4D5D-AD85-60E97FDDD80A|56|21|21|21|1|2017
E3CDC578-37BA-4CDB-B150-DAB0409270CD|C1F2964E-9DD5-4B7A-86BD-E7FCAFB9D9D9|f098e943-26fd-4dc0-b6a0-2d02477004a4|4DA86139-6A72-4089-8858-6A3A613FDFE6|C143978A-E021-4015-BC67-5A00D6C910D1|34C4244E-5CE0-4D5D-AD85-60E97FDDD80A|50|22|22|22|1|2017
E3CDC578-37BA-4CDB-B150-DAB0409270CD|E4D9BF24-8574-463D-A816-A21CEC6CD548|f098e943-26fd-4dc0-b6a0-2d02477004a4|4DA86139-6A72-4089-8858-6A3A613FDFE6|C143978A-E021-4015-BC67-5A00D6C910D1|34C4244E-5CE0-4D5D-AD85-60E97FDDD80A|58|23|23|23|1|2017
E3CDC578-37BA-4CDB-B150-DAB0409270CD|40F82118-26E7-4CCC-8456-195B5F009478|f098e943-26fd-4dc0-b6a0-2d02477004a4|4DA86139-6A72-4089-8858-6A3A613FDFE6|C143978A-E021-4015-BC67-5A00D6C910D1|34C4244E-5CE0-4D5D-AD85-60E97FDDD80A|60|24|24|24|1|2017
E3CDC578-37BA-4CDB-B150-DAB0409270CD|0420916C-304D-4EB8-A847-8B4729E915C1|f098e943-26fd-4dc0-b6a0-2d02477004a4|4DA86139-6A72-4089-8858-6A3A613FDFE6|C143978A-E021-4015-BC67-5A00D6C910D1|34C4244E-5CE0-4D5D-AD85-60E97FDDD80A|63|25|25|25|1|2017
E3CDC578-37BA-4CDB-B150-DAB0409270CD|199C78A9-4708-451E-8C87-8E6B4F47AAD9|f098e943-26fd-4dc0-b6a0-2d02477004a4|4DA86139-6A72-4089-8858-6A3A613FDFE6|C143978A-E021-4015-BC67-5A00D6C910D1|34C4244E-5CE0-4D5D-AD85-60E97FDDD80A|76|26|26|26|1|2017
E3CDC578-37BA-4CDB-B150-DAB0409270CD|B404AA65-25A3-40B0-8462-D377A926354F|f098e943-26fd-4dc0-b6a0-2d02477004a4|4DA86139-6A72-4089-8858-6A3A613FDFE6|C143978A-E021-4015-BC67-5A00D6C910D1|34C4244E-5CE0-4D5D-AD85-60E97FDDD80A|56|27|27|14|1|2017
E3CDC578-37BA-4CDB-B150-DAB0409270CD|B7B6D6E6-84B1-47F6-AA1B-AA34AEB7D236|f098e943-26fd-4dc0-b6a0-2d02477004a4|4DA86139-6A72-4089-8858-6A3A613FDFE6|C143978A-E021-4015-BC67-5A00D6C910D1|34C4244E-5CE0-4D5D-AD85-60E97FDDD80A|82|28|28|15|1|2017
E3CDC578-37BA-4CDB-B150-DAB0409270CD|7559C867-A833-4DA2-816B-51D4636033A3|f098e943-26fd-4dc0-b6a0-2d02477004a4|4DA86139-6A72-4089-8858-6A3A613FDFE6|C143978A-E021-4015-BC67-5A00D6C910D1|34C4244E-5CE0-4D5D-AD85-60E97FDDD80A|96|29|29|16|1|2017
E3CDC578-37BA-4CDB-B150-DAB0409270CD|7FC3A038-C5DE-4DEE-AE2D-E2ED230AB328|f098e943-26fd-4dc0-b6a0-2d02477004a4|4DA86139-6A72-4089-8858-6A3A613FDFE6|C143978A-E021-4015-BC67-5A00D6C910D1|34C4244E-5CE0-4D5D-AD85-60E97FDDD80A|94|30|30|17|1|2017
E3CDC578-37BA-4CDB-B150-DAB0409270CD|4A4D0394-0FBD-4014-98A5-D3CE9161A568|f098e943-26fd-4dc0-b6a0-2d02477004a4|4DA86139-6A72-4089-8858-6A3A613FDFE6|C143978A-E021-4015-BC67-5A00D6C910D1|34C4244E-5CE0-4D5D-AD85-60E97FDDD80A|88|31|31|18|1|2017
E3CDC578-37BA-4CDB-B150-DAB0409270CD|CB0EF175-8A57-49D7-A1D4-89D0C6E3A497|f098e943-26fd-4dc0-b6a0-2d02477004a4|4DA86139-6A72-4089-8858-6A3A613FDFE6|C143978A-E021-4015-BC67-5A00D6C910D1|34C4244E-5CE0-4D5D-AD85-60E97FDDD80A|87|32|32|19|1|2017
E3CDC578-37BA-4CDB-B150-DAB0409270CD|309B97E9-72AB-4FD0-A282-8410413ACE46|f098e943-26fd-4dc0-b6a0-2d02477004a4|4DA86139-6A72-4089-8858-6A3A613FDFE6|C143978A-E021-4015-BC67-5A00D6C910D1|34C4244E-5CE0-4D5D-AD85-60E97FDDD80A|65|33|33|20|1|2017
E3CDC578-37BA-4CDB-B150-DAB0409270CD|307ED34F-D6B5-4EE8-AB44-543305B12085|f098e943-26fd-4dc0-b6a0-2d02477004a4|4DA86139-6A72-4089-8858-6A3A613FDFE6|C143978A-E021-4015-BC67-5A00D6C910D1|34C4244E-5CE0-4D5D-AD85-60E97FDDD80A|65|34|34|21|1|2017
E3CDC578-37BA-4CDB-B150-DAB0409270CD|97BAC717-C0A7-47F7-9918-C56658E6D792|f098e943-26fd-4dc0-b6a0-2d02477004a4|4DA86139-6A72-4089-8858-6A3A613FDFE6|C143978A-E021-4015-BC67-5A00D6C910D1|34C4244E-5CE0-4D5D-AD85-60E97FDDD80A|56|35|35|22|1|2017
E3CDC578-37BA-4CDB-B150-DAB0409270CD|466D93AD-B0D7-4B29-89C0-569A421763D6|f098e943-26fd-4dc0-b6a0-2d02477004a4|4DA86139-6A72-4089-8858-6A3A613FDFE6|C143978A-E021-4015-BC67-5A00D6C910D1|34C4244E-5CE0-4D5D-AD85-60E97FDDD80A|45|36|36|23|1|2017
E3CDC578-37BA-4CDB-B150-DAB0409270CD|41C68FA5-4A98-4BB2-B702-68DD844F92B0|f098e943-26fd-4dc0-b6a0-2d02477004a4|4DA86139-6A72-4089-8858-6A3A613FDFE6|C143978A-E021-4015-BC67-5A00D6C910D1|34C4244E-5CE0-4D5D-AD85-60E97FDDD80A|98|37|37|24|1|2017
E3CDC578-37BA-4CDB-B150-DAB0409270CD|9208D11F-98E8-47B8-8DFC-4215FC2EF127|f098e943-26fd-4dc0-b6a0-2d02477004a4|4DA86139-6A72-4089-8858-6A3A613FDFE6|C143978A-E021-4015-BC67-5A00D6C910D1|34C4244E-5CE0-4D5D-AD85-60E97FDDD80A|67|38|38|25|1|2017
E3CDC578-37BA-4CDB-B150-DAB0409270CD|3013780A-61AD-4BAA-8666-C89CC1A555F8|f098e943-26fd-4dc0-b6a0-2d02477004a4|4DA86139-6A72-4089-8858-6A3A613FDFE6|C143978A-E021-4015-BC67-5A00D6C910D1|34C4244E-5CE0-4D5D-AD85-60E97FDDD80A|45|39|39|26|1|2017
E3CDC578-37BA-4CDB-B150-DAB0409270CD|3C14C92D-9113-4289-8A69-564BF3F3D871|f098e943-26fd-4dc0-b6a0-2d02477004a4|4DA86139-6A72-4089-8858-6A3A613FDFE6|C143978A-E021-4015-BC67-5A00D6C910D1|34C4244E-5CE0-4D5D-AD85-60E97FDDD80A|56|40|40|14|1|2017
E3CDC578-37BA-4CDB-B150-DAB0409270CD|E9888085-FD91-4551-9274-50BA485A9637|f098e943-26fd-4dc0-b6a0-2d02477004a4|4DA86139-6A72-4089-8858-6A3A613FDFE6|C143978A-E021-4015-BC67-5A00D6C910D1|34C4244E-5CE0-4D5D-AD85-60E97FDDD80A|50|41|41|15|1|2017
E3CDC578-37BA-4CDB-B150-DAB0409270CD|4F218688-6DE5-4E69-8690-66FBA2F0DC9F|0e5dc1c6-f62f-4a36-a1ec-064173332694|4DA86139-6A72-4089-8858-6A3A613FDFE6|C143978A-E021-4015-BC67-5A00D6C910D1|34C4244E-5CE0-4D5D-AD85-60E97FDDD80A|58|42|42|16|1|2017
E3CDC578-37BA-4CDB-B150-DAB0409270CD|A195BAF6-D6E7-43A5-B7C9-D6C627A42815|0e5dc1c6-f62f-4a36-a1ec-064173332694|4DA86139-6A72-4089-8858-6A3A613FDFE6|C143978A-E021-4015-BC67-5A00D6C910D1|34C4244E-5CE0-4D5D-AD85-60E97FDDD80A|60|43|43|17|1|2017
E3CDC578-37BA-4CDB-B150-DAB0409270CD|8A1B5BDB-9589-4207-8345-A811FC18B2C9|0e5dc1c6-f62f-4a36-a1ec-064173332694|4DA86139-6A72-4089-8858-6A3A613FDFE6|C143978A-E021-4015-BC67-5A00D6C910D1|34C4244E-5CE0-4D5D-AD85-60E97FDDD80A|63|44|44|18|1|2017
E3CDC578-37BA-4CDB-B150-DAB0409270CD|AEED7469-F7AF-41E6-B24C-13B1D74E1026|0e5dc1c6-f62f-4a36-a1ec-064173332694|4DA86139-6A72-4089-8858-6A3A613FDFE6|C143978A-E021-4015-BC67-5A00D6C910D1|34C4244E-5CE0-4D5D-AD85-60E97FDDD80A|66|45|45|19|1|2017
E3CDC578-37BA-4CDB-B150-DAB0409270CD|CF64EBB2-BCC2-4EAA-B1C8-060EEE3284F3|0e5dc1c6-f62f-4a36-a1ec-064173332694|4DA86139-6A72-4089-8858-6A3A613FDFE6|C143978A-E021-4015-BC67-5A00D6C910D1|34C4244E-5CE0-4D5D-AD85-60E97FDDD80A|77|13|13|13|1|2017
E3CDC578-37BA-4CDB-B150-DAB0409270CD|7BF6983F-CF8D-4897-8122-7CCD0F778CAF|0e5dc1c6-f62f-4a36-a1ec-064173332694|4DA86139-6A72-4089-8858-6A3A613FDFE6|C143978A-E021-4015-BC67-5A00D6C910D1|34C4244E-5CE0-4D5D-AD85-60E97FDDD80A|56|14|14|14|1|2017
E3CDC578-37BA-4CDB-B150-DAB0409270CD|87D0EA99-7042-4867-A4B7-C31E7665DE5E|0e5dc1c6-f62f-4a36-a1ec-064173332694|4DA86139-6A72-4089-8858-6A3A613FDFE6|C143978A-E021-4015-BC67-5A00D6C910D1|34C4244E-5CE0-4D5D-AD85-60E97FDDD80A|55|15|15|15|1|2017
E3CDC578-37BA-4CDB-B150-DAB0409270CD|6912F4C6-9370-440A-BA87-11A8426BA92C|0e5dc1c6-f62f-4a36-a1ec-064173332694|4DA86139-6A72-4089-8858-6A3A613FDFE6|C143978A-E021-4015-BC67-5A00D6C910D1|34C4244E-5CE0-4D5D-AD85-60E97FDDD80A|67|16|16|16|1|2017
E3CDC578-37BA-4CDB-B150-DAB0409270CD|91318D8C-8150-49B4-A473-CF97F104F6B7|0e5dc1c6-f62f-4a36-a1ec-064173332694|4DA86139-6A72-4089-8858-6A3A613FDFE6|C143978A-E021-4015-BC67-5A00D6C910D1|34C4244E-5CE0-4D5D-AD85-60E97FDDD80A|56|17|17|17|1|2017
E3CDC578-37BA-4CDB-B150-DAB0409270CD|DD9AF1EF-EEEC-49D3-A43F-802D7028BFD7|0e5dc1c6-f62f-4a36-a1ec-064173332694|4DA86139-6A72-4089-8858-6A3A613FDFE6|C143978A-E021-4015-BC67-5A00D6C910D1|34C4244E-5CE0-4D5D-AD85-60E97FDDD80A|82|18|18|18|1|2017
E3CDC578-37BA-4CDB-B150-DAB0409270CD|62BC85B5-306F-4740-A215-48470CA31288|0e5dc1c6-f62f-4a36-a1ec-064173332694|4DA86139-6A72-4089-8858-6A3A613FDFE6|C143978A-E021-4015-BC67-5A00D6C910D1|34C4244E-5CE0-4D5D-AD85-60E97FDDD80A|96|19|19|19|1|2017
E3CDC578-37BA-4CDB-B150-DAB0409270CD|B2EEF18D-EE0A-4CA1-B6FE-B82F863D81B4|0e5dc1c6-f62f-4a36-a1ec-064173332694|4DA86139-6A72-4089-8858-6A3A613FDFE6|C143978A-E021-4015-BC67-5A00D6C910D1|34C4244E-5CE0-4D5D-AD85-60E97FDDD80A|94|20|20|20|1|2017
E3CDC578-37BA-4CDB-B150-DAB0409270CD|29A012E5-CDE3-45D8-9BB0-A25D3DBF0A92|0e5dc1c6-f62f-4a36-a1ec-064173332694|4DA86139-6A72-4089-8858-6A3A613FDFE6|C143978A-E021-4015-BC67-5A00D6C910D1|34C4244E-5CE0-4D5D-AD85-60E97FDDD80A|88|21|21|21|1|2017
E3CDC578-37BA-4CDB-B150-DAB0409270CD|423C391C-4944-43F4-9034-9C6818E9C1A2|0e5dc1c6-f62f-4a36-a1ec-064173332694|4DA86139-6A72-4089-8858-6A3A613FDFE6|C143978A-E021-4015-BC67-5A00D6C910D1|34C4244E-5CE0-4D5D-AD85-60E97FDDD80A|87|22|22|22|1|2017
E3CDC578-37BA-4CDB-B150-DAB0409270CD|F67E977A-0102-4758-91E8-9782A570E75D|0e5dc1c6-f62f-4a36-a1ec-064173332694|4DA86139-6A72-4089-8858-6A3A613FDFE6|C143978A-E021-4015-BC67-5A00D6C910D1|34C4244E-5CE0-4D5D-AD85-60E97FDDD80A|65|23|23|23|1|2017
E3CDC578-37BA-4CDB-B150-DAB0409270CD|EF70C8D3-6866-4F6E-8FC2-10665A8D9B12|0e5dc1c6-f62f-4a36-a1ec-064173332694|4DA86139-6A72-4089-8858-6A3A613FDFE6|C143978A-E021-4015-BC67-5A00D6C910D1|34C4244E-5CE0-4D5D-AD85-60E97FDDD80A|65|24|24|24|1|2017
E3CDC578-37BA-4CDB-B150-DAB0409270CD|123264D0-464E-4032-BEA5-CFECA81410C9|0e5dc1c6-f62f-4a36-a1ec-064173332694|4DA86139-6A72-4089-8858-6A3A613FDFE6|C143978A-E021-4015-BC67-5A00D6C910D1|34C4244E-5CE0-4D5D-AD85-60E97FDDD80A|56|25|25|25|1|2017
E3CDC578-37BA-4CDB-B150-DAB0409270CD|CA1F032F-1CA2-4DCE-8AAA-CB284E167A3E|0e5dc1c6-f62f-4a36-a1ec-064173332694|4DA86139-6A72-4089-8858-6A3A613FDFE6|C143978A-E021-4015-BC67-5A00D6C910D1|34C4244E-5CE0-4D5D-AD85-60E97FDDD80A|45|26|26|26|1|2017
E3CDC578-37BA-4CDB-B150-DAB0409270CD|72A995F4-0C94-4FAA-8A43-2277B02B97D1|0e5dc1c6-f62f-4a36-a1ec-064173332694|4DA86139-6A72-4089-8858-6A3A613FDFE6|C143978A-E021-4015-BC67-5A00D6C910D1|34C4244E-5CE0-4D5D-AD85-60E97FDDD80A|98|27|27|14|1|2017
E3CDC578-37BA-4CDB-B150-DAB0409270CD|0DE968C9-7309-C481-58F7-AB6CDB1011EF|0e5dc1c6-f62f-4a36-a1ec-064173332694|4DA86139-6A72-4089-8858-6A3A613FDFE6|C143978A-E021-4015-BC67-5A00D6C910D1|34C4244E-5CE0-4D5D-AD85-60E97FDDD80A|67|28|28|15|1|2017
E3CDC578-37BA-4CDB-B150-DAB0409270CD|C1F2964E-9DD5-4B7A-86BD-E7FCAFB9D9D9|0e5dc1c6-f62f-4a36-a1ec-064173332694|4DA86139-6A72-4089-8858-6A3A613FDFE6|C143978A-E021-4015-BC67-5A00D6C910D1|34C4244E-5CE0-4D5D-AD85-60E97FDDD80A|45|29|29|16|1|2017
E3CDC578-37BA-4CDB-B150-DAB0409270CD|E4D9BF24-8574-463D-A816-A21CEC6CD548|0e5dc1c6-f62f-4a36-a1ec-064173332694|4DA86139-6A72-4089-8858-6A3A613FDFE6|C143978A-E021-4015-BC67-5A00D6C910D1|34C4244E-5CE0-4D5D-AD85-60E97FDDD80A|56|30|30|17|1|2017
E3CDC578-37BA-4CDB-B150-DAB0409270CD|40F82118-26E7-4CCC-8456-195B5F009478|0e5dc1c6-f62f-4a36-a1ec-064173332694|4DA86139-6A72-4089-8858-6A3A613FDFE6|C143978A-E021-4015-BC67-5A00D6C910D1|34C4244E-5CE0-4D5D-AD85-60E97FDDD80A|56|31|31|18|1|2017
E3CDC578-37BA-4CDB-B150-DAB0409270CD|0420916C-304D-4EB8-A847-8B4729E915C1|0e5dc1c6-f62f-4a36-a1ec-064173332694|4DA86139-6A72-4089-8858-6A3A613FDFE6|C143978A-E021-4015-BC67-5A00D6C910D1|34C4244E-5CE0-4D5D-AD85-60E97FDDD80A|45|32|32|19|1|2017
E3CDC578-37BA-4CDB-B150-DAB0409270CD|199C78A9-4708-451E-8C87-8E6B4F47AAD9|0e5dc1c6-f62f-4a36-a1ec-064173332694|4DA86139-6A72-4089-8858-6A3A613FDFE6|C143978A-E021-4015-BC67-5A00D6C910D1|34C4244E-5CE0-4D5D-AD85-60E97FDDD80A|98|33|33|20|1|2017
E3CDC578-37BA-4CDB-B150-DAB0409270CD|B404AA65-25A3-40B0-8462-D377A926354F|0e5dc1c6-f62f-4a36-a1ec-064173332694|4DA86139-6A72-4089-8858-6A3A613FDFE6|C143978A-E021-4015-BC67-5A00D6C910D1|34C4244E-5CE0-4D5D-AD85-60E97FDDD80A|67|34|34|21|1|2017
E3CDC578-37BA-4CDB-B150-DAB0409270CD|B7B6D6E6-84B1-47F6-AA1B-AA34AEB7D236|0e5dc1c6-f62f-4a36-a1ec-064173332694|4DA86139-6A72-4089-8858-6A3A613FDFE6|C143978A-E021-4015-BC67-5A00D6C910D1|34C4244E-5CE0-4D5D-AD85-60E97FDDD80A|45|35|35|22|1|2017
E3CDC578-37BA-4CDB-B150-DAB0409270CD|7559C867-A833-4DA2-816B-51D4636033A3|0e5dc1c6-f62f-4a36-a1ec-064173332694|4DA86139-6A72-4089-8858-6A3A613FDFE6|C143978A-E021-4015-BC67-5A00D6C910D1|34C4244E-5CE0-4D5D-AD85-60E97FDDD80A|56|36|36|23|1|2017
E3CDC578-37BA-4CDB-B150-DAB0409270CD|7FC3A038-C5DE-4DEE-AE2D-E2ED230AB328|0e5dc1c6-f62f-4a36-a1ec-064173332694|4DA86139-6A72-4089-8858-6A3A613FDFE6|C143978A-E021-4015-BC67-5A00D6C910D1|34C4244E-5CE0-4D5D-AD85-60E97FDDD80A|50|37|37|24|1|2017
E3CDC578-37BA-4CDB-B150-DAB0409270CD|4A4D0394-0FBD-4014-98A5-D3CE9161A568|0e5dc1c6-f62f-4a36-a1ec-064173332694|4DA86139-6A72-4089-8858-6A3A613FDFE6|C143978A-E021-4015-BC67-5A00D6C910D1|34C4244E-5CE0-4D5D-AD85-60E97FDDD80A|58|38|38|25|1|2017
E3CDC578-37BA-4CDB-B150-DAB0409270CD|CB0EF175-8A57-49D7-A1D4-89D0C6E3A497|0e5dc1c6-f62f-4a36-a1ec-064173332694|4DA86139-6A72-4089-8858-6A3A613FDFE6|C143978A-E021-4015-BC67-5A00D6C910D1|34C4244E-5CE0-4D5D-AD85-60E97FDDD80A|60|39|39|26|1|2017
E3CDC578-37BA-4CDB-B150-DAB0409270CD|309B97E9-72AB-4FD0-A282-8410413ACE46|0e5dc1c6-f62f-4a36-a1ec-064173332694|4DA86139-6A72-4089-8858-6A3A613FDFE6|C143978A-E021-4015-BC67-5A00D6C910D1|34C4244E-5CE0-4D5D-AD85-60E97FDDD80A|63|40|40|14|1|2017
E3CDC578-37BA-4CDB-B150-DAB0409270CD|307ED34F-D6B5-4EE8-AB44-543305B12085|0e5dc1c6-f62f-4a36-a1ec-064173332694|4DA86139-6A72-4089-8858-6A3A613FDFE6|C143978A-E021-4015-BC67-5A00D6C910D1|34C4244E-5CE0-4D5D-AD85-60E97FDDD80A|66|41|41|15|1|2017
E3CDC578-37BA-4CDB-B150-DAB0409270CD|97BAC717-C0A7-47F7-9918-C56658E6D792|0e5dc1c6-f62f-4a36-a1ec-064173332694|4DA86139-6A72-4089-8858-6A3A613FDFE6|C143978A-E021-4015-BC67-5A00D6C910D1|34C4244E-5CE0-4D5D-AD85-60E97FDDD80A|77|42|42|16|1|2017
E3CDC578-37BA-4CDB-B150-DAB0409270CD|466D93AD-B0D7-4B29-89C0-569A421763D6|0e5dc1c6-f62f-4a36-a1ec-064173332694|4DA86139-6A72-4089-8858-6A3A613FDFE6|C143978A-E021-4015-BC67-5A00D6C910D1|34C4244E-5CE0-4D5D-AD85-60E97FDDD80A|56|43|43|17|1|2017
E3CDC578-37BA-4CDB-B150-DAB0409270CD|41C68FA5-4A98-4BB2-B702-68DD844F92B0|0e5dc1c6-f62f-4a36-a1ec-064173332694|4DA86139-6A72-4089-8858-6A3A613FDFE6|C143978A-E021-4015-BC67-5A00D6C910D1|34C4244E-5CE0-4D5D-AD85-60E97FDDD80A|55|44|44|18|1|2017
E3CDC578-37BA-4CDB-B150-DAB0409270CD|9208D11F-98E8-47B8-8DFC-4215FC2EF127|0e5dc1c6-f62f-4a36-a1ec-064173332694|4DA86139-6A72-4089-8858-6A3A613FDFE6|C143978A-E021-4015-BC67-5A00D6C910D1|34C4244E-5CE0-4D5D-AD85-60E97FDDD80A|67|45|45|19|1|2017
E3CDC578-37BA-4CDB-B150-DAB0409270CD|3013780A-61AD-4BAA-8666-C89CC1A555F8|0e5dc1c6-f62f-4a36-a1ec-064173332694|4DA86139-6A72-4089-8858-6A3A613FDFE6|C143978A-E021-4015-BC67-5A00D6C910D1|34C4244E-5CE0-4D5D-AD85-60E97FDDD80A|56|13|13|13|1|2017
E3CDC578-37BA-4CDB-B150-DAB0409270CD|3C14C92D-9113-4289-8A69-564BF3F3D871|0e5dc1c6-f62f-4a36-a1ec-064173332694|4DA86139-6A72-4089-8858-6A3A613FDFE6|C143978A-E021-4015-BC67-5A00D6C910D1|34C4244E-5CE0-4D5D-AD85-60E97FDDD80A|82|14|14|14|1|2017
E3CDC578-37BA-4CDB-B150-DAB0409270CD|E9888085-FD91-4551-9274-50BA485A9637|0e5dc1c6-f62f-4a36-a1ec-064173332694|4DA86139-6A72-4089-8858-6A3A613FDFE6|C143978A-E021-4015-BC67-5A00D6C910D1|34C4244E-5CE0-4D5D-AD85-60E97FDDD80A|96|15|15|15|1|2017
E3CDC578-37BA-4CDB-B150-DAB0409270CD|4F218688-6DE5-4E69-8690-66FBA2F0DC9F|e1729cc2-524a-4069-b4a4-be5aec8473fe|4DA86139-6A72-4089-8858-6A3A613FDFE6|C143978A-E021-4015-BC67-5A00D6C910D1|34C4244E-5CE0-4D5D-AD85-60E97FDDD80A|94|16|16|16|1|2017
E3CDC578-37BA-4CDB-B150-DAB0409270CD|A195BAF6-D6E7-43A5-B7C9-D6C627A42815|e1729cc2-524a-4069-b4a4-be5aec8473fe|4DA86139-6A72-4089-8858-6A3A613FDFE6|C143978A-E021-4015-BC67-5A00D6C910D1|34C4244E-5CE0-4D5D-AD85-60E97FDDD80A|88|17|17|17|1|2017
E3CDC578-37BA-4CDB-B150-DAB0409270CD|8A1B5BDB-9589-4207-8345-A811FC18B2C9|e1729cc2-524a-4069-b4a4-be5aec8473fe|4DA86139-6A72-4089-8858-6A3A613FDFE6|C143978A-E021-4015-BC67-5A00D6C910D1|34C4244E-5CE0-4D5D-AD85-60E97FDDD80A|87|18|18|18|1|2017
E3CDC578-37BA-4CDB-B150-DAB0409270CD|AEED7469-F7AF-41E6-B24C-13B1D74E1026|e1729cc2-524a-4069-b4a4-be5aec8473fe|4DA86139-6A72-4089-8858-6A3A613FDFE6|C143978A-E021-4015-BC67-5A00D6C910D1|34C4244E-5CE0-4D5D-AD85-60E97FDDD80A|65|19|19|19|1|2017
E3CDC578-37BA-4CDB-B150-DAB0409270CD|CF64EBB2-BCC2-4EAA-B1C8-060EEE3284F3|e1729cc2-524a-4069-b4a4-be5aec8473fe|4DA86139-6A72-4089-8858-6A3A613FDFE6|C143978A-E021-4015-BC67-5A00D6C910D1|34C4244E-5CE0-4D5D-AD85-60E97FDDD80A|65|20|20|20|1|2017
E3CDC578-37BA-4CDB-B150-DAB0409270CD|7BF6983F-CF8D-4897-8122-7CCD0F778CAF|e1729cc2-524a-4069-b4a4-be5aec8473fe|4DA86139-6A72-4089-8858-6A3A613FDFE6|C143978A-E021-4015-BC67-5A00D6C910D1|34C4244E-5CE0-4D5D-AD85-60E97FDDD80A|56|21|21|21|1|2017
E3CDC578-37BA-4CDB-B150-DAB0409270CD|87D0EA99-7042-4867-A4B7-C31E7665DE5E|e1729cc2-524a-4069-b4a4-be5aec8473fe|4DA86139-6A72-4089-8858-6A3A613FDFE6|C143978A-E021-4015-BC67-5A00D6C910D1|34C4244E-5CE0-4D5D-AD85-60E97FDDD80A|45|22|22|22|1|2017
E3CDC578-37BA-4CDB-B150-DAB0409270CD|6912F4C6-9370-440A-BA87-11A8426BA92C|e1729cc2-524a-4069-b4a4-be5aec8473fe|4DA86139-6A72-4089-8858-6A3A613FDFE6|C143978A-E021-4015-BC67-5A00D6C910D1|34C4244E-5CE0-4D5D-AD85-60E97FDDD80A|98|23|23|23|1|2017
E3CDC578-37BA-4CDB-B150-DAB0409270CD|91318D8C-8150-49B4-A473-CF97F104F6B7|e1729cc2-524a-4069-b4a4-be5aec8473fe|4DA86139-6A72-4089-8858-6A3A613FDFE6|C143978A-E021-4015-BC67-5A00D6C910D1|34C4244E-5CE0-4D5D-AD85-60E97FDDD80A|67|24|24|24|1|2017
E3CDC578-37BA-4CDB-B150-DAB0409270CD|DD9AF1EF-EEEC-49D3-A43F-802D7028BFD7|e1729cc2-524a-4069-b4a4-be5aec8473fe|4DA86139-6A72-4089-8858-6A3A613FDFE6|C143978A-E021-4015-BC67-5A00D6C910D1|34C4244E-5CE0-4D5D-AD85-60E97FDDD80A|45|25|25|25|1|2017
E3CDC578-37BA-4CDB-B150-DAB0409270CD|62BC85B5-306F-4740-A215-48470CA31288|e1729cc2-524a-4069-b4a4-be5aec8473fe|4DA86139-6A72-4089-8858-6A3A613FDFE6|C143978A-E021-4015-BC67-5A00D6C910D1|34C4244E-5CE0-4D5D-AD85-60E97FDDD80A|56|26|26|26|1|2017
E3CDC578-37BA-4CDB-B150-DAB0409270CD|B2EEF18D-EE0A-4CA1-B6FE-B82F863D81B4|e1729cc2-524a-4069-b4a4-be5aec8473fe|4DA86139-6A72-4089-8858-6A3A613FDFE6|C143978A-E021-4015-BC67-5A00D6C910D1|34C4244E-5CE0-4D5D-AD85-60E97FDDD80A|50|27|27|14|1|2017
E3CDC578-37BA-4CDB-B150-DAB0409270CD|29A012E5-CDE3-45D8-9BB0-A25D3DBF0A92|e1729cc2-524a-4069-b4a4-be5aec8473fe|4DA86139-6A72-4089-8858-6A3A613FDFE6|C143978A-E021-4015-BC67-5A00D6C910D1|34C4244E-5CE0-4D5D-AD85-60E97FDDD80A|58|28|28|15|1|2017
E3CDC578-37BA-4CDB-B150-DAB0409270CD|423C391C-4944-43F4-9034-9C6818E9C1A2|e1729cc2-524a-4069-b4a4-be5aec8473fe|4DA86139-6A72-4089-8858-6A3A613FDFE6|C143978A-E021-4015-BC67-5A00D6C910D1|34C4244E-5CE0-4D5D-AD85-60E97FDDD80A|60|29|29|16|1|2017
E3CDC578-37BA-4CDB-B150-DAB0409270CD|F67E977A-0102-4758-91E8-9782A570E75D|e1729cc2-524a-4069-b4a4-be5aec8473fe|4DA86139-6A72-4089-8858-6A3A613FDFE6|C143978A-E021-4015-BC67-5A00D6C910D1|34C4244E-5CE0-4D5D-AD85-60E97FDDD80A|63|30|30|17|1|2017
E3CDC578-37BA-4CDB-B150-DAB0409270CD|EF70C8D3-6866-4F6E-8FC2-10665A8D9B12|e1729cc2-524a-4069-b4a4-be5aec8473fe|4DA86139-6A72-4089-8858-6A3A613FDFE6|C143978A-E021-4015-BC67-5A00D6C910D1|34C4244E-5CE0-4D5D-AD85-60E97FDDD80A|76|31|31|18|1|2017
E3CDC578-37BA-4CDB-B150-DAB0409270CD|123264D0-464E-4032-BEA5-CFECA81410C9|e1729cc2-524a-4069-b4a4-be5aec8473fe|4DA86139-6A72-4089-8858-6A3A613FDFE6|C143978A-E021-4015-BC67-5A00D6C910D1|34C4244E-5CE0-4D5D-AD85-60E97FDDD80A|56|32|32|19|1|2017
E3CDC578-37BA-4CDB-B150-DAB0409270CD|CA1F032F-1CA2-4DCE-8AAA-CB284E167A3E|e1729cc2-524a-4069-b4a4-be5aec8473fe|4DA86139-6A72-4089-8858-6A3A613FDFE6|C143978A-E021-4015-BC67-5A00D6C910D1|34C4244E-5CE0-4D5D-AD85-60E97FDDD80A|82|33|33|20|1|2017
E3CDC578-37BA-4CDB-B150-DAB0409270CD|72A995F4-0C94-4FAA-8A43-2277B02B97D1|e1729cc2-524a-4069-b4a4-be5aec8473fe|4DA86139-6A72-4089-8858-6A3A613FDFE6|C143978A-E021-4015-BC67-5A00D6C910D1|34C4244E-5CE0-4D5D-AD85-60E97FDDD80A|96|34|34|21|1|2017
E3CDC578-37BA-4CDB-B150-DAB0409270CD|0DE968C9-7309-C481-58F7-AB6CDB1011EF|e1729cc2-524a-4069-b4a4-be5aec8473fe|4DA86139-6A72-4089-8858-6A3A613FDFE6|C143978A-E021-4015-BC67-5A00D6C910D1|34C4244E-5CE0-4D5D-AD85-60E97FDDD80A|94|35|35|22|1|2017
E3CDC578-37BA-4CDB-B150-DAB0409270CD|C1F2964E-9DD5-4B7A-86BD-E7FCAFB9D9D9|e1729cc2-524a-4069-b4a4-be5aec8473fe|4DA86139-6A72-4089-8858-6A3A613FDFE6|C143978A-E021-4015-BC67-5A00D6C910D1|34C4244E-5CE0-4D5D-AD85-60E97FDDD80A|88|36|36|23|1|2017
E3CDC578-37BA-4CDB-B150-DAB0409270CD|E4D9BF24-8574-463D-A816-A21CEC6CD548|e1729cc2-524a-4069-b4a4-be5aec8473fe|4DA86139-6A72-4089-8858-6A3A613FDFE6|C143978A-E021-4015-BC67-5A00D6C910D1|34C4244E-5CE0-4D5D-AD85-60E97FDDD80A|87|37|37|24|1|2017
E3CDC578-37BA-4CDB-B150-DAB0409270CD|40F82118-26E7-4CCC-8456-195B5F009478|e1729cc2-524a-4069-b4a4-be5aec8473fe|4DA86139-6A72-4089-8858-6A3A613FDFE6|C143978A-E021-4015-BC67-5A00D6C910D1|34C4244E-5CE0-4D5D-AD85-60E97FDDD80A|65|38|38|25|1|2017
E3CDC578-37BA-4CDB-B150-DAB0409270CD|0420916C-304D-4EB8-A847-8B4729E915C1|e1729cc2-524a-4069-b4a4-be5aec8473fe|4DA86139-6A72-4089-8858-6A3A613FDFE6|C143978A-E021-4015-BC67-5A00D6C910D1|34C4244E-5CE0-4D5D-AD85-60E97FDDD80A|65|39|39|26|1|2017
E3CDC578-37BA-4CDB-B150-DAB0409270CD|199C78A9-4708-451E-8C87-8E6B4F47AAD9|e1729cc2-524a-4069-b4a4-be5aec8473fe|4DA86139-6A72-4089-8858-6A3A613FDFE6|C143978A-E021-4015-BC67-5A00D6C910D1|34C4244E-5CE0-4D5D-AD85-60E97FDDD80A|56|40|40|14|1|2017
E3CDC578-37BA-4CDB-B150-DAB0409270CD|B404AA65-25A3-40B0-8462-D377A926354F|e1729cc2-524a-4069-b4a4-be5aec8473fe|4DA86139-6A72-4089-8858-6A3A613FDFE6|C143978A-E021-4015-BC67-5A00D6C910D1|34C4244E-5CE0-4D5D-AD85-60E97FDDD80A|45|41|41|15|1|2017
E3CDC578-37BA-4CDB-B150-DAB0409270CD|B7B6D6E6-84B1-47F6-AA1B-AA34AEB7D236|e1729cc2-524a-4069-b4a4-be5aec8473fe|4DA86139-6A72-4089-8858-6A3A613FDFE6|C143978A-E021-4015-BC67-5A00D6C910D1|34C4244E-5CE0-4D5D-AD85-60E97FDDD80A|98|42|42|16|1|2017
E3CDC578-37BA-4CDB-B150-DAB0409270CD|7559C867-A833-4DA2-816B-51D4636033A3|e1729cc2-524a-4069-b4a4-be5aec8473fe|4DA86139-6A72-4089-8858-6A3A613FDFE6|C143978A-E021-4015-BC67-5A00D6C910D1|34C4244E-5CE0-4D5D-AD85-60E97FDDD80A|67|43|43|17|1|2017
E3CDC578-37BA-4CDB-B150-DAB0409270CD|7FC3A038-C5DE-4DEE-AE2D-E2ED230AB328|e1729cc2-524a-4069-b4a4-be5aec8473fe|4DA86139-6A72-4089-8858-6A3A613FDFE6|C143978A-E021-4015-BC67-5A00D6C910D1|34C4244E-5CE0-4D5D-AD85-60E97FDDD80A|45|44|44|18|1|2017
E3CDC578-37BA-4CDB-B150-DAB0409270CD|4A4D0394-0FBD-4014-98A5-D3CE9161A568|e1729cc2-524a-4069-b4a4-be5aec8473fe|4DA86139-6A72-4089-8858-6A3A613FDFE6|C143978A-E021-4015-BC67-5A00D6C910D1|34C4244E-5CE0-4D5D-AD85-60E97FDDD80A|56|45|45|19|1|2017
E3CDC578-37BA-4CDB-B150-DAB0409270CD|CB0EF175-8A57-49D7-A1D4-89D0C6E3A497|e1729cc2-524a-4069-b4a4-be5aec8473fe|4DA86139-6A72-4089-8858-6A3A613FDFE6|C143978A-E021-4015-BC67-5A00D6C910D1|34C4244E-5CE0-4D5D-AD85-60E97FDDD80A|50|13|13|13|1|2017
E3CDC578-37BA-4CDB-B150-DAB0409270CD|309B97E9-72AB-4FD0-A282-8410413ACE46|e1729cc2-524a-4069-b4a4-be5aec8473fe|4DA86139-6A72-4089-8858-6A3A613FDFE6|C143978A-E021-4015-BC67-5A00D6C910D1|34C4244E-5CE0-4D5D-AD85-60E97FDDD80A|58|14|14|14|1|2017
E3CDC578-37BA-4CDB-B150-DAB0409270CD|307ED34F-D6B5-4EE8-AB44-543305B12085|e1729cc2-524a-4069-b4a4-be5aec8473fe|4DA86139-6A72-4089-8858-6A3A613FDFE6|C143978A-E021-4015-BC67-5A00D6C910D1|34C4244E-5CE0-4D5D-AD85-60E97FDDD80A|60|15|15|15|1|2017
E3CDC578-37BA-4CDB-B150-DAB0409270CD|97BAC717-C0A7-47F7-9918-C56658E6D792|e1729cc2-524a-4069-b4a4-be5aec8473fe|4DA86139-6A72-4089-8858-6A3A613FDFE6|C143978A-E021-4015-BC67-5A00D6C910D1|34C4244E-5CE0-4D5D-AD85-60E97FDDD80A|63|16|16|16|1|2017
E3CDC578-37BA-4CDB-B150-DAB0409270CD|466D93AD-B0D7-4B29-89C0-569A421763D6|e1729cc2-524a-4069-b4a4-be5aec8473fe|4DA86139-6A72-4089-8858-6A3A613FDFE6|C143978A-E021-4015-BC67-5A00D6C910D1|34C4244E-5CE0-4D5D-AD85-60E97FDDD80A|66|17|17|17|1|2017
E3CDC578-37BA-4CDB-B150-DAB0409270CD|41C68FA5-4A98-4BB2-B702-68DD844F92B0|e1729cc2-524a-4069-b4a4-be5aec8473fe|4DA86139-6A72-4089-8858-6A3A613FDFE6|C143978A-E021-4015-BC67-5A00D6C910D1|34C4244E-5CE0-4D5D-AD85-60E97FDDD80A|77|18|18|18|1|2017
E3CDC578-37BA-4CDB-B150-DAB0409270CD|9208D11F-98E8-47B8-8DFC-4215FC2EF127|e1729cc2-524a-4069-b4a4-be5aec8473fe|4DA86139-6A72-4089-8858-6A3A613FDFE6|C143978A-E021-4015-BC67-5A00D6C910D1|34C4244E-5CE0-4D5D-AD85-60E97FDDD80A|56|19|19|19|1|2017
E3CDC578-37BA-4CDB-B150-DAB0409270CD|3013780A-61AD-4BAA-8666-C89CC1A555F8|e1729cc2-524a-4069-b4a4-be5aec8473fe|4DA86139-6A72-4089-8858-6A3A613FDFE6|C143978A-E021-4015-BC67-5A00D6C910D1|34C4244E-5CE0-4D5D-AD85-60E97FDDD80A|55|20|20|20|1|2017
E3CDC578-37BA-4CDB-B150-DAB0409270CD|3C14C92D-9113-4289-8A69-564BF3F3D871|e1729cc2-524a-4069-b4a4-be5aec8473fe|4DA86139-6A72-4089-8858-6A3A613FDFE6|C143978A-E021-4015-BC67-5A00D6C910D1|34C4244E-5CE0-4D5D-AD85-60E97FDDD80A|67|21|21|21|1|2017
E3CDC578-37BA-4CDB-B150-DAB0409270CD|E9888085-FD91-4551-9274-50BA485A9637|e1729cc2-524a-4069-b4a4-be5aec8473fe|4DA86139-6A72-4089-8858-6A3A613FDFE6|C143978A-E021-4015-BC67-5A00D6C910D1|34C4244E-5CE0-4D5D-AD85-60E97FDDD80A|56|22|22|22|1|2017
E3CDC578-37BA-4CDB-B150-DAB0409270CD|4F218688-6DE5-4E69-8690-66FBA2F0DC9F|b9bbd718-b32f-4466-ab34-42f544ff900e|4DA86139-6A72-4089-8858-6A3A613FDFE6|C143978A-E021-4015-BC67-5A00D6C910D1|34C4244E-5CE0-4D5D-AD85-60E97FDDD80A|82|23|23|23|1|2017
E3CDC578-37BA-4CDB-B150-DAB0409270CD|A195BAF6-D6E7-43A5-B7C9-D6C627A42815|b9bbd718-b32f-4466-ab34-42f544ff900e|4DA86139-6A72-4089-8858-6A3A613FDFE6|C143978A-E021-4015-BC67-5A00D6C910D1|34C4244E-5CE0-4D5D-AD85-60E97FDDD80A|96|24|24|24|1|2017
E3CDC578-37BA-4CDB-B150-DAB0409270CD|8A1B5BDB-9589-4207-8345-A811FC18B2C9|b9bbd718-b32f-4466-ab34-42f544ff900e|4DA86139-6A72-4089-8858-6A3A613FDFE6|C143978A-E021-4015-BC67-5A00D6C910D1|34C4244E-5CE0-4D5D-AD85-60E97FDDD80A|94|25|25|25|1|2017
E3CDC578-37BA-4CDB-B150-DAB0409270CD|AEED7469-F7AF-41E6-B24C-13B1D74E1026|b9bbd718-b32f-4466-ab34-42f544ff900e|4DA86139-6A72-4089-8858-6A3A613FDFE6|C143978A-E021-4015-BC67-5A00D6C910D1|34C4244E-5CE0-4D5D-AD85-60E97FDDD80A|88|26|26|26|1|2017
E3CDC578-37BA-4CDB-B150-DAB0409270CD|CF64EBB2-BCC2-4EAA-B1C8-060EEE3284F3|b9bbd718-b32f-4466-ab34-42f544ff900e|4DA86139-6A72-4089-8858-6A3A613FDFE6|C143978A-E021-4015-BC67-5A00D6C910D1|34C4244E-5CE0-4D5D-AD85-60E97FDDD80A|87|27|27|14|1|2017
E3CDC578-37BA-4CDB-B150-DAB0409270CD|7BF6983F-CF8D-4897-8122-7CCD0F778CAF|b9bbd718-b32f-4466-ab34-42f544ff900e|4DA86139-6A72-4089-8858-6A3A613FDFE6|C143978A-E021-4015-BC67-5A00D6C910D1|34C4244E-5CE0-4D5D-AD85-60E97FDDD80A|65|28|28|15|1|2017
E3CDC578-37BA-4CDB-B150-DAB0409270CD|87D0EA99-7042-4867-A4B7-C31E7665DE5E|b9bbd718-b32f-4466-ab34-42f544ff900e|4DA86139-6A72-4089-8858-6A3A613FDFE6|C143978A-E021-4015-BC67-5A00D6C910D1|34C4244E-5CE0-4D5D-AD85-60E97FDDD80A|65|29|29|16|1|2017
E3CDC578-37BA-4CDB-B150-DAB0409270CD|6912F4C6-9370-440A-BA87-11A8426BA92C|b9bbd718-b32f-4466-ab34-42f544ff900e|4DA86139-6A72-4089-8858-6A3A613FDFE6|C143978A-E021-4015-BC67-5A00D6C910D1|34C4244E-5CE0-4D5D-AD85-60E97FDDD80A|56|30|30|17|1|2017
E3CDC578-37BA-4CDB-B150-DAB0409270CD|91318D8C-8150-49B4-A473-CF97F104F6B7|b9bbd718-b32f-4466-ab34-42f544ff900e|4DA86139-6A72-4089-8858-6A3A613FDFE6|C143978A-E021-4015-BC67-5A00D6C910D1|34C4244E-5CE0-4D5D-AD85-60E97FDDD80A|45|31|31|18|1|2017
E3CDC578-37BA-4CDB-B150-DAB0409270CD|DD9AF1EF-EEEC-49D3-A43F-802D7028BFD7|b9bbd718-b32f-4466-ab34-42f544ff900e|4DA86139-6A72-4089-8858-6A3A613FDFE6|C143978A-E021-4015-BC67-5A00D6C910D1|34C4244E-5CE0-4D5D-AD85-60E97FDDD80A|98|32|32|19|1|2017
E3CDC578-37BA-4CDB-B150-DAB0409270CD|62BC85B5-306F-4740-A215-48470CA31288|b9bbd718-b32f-4466-ab34-42f544ff900e|4DA86139-6A72-4089-8858-6A3A613FDFE6|C143978A-E021-4015-BC67-5A00D6C910D1|34C4244E-5CE0-4D5D-AD85-60E97FDDD80A|67|33|33|20|1|2017
E3CDC578-37BA-4CDB-B150-DAB0409270CD|B2EEF18D-EE0A-4CA1-B6FE-B82F863D81B4|b9bbd718-b32f-4466-ab34-42f544ff900e|4DA86139-6A72-4089-8858-6A3A613FDFE6|C143978A-E021-4015-BC67-5A00D6C910D1|34C4244E-5CE0-4D5D-AD85-60E97FDDD80A|45|34|34|21|1|2017
E3CDC578-37BA-4CDB-B150-DAB0409270CD|29A012E5-CDE3-45D8-9BB0-A25D3DBF0A92|b9bbd718-b32f-4466-ab34-42f544ff900e|4DA86139-6A72-4089-8858-6A3A613FDFE6|C143978A-E021-4015-BC67-5A00D6C910D1|34C4244E-5CE0-4D5D-AD85-60E97FDDD80A|56|35|35|22|1|2017
E3CDC578-37BA-4CDB-B150-DAB0409270CD|423C391C-4944-43F4-9034-9C6818E9C1A2|b9bbd718-b32f-4466-ab34-42f544ff900e|4DA86139-6A72-4089-8858-6A3A613FDFE6|C143978A-E021-4015-BC67-5A00D6C910D1|34C4244E-5CE0-4D5D-AD85-60E97FDDD80A|56|36|36|23|1|2017
E3CDC578-37BA-4CDB-B150-DAB0409270CD|F67E977A-0102-4758-91E8-9782A570E75D|b9bbd718-b32f-4466-ab34-42f544ff900e|4DA86139-6A72-4089-8858-6A3A613FDFE6|C143978A-E021-4015-BC67-5A00D6C910D1|34C4244E-5CE0-4D5D-AD85-60E97FDDD80A|45|37|37|24|1|2017
E3CDC578-37BA-4CDB-B150-DAB0409270CD|EF70C8D3-6866-4F6E-8FC2-10665A8D9B12|b9bbd718-b32f-4466-ab34-42f544ff900e|4DA86139-6A72-4089-8858-6A3A613FDFE6|C143978A-E021-4015-BC67-5A00D6C910D1|34C4244E-5CE0-4D5D-AD85-60E97FDDD80A|98|38|38|25|1|2017
E3CDC578-37BA-4CDB-B150-DAB0409270CD|123264D0-464E-4032-BEA5-CFECA81410C9|b9bbd718-b32f-4466-ab34-42f544ff900e|4DA86139-6A72-4089-8858-6A3A613FDFE6|C143978A-E021-4015-BC67-5A00D6C910D1|34C4244E-5CE0-4D5D-AD85-60E97FDDD80A|67|39|39|26|1|2017
E3CDC578-37BA-4CDB-B150-DAB0409270CD|CA1F032F-1CA2-4DCE-8AAA-CB284E167A3E|b9bbd718-b32f-4466-ab34-42f544ff900e|4DA86139-6A72-4089-8858-6A3A613FDFE6|C143978A-E021-4015-BC67-5A00D6C910D1|34C4244E-5CE0-4D5D-AD85-60E97FDDD80A|45|40|40|14|1|2017
E3CDC578-37BA-4CDB-B150-DAB0409270CD|72A995F4-0C94-4FAA-8A43-2277B02B97D1|b9bbd718-b32f-4466-ab34-42f544ff900e|4DA86139-6A72-4089-8858-6A3A613FDFE6|C143978A-E021-4015-BC67-5A00D6C910D1|34C4244E-5CE0-4D5D-AD85-60E97FDDD80A|56|41|41|15|1|2017
E3CDC578-37BA-4CDB-B150-DAB0409270CD|0DE968C9-7309-C481-58F7-AB6CDB1011EF|b9bbd718-b32f-4466-ab34-42f544ff900e|4DA86139-6A72-4089-8858-6A3A613FDFE6|C143978A-E021-4015-BC67-5A00D6C910D1|34C4244E-5CE0-4D5D-AD85-60E97FDDD80A|50|42|42|16|1|2017
E3CDC578-37BA-4CDB-B150-DAB0409270CD|C1F2964E-9DD5-4B7A-86BD-E7FCAFB9D9D9|b9bbd718-b32f-4466-ab34-42f544ff900e|4DA86139-6A72-4089-8858-6A3A613FDFE6|C143978A-E021-4015-BC67-5A00D6C910D1|34C4244E-5CE0-4D5D-AD85-60E97FDDD80A|58|43|43|17|1|2017
E3CDC578-37BA-4CDB-B150-DAB0409270CD|E4D9BF24-8574-463D-A816-A21CEC6CD548|b9bbd718-b32f-4466-ab34-42f544ff900e|4DA86139-6A72-4089-8858-6A3A613FDFE6|C143978A-E021-4015-BC67-5A00D6C910D1|34C4244E-5CE0-4D5D-AD85-60E97FDDD80A|60|44|44|18|1|2017
E3CDC578-37BA-4CDB-B150-DAB0409270CD|40F82118-26E7-4CCC-8456-195B5F009478|b9bbd718-b32f-4466-ab34-42f544ff900e|4DA86139-6A72-4089-8858-6A3A613FDFE6|C143978A-E021-4015-BC67-5A00D6C910D1|34C4244E-5CE0-4D5D-AD85-60E97FDDD80A|63|45|45|19|1|2017
E3CDC578-37BA-4CDB-B150-DAB0409270CD|0420916C-304D-4EB8-A847-8B4729E915C1|b9bbd718-b32f-4466-ab34-42f544ff900e|4DA86139-6A72-4089-8858-6A3A613FDFE6|C143978A-E021-4015-BC67-5A00D6C910D1|34C4244E-5CE0-4D5D-AD85-60E97FDDD80A|66|13|13|13|1|2017
E3CDC578-37BA-4CDB-B150-DAB0409270CD|199C78A9-4708-451E-8C87-8E6B4F47AAD9|b9bbd718-b32f-4466-ab34-42f544ff900e|4DA86139-6A72-4089-8858-6A3A613FDFE6|C143978A-E021-4015-BC67-5A00D6C910D1|34C4244E-5CE0-4D5D-AD85-60E97FDDD80A|77|14|14|14|1|2017
E3CDC578-37BA-4CDB-B150-DAB0409270CD|B404AA65-25A3-40B0-8462-D377A926354F|b9bbd718-b32f-4466-ab34-42f544ff900e|4DA86139-6A72-4089-8858-6A3A613FDFE6|C143978A-E021-4015-BC67-5A00D6C910D1|34C4244E-5CE0-4D5D-AD85-60E97FDDD80A|56|15|15|15|1|2017
E3CDC578-37BA-4CDB-B150-DAB0409270CD|B7B6D6E6-84B1-47F6-AA1B-AA34AEB7D236|b9bbd718-b32f-4466-ab34-42f544ff900e|4DA86139-6A72-4089-8858-6A3A613FDFE6|C143978A-E021-4015-BC67-5A00D6C910D1|34C4244E-5CE0-4D5D-AD85-60E97FDDD80A|55|16|16|16|1|2017
E3CDC578-37BA-4CDB-B150-DAB0409270CD|7559C867-A833-4DA2-816B-51D4636033A3|b9bbd718-b32f-4466-ab34-42f544ff900e|4DA86139-6A72-4089-8858-6A3A613FDFE6|C143978A-E021-4015-BC67-5A00D6C910D1|34C4244E-5CE0-4D5D-AD85-60E97FDDD80A|67|17|17|17|1|2017
E3CDC578-37BA-4CDB-B150-DAB0409270CD|7FC3A038-C5DE-4DEE-AE2D-E2ED230AB328|b9bbd718-b32f-4466-ab34-42f544ff900e|4DA86139-6A72-4089-8858-6A3A613FDFE6|C143978A-E021-4015-BC67-5A00D6C910D1|34C4244E-5CE0-4D5D-AD85-60E97FDDD80A|56|18|18|18|1|2017
E3CDC578-37BA-4CDB-B150-DAB0409270CD|4A4D0394-0FBD-4014-98A5-D3CE9161A568|b9bbd718-b32f-4466-ab34-42f544ff900e|4DA86139-6A72-4089-8858-6A3A613FDFE6|C143978A-E021-4015-BC67-5A00D6C910D1|34C4244E-5CE0-4D5D-AD85-60E97FDDD80A|82|19|19|19|1|2017
E3CDC578-37BA-4CDB-B150-DAB0409270CD|CB0EF175-8A57-49D7-A1D4-89D0C6E3A497|b9bbd718-b32f-4466-ab34-42f544ff900e|4DA86139-6A72-4089-8858-6A3A613FDFE6|C143978A-E021-4015-BC67-5A00D6C910D1|34C4244E-5CE0-4D5D-AD85-60E97FDDD80A|96|20|20|20|1|2017
E3CDC578-37BA-4CDB-B150-DAB0409270CD|309B97E9-72AB-4FD0-A282-8410413ACE46|b9bbd718-b32f-4466-ab34-42f544ff900e|4DA86139-6A72-4089-8858-6A3A613FDFE6|C143978A-E021-4015-BC67-5A00D6C910D1|34C4244E-5CE0-4D5D-AD85-60E97FDDD80A|94|21|21|21|1|2017
E3CDC578-37BA-4CDB-B150-DAB0409270CD|307ED34F-D6B5-4EE8-AB44-543305B12085|b9bbd718-b32f-4466-ab34-42f544ff900e|4DA86139-6A72-4089-8858-6A3A613FDFE6|C143978A-E021-4015-BC67-5A00D6C910D1|34C4244E-5CE0-4D5D-AD85-60E97FDDD80A|88|22|22|22|1|2017
E3CDC578-37BA-4CDB-B150-DAB0409270CD|97BAC717-C0A7-47F7-9918-C56658E6D792|b9bbd718-b32f-4466-ab34-42f544ff900e|4DA86139-6A72-4089-8858-6A3A613FDFE6|C143978A-E021-4015-BC67-5A00D6C910D1|34C4244E-5CE0-4D5D-AD85-60E97FDDD80A|87|23|23|23|1|2017
E3CDC578-37BA-4CDB-B150-DAB0409270CD|466D93AD-B0D7-4B29-89C0-569A421763D6|b9bbd718-b32f-4466-ab34-42f544ff900e|4DA86139-6A72-4089-8858-6A3A613FDFE6|C143978A-E021-4015-BC67-5A00D6C910D1|34C4244E-5CE0-4D5D-AD85-60E97FDDD80A|65|24|24|24|1|2017
E3CDC578-37BA-4CDB-B150-DAB0409270CD|41C68FA5-4A98-4BB2-B702-68DD844F92B0|b9bbd718-b32f-4466-ab34-42f544ff900e|4DA86139-6A72-4089-8858-6A3A613FDFE6|C143978A-E021-4015-BC67-5A00D6C910D1|34C4244E-5CE0-4D5D-AD85-60E97FDDD80A|65|25|25|25|1|2017
E3CDC578-37BA-4CDB-B150-DAB0409270CD|9208D11F-98E8-47B8-8DFC-4215FC2EF127|b9bbd718-b32f-4466-ab34-42f544ff900e|4DA86139-6A72-4089-8858-6A3A613FDFE6|C143978A-E021-4015-BC67-5A00D6C910D1|34C4244E-5CE0-4D5D-AD85-60E97FDDD80A|56|26|26|26|1|2017
E3CDC578-37BA-4CDB-B150-DAB0409270CD|3013780A-61AD-4BAA-8666-C89CC1A555F8|b9bbd718-b32f-4466-ab34-42f544ff900e|4DA86139-6A72-4089-8858-6A3A613FDFE6|C143978A-E021-4015-BC67-5A00D6C910D1|34C4244E-5CE0-4D5D-AD85-60E97FDDD80A|45|27|27|14|1|2017
E3CDC578-37BA-4CDB-B150-DAB0409270CD|3C14C92D-9113-4289-8A69-564BF3F3D871|b9bbd718-b32f-4466-ab34-42f544ff900e|4DA86139-6A72-4089-8858-6A3A613FDFE6|C143978A-E021-4015-BC67-5A00D6C910D1|34C4244E-5CE0-4D5D-AD85-60E97FDDD80A|98|28|28|15|1|2017
E3CDC578-37BA-4CDB-B150-DAB0409270CD|E9888085-FD91-4551-9274-50BA485A9637|b9bbd718-b32f-4466-ab34-42f544ff900e|4DA86139-6A72-4089-8858-6A3A613FDFE6|C143978A-E021-4015-BC67-5A00D6C910D1|34C4244E-5CE0-4D5D-AD85-60E97FDDD80A|67|29|29|16|1|2017
E3CDC578-37BA-4CDB-B150-DAB0409270CD|4F218688-6DE5-4E69-8690-66FBA2F0DC9F|C1F28FF4-1A18-4552-822A-7A4767643643|4DA86139-6A72-4089-8858-6A3A613FDFE6|C143978A-E021-4015-BC67-5A00D6C910D1|34C4244E-5CE0-4D5D-AD85-60E97FDDD80A|45|30|30|17|1|2017
E3CDC578-37BA-4CDB-B150-DAB0409270CD|A195BAF6-D6E7-43A5-B7C9-D6C627A42815|C1F28FF4-1A18-4552-822A-7A4767643643|4DA86139-6A72-4089-8858-6A3A613FDFE6|C143978A-E021-4015-BC67-5A00D6C910D1|34C4244E-5CE0-4D5D-AD85-60E97FDDD80A|56|31|31|18|1|2017
E3CDC578-37BA-4CDB-B150-DAB0409270CD|8A1B5BDB-9589-4207-8345-A811FC18B2C9|C1F28FF4-1A18-4552-822A-7A4767643643|4DA86139-6A72-4089-8858-6A3A613FDFE6|C143978A-E021-4015-BC67-5A00D6C910D1|34C4244E-5CE0-4D5D-AD85-60E97FDDD80A|50|32|32|19|1|2017
E3CDC578-37BA-4CDB-B150-DAB0409270CD|AEED7469-F7AF-41E6-B24C-13B1D74E1026|C1F28FF4-1A18-4552-822A-7A4767643643|4DA86139-6A72-4089-8858-6A3A613FDFE6|C143978A-E021-4015-BC67-5A00D6C910D1|34C4244E-5CE0-4D5D-AD85-60E97FDDD80A|58|33|33|20|1|2017
E3CDC578-37BA-4CDB-B150-DAB0409270CD|CF64EBB2-BCC2-4EAA-B1C8-060EEE3284F3|C1F28FF4-1A18-4552-822A-7A4767643643|4DA86139-6A72-4089-8858-6A3A613FDFE6|C143978A-E021-4015-BC67-5A00D6C910D1|34C4244E-5CE0-4D5D-AD85-60E97FDDD80A|60|34|34|21|1|2017
E3CDC578-37BA-4CDB-B150-DAB0409270CD|7BF6983F-CF8D-4897-8122-7CCD0F778CAF|C1F28FF4-1A18-4552-822A-7A4767643643|4DA86139-6A72-4089-8858-6A3A613FDFE6|C143978A-E021-4015-BC67-5A00D6C910D1|34C4244E-5CE0-4D5D-AD85-60E97FDDD80A|63|35|35|22|1|2017
E3CDC578-37BA-4CDB-B150-DAB0409270CD|87D0EA99-7042-4867-A4B7-C31E7665DE5E|C1F28FF4-1A18-4552-822A-7A4767643643|4DA86139-6A72-4089-8858-6A3A613FDFE6|C143978A-E021-4015-BC67-5A00D6C910D1|34C4244E-5CE0-4D5D-AD85-60E97FDDD80A|76|36|36|23|1|2017
E3CDC578-37BA-4CDB-B150-DAB0409270CD|6912F4C6-9370-440A-BA87-11A8426BA92C|C1F28FF4-1A18-4552-822A-7A4767643643|4DA86139-6A72-4089-8858-6A3A613FDFE6|C143978A-E021-4015-BC67-5A00D6C910D1|34C4244E-5CE0-4D5D-AD85-60E97FDDD80A|56|37|37|24|1|2017
E3CDC578-37BA-4CDB-B150-DAB0409270CD|91318D8C-8150-49B4-A473-CF97F104F6B7|C1F28FF4-1A18-4552-822A-7A4767643643|4DA86139-6A72-4089-8858-6A3A613FDFE6|C143978A-E021-4015-BC67-5A00D6C910D1|34C4244E-5CE0-4D5D-AD85-60E97FDDD80A|82|38|38|25|1|2017
E3CDC578-37BA-4CDB-B150-DAB0409270CD|DD9AF1EF-EEEC-49D3-A43F-802D7028BFD7|C1F28FF4-1A18-4552-822A-7A4767643643|4DA86139-6A72-4089-8858-6A3A613FDFE6|C143978A-E021-4015-BC67-5A00D6C910D1|34C4244E-5CE0-4D5D-AD85-60E97FDDD80A|96|39|39|26|1|2017
E3CDC578-37BA-4CDB-B150-DAB0409270CD|62BC85B5-306F-4740-A215-48470CA31288|C1F28FF4-1A18-4552-822A-7A4767643643|4DA86139-6A72-4089-8858-6A3A613FDFE6|C143978A-E021-4015-BC67-5A00D6C910D1|34C4244E-5CE0-4D5D-AD85-60E97FDDD80A|94|40|40|14|1|2017
E3CDC578-37BA-4CDB-B150-DAB0409270CD|B2EEF18D-EE0A-4CA1-B6FE-B82F863D81B4|C1F28FF4-1A18-4552-822A-7A4767643643|4DA86139-6A72-4089-8858-6A3A613FDFE6|C143978A-E021-4015-BC67-5A00D6C910D1|34C4244E-5CE0-4D5D-AD85-60E97FDDD80A|88|41|41|15|1|2017
E3CDC578-37BA-4CDB-B150-DAB0409270CD|29A012E5-CDE3-45D8-9BB0-A25D3DBF0A92|C1F28FF4-1A18-4552-822A-7A4767643643|4DA86139-6A72-4089-8858-6A3A613FDFE6|C143978A-E021-4015-BC67-5A00D6C910D1|34C4244E-5CE0-4D5D-AD85-60E97FDDD80A|87|42|42|16|1|2017
E3CDC578-37BA-4CDB-B150-DAB0409270CD|423C391C-4944-43F4-9034-9C6818E9C1A2|C1F28FF4-1A18-4552-822A-7A4767643643|4DA86139-6A72-4089-8858-6A3A613FDFE6|C143978A-E021-4015-BC67-5A00D6C910D1|34C4244E-5CE0-4D5D-AD85-60E97FDDD80A|65|43|43|17|1|2017
E3CDC578-37BA-4CDB-B150-DAB0409270CD|F67E977A-0102-4758-91E8-9782A570E75D|C1F28FF4-1A18-4552-822A-7A4767643643|4DA86139-6A72-4089-8858-6A3A613FDFE6|C143978A-E021-4015-BC67-5A00D6C910D1|34C4244E-5CE0-4D5D-AD85-60E97FDDD80A|65|44|44|18|1|2017
E3CDC578-37BA-4CDB-B150-DAB0409270CD|EF70C8D3-6866-4F6E-8FC2-10665A8D9B12|C1F28FF4-1A18-4552-822A-7A4767643643|4DA86139-6A72-4089-8858-6A3A613FDFE6|C143978A-E021-4015-BC67-5A00D6C910D1|34C4244E-5CE0-4D5D-AD85-60E97FDDD80A|56|45|45|19|1|2017
E3CDC578-37BA-4CDB-B150-DAB0409270CD|123264D0-464E-4032-BEA5-CFECA81410C9|C1F28FF4-1A18-4552-822A-7A4767643643|4DA86139-6A72-4089-8858-6A3A613FDFE6|C143978A-E021-4015-BC67-5A00D6C910D1|34C4244E-5CE0-4D5D-AD85-60E97FDDD80A|45|13|13|13|1|2017
E3CDC578-37BA-4CDB-B150-DAB0409270CD|CA1F032F-1CA2-4DCE-8AAA-CB284E167A3E|C1F28FF4-1A18-4552-822A-7A4767643643|4DA86139-6A72-4089-8858-6A3A613FDFE6|C143978A-E021-4015-BC67-5A00D6C910D1|34C4244E-5CE0-4D5D-AD85-60E97FDDD80A|98|14|14|14|1|2017
E3CDC578-37BA-4CDB-B150-DAB0409270CD|72A995F4-0C94-4FAA-8A43-2277B02B97D1|C1F28FF4-1A18-4552-822A-7A4767643643|4DA86139-6A72-4089-8858-6A3A613FDFE6|C143978A-E021-4015-BC67-5A00D6C910D1|34C4244E-5CE0-4D5D-AD85-60E97FDDD80A|67|15|15|15|1|2017
E3CDC578-37BA-4CDB-B150-DAB0409270CD|0DE968C9-7309-C481-58F7-AB6CDB1011EF|C1F28FF4-1A18-4552-822A-7A4767643643|4DA86139-6A72-4089-8858-6A3A613FDFE6|C143978A-E021-4015-BC67-5A00D6C910D1|34C4244E-5CE0-4D5D-AD85-60E97FDDD80A|45|16|16|16|1|2017
E3CDC578-37BA-4CDB-B150-DAB0409270CD|C1F2964E-9DD5-4B7A-86BD-E7FCAFB9D9D9|C1F28FF4-1A18-4552-822A-7A4767643643|4DA86139-6A72-4089-8858-6A3A613FDFE6|C143978A-E021-4015-BC67-5A00D6C910D1|34C4244E-5CE0-4D5D-AD85-60E97FDDD80A|56|17|17|17|1|2017
E3CDC578-37BA-4CDB-B150-DAB0409270CD|E4D9BF24-8574-463D-A816-A21CEC6CD548|C1F28FF4-1A18-4552-822A-7A4767643643|4DA86139-6A72-4089-8858-6A3A613FDFE6|C143978A-E021-4015-BC67-5A00D6C910D1|34C4244E-5CE0-4D5D-AD85-60E97FDDD80A|50|18|18|18|1|2017
E3CDC578-37BA-4CDB-B150-DAB0409270CD|40F82118-26E7-4CCC-8456-195B5F009478|C1F28FF4-1A18-4552-822A-7A4767643643|4DA86139-6A72-4089-8858-6A3A613FDFE6|C143978A-E021-4015-BC67-5A00D6C910D1|34C4244E-5CE0-4D5D-AD85-60E97FDDD80A|58|19|19|19|1|2017
E3CDC578-37BA-4CDB-B150-DAB0409270CD|0420916C-304D-4EB8-A847-8B4729E915C1|C1F28FF4-1A18-4552-822A-7A4767643643|4DA86139-6A72-4089-8858-6A3A613FDFE6|C143978A-E021-4015-BC67-5A00D6C910D1|34C4244E-5CE0-4D5D-AD85-60E97FDDD80A|60|20|20|20|1|2017
E3CDC578-37BA-4CDB-B150-DAB0409270CD|199C78A9-4708-451E-8C87-8E6B4F47AAD9|C1F28FF4-1A18-4552-822A-7A4767643643|4DA86139-6A72-4089-8858-6A3A613FDFE6|C143978A-E021-4015-BC67-5A00D6C910D1|34C4244E-5CE0-4D5D-AD85-60E97FDDD80A|63|21|21|21|1|2017
E3CDC578-37BA-4CDB-B150-DAB0409270CD|B404AA65-25A3-40B0-8462-D377A926354F|C1F28FF4-1A18-4552-822A-7A4767643643|4DA86139-6A72-4089-8858-6A3A613FDFE6|C143978A-E021-4015-BC67-5A00D6C910D1|34C4244E-5CE0-4D5D-AD85-60E97FDDD80A|66|22|22|22|1|2017
E3CDC578-37BA-4CDB-B150-DAB0409270CD|B7B6D6E6-84B1-47F6-AA1B-AA34AEB7D236|C1F28FF4-1A18-4552-822A-7A4767643643|4DA86139-6A72-4089-8858-6A3A613FDFE6|C143978A-E021-4015-BC67-5A00D6C910D1|34C4244E-5CE0-4D5D-AD85-60E97FDDD80A|77|23|23|23|1|2017
E3CDC578-37BA-4CDB-B150-DAB0409270CD|7559C867-A833-4DA2-816B-51D4636033A3|C1F28FF4-1A18-4552-822A-7A4767643643|4DA86139-6A72-4089-8858-6A3A613FDFE6|C143978A-E021-4015-BC67-5A00D6C910D1|34C4244E-5CE0-4D5D-AD85-60E97FDDD80A|56|24|24|24|1|2017
E3CDC578-37BA-4CDB-B150-DAB0409270CD|7FC3A038-C5DE-4DEE-AE2D-E2ED230AB328|C1F28FF4-1A18-4552-822A-7A4767643643|4DA86139-6A72-4089-8858-6A3A613FDFE6|C143978A-E021-4015-BC67-5A00D6C910D1|34C4244E-5CE0-4D5D-AD85-60E97FDDD80A|55|25|25|25|1|2017
E3CDC578-37BA-4CDB-B150-DAB0409270CD|4A4D0394-0FBD-4014-98A5-D3CE9161A568|C1F28FF4-1A18-4552-822A-7A4767643643|4DA86139-6A72-4089-8858-6A3A613FDFE6|C143978A-E021-4015-BC67-5A00D6C910D1|34C4244E-5CE0-4D5D-AD85-60E97FDDD80A|67|26|26|26|1|2017
E3CDC578-37BA-4CDB-B150-DAB0409270CD|CB0EF175-8A57-49D7-A1D4-89D0C6E3A497|C1F28FF4-1A18-4552-822A-7A4767643643|4DA86139-6A72-4089-8858-6A3A613FDFE6|C143978A-E021-4015-BC67-5A00D6C910D1|34C4244E-5CE0-4D5D-AD85-60E97FDDD80A|56|27|27|14|1|2017
E3CDC578-37BA-4CDB-B150-DAB0409270CD|309B97E9-72AB-4FD0-A282-8410413ACE46|C1F28FF4-1A18-4552-822A-7A4767643643|4DA86139-6A72-4089-8858-6A3A613FDFE6|C143978A-E021-4015-BC67-5A00D6C910D1|34C4244E-5CE0-4D5D-AD85-60E97FDDD80A|82|28|28|15|1|2017
E3CDC578-37BA-4CDB-B150-DAB0409270CD|307ED34F-D6B5-4EE8-AB44-543305B12085|C1F28FF4-1A18-4552-822A-7A4767643643|4DA86139-6A72-4089-8858-6A3A613FDFE6|C143978A-E021-4015-BC67-5A00D6C910D1|34C4244E-5CE0-4D5D-AD85-60E97FDDD80A|96|29|29|16|1|2017
E3CDC578-37BA-4CDB-B150-DAB0409270CD|97BAC717-C0A7-47F7-9918-C56658E6D792|C1F28FF4-1A18-4552-822A-7A4767643643|4DA86139-6A72-4089-8858-6A3A613FDFE6|C143978A-E021-4015-BC67-5A00D6C910D1|34C4244E-5CE0-4D5D-AD85-60E97FDDD80A|94|30|30|17|1|2017
E3CDC578-37BA-4CDB-B150-DAB0409270CD|466D93AD-B0D7-4B29-89C0-569A421763D6|C1F28FF4-1A18-4552-822A-7A4767643643|4DA86139-6A72-4089-8858-6A3A613FDFE6|C143978A-E021-4015-BC67-5A00D6C910D1|34C4244E-5CE0-4D5D-AD85-60E97FDDD80A|88|31|31|18|1|2017
E3CDC578-37BA-4CDB-B150-DAB0409270CD|41C68FA5-4A98-4BB2-B702-68DD844F92B0|C1F28FF4-1A18-4552-822A-7A4767643643|4DA86139-6A72-4089-8858-6A3A613FDFE6|C143978A-E021-4015-BC67-5A00D6C910D1|34C4244E-5CE0-4D5D-AD85-60E97FDDD80A|87|32|32|19|1|2017
E3CDC578-37BA-4CDB-B150-DAB0409270CD|9208D11F-98E8-47B8-8DFC-4215FC2EF127|C1F28FF4-1A18-4552-822A-7A4767643643|4DA86139-6A72-4089-8858-6A3A613FDFE6|C143978A-E021-4015-BC67-5A00D6C910D1|34C4244E-5CE0-4D5D-AD85-60E97FDDD80A|65|33|33|20|1|2017
E3CDC578-37BA-4CDB-B150-DAB0409270CD|3013780A-61AD-4BAA-8666-C89CC1A555F8|C1F28FF4-1A18-4552-822A-7A4767643643|4DA86139-6A72-4089-8858-6A3A613FDFE6|C143978A-E021-4015-BC67-5A00D6C910D1|34C4244E-5CE0-4D5D-AD85-60E97FDDD80A|65|34|34|21|1|2017
E3CDC578-37BA-4CDB-B150-DAB0409270CD|3C14C92D-9113-4289-8A69-564BF3F3D871|C1F28FF4-1A18-4552-822A-7A4767643643|4DA86139-6A72-4089-8858-6A3A613FDFE6|C143978A-E021-4015-BC67-5A00D6C910D1|34C4244E-5CE0-4D5D-AD85-60E97FDDD80A|56|35|35|22|1|2017
E3CDC578-37BA-4CDB-B150-DAB0409270CD|E9888085-FD91-4551-9274-50BA485A9637|C1F28FF4-1A18-4552-822A-7A4767643643|4DA86139-6A72-4089-8858-6A3A613FDFE6|C143978A-E021-4015-BC67-5A00D6C910D1|34C4244E-5CE0-4D5D-AD85-60E97FDDD80A|45|36|36|23|1|2017
E3CDC578-37BA-4CDB-B150-DAB0409270CD|4F218688-6DE5-4E69-8690-66FBA2F0DC9F|F1972BF2-C788-4F41-94FE-FBA1869C92BC|4DA86139-6A72-4089-8858-6A3A613FDFE6|C143978A-E021-4015-BC67-5A00D6C910D1|34C4244E-5CE0-4D5D-AD85-60E97FDDD80A|98|37|37|24|1|2017
E3CDC578-37BA-4CDB-B150-DAB0409270CD|A195BAF6-D6E7-43A5-B7C9-D6C627A42815|F1972BF2-C788-4F41-94FE-FBA1869C92BC|4DA86139-6A72-4089-8858-6A3A613FDFE6|C143978A-E021-4015-BC67-5A00D6C910D1|34C4244E-5CE0-4D5D-AD85-60E97FDDD80A|67|38|38|25|1|2017
E3CDC578-37BA-4CDB-B150-DAB0409270CD|8A1B5BDB-9589-4207-8345-A811FC18B2C9|F1972BF2-C788-4F41-94FE-FBA1869C92BC|4DA86139-6A72-4089-8858-6A3A613FDFE6|C143978A-E021-4015-BC67-5A00D6C910D1|34C4244E-5CE0-4D5D-AD85-60E97FDDD80A|45|39|39|26|1|2017
E3CDC578-37BA-4CDB-B150-DAB0409270CD|AEED7469-F7AF-41E6-B24C-13B1D74E1026|F1972BF2-C788-4F41-94FE-FBA1869C92BC|4DA86139-6A72-4089-8858-6A3A613FDFE6|C143978A-E021-4015-BC67-5A00D6C910D1|34C4244E-5CE0-4D5D-AD85-60E97FDDD80A|56|40|40|14|1|2017
E3CDC578-37BA-4CDB-B150-DAB0409270CD|CF64EBB2-BCC2-4EAA-B1C8-060EEE3284F3|F1972BF2-C788-4F41-94FE-FBA1869C92BC|4DA86139-6A72-4089-8858-6A3A613FDFE6|C143978A-E021-4015-BC67-5A00D6C910D1|34C4244E-5CE0-4D5D-AD85-60E97FDDD80A|56|41|41|15|1|2017
E3CDC578-37BA-4CDB-B150-DAB0409270CD|7BF6983F-CF8D-4897-8122-7CCD0F778CAF|F1972BF2-C788-4F41-94FE-FBA1869C92BC|4DA86139-6A72-4089-8858-6A3A613FDFE6|C143978A-E021-4015-BC67-5A00D6C910D1|34C4244E-5CE0-4D5D-AD85-60E97FDDD80A|45|42|42|16|1|2017
E3CDC578-37BA-4CDB-B150-DAB0409270CD|87D0EA99-7042-4867-A4B7-C31E7665DE5E|F1972BF2-C788-4F41-94FE-FBA1869C92BC|4DA86139-6A72-4089-8858-6A3A613FDFE6|C143978A-E021-4015-BC67-5A00D6C910D1|34C4244E-5CE0-4D5D-AD85-60E97FDDD80A|98|43|43|17|1|2017
E3CDC578-37BA-4CDB-B150-DAB0409270CD|6912F4C6-9370-440A-BA87-11A8426BA92C|F1972BF2-C788-4F41-94FE-FBA1869C92BC|4DA86139-6A72-4089-8858-6A3A613FDFE6|C143978A-E021-4015-BC67-5A00D6C910D1|34C4244E-5CE0-4D5D-AD85-60E97FDDD80A|67|44|44|18|1|2017
E3CDC578-37BA-4CDB-B150-DAB0409270CD|91318D8C-8150-49B4-A473-CF97F104F6B7|F1972BF2-C788-4F41-94FE-FBA1869C92BC|4DA86139-6A72-4089-8858-6A3A613FDFE6|C143978A-E021-4015-BC67-5A00D6C910D1|34C4244E-5CE0-4D5D-AD85-60E97FDDD80A|45|45|45|19|1|2017
E3CDC578-37BA-4CDB-B150-DAB0409270CD|DD9AF1EF-EEEC-49D3-A43F-802D7028BFD7|F1972BF2-C788-4F41-94FE-FBA1869C92BC|4DA86139-6A72-4089-8858-6A3A613FDFE6|C143978A-E021-4015-BC67-5A00D6C910D1|34C4244E-5CE0-4D5D-AD85-60E97FDDD80A|56|13|13|13|1|2017
E3CDC578-37BA-4CDB-B150-DAB0409270CD|62BC85B5-306F-4740-A215-48470CA31288|F1972BF2-C788-4F41-94FE-FBA1869C92BC|4DA86139-6A72-4089-8858-6A3A613FDFE6|C143978A-E021-4015-BC67-5A00D6C910D1|34C4244E-5CE0-4D5D-AD85-60E97FDDD80A|50|14|14|14|1|2017
E3CDC578-37BA-4CDB-B150-DAB0409270CD|B2EEF18D-EE0A-4CA1-B6FE-B82F863D81B4|F1972BF2-C788-4F41-94FE-FBA1869C92BC|4DA86139-6A72-4089-8858-6A3A613FDFE6|C143978A-E021-4015-BC67-5A00D6C910D1|34C4244E-5CE0-4D5D-AD85-60E97FDDD80A|58|15|15|15|1|2017
E3CDC578-37BA-4CDB-B150-DAB0409270CD|29A012E5-CDE3-45D8-9BB0-A25D3DBF0A92|F1972BF2-C788-4F41-94FE-FBA1869C92BC|4DA86139-6A72-4089-8858-6A3A613FDFE6|C143978A-E021-4015-BC67-5A00D6C910D1|34C4244E-5CE0-4D5D-AD85-60E97FDDD80A|60|16|16|16|1|2017
E3CDC578-37BA-4CDB-B150-DAB0409270CD|423C391C-4944-43F4-9034-9C6818E9C1A2|F1972BF2-C788-4F41-94FE-FBA1869C92BC|4DA86139-6A72-4089-8858-6A3A613FDFE6|C143978A-E021-4015-BC67-5A00D6C910D1|34C4244E-5CE0-4D5D-AD85-60E97FDDD80A|63|17|17|17|1|2017
E3CDC578-37BA-4CDB-B150-DAB0409270CD|F67E977A-0102-4758-91E8-9782A570E75D|F1972BF2-C788-4F41-94FE-FBA1869C92BC|4DA86139-6A72-4089-8858-6A3A613FDFE6|C143978A-E021-4015-BC67-5A00D6C910D1|34C4244E-5CE0-4D5D-AD85-60E97FDDD80A|66|18|18|18|1|2017
E3CDC578-37BA-4CDB-B150-DAB0409270CD|EF70C8D3-6866-4F6E-8FC2-10665A8D9B12|F1972BF2-C788-4F41-94FE-FBA1869C92BC|4DA86139-6A72-4089-8858-6A3A613FDFE6|C143978A-E021-4015-BC67-5A00D6C910D1|34C4244E-5CE0-4D5D-AD85-60E97FDDD80A|77|19|19|19|1|2017
E3CDC578-37BA-4CDB-B150-DAB0409270CD|123264D0-464E-4032-BEA5-CFECA81410C9|F1972BF2-C788-4F41-94FE-FBA1869C92BC|4DA86139-6A72-4089-8858-6A3A613FDFE6|C143978A-E021-4015-BC67-5A00D6C910D1|34C4244E-5CE0-4D5D-AD85-60E97FDDD80A|56|20|20|20|1|2017
E3CDC578-37BA-4CDB-B150-DAB0409270CD|CA1F032F-1CA2-4DCE-8AAA-CB284E167A3E|F1972BF2-C788-4F41-94FE-FBA1869C92BC|4DA86139-6A72-4089-8858-6A3A613FDFE6|C143978A-E021-4015-BC67-5A00D6C910D1|34C4244E-5CE0-4D5D-AD85-60E97FDDD80A|55|21|21|21|1|2017
E3CDC578-37BA-4CDB-B150-DAB0409270CD|72A995F4-0C94-4FAA-8A43-2277B02B97D1|F1972BF2-C788-4F41-94FE-FBA1869C92BC|4DA86139-6A72-4089-8858-6A3A613FDFE6|C143978A-E021-4015-BC67-5A00D6C910D1|34C4244E-5CE0-4D5D-AD85-60E97FDDD80A|67|22|22|22|1|2017
E3CDC578-37BA-4CDB-B150-DAB0409270CD|0DE968C9-7309-C481-58F7-AB6CDB1011EF|F1972BF2-C788-4F41-94FE-FBA1869C92BC|4DA86139-6A72-4089-8858-6A3A613FDFE6|C143978A-E021-4015-BC67-5A00D6C910D1|34C4244E-5CE0-4D5D-AD85-60E97FDDD80A|56|23|23|23|1|2017
E3CDC578-37BA-4CDB-B150-DAB0409270CD|C1F2964E-9DD5-4B7A-86BD-E7FCAFB9D9D9|F1972BF2-C788-4F41-94FE-FBA1869C92BC|4DA86139-6A72-4089-8858-6A3A613FDFE6|C143978A-E021-4015-BC67-5A00D6C910D1|34C4244E-5CE0-4D5D-AD85-60E97FDDD80A|82|24|24|24|1|2017
E3CDC578-37BA-4CDB-B150-DAB0409270CD|E4D9BF24-8574-463D-A816-A21CEC6CD548|F1972BF2-C788-4F41-94FE-FBA1869C92BC|4DA86139-6A72-4089-8858-6A3A613FDFE6|C143978A-E021-4015-BC67-5A00D6C910D1|34C4244E-5CE0-4D5D-AD85-60E97FDDD80A|96|25|25|25|1|2017
E3CDC578-37BA-4CDB-B150-DAB0409270CD|40F82118-26E7-4CCC-8456-195B5F009478|F1972BF2-C788-4F41-94FE-FBA1869C92BC|4DA86139-6A72-4089-8858-6A3A613FDFE6|C143978A-E021-4015-BC67-5A00D6C910D1|34C4244E-5CE0-4D5D-AD85-60E97FDDD80A|94|26|26|26|1|2017
E3CDC578-37BA-4CDB-B150-DAB0409270CD|0420916C-304D-4EB8-A847-8B4729E915C1|F1972BF2-C788-4F41-94FE-FBA1869C92BC|4DA86139-6A72-4089-8858-6A3A613FDFE6|C143978A-E021-4015-BC67-5A00D6C910D1|34C4244E-5CE0-4D5D-AD85-60E97FDDD80A|88|27|27|14|1|2017
E3CDC578-37BA-4CDB-B150-DAB0409270CD|199C78A9-4708-451E-8C87-8E6B4F47AAD9|F1972BF2-C788-4F41-94FE-FBA1869C92BC|4DA86139-6A72-4089-8858-6A3A613FDFE6|C143978A-E021-4015-BC67-5A00D6C910D1|34C4244E-5CE0-4D5D-AD85-60E97FDDD80A|87|28|28|15|1|2017
E3CDC578-37BA-4CDB-B150-DAB0409270CD|B404AA65-25A3-40B0-8462-D377A926354F|F1972BF2-C788-4F41-94FE-FBA1869C92BC|4DA86139-6A72-4089-8858-6A3A613FDFE6|C143978A-E021-4015-BC67-5A00D6C910D1|34C4244E-5CE0-4D5D-AD85-60E97FDDD80A|65|29|29|16|1|2017
E3CDC578-37BA-4CDB-B150-DAB0409270CD|B7B6D6E6-84B1-47F6-AA1B-AA34AEB7D236|F1972BF2-C788-4F41-94FE-FBA1869C92BC|4DA86139-6A72-4089-8858-6A3A613FDFE6|C143978A-E021-4015-BC67-5A00D6C910D1|34C4244E-5CE0-4D5D-AD85-60E97FDDD80A|65|30|30|17|1|2017
E3CDC578-37BA-4CDB-B150-DAB0409270CD|7559C867-A833-4DA2-816B-51D4636033A3|F1972BF2-C788-4F41-94FE-FBA1869C92BC|4DA86139-6A72-4089-8858-6A3A613FDFE6|C143978A-E021-4015-BC67-5A00D6C910D1|34C4244E-5CE0-4D5D-AD85-60E97FDDD80A|56|31|31|18|1|2017
E3CDC578-37BA-4CDB-B150-DAB0409270CD|7FC3A038-C5DE-4DEE-AE2D-E2ED230AB328|F1972BF2-C788-4F41-94FE-FBA1869C92BC|4DA86139-6A72-4089-8858-6A3A613FDFE6|C143978A-E021-4015-BC67-5A00D6C910D1|34C4244E-5CE0-4D5D-AD85-60E97FDDD80A|45|32|32|19|1|2017
E3CDC578-37BA-4CDB-B150-DAB0409270CD|4A4D0394-0FBD-4014-98A5-D3CE9161A568|F1972BF2-C788-4F41-94FE-FBA1869C92BC|4DA86139-6A72-4089-8858-6A3A613FDFE6|C143978A-E021-4015-BC67-5A00D6C910D1|34C4244E-5CE0-4D5D-AD85-60E97FDDD80A|98|33|33|20|1|2017
E3CDC578-37BA-4CDB-B150-DAB0409270CD|CB0EF175-8A57-49D7-A1D4-89D0C6E3A497|F1972BF2-C788-4F41-94FE-FBA1869C92BC|4DA86139-6A72-4089-8858-6A3A613FDFE6|C143978A-E021-4015-BC67-5A00D6C910D1|34C4244E-5CE0-4D5D-AD85-60E97FDDD80A|67|34|34|21|1|2017
E3CDC578-37BA-4CDB-B150-DAB0409270CD|309B97E9-72AB-4FD0-A282-8410413ACE46|F1972BF2-C788-4F41-94FE-FBA1869C92BC|4DA86139-6A72-4089-8858-6A3A613FDFE6|C143978A-E021-4015-BC67-5A00D6C910D1|34C4244E-5CE0-4D5D-AD85-60E97FDDD80A|45|35|35|22|1|2017
E3CDC578-37BA-4CDB-B150-DAB0409270CD|307ED34F-D6B5-4EE8-AB44-543305B12085|F1972BF2-C788-4F41-94FE-FBA1869C92BC|4DA86139-6A72-4089-8858-6A3A613FDFE6|C143978A-E021-4015-BC67-5A00D6C910D1|34C4244E-5CE0-4D5D-AD85-60E97FDDD80A|56|36|36|23|1|2017
E3CDC578-37BA-4CDB-B150-DAB0409270CD|97BAC717-C0A7-47F7-9918-C56658E6D792|F1972BF2-C788-4F41-94FE-FBA1869C92BC|4DA86139-6A72-4089-8858-6A3A613FDFE6|C143978A-E021-4015-BC67-5A00D6C910D1|34C4244E-5CE0-4D5D-AD85-60E97FDDD80A|50|37|37|24|1|2017
E3CDC578-37BA-4CDB-B150-DAB0409270CD|466D93AD-B0D7-4B29-89C0-569A421763D6|F1972BF2-C788-4F41-94FE-FBA1869C92BC|4DA86139-6A72-4089-8858-6A3A613FDFE6|C143978A-E021-4015-BC67-5A00D6C910D1|34C4244E-5CE0-4D5D-AD85-60E97FDDD80A|58|38|38|25|1|2017
E3CDC578-37BA-4CDB-B150-DAB0409270CD|41C68FA5-4A98-4BB2-B702-68DD844F92B0|F1972BF2-C788-4F41-94FE-FBA1869C92BC|4DA86139-6A72-4089-8858-6A3A613FDFE6|C143978A-E021-4015-BC67-5A00D6C910D1|34C4244E-5CE0-4D5D-AD85-60E97FDDD80A|60|39|39|26|1|2017
E3CDC578-37BA-4CDB-B150-DAB0409270CD|9208D11F-98E8-47B8-8DFC-4215FC2EF127|F1972BF2-C788-4F41-94FE-FBA1869C92BC|4DA86139-6A72-4089-8858-6A3A613FDFE6|C143978A-E021-4015-BC67-5A00D6C910D1|34C4244E-5CE0-4D5D-AD85-60E97FDDD80A|63|40|40|14|1|2017
E3CDC578-37BA-4CDB-B150-DAB0409270CD|3013780A-61AD-4BAA-8666-C89CC1A555F8|F1972BF2-C788-4F41-94FE-FBA1869C92BC|4DA86139-6A72-4089-8858-6A3A613FDFE6|C143978A-E021-4015-BC67-5A00D6C910D1|34C4244E-5CE0-4D5D-AD85-60E97FDDD80A|76|41|41|15|1|2017
E3CDC578-37BA-4CDB-B150-DAB0409270CD|3C14C92D-9113-4289-8A69-564BF3F3D871|F1972BF2-C788-4F41-94FE-FBA1869C92BC|4DA86139-6A72-4089-8858-6A3A613FDFE6|C143978A-E021-4015-BC67-5A00D6C910D1|34C4244E-5CE0-4D5D-AD85-60E97FDDD80A|56|42|42|16|1|2017
E3CDC578-37BA-4CDB-B150-DAB0409270CD|E9888085-FD91-4551-9274-50BA485A9637|F1972BF2-C788-4F41-94FE-FBA1869C92BC|4DA86139-6A72-4089-8858-6A3A613FDFE6|C143978A-E021-4015-BC67-5A00D6C910D1|34C4244E-5CE0-4D5D-AD85-60E97FDDD80A|82|43|43|17|1|2017
E3CDC578-37BA-4CDB-B150-DAB0409270CD|4F218688-6DE5-4E69-8690-66FBA2F0DC9F|D0F7EC32-EA25-7D32-8708-2CC132446|4DA86139-6A72-4089-8858-6A3A613FDFE6|C143978A-E021-4015-BC67-5A00D6C910D1|AE24F15B-5038-4A15-8607-1DB2A7A0B7DE|46|44|44|18|1|2017
E3CDC578-37BA-4CDB-B150-DAB0409270CD|A195BAF6-D6E7-43A5-B7C9-D6C627A42815|D0F7EC32-EA25-7D32-8708-2CC132446|4DA86139-6A72-4089-8858-6A3A613FDFE6|C143978A-E021-4015-BC67-5A00D6C910D1|AE24F15B-5038-4A15-8607-1DB2A7A0B7DE|50|45|45|19|1|2017
E3CDC578-37BA-4CDB-B150-DAB0409270CD|8A1B5BDB-9589-4207-8345-A811FC18B2C9|D0F7EC32-EA25-7D32-8708-2CC132446|4DA86139-6A72-4089-8858-6A3A613FDFE6|C143978A-E021-4015-BC67-5A00D6C910D1|AE24F15B-5038-4A15-8607-1DB2A7A0B7DE|23|13|13|13|1|2017
E3CDC578-37BA-4CDB-B150-DAB0409270CD|D28063C0-F2B8-4A47-9817-19656004C279|D0F7EC32-EA25-7D32-8708-2CC132446|37D3223A-547E-4BA9-BD0C-28F6187BB5D4|C143978A-E021-4015-BC67-5A00D6C910D1|D50E6399-B913-42F2-A5B6-F0D4BAAF9571|34|14|14|14|1|2017
E3CDC578-37BA-4CDB-B150-DAB0409270CD|C72A3B1C-A13C-462C-BDB7-AFDEFF5F2DA8|D0F7EC32-EA25-7D32-8708-2CC132446|37D3223A-547E-4BA9-BD0C-28F6187BB5D4|C143978A-E021-4015-BC67-5A00D6C910D1|D50E6399-B913-42F2-A5B6-F0D4BAAF9571|45|15|15|15|1|2017
E3CDC578-37BA-4CDB-B150-DAB0409270CD|9F22612B-A69B-41D3-8819-F71420D6DF2F|D0F7EC32-EA25-7D32-8708-2CC132446|37D3223A-547E-4BA9-BD0C-28F6187BB5D4|C143978A-E021-4015-BC67-5A00D6C910D1|D50E6399-B913-42F2-A5B6-F0D4BAAF9571|56|16|16|16|1|2017
E3CDC578-37BA-4CDB-B150-DAB0409270CD|E4CBA165-C6EE-4B1D-ADC8-C327B77B6B13|D0F7EC32-EA25-7D32-8708-2CC132446|37D3223A-547E-4BA9-BD0C-28F6187BB5D4|C143978A-E021-4015-BC67-5A00D6C910D1|D50E6399-B913-42F2-A5B6-F0D4BAAF9571|76|17|17|17|1|2017
E3CDC578-37BA-4CDB-B150-DAB0409270CD|F26BC70F-FDDC-4383-A8D9-E0E5457834D9|D0F7EC32-EA25-7D32-8708-2CC132446|37D3223A-547E-4BA9-BD0C-28F6187BB5D4|C143978A-E021-4015-BC67-5A00D6C910D1|D50E6399-B913-42F2-A5B6-F0D4BAAF9571|34|18|18|18|1|2017
E3CDC578-37BA-4CDB-B150-DAB0409270CD|BDBD35C0-F0A5-46F8-AFFF-5F2BBC182C25|D0F7EC32-EA25-7D32-8708-2CC132446|37D3223A-547E-4BA9-BD0C-28F6187BB5D4|C143978A-E021-4015-BC67-5A00D6C910D1|D50E6399-B913-42F2-A5B6-F0D4BAAF9571|78|19|19|19|1|2017
E3CDC578-37BA-4CDB-B150-DAB0409270CD|31638728-0D17-4D23-B876-FF238D90B7F9|D0F7EC32-EA25-7D32-8708-2CC132446|37D3223A-547E-4BA9-BD0C-28F6187BB5D4|C143978A-E021-4015-BC67-5A00D6C910D1|D50E6399-B913-42F2-A5B6-F0D4BAAF9571|67|20|20|20|1|2017
E3CDC578-37BA-4CDB-B150-DAB0409270CD|172EE44D-088A-4766-A021-690628406CB9|D0F7EC32-EA25-7D32-8708-2CC132446|37D3223A-547E-4BA9-BD0C-28F6187BB5D4|C143978A-E021-4015-BC67-5A00D6C910D1|D50E6399-B913-42F2-A5B6-F0D4BAAF9571|89|21|21|21|1|2017
E3CDC578-37BA-4CDB-B150-DAB0409270CD|582A7D9B-1159-40C5-B8EF-21173770BFA3|D0F7EC32-EA25-7D32-8708-2CC132446|37D3223A-547E-4BA9-BD0C-28F6187BB5D4|C143978A-E021-4015-BC67-5A00D6C910D1|D50E6399-B913-42F2-A5B6-F0D4BAAF9571|65|22|22|22|1|2017
E3CDC578-37BA-4CDB-B150-DAB0409270CD|777CE711-981A-4613-AAA3-99E1140E90E9|D0F7EC32-EA25-7D32-8708-2CC132446|37D3223A-547E-4BA9-BD0C-28F6187BB5D4|C143978A-E021-4015-BC67-5A00D6C910D1|D50E6399-B913-42F2-A5B6-F0D4BAAF9571|65|23|23|23|1|2017
E3CDC578-37BA-4CDB-B150-DAB0409270CD|289A87A1-3936-4012-9487-7B5598F672C9|D0F7EC32-EA25-7D32-8708-2CC132446|37D3223A-547E-4BA9-BD0C-28F6187BB5D4|C143978A-E021-4015-BC67-5A00D6C910D1|D50E6399-B913-42F2-A5B6-F0D4BAAF9571|56|24|24|24|1|2017
E3CDC578-37BA-4CDB-B150-DAB0409270CD|F07D8FE7-DA87-40EB-A294-D06BDAC8F438|D0F7EC32-EA25-7D32-8708-2CC132446|37D3223A-547E-4BA9-BD0C-28F6187BB5D4|C143978A-E021-4015-BC67-5A00D6C910D1|D50E6399-B913-42F2-A5B6-F0D4BAAF9571|67|25|25|25|1|2017
E3CDC578-37BA-4CDB-B150-DAB0409270CD|A2678067-A7A3-4D10-A30C-C3789B180A70|D0F7EC32-EA25-7D32-8708-2CC132446|37D3223A-547E-4BA9-BD0C-28F6187BB5D4|C143978A-E021-4015-BC67-5A00D6C910D1|D50E6399-B913-42F2-A5B6-F0D4BAAF9571|87|26|26|26|1|2017
E3CDC578-37BA-4CDB-B150-DAB0409270CD|2F073061-C5C3-4359-B4DE-5E17D74D6620|D0F7EC32-EA25-7D32-8708-2CC132446|37D3223A-547E-4BA9-BD0C-28F6187BB5D4|C143978A-E021-4015-BC67-5A00D6C910D1|D50E6399-B913-42F2-A5B6-F0D4BAAF9571|76|27|27|14|1|2017
E3CDC578-37BA-4CDB-B150-DAB0409270CD|539D4A11-2C5B-40BC-91A2-44998747E8AD|D0F7EC32-EA25-7D32-8708-2CC132446|37D3223A-547E-4BA9-BD0C-28F6187BB5D4|C143978A-E021-4015-BC67-5A00D6C910D1|D50E6399-B913-42F2-A5B6-F0D4BAAF9571|56|28|28|15|1|2017
E3CDC578-37BA-4CDB-B150-DAB0409270CD|EE943C52-EF11-4D6C-BEBF-CE5901394CB3|D0F7EC32-EA25-7D32-8708-2CC132446|37D3223A-547E-4BA9-BD0C-28F6187BB5D4|C143978A-E021-4015-BC67-5A00D6C910D1|D50E6399-B913-42F2-A5B6-F0D4BAAF9571|54|29|29|16|1|2017
E3CDC578-37BA-4CDB-B150-DAB0409270CD|743DB4A9-876D-4148-828D-A0CC23B736CC|D0F7EC32-EA25-7D32-8708-2CC132446|37D3223A-547E-4BA9-BD0C-28F6187BB5D4|C143978A-E021-4015-BC67-5A00D6C910D1|D50E6399-B913-42F2-A5B6-F0D4BAAF9571|58|30|30|17|1|2017
E3CDC578-37BA-4CDB-B150-DAB0409270CD|CE880C8E-C8D0-49A3-AA4A-8294F8F3F307|D0F7EC32-EA25-7D32-8708-2CC132446|37D3223A-547E-4BA9-BD0C-28F6187BB5D4|C143978A-E021-4015-BC67-5A00D6C910D1|D50E6399-B913-42F2-A5B6-F0D4BAAF9571|60|31|31|18|1|2017
E3CDC578-37BA-4CDB-B150-DAB0409270CD|20CA9579-140F-4DAB-8587-30AEAD28B04E|D0F7EC32-EA25-7D32-8708-2CC132446|37D3223A-547E-4BA9-BD0C-28F6187BB5D4|C143978A-E021-4015-BC67-5A00D6C910D1|D50E6399-B913-42F2-A5B6-F0D4BAAF9571|63|32|32|19|1|2017
E3CDC578-37BA-4CDB-B150-DAB0409270CD|505B0413-C444-4B53-99E2-BFA56F3F771A|D0F7EC32-EA25-7D32-8708-2CC132446|37D3223A-547E-4BA9-BD0C-28F6187BB5D4|C143978A-E021-4015-BC67-5A00D6C910D1|D50E6399-B913-42F2-A5B6-F0D4BAAF9571|66|33|33|20|1|2017
E3CDC578-37BA-4CDB-B150-DAB0409270CD|A48C8714-0012-4AF0-AE0F-0C3932980FC5|D0F7EC32-EA25-7D32-8708-2CC132446|37D3223A-547E-4BA9-BD0C-28F6187BB5D4|C143978A-E021-4015-BC67-5A00D6C910D1|D50E6399-B913-42F2-A5B6-F0D4BAAF9571|77|34|34|21|1|2017
E3CDC578-37BA-4CDB-B150-DAB0409270CD|3DC2A34B-008C-4C2C-BD11-262FB0DA6BB3|D0F7EC32-EA25-7D32-8708-2CC132446|37D3223A-547E-4BA9-BD0C-28F6187BB5D4|C143978A-E021-4015-BC67-5A00D6C910D1|D50E6399-B913-42F2-A5B6-F0D4BAAF9571|56|35|35|22|1|2017
E3CDC578-37BA-4CDB-B150-DAB0409270CD|5CF574B4-1464-4BEC-AD86-84639DE8EB1A|D0F7EC32-EA25-7D32-8708-2CC132446|37D3223A-547E-4BA9-BD0C-28F6187BB5D4|C143978A-E021-4015-BC67-5A00D6C910D1|D50E6399-B913-42F2-A5B6-F0D4BAAF9571|55|36|36|23|1|2017
E3CDC578-37BA-4CDB-B150-DAB0409270CD|7C3BAB0E-C09E-4238-B3C0-9FAF188A53B7|D0F7EC32-EA25-7D32-8708-2CC132446|37D3223A-547E-4BA9-BD0C-28F6187BB5D4|C143978A-E021-4015-BC67-5A00D6C910D1|D50E6399-B913-42F2-A5B6-F0D4BAAF9571|67|37|37|24|1|2017
E3CDC578-37BA-4CDB-B150-DAB0409270CD|CD23A751-4F7F-4CA4-9B98-CA509B1C9BE9|D0F7EC32-EA25-7D32-8708-2CC132446|37D3223A-547E-4BA9-BD0C-28F6187BB5D4|C143978A-E021-4015-BC67-5A00D6C910D1|D50E6399-B913-42F2-A5B6-F0D4BAAF9571|56|38|38|25|1|2017
E3CDC578-37BA-4CDB-B150-DAB0409270CD|E3AC3BF6-7832-4CFA-A684-F866CFF1EC03|D0F7EC32-EA25-7D32-8708-2CC132446|37D3223A-547E-4BA9-BD0C-28F6187BB5D4|C143978A-E021-4015-BC67-5A00D6C910D1|D50E6399-B913-42F2-A5B6-F0D4BAAF9571|82|39|39|26|1|2017
E3CDC578-37BA-4CDB-B150-DAB0409270CD|54A61629-5C00-42D7-9167-44AC3E6A1D49|D0F7EC32-EA25-7D32-8708-2CC132446|37D3223A-547E-4BA9-BD0C-28F6187BB5D4|C143978A-E021-4015-BC67-5A00D6C910D1|D50E6399-B913-42F2-A5B6-F0D4BAAF9571|96|40|40|14|1|2017
E3CDC578-37BA-4CDB-B150-DAB0409270CD|2F1D0FF2-D63F-42EC-B26C-728328BD2D2E|D0F7EC32-EA25-7D32-8708-2CC132446|37D3223A-547E-4BA9-BD0C-28F6187BB5D4|C143978A-E021-4015-BC67-5A00D6C910D1|D50E6399-B913-42F2-A5B6-F0D4BAAF9571|94|41|41|15|1|2017
E3CDC578-37BA-4CDB-B150-DAB0409270CD|6B6E166D-6F1C-4594-AC6F-220CC73C569A|D0F7EC32-EA25-7D32-8708-2CC132446|37D3223A-547E-4BA9-BD0C-28F6187BB5D4|C143978A-E021-4015-BC67-5A00D6C910D1|D50E6399-B913-42F2-A5B6-F0D4BAAF9571|88|42|42|16|1|2017
E3CDC578-37BA-4CDB-B150-DAB0409270CD|3F6F8ACF-477F-4E93-9099-524272131150|D0F7EC32-EA25-7D32-8708-2CC132446|37D3223A-547E-4BA9-BD0C-28F6187BB5D4|C143978A-E021-4015-BC67-5A00D6C910D1|D50E6399-B913-42F2-A5B6-F0D4BAAF9571|87|43|43|17|1|2017
E3CDC578-37BA-4CDB-B150-DAB0409270CD|CEAECA2A-D0DE-4E78-B663-2C2265C56E5A|D0F7EC32-EA25-7D32-8708-2CC132446|37D3223A-547E-4BA9-BD0C-28F6187BB5D4|C143978A-E021-4015-BC67-5A00D6C910D1|D50E6399-B913-42F2-A5B6-F0D4BAAF9571|65|44|44|18|1|2017
E3CDC578-37BA-4CDB-B150-DAB0409270CD|7193EB96-25D8-4FC0-AA1F-F76B0695AB1D|D0F7EC32-EA25-7D32-8708-2CC132446|37D3223A-547E-4BA9-BD0C-28F6187BB5D4|C143978A-E021-4015-BC67-5A00D6C910D1|D50E6399-B913-42F2-A5B6-F0D4BAAF9571|65|45|45|19|1|2017
E3CDC578-37BA-4CDB-B150-DAB0409270CD|9BDEB2F2-AE2F-4D41-95A7-075FE76077C9|D0F7EC32-EA25-7D32-8708-2CC132446|37D3223A-547E-4BA9-BD0C-28F6187BB5D4|C143978A-E021-4015-BC67-5A00D6C910D1|D50E6399-B913-42F2-A5B6-F0D4BAAF9571|56|13|13|13|1|2017
E3CDC578-37BA-4CDB-B150-DAB0409270CD|40CC3205-3CE2-4FB3-9331-5AC66B8FAA3D|D0F7EC32-EA25-7D32-8708-2CC132446|37D3223A-547E-4BA9-BD0C-28F6187BB5D4|C143978A-E021-4015-BC67-5A00D6C910D1|D50E6399-B913-42F2-A5B6-F0D4BAAF9571|45|14|14|14|1|2017
E3CDC578-37BA-4CDB-B150-DAB0409270CD|0B19CA51-195B-4FF1-9BC0-2B75DA47A5B2|D0F7EC32-EA25-7D32-8708-2CC132446|37D3223A-547E-4BA9-BD0C-28F6187BB5D4|C143978A-E021-4015-BC67-5A00D6C910D1|D50E6399-B913-42F2-A5B6-F0D4BAAF9571|98|15|15|15|1|2017
E3CDC578-37BA-4CDB-B150-DAB0409270CD|745823C6-C558-45D0-A477-B963799C8F28|D0F7EC32-EA25-7D32-8708-2CC132446|37D3223A-547E-4BA9-BD0C-28F6187BB5D4|C143978A-E021-4015-BC67-5A00D6C910D1|D50E6399-B913-42F2-A5B6-F0D4BAAF9571|67|16|16|16|1|2017
E3CDC578-37BA-4CDB-B150-DAB0409270CD|9D3BEDC0-924F-434C-8CFE-4EF4EE2323C9|D0F7EC32-EA25-7D32-8708-2CC132446|37D3223A-547E-4BA9-BD0C-28F6187BB5D4|C143978A-E021-4015-BC67-5A00D6C910D1|D50E6399-B913-42F2-A5B6-F0D4BAAF9571|45|17|17|17|1|2017
E3CDC578-37BA-4CDB-B150-DAB0409270CD|CC6D62A0-5AA0-46CA-A0AA-C0A651021BDA|D0F7EC32-EA25-7D32-8708-2CC132446|37D3223A-547E-4BA9-BD0C-28F6187BB5D4|C143978A-E021-4015-BC67-5A00D6C910D1|D50E6399-B913-42F2-A5B6-F0D4BAAF9571|56|18|18|18|1|2017
E3CDC578-37BA-4CDB-B150-DAB0409270CD|E9E5C637-E205-4479-B0E8-4F547DEFE169|D0F7EC32-EA25-7D32-8708-2CC132446|37D3223A-547E-4BA9-BD0C-28F6187BB5D4|C143978A-E021-4015-BC67-5A00D6C910D1|D50E6399-B913-42F2-A5B6-F0D4BAAF9571|50|19|19|19|1|2017
E3CDC578-37BA-4CDB-B150-DAB0409270CD|95251D87-568C-4B6B-9378-1018A934808A|D0F7EC32-EA25-7D32-8708-2CC132446|37D3223A-547E-4BA9-BD0C-28F6187BB5D4|C143978A-E021-4015-BC67-5A00D6C910D1|D50E6399-B913-42F2-A5B6-F0D4BAAF9571|58|20|20|20|1|2017
E3CDC578-37BA-4CDB-B150-DAB0409270CD|4F218688-6DE5-4E69-8690-66FBA2F0DC9F|66027e51-b1ad-4b10-8250-63af64d23323|37D3223A-547E-4BA9-BD0C-28F6187BB5D4|C143978A-E021-4015-BC67-5A00D6C910D1|D50E6399-B913-42F2-A5B6-F0D4BAAF9571|60|21|21|21|1|2017
E3CDC578-37BA-4CDB-B150-DAB0409270CD|A195BAF6-D6E7-43A5-B7C9-D6C627A42815|66027e51-b1ad-4b10-8250-63af64d23323|37D3223A-547E-4BA9-BD0C-28F6187BB5D4|C143978A-E021-4015-BC67-5A00D6C910D1|D50E6399-B913-42F2-A5B6-F0D4BAAF9571|63|22|22|22|1|2017
E3CDC578-37BA-4CDB-B150-DAB0409270CD|8A1B5BDB-9589-4207-8345-A811FC18B2C9|66027e51-b1ad-4b10-8250-63af64d23323|37D3223A-547E-4BA9-BD0C-28F6187BB5D4|C143978A-E021-4015-BC67-5A00D6C910D1|D50E6399-B913-42F2-A5B6-F0D4BAAF9571|66|23|23|23|1|2017
E3CDC578-37BA-4CDB-B150-DAB0409270CD|D28063C0-F2B8-4A47-9817-19656004C279|66027e51-b1ad-4b10-8250-63af64d23323|37D3223A-547E-4BA9-BD0C-28F6187BB5D4|C143978A-E021-4015-BC67-5A00D6C910D1|D50E6399-B913-42F2-A5B6-F0D4BAAF9571|77|24|24|24|1|2017
E3CDC578-37BA-4CDB-B150-DAB0409270CD|C72A3B1C-A13C-462C-BDB7-AFDEFF5F2DA8|66027e51-b1ad-4b10-8250-63af64d23323|37D3223A-547E-4BA9-BD0C-28F6187BB5D4|C143978A-E021-4015-BC67-5A00D6C910D1|D50E6399-B913-42F2-A5B6-F0D4BAAF9571|56|25|25|25|1|2017
E3CDC578-37BA-4CDB-B150-DAB0409270CD|9F22612B-A69B-41D3-8819-F71420D6DF2F|66027e51-b1ad-4b10-8250-63af64d23323|37D3223A-547E-4BA9-BD0C-28F6187BB5D4|C143978A-E021-4015-BC67-5A00D6C910D1|D50E6399-B913-42F2-A5B6-F0D4BAAF9571|55|26|26|26|1|2017
E3CDC578-37BA-4CDB-B150-DAB0409270CD|E4CBA165-C6EE-4B1D-ADC8-C327B77B6B13|66027e51-b1ad-4b10-8250-63af64d23323|37D3223A-547E-4BA9-BD0C-28F6187BB5D4|C143978A-E021-4015-BC67-5A00D6C910D1|D50E6399-B913-42F2-A5B6-F0D4BAAF9571|67|27|27|14|1|2017
E3CDC578-37BA-4CDB-B150-DAB0409270CD|F26BC70F-FDDC-4383-A8D9-E0E5457834D9|66027e51-b1ad-4b10-8250-63af64d23323|37D3223A-547E-4BA9-BD0C-28F6187BB5D4|C143978A-E021-4015-BC67-5A00D6C910D1|D50E6399-B913-42F2-A5B6-F0D4BAAF9571|56|28|28|15|1|2017
E3CDC578-37BA-4CDB-B150-DAB0409270CD|BDBD35C0-F0A5-46F8-AFFF-5F2BBC182C25|66027e51-b1ad-4b10-8250-63af64d23323|37D3223A-547E-4BA9-BD0C-28F6187BB5D4|C143978A-E021-4015-BC67-5A00D6C910D1|D50E6399-B913-42F2-A5B6-F0D4BAAF9571|82|29|29|16|1|2017
E3CDC578-37BA-4CDB-B150-DAB0409270CD|31638728-0D17-4D23-B876-FF238D90B7F9|66027e51-b1ad-4b10-8250-63af64d23323|37D3223A-547E-4BA9-BD0C-28F6187BB5D4|C143978A-E021-4015-BC67-5A00D6C910D1|D50E6399-B913-42F2-A5B6-F0D4BAAF9571|96|30|30|17|1|2017
E3CDC578-37BA-4CDB-B150-DAB0409270CD|172EE44D-088A-4766-A021-690628406CB9|66027e51-b1ad-4b10-8250-63af64d23323|37D3223A-547E-4BA9-BD0C-28F6187BB5D4|C143978A-E021-4015-BC67-5A00D6C910D1|D50E6399-B913-42F2-A5B6-F0D4BAAF9571|94|31|31|18|1|2017
E3CDC578-37BA-4CDB-B150-DAB0409270CD|582A7D9B-1159-40C5-B8EF-21173770BFA3|66027e51-b1ad-4b10-8250-63af64d23323|37D3223A-547E-4BA9-BD0C-28F6187BB5D4|C143978A-E021-4015-BC67-5A00D6C910D1|D50E6399-B913-42F2-A5B6-F0D4BAAF9571|88|32|32|19|1|2017
E3CDC578-37BA-4CDB-B150-DAB0409270CD|777CE711-981A-4613-AAA3-99E1140E90E9|66027e51-b1ad-4b10-8250-63af64d23323|37D3223A-547E-4BA9-BD0C-28F6187BB5D4|C143978A-E021-4015-BC67-5A00D6C910D1|D50E6399-B913-42F2-A5B6-F0D4BAAF9571|87|33|33|20|1|2017
E3CDC578-37BA-4CDB-B150-DAB0409270CD|289A87A1-3936-4012-9487-7B5598F672C9|66027e51-b1ad-4b10-8250-63af64d23323|37D3223A-547E-4BA9-BD0C-28F6187BB5D4|C143978A-E021-4015-BC67-5A00D6C910D1|D50E6399-B913-42F2-A5B6-F0D4BAAF9571|65|34|34|21|1|2017
E3CDC578-37BA-4CDB-B150-DAB0409270CD|F07D8FE7-DA87-40EB-A294-D06BDAC8F438|66027e51-b1ad-4b10-8250-63af64d23323|37D3223A-547E-4BA9-BD0C-28F6187BB5D4|C143978A-E021-4015-BC67-5A00D6C910D1|D50E6399-B913-42F2-A5B6-F0D4BAAF9571|65|35|35|22|1|2017
E3CDC578-37BA-4CDB-B150-DAB0409270CD|A2678067-A7A3-4D10-A30C-C3789B180A70|66027e51-b1ad-4b10-8250-63af64d23323|37D3223A-547E-4BA9-BD0C-28F6187BB5D4|C143978A-E021-4015-BC67-5A00D6C910D1|D50E6399-B913-42F2-A5B6-F0D4BAAF9571|56|36|36|23|1|2017
E3CDC578-37BA-4CDB-B150-DAB0409270CD|2F073061-C5C3-4359-B4DE-5E17D74D6620|66027e51-b1ad-4b10-8250-63af64d23323|37D3223A-547E-4BA9-BD0C-28F6187BB5D4|C143978A-E021-4015-BC67-5A00D6C910D1|D50E6399-B913-42F2-A5B6-F0D4BAAF9571|45|37|37|24|1|2017
E3CDC578-37BA-4CDB-B150-DAB0409270CD|539D4A11-2C5B-40BC-91A2-44998747E8AD|66027e51-b1ad-4b10-8250-63af64d23323|37D3223A-547E-4BA9-BD0C-28F6187BB5D4|C143978A-E021-4015-BC67-5A00D6C910D1|D50E6399-B913-42F2-A5B6-F0D4BAAF9571|98|38|38|25|1|2017
E3CDC578-37BA-4CDB-B150-DAB0409270CD|EE943C52-EF11-4D6C-BEBF-CE5901394CB3|66027e51-b1ad-4b10-8250-63af64d23323|37D3223A-547E-4BA9-BD0C-28F6187BB5D4|C143978A-E021-4015-BC67-5A00D6C910D1|D50E6399-B913-42F2-A5B6-F0D4BAAF9571|67|39|39|26|1|2017
E3CDC578-37BA-4CDB-B150-DAB0409270CD|743DB4A9-876D-4148-828D-A0CC23B736CC|66027e51-b1ad-4b10-8250-63af64d23323|37D3223A-547E-4BA9-BD0C-28F6187BB5D4|C143978A-E021-4015-BC67-5A00D6C910D1|D50E6399-B913-42F2-A5B6-F0D4BAAF9571|45|40|40|14|1|2017
E3CDC578-37BA-4CDB-B150-DAB0409270CD|CE880C8E-C8D0-49A3-AA4A-8294F8F3F307|66027e51-b1ad-4b10-8250-63af64d23323|37D3223A-547E-4BA9-BD0C-28F6187BB5D4|C143978A-E021-4015-BC67-5A00D6C910D1|D50E6399-B913-42F2-A5B6-F0D4BAAF9571|56|41|41|15|1|2017
E3CDC578-37BA-4CDB-B150-DAB0409270CD|20CA9579-140F-4DAB-8587-30AEAD28B04E|66027e51-b1ad-4b10-8250-63af64d23323|37D3223A-547E-4BA9-BD0C-28F6187BB5D4|C143978A-E021-4015-BC67-5A00D6C910D1|D50E6399-B913-42F2-A5B6-F0D4BAAF9571|50|42|42|16|1|2017
E3CDC578-37BA-4CDB-B150-DAB0409270CD|505B0413-C444-4B53-99E2-BFA56F3F771A|66027e51-b1ad-4b10-8250-63af64d23323|37D3223A-547E-4BA9-BD0C-28F6187BB5D4|C143978A-E021-4015-BC67-5A00D6C910D1|D50E6399-B913-42F2-A5B6-F0D4BAAF9571|58|43|43|17|1|2017
E3CDC578-37BA-4CDB-B150-DAB0409270CD|A48C8714-0012-4AF0-AE0F-0C3932980FC5|66027e51-b1ad-4b10-8250-63af64d23323|37D3223A-547E-4BA9-BD0C-28F6187BB5D4|C143978A-E021-4015-BC67-5A00D6C910D1|D50E6399-B913-42F2-A5B6-F0D4BAAF9571|60|44|44|18|1|2017
E3CDC578-37BA-4CDB-B150-DAB0409270CD|3DC2A34B-008C-4C2C-BD11-262FB0DA6BB3|66027e51-b1ad-4b10-8250-63af64d23323|37D3223A-547E-4BA9-BD0C-28F6187BB5D4|C143978A-E021-4015-BC67-5A00D6C910D1|D50E6399-B913-42F2-A5B6-F0D4BAAF9571|63|45|45|19|1|2017
E3CDC578-37BA-4CDB-B150-DAB0409270CD|5CF574B4-1464-4BEC-AD86-84639DE8EB1A|66027e51-b1ad-4b10-8250-63af64d23323|37D3223A-547E-4BA9-BD0C-28F6187BB5D4|C143978A-E021-4015-BC67-5A00D6C910D1|D50E6399-B913-42F2-A5B6-F0D4BAAF9571|67|13|13|13|1|2017
E3CDC578-37BA-4CDB-B150-DAB0409270CD|7C3BAB0E-C09E-4238-B3C0-9FAF188A53B7|66027e51-b1ad-4b10-8250-63af64d23323|37D3223A-547E-4BA9-BD0C-28F6187BB5D4|C143978A-E021-4015-BC67-5A00D6C910D1|D50E6399-B913-42F2-A5B6-F0D4BAAF9571|45|14|14|14|1|2017
E3CDC578-37BA-4CDB-B150-DAB0409270CD|CD23A751-4F7F-4CA4-9B98-CA509B1C9BE9|66027e51-b1ad-4b10-8250-63af64d23323|37D3223A-547E-4BA9-BD0C-28F6187BB5D4|C143978A-E021-4015-BC67-5A00D6C910D1|D50E6399-B913-42F2-A5B6-F0D4BAAF9571|56|15|15|15|1|2017
E3CDC578-37BA-4CDB-B150-DAB0409270CD|E3AC3BF6-7832-4CFA-A684-F866CFF1EC03|66027e51-b1ad-4b10-8250-63af64d23323|37D3223A-547E-4BA9-BD0C-28F6187BB5D4|C143978A-E021-4015-BC67-5A00D6C910D1|D50E6399-B913-42F2-A5B6-F0D4BAAF9571|50|16|16|16|1|2017
E3CDC578-37BA-4CDB-B150-DAB0409270CD|54A61629-5C00-42D7-9167-44AC3E6A1D49|66027e51-b1ad-4b10-8250-63af64d23323|37D3223A-547E-4BA9-BD0C-28F6187BB5D4|C143978A-E021-4015-BC67-5A00D6C910D1|D50E6399-B913-42F2-A5B6-F0D4BAAF9571|58|17|17|17|1|2017
E3CDC578-37BA-4CDB-B150-DAB0409270CD|2F1D0FF2-D63F-42EC-B26C-728328BD2D2E|66027e51-b1ad-4b10-8250-63af64d23323|37D3223A-547E-4BA9-BD0C-28F6187BB5D4|C143978A-E021-4015-BC67-5A00D6C910D1|D50E6399-B913-42F2-A5B6-F0D4BAAF9571|60|18|18|18|1|2017
E3CDC578-37BA-4CDB-B150-DAB0409270CD|6B6E166D-6F1C-4594-AC6F-220CC73C569A|66027e51-b1ad-4b10-8250-63af64d23323|37D3223A-547E-4BA9-BD0C-28F6187BB5D4|C143978A-E021-4015-BC67-5A00D6C910D1|D50E6399-B913-42F2-A5B6-F0D4BAAF9571|63|19|19|19|1|2017
E3CDC578-37BA-4CDB-B150-DAB0409270CD|3F6F8ACF-477F-4E93-9099-524272131150|66027e51-b1ad-4b10-8250-63af64d23323|37D3223A-547E-4BA9-BD0C-28F6187BB5D4|C143978A-E021-4015-BC67-5A00D6C910D1|D50E6399-B913-42F2-A5B6-F0D4BAAF9571|76|20|20|20|1|2017
E3CDC578-37BA-4CDB-B150-DAB0409270CD|CEAECA2A-D0DE-4E78-B663-2C2265C56E5A|66027e51-b1ad-4b10-8250-63af64d23323|37D3223A-547E-4BA9-BD0C-28F6187BB5D4|C143978A-E021-4015-BC67-5A00D6C910D1|D50E6399-B913-42F2-A5B6-F0D4BAAF9571|56|21|21|21|1|2017
E3CDC578-37BA-4CDB-B150-DAB0409270CD|7193EB96-25D8-4FC0-AA1F-F76B0695AB1D|66027e51-b1ad-4b10-8250-63af64d23323|37D3223A-547E-4BA9-BD0C-28F6187BB5D4|C143978A-E021-4015-BC67-5A00D6C910D1|D50E6399-B913-42F2-A5B6-F0D4BAAF9571|82|22|22|22|1|2017
E3CDC578-37BA-4CDB-B150-DAB0409270CD|9BDEB2F2-AE2F-4D41-95A7-075FE76077C9|66027e51-b1ad-4b10-8250-63af64d23323|37D3223A-547E-4BA9-BD0C-28F6187BB5D4|C143978A-E021-4015-BC67-5A00D6C910D1|D50E6399-B913-42F2-A5B6-F0D4BAAF9571|46|23|23|23|1|2017
E3CDC578-37BA-4CDB-B150-DAB0409270CD|40CC3205-3CE2-4FB3-9331-5AC66B8FAA3D|66027e51-b1ad-4b10-8250-63af64d23323|37D3223A-547E-4BA9-BD0C-28F6187BB5D4|C143978A-E021-4015-BC67-5A00D6C910D1|D50E6399-B913-42F2-A5B6-F0D4BAAF9571|50|24|24|24|1|2017
E3CDC578-37BA-4CDB-B150-DAB0409270CD|0B19CA51-195B-4FF1-9BC0-2B75DA47A5B2|66027e51-b1ad-4b10-8250-63af64d23323|37D3223A-547E-4BA9-BD0C-28F6187BB5D4|C143978A-E021-4015-BC67-5A00D6C910D1|D50E6399-B913-42F2-A5B6-F0D4BAAF9571|23|25|25|25|1|2017
E3CDC578-37BA-4CDB-B150-DAB0409270CD|745823C6-C558-45D0-A477-B963799C8F28|66027e51-b1ad-4b10-8250-63af64d23323|37D3223A-547E-4BA9-BD0C-28F6187BB5D4|C143978A-E021-4015-BC67-5A00D6C910D1|D50E6399-B913-42F2-A5B6-F0D4BAAF9571|34|26|26|26|1|2017
E3CDC578-37BA-4CDB-B150-DAB0409270CD|9D3BEDC0-924F-434C-8CFE-4EF4EE2323C9|66027e51-b1ad-4b10-8250-63af64d23323|37D3223A-547E-4BA9-BD0C-28F6187BB5D4|C143978A-E021-4015-BC67-5A00D6C910D1|D50E6399-B913-42F2-A5B6-F0D4BAAF9571|45|27|27|14|1|2017
E3CDC578-37BA-4CDB-B150-DAB0409270CD|4F218688-6DE5-4E69-8690-66FBA2F0DC9F|4f59580d-1a16-4669-9ed5-4b89615d6903|37D3223A-547E-4BA9-BD0C-28F6187BB5D4|C143978A-E021-4015-BC67-5A00D6C910D1|D50E6399-B913-42F2-A5B6-F0D4BAAF9571|56|28|28|15|1|2017
E3CDC578-37BA-4CDB-B150-DAB0409270CD|A195BAF6-D6E7-43A5-B7C9-D6C627A42815|4f59580d-1a16-4669-9ed5-4b89615d6903|37D3223A-547E-4BA9-BD0C-28F6187BB5D4|C143978A-E021-4015-BC67-5A00D6C910D1|D50E6399-B913-42F2-A5B6-F0D4BAAF9571|76|29|29|16|1|2017
E3CDC578-37BA-4CDB-B150-DAB0409270CD|8A1B5BDB-9589-4207-8345-A811FC18B2C9|4f59580d-1a16-4669-9ed5-4b89615d6903|37D3223A-547E-4BA9-BD0C-28F6187BB5D4|C143978A-E021-4015-BC67-5A00D6C910D1|D50E6399-B913-42F2-A5B6-F0D4BAAF9571|34|30|30|17|1|2017
E3CDC578-37BA-4CDB-B150-DAB0409270CD|D28063C0-F2B8-4A47-9817-19656004C279|4f59580d-1a16-4669-9ed5-4b89615d6903|37D3223A-547E-4BA9-BD0C-28F6187BB5D4|C143978A-E021-4015-BC67-5A00D6C910D1|D50E6399-B913-42F2-A5B6-F0D4BAAF9571|78|31|31|18|1|2017
E3CDC578-37BA-4CDB-B150-DAB0409270CD|C72A3B1C-A13C-462C-BDB7-AFDEFF5F2DA8|4f59580d-1a16-4669-9ed5-4b89615d6903|37D3223A-547E-4BA9-BD0C-28F6187BB5D4|C143978A-E021-4015-BC67-5A00D6C910D1|D50E6399-B913-42F2-A5B6-F0D4BAAF9571|67|32|32|19|1|2017
E3CDC578-37BA-4CDB-B150-DAB0409270CD|9F22612B-A69B-41D3-8819-F71420D6DF2F|4f59580d-1a16-4669-9ed5-4b89615d6903|37D3223A-547E-4BA9-BD0C-28F6187BB5D4|C143978A-E021-4015-BC67-5A00D6C910D1|D50E6399-B913-42F2-A5B6-F0D4BAAF9571|89|33|33|20|1|2017
E3CDC578-37BA-4CDB-B150-DAB0409270CD|E4CBA165-C6EE-4B1D-ADC8-C327B77B6B13|4f59580d-1a16-4669-9ed5-4b89615d6903|37D3223A-547E-4BA9-BD0C-28F6187BB5D4|C143978A-E021-4015-BC67-5A00D6C910D1|D50E6399-B913-42F2-A5B6-F0D4BAAF9571|65|34|34|21|1|2017
E3CDC578-37BA-4CDB-B150-DAB0409270CD|F26BC70F-FDDC-4383-A8D9-E0E5457834D9|4f59580d-1a16-4669-9ed5-4b89615d6903|37D3223A-547E-4BA9-BD0C-28F6187BB5D4|C143978A-E021-4015-BC67-5A00D6C910D1|D50E6399-B913-42F2-A5B6-F0D4BAAF9571|65|35|35|22|1|2017
E3CDC578-37BA-4CDB-B150-DAB0409270CD|BDBD35C0-F0A5-46F8-AFFF-5F2BBC182C25|4f59580d-1a16-4669-9ed5-4b89615d6903|37D3223A-547E-4BA9-BD0C-28F6187BB5D4|C143978A-E021-4015-BC67-5A00D6C910D1|D50E6399-B913-42F2-A5B6-F0D4BAAF9571|56|36|36|23|1|2017
E3CDC578-37BA-4CDB-B150-DAB0409270CD|31638728-0D17-4D23-B876-FF238D90B7F9|4f59580d-1a16-4669-9ed5-4b89615d6903|37D3223A-547E-4BA9-BD0C-28F6187BB5D4|C143978A-E021-4015-BC67-5A00D6C910D1|D50E6399-B913-42F2-A5B6-F0D4BAAF9571|67|37|37|24|1|2017
E3CDC578-37BA-4CDB-B150-DAB0409270CD|172EE44D-088A-4766-A021-690628406CB9|4f59580d-1a16-4669-9ed5-4b89615d6903|37D3223A-547E-4BA9-BD0C-28F6187BB5D4|C143978A-E021-4015-BC67-5A00D6C910D1|D50E6399-B913-42F2-A5B6-F0D4BAAF9571|87|38|38|25|1|2017
E3CDC578-37BA-4CDB-B150-DAB0409270CD|582A7D9B-1159-40C5-B8EF-21173770BFA3|4f59580d-1a16-4669-9ed5-4b89615d6903|37D3223A-547E-4BA9-BD0C-28F6187BB5D4|C143978A-E021-4015-BC67-5A00D6C910D1|D50E6399-B913-42F2-A5B6-F0D4BAAF9571|76|39|39|26|1|2017
E3CDC578-37BA-4CDB-B150-DAB0409270CD|777CE711-981A-4613-AAA3-99E1140E90E9|4f59580d-1a16-4669-9ed5-4b89615d6903|37D3223A-547E-4BA9-BD0C-28F6187BB5D4|C143978A-E021-4015-BC67-5A00D6C910D1|D50E6399-B913-42F2-A5B6-F0D4BAAF9571|56|40|40|14|1|2017
E3CDC578-37BA-4CDB-B150-DAB0409270CD|289A87A1-3936-4012-9487-7B5598F672C9|4f59580d-1a16-4669-9ed5-4b89615d6903|37D3223A-547E-4BA9-BD0C-28F6187BB5D4|C143978A-E021-4015-BC67-5A00D6C910D1|D50E6399-B913-42F2-A5B6-F0D4BAAF9571|54|41|41|15|1|2017
E3CDC578-37BA-4CDB-B150-DAB0409270CD|F07D8FE7-DA87-40EB-A294-D06BDAC8F438|4f59580d-1a16-4669-9ed5-4b89615d6903|37D3223A-547E-4BA9-BD0C-28F6187BB5D4|C143978A-E021-4015-BC67-5A00D6C910D1|D50E6399-B913-42F2-A5B6-F0D4BAAF9571|58|42|42|16|1|2017
E3CDC578-37BA-4CDB-B150-DAB0409270CD|A2678067-A7A3-4D10-A30C-C3789B180A70|4f59580d-1a16-4669-9ed5-4b89615d6903|37D3223A-547E-4BA9-BD0C-28F6187BB5D4|C143978A-E021-4015-BC67-5A00D6C910D1|D50E6399-B913-42F2-A5B6-F0D4BAAF9571|60|43|43|17|1|2017
E3CDC578-37BA-4CDB-B150-DAB0409270CD|2F073061-C5C3-4359-B4DE-5E17D74D6620|4f59580d-1a16-4669-9ed5-4b89615d6903|37D3223A-547E-4BA9-BD0C-28F6187BB5D4|C143978A-E021-4015-BC67-5A00D6C910D1|D50E6399-B913-42F2-A5B6-F0D4BAAF9571|63|44|44|18|1|2017
E3CDC578-37BA-4CDB-B150-DAB0409270CD|539D4A11-2C5B-40BC-91A2-44998747E8AD|4f59580d-1a16-4669-9ed5-4b89615d6903|37D3223A-547E-4BA9-BD0C-28F6187BB5D4|C143978A-E021-4015-BC67-5A00D6C910D1|D50E6399-B913-42F2-A5B6-F0D4BAAF9571|66|45|45|19|1|2017
E3CDC578-37BA-4CDB-B150-DAB0409270CD|EE943C52-EF11-4D6C-BEBF-CE5901394CB3|4f59580d-1a16-4669-9ed5-4b89615d6903|37D3223A-547E-4BA9-BD0C-28F6187BB5D4|C143978A-E021-4015-BC67-5A00D6C910D1|D50E6399-B913-42F2-A5B6-F0D4BAAF9571|77|13|13|13|1|2017
E3CDC578-37BA-4CDB-B150-DAB0409270CD|743DB4A9-876D-4148-828D-A0CC23B736CC|4f59580d-1a16-4669-9ed5-4b89615d6903|37D3223A-547E-4BA9-BD0C-28F6187BB5D4|C143978A-E021-4015-BC67-5A00D6C910D1|D50E6399-B913-42F2-A5B6-F0D4BAAF9571|56|14|14|14|1|2017
E3CDC578-37BA-4CDB-B150-DAB0409270CD|CE880C8E-C8D0-49A3-AA4A-8294F8F3F307|4f59580d-1a16-4669-9ed5-4b89615d6903|37D3223A-547E-4BA9-BD0C-28F6187BB5D4|C143978A-E021-4015-BC67-5A00D6C910D1|D50E6399-B913-42F2-A5B6-F0D4BAAF9571|55|15|15|15|1|2017
E3CDC578-37BA-4CDB-B150-DAB0409270CD|20CA9579-140F-4DAB-8587-30AEAD28B04E|4f59580d-1a16-4669-9ed5-4b89615d6903|37D3223A-547E-4BA9-BD0C-28F6187BB5D4|C143978A-E021-4015-BC67-5A00D6C910D1|D50E6399-B913-42F2-A5B6-F0D4BAAF9571|67|16|16|16|1|2017
E3CDC578-37BA-4CDB-B150-DAB0409270CD|505B0413-C444-4B53-99E2-BFA56F3F771A|4f59580d-1a16-4669-9ed5-4b89615d6903|37D3223A-547E-4BA9-BD0C-28F6187BB5D4|C143978A-E021-4015-BC67-5A00D6C910D1|D50E6399-B913-42F2-A5B6-F0D4BAAF9571|56|17|17|17|1|2017
E3CDC578-37BA-4CDB-B150-DAB0409270CD|A48C8714-0012-4AF0-AE0F-0C3932980FC5|4f59580d-1a16-4669-9ed5-4b89615d6903|37D3223A-547E-4BA9-BD0C-28F6187BB5D4|C143978A-E021-4015-BC67-5A00D6C910D1|D50E6399-B913-42F2-A5B6-F0D4BAAF9571|82|18|18|18|1|2017
E3CDC578-37BA-4CDB-B150-DAB0409270CD|3DC2A34B-008C-4C2C-BD11-262FB0DA6BB3|4f59580d-1a16-4669-9ed5-4b89615d6903|37D3223A-547E-4BA9-BD0C-28F6187BB5D4|C143978A-E021-4015-BC67-5A00D6C910D1|D50E6399-B913-42F2-A5B6-F0D4BAAF9571|96|19|19|19|1|2017
E3CDC578-37BA-4CDB-B150-DAB0409270CD|5CF574B4-1464-4BEC-AD86-84639DE8EB1A|4f59580d-1a16-4669-9ed5-4b89615d6903|37D3223A-547E-4BA9-BD0C-28F6187BB5D4|C143978A-E021-4015-BC67-5A00D6C910D1|D50E6399-B913-42F2-A5B6-F0D4BAAF9571|94|20|20|20|1|2017
E3CDC578-37BA-4CDB-B150-DAB0409270CD|7C3BAB0E-C09E-4238-B3C0-9FAF188A53B7|4f59580d-1a16-4669-9ed5-4b89615d6903|37D3223A-547E-4BA9-BD0C-28F6187BB5D4|C143978A-E021-4015-BC67-5A00D6C910D1|D50E6399-B913-42F2-A5B6-F0D4BAAF9571|88|21|21|21|1|2017
E3CDC578-37BA-4CDB-B150-DAB0409270CD|CD23A751-4F7F-4CA4-9B98-CA509B1C9BE9|4f59580d-1a16-4669-9ed5-4b89615d6903|37D3223A-547E-4BA9-BD0C-28F6187BB5D4|C143978A-E021-4015-BC67-5A00D6C910D1|D50E6399-B913-42F2-A5B6-F0D4BAAF9571|87|22|22|22|1|2017
E3CDC578-37BA-4CDB-B150-DAB0409270CD|E3AC3BF6-7832-4CFA-A684-F866CFF1EC03|4f59580d-1a16-4669-9ed5-4b89615d6903|37D3223A-547E-4BA9-BD0C-28F6187BB5D4|C143978A-E021-4015-BC67-5A00D6C910D1|D50E6399-B913-42F2-A5B6-F0D4BAAF9571|65|23|23|23|1|2017
E3CDC578-37BA-4CDB-B150-DAB0409270CD|54A61629-5C00-42D7-9167-44AC3E6A1D49|4f59580d-1a16-4669-9ed5-4b89615d6903|37D3223A-547E-4BA9-BD0C-28F6187BB5D4|C143978A-E021-4015-BC67-5A00D6C910D1|D50E6399-B913-42F2-A5B6-F0D4BAAF9571|65|24|24|24|1|2017
E3CDC578-37BA-4CDB-B150-DAB0409270CD|2F1D0FF2-D63F-42EC-B26C-728328BD2D2E|4f59580d-1a16-4669-9ed5-4b89615d6903|37D3223A-547E-4BA9-BD0C-28F6187BB5D4|C143978A-E021-4015-BC67-5A00D6C910D1|D50E6399-B913-42F2-A5B6-F0D4BAAF9571|56|25|25|25|1|2017
E3CDC578-37BA-4CDB-B150-DAB0409270CD|6B6E166D-6F1C-4594-AC6F-220CC73C569A|4f59580d-1a16-4669-9ed5-4b89615d6903|37D3223A-547E-4BA9-BD0C-28F6187BB5D4|C143978A-E021-4015-BC67-5A00D6C910D1|D50E6399-B913-42F2-A5B6-F0D4BAAF9571|45|26|26|26|1|2017
E3CDC578-37BA-4CDB-B150-DAB0409270CD|3F6F8ACF-477F-4E93-9099-524272131150|4f59580d-1a16-4669-9ed5-4b89615d6903|37D3223A-547E-4BA9-BD0C-28F6187BB5D4|C143978A-E021-4015-BC67-5A00D6C910D1|D50E6399-B913-42F2-A5B6-F0D4BAAF9571|98|27|27|14|1|2017
E3CDC578-37BA-4CDB-B150-DAB0409270CD|CEAECA2A-D0DE-4E78-B663-2C2265C56E5A|4f59580d-1a16-4669-9ed5-4b89615d6903|37D3223A-547E-4BA9-BD0C-28F6187BB5D4|C143978A-E021-4015-BC67-5A00D6C910D1|D50E6399-B913-42F2-A5B6-F0D4BAAF9571|67|28|28|15|1|2017
E3CDC578-37BA-4CDB-B150-DAB0409270CD|7193EB96-25D8-4FC0-AA1F-F76B0695AB1D|4f59580d-1a16-4669-9ed5-4b89615d6903|37D3223A-547E-4BA9-BD0C-28F6187BB5D4|C143978A-E021-4015-BC67-5A00D6C910D1|D50E6399-B913-42F2-A5B6-F0D4BAAF9571|45|29|29|16|1|2017
E3CDC578-37BA-4CDB-B150-DAB0409270CD|9BDEB2F2-AE2F-4D41-95A7-075FE76077C9|4f59580d-1a16-4669-9ed5-4b89615d6903|37D3223A-547E-4BA9-BD0C-28F6187BB5D4|C143978A-E021-4015-BC67-5A00D6C910D1|D50E6399-B913-42F2-A5B6-F0D4BAAF9571|56|30|30|17|1|2017
E3CDC578-37BA-4CDB-B150-DAB0409270CD|40CC3205-3CE2-4FB3-9331-5AC66B8FAA3D|4f59580d-1a16-4669-9ed5-4b89615d6903|37D3223A-547E-4BA9-BD0C-28F6187BB5D4|C143978A-E021-4015-BC67-5A00D6C910D1|D50E6399-B913-42F2-A5B6-F0D4BAAF9571|50|31|31|18|1|2017
E3CDC578-37BA-4CDB-B150-DAB0409270CD|0B19CA51-195B-4FF1-9BC0-2B75DA47A5B2|4f59580d-1a16-4669-9ed5-4b89615d6903|37D3223A-547E-4BA9-BD0C-28F6187BB5D4|C143978A-E021-4015-BC67-5A00D6C910D1|D50E6399-B913-42F2-A5B6-F0D4BAAF9571|58|32|32|19|1|2017
E3CDC578-37BA-4CDB-B150-DAB0409270CD|745823C6-C558-45D0-A477-B963799C8F28|4f59580d-1a16-4669-9ed5-4b89615d6903|37D3223A-547E-4BA9-BD0C-28F6187BB5D4|C143978A-E021-4015-BC67-5A00D6C910D1|D50E6399-B913-42F2-A5B6-F0D4BAAF9571|60|33|33|20|1|2017
E3CDC578-37BA-4CDB-B150-DAB0409270CD|9D3BEDC0-924F-434C-8CFE-4EF4EE2323C9|4f59580d-1a16-4669-9ed5-4b89615d6903|37D3223A-547E-4BA9-BD0C-28F6187BB5D4|C143978A-E021-4015-BC67-5A00D6C910D1|D50E6399-B913-42F2-A5B6-F0D4BAAF9571|63|34|34|21|1|2017
E3CDC578-37BA-4CDB-B150-DAB0409270CD|4F218688-6DE5-4E69-8690-66FBA2F0DC9F|552c0a24-6038-440f-add5-2dadfb9a23bd|37D3223A-547E-4BA9-BD0C-28F6187BB5D4|C143978A-E021-4015-BC67-5A00D6C910D1|D50E6399-B913-42F2-A5B6-F0D4BAAF9571|66|35|35|22|1|2017
E3CDC578-37BA-4CDB-B150-DAB0409270CD|A195BAF6-D6E7-43A5-B7C9-D6C627A42815|552c0a24-6038-440f-add5-2dadfb9a23bd|37D3223A-547E-4BA9-BD0C-28F6187BB5D4|C143978A-E021-4015-BC67-5A00D6C910D1|D50E6399-B913-42F2-A5B6-F0D4BAAF9571|77|36|36|23|1|2017
E3CDC578-37BA-4CDB-B150-DAB0409270CD|8A1B5BDB-9589-4207-8345-A811FC18B2C9|552c0a24-6038-440f-add5-2dadfb9a23bd|37D3223A-547E-4BA9-BD0C-28F6187BB5D4|C143978A-E021-4015-BC67-5A00D6C910D1|D50E6399-B913-42F2-A5B6-F0D4BAAF9571|56|37|37|24|1|2017
E3CDC578-37BA-4CDB-B150-DAB0409270CD|D28063C0-F2B8-4A47-9817-19656004C279|552c0a24-6038-440f-add5-2dadfb9a23bd|37D3223A-547E-4BA9-BD0C-28F6187BB5D4|C143978A-E021-4015-BC67-5A00D6C910D1|D50E6399-B913-42F2-A5B6-F0D4BAAF9571|55|38|38|25|1|2017
E3CDC578-37BA-4CDB-B150-DAB0409270CD|C72A3B1C-A13C-462C-BDB7-AFDEFF5F2DA8|552c0a24-6038-440f-add5-2dadfb9a23bd|37D3223A-547E-4BA9-BD0C-28F6187BB5D4|C143978A-E021-4015-BC67-5A00D6C910D1|D50E6399-B913-42F2-A5B6-F0D4BAAF9571|67|39|39|26|1|2017
E3CDC578-37BA-4CDB-B150-DAB0409270CD|9F22612B-A69B-41D3-8819-F71420D6DF2F|552c0a24-6038-440f-add5-2dadfb9a23bd|37D3223A-547E-4BA9-BD0C-28F6187BB5D4|C143978A-E021-4015-BC67-5A00D6C910D1|D50E6399-B913-42F2-A5B6-F0D4BAAF9571|56|40|40|14|1|2017
E3CDC578-37BA-4CDB-B150-DAB0409270CD|E4CBA165-C6EE-4B1D-ADC8-C327B77B6B13|552c0a24-6038-440f-add5-2dadfb9a23bd|37D3223A-547E-4BA9-BD0C-28F6187BB5D4|C143978A-E021-4015-BC67-5A00D6C910D1|D50E6399-B913-42F2-A5B6-F0D4BAAF9571|82|41|41|15|1|2017
E3CDC578-37BA-4CDB-B150-DAB0409270CD|F26BC70F-FDDC-4383-A8D9-E0E5457834D9|552c0a24-6038-440f-add5-2dadfb9a23bd|37D3223A-547E-4BA9-BD0C-28F6187BB5D4|C143978A-E021-4015-BC67-5A00D6C910D1|D50E6399-B913-42F2-A5B6-F0D4BAAF9571|96|42|42|16|1|2017
E3CDC578-37BA-4CDB-B150-DAB0409270CD|BDBD35C0-F0A5-46F8-AFFF-5F2BBC182C25|552c0a24-6038-440f-add5-2dadfb9a23bd|37D3223A-547E-4BA9-BD0C-28F6187BB5D4|C143978A-E021-4015-BC67-5A00D6C910D1|D50E6399-B913-42F2-A5B6-F0D4BAAF9571|94|43|43|17|1|2017
E3CDC578-37BA-4CDB-B150-DAB0409270CD|31638728-0D17-4D23-B876-FF238D90B7F9|552c0a24-6038-440f-add5-2dadfb9a23bd|37D3223A-547E-4BA9-BD0C-28F6187BB5D4|C143978A-E021-4015-BC67-5A00D6C910D1|D50E6399-B913-42F2-A5B6-F0D4BAAF9571|88|44|44|18|1|2017
E3CDC578-37BA-4CDB-B150-DAB0409270CD|172EE44D-088A-4766-A021-690628406CB9|552c0a24-6038-440f-add5-2dadfb9a23bd|37D3223A-547E-4BA9-BD0C-28F6187BB5D4|C143978A-E021-4015-BC67-5A00D6C910D1|D50E6399-B913-42F2-A5B6-F0D4BAAF9571|87|45|45|19|1|2017
E3CDC578-37BA-4CDB-B150-DAB0409270CD|582A7D9B-1159-40C5-B8EF-21173770BFA3|552c0a24-6038-440f-add5-2dadfb9a23bd|37D3223A-547E-4BA9-BD0C-28F6187BB5D4|C143978A-E021-4015-BC67-5A00D6C910D1|D50E6399-B913-42F2-A5B6-F0D4BAAF9571|65|13|13|13|1|2017
E3CDC578-37BA-4CDB-B150-DAB0409270CD|777CE711-981A-4613-AAA3-99E1140E90E9|552c0a24-6038-440f-add5-2dadfb9a23bd|37D3223A-547E-4BA9-BD0C-28F6187BB5D4|C143978A-E021-4015-BC67-5A00D6C910D1|D50E6399-B913-42F2-A5B6-F0D4BAAF9571|65|14|14|14|1|2017
E3CDC578-37BA-4CDB-B150-DAB0409270CD|289A87A1-3936-4012-9487-7B5598F672C9|552c0a24-6038-440f-add5-2dadfb9a23bd|37D3223A-547E-4BA9-BD0C-28F6187BB5D4|C143978A-E021-4015-BC67-5A00D6C910D1|D50E6399-B913-42F2-A5B6-F0D4BAAF9571|56|15|15|15|1|2017
E3CDC578-37BA-4CDB-B150-DAB0409270CD|F07D8FE7-DA87-40EB-A294-D06BDAC8F438|552c0a24-6038-440f-add5-2dadfb9a23bd|37D3223A-547E-4BA9-BD0C-28F6187BB5D4|C143978A-E021-4015-BC67-5A00D6C910D1|D50E6399-B913-42F2-A5B6-F0D4BAAF9571|45|16|16|16|1|2017
E3CDC578-37BA-4CDB-B150-DAB0409270CD|A2678067-A7A3-4D10-A30C-C3789B180A70|552c0a24-6038-440f-add5-2dadfb9a23bd|37D3223A-547E-4BA9-BD0C-28F6187BB5D4|C143978A-E021-4015-BC67-5A00D6C910D1|D50E6399-B913-42F2-A5B6-F0D4BAAF9571|98|17|17|17|1|2017
E3CDC578-37BA-4CDB-B150-DAB0409270CD|2F073061-C5C3-4359-B4DE-5E17D74D6620|552c0a24-6038-440f-add5-2dadfb9a23bd|37D3223A-547E-4BA9-BD0C-28F6187BB5D4|C143978A-E021-4015-BC67-5A00D6C910D1|D50E6399-B913-42F2-A5B6-F0D4BAAF9571|67|18|18|18|1|2017
E3CDC578-37BA-4CDB-B150-DAB0409270CD|539D4A11-2C5B-40BC-91A2-44998747E8AD|552c0a24-6038-440f-add5-2dadfb9a23bd|37D3223A-547E-4BA9-BD0C-28F6187BB5D4|C143978A-E021-4015-BC67-5A00D6C910D1|D50E6399-B913-42F2-A5B6-F0D4BAAF9571|45|19|19|19|1|2017
E3CDC578-37BA-4CDB-B150-DAB0409270CD|EE943C52-EF11-4D6C-BEBF-CE5901394CB3|552c0a24-6038-440f-add5-2dadfb9a23bd|37D3223A-547E-4BA9-BD0C-28F6187BB5D4|C143978A-E021-4015-BC67-5A00D6C910D1|D50E6399-B913-42F2-A5B6-F0D4BAAF9571|56|20|20|20|1|2017
E3CDC578-37BA-4CDB-B150-DAB0409270CD|743DB4A9-876D-4148-828D-A0CC23B736CC|552c0a24-6038-440f-add5-2dadfb9a23bd|37D3223A-547E-4BA9-BD0C-28F6187BB5D4|C143978A-E021-4015-BC67-5A00D6C910D1|D50E6399-B913-42F2-A5B6-F0D4BAAF9571|50|21|21|21|1|2017
E3CDC578-37BA-4CDB-B150-DAB0409270CD|CE880C8E-C8D0-49A3-AA4A-8294F8F3F307|552c0a24-6038-440f-add5-2dadfb9a23bd|37D3223A-547E-4BA9-BD0C-28F6187BB5D4|C143978A-E021-4015-BC67-5A00D6C910D1|D50E6399-B913-42F2-A5B6-F0D4BAAF9571|58|22|22|22|1|2017
E3CDC578-37BA-4CDB-B150-DAB0409270CD|20CA9579-140F-4DAB-8587-30AEAD28B04E|552c0a24-6038-440f-add5-2dadfb9a23bd|37D3223A-547E-4BA9-BD0C-28F6187BB5D4|C143978A-E021-4015-BC67-5A00D6C910D1|D50E6399-B913-42F2-A5B6-F0D4BAAF9571|60|23|23|23|1|2017
E3CDC578-37BA-4CDB-B150-DAB0409270CD|505B0413-C444-4B53-99E2-BFA56F3F771A|552c0a24-6038-440f-add5-2dadfb9a23bd|37D3223A-547E-4BA9-BD0C-28F6187BB5D4|C143978A-E021-4015-BC67-5A00D6C910D1|D50E6399-B913-42F2-A5B6-F0D4BAAF9571|63|24|24|24|1|2017
E3CDC578-37BA-4CDB-B150-DAB0409270CD|A48C8714-0012-4AF0-AE0F-0C3932980FC5|552c0a24-6038-440f-add5-2dadfb9a23bd|37D3223A-547E-4BA9-BD0C-28F6187BB5D4|C143978A-E021-4015-BC67-5A00D6C910D1|D50E6399-B913-42F2-A5B6-F0D4BAAF9571|67|25|25|25|1|2017
E3CDC578-37BA-4CDB-B150-DAB0409270CD|3DC2A34B-008C-4C2C-BD11-262FB0DA6BB3|552c0a24-6038-440f-add5-2dadfb9a23bd|37D3223A-547E-4BA9-BD0C-28F6187BB5D4|C143978A-E021-4015-BC67-5A00D6C910D1|D50E6399-B913-42F2-A5B6-F0D4BAAF9571|45|26|26|26|1|2017
E3CDC578-37BA-4CDB-B150-DAB0409270CD|5CF574B4-1464-4BEC-AD86-84639DE8EB1A|552c0a24-6038-440f-add5-2dadfb9a23bd|37D3223A-547E-4BA9-BD0C-28F6187BB5D4|C143978A-E021-4015-BC67-5A00D6C910D1|D50E6399-B913-42F2-A5B6-F0D4BAAF9571|56|27|27|14|1|2017
E3CDC578-37BA-4CDB-B150-DAB0409270CD|7C3BAB0E-C09E-4238-B3C0-9FAF188A53B7|552c0a24-6038-440f-add5-2dadfb9a23bd|37D3223A-547E-4BA9-BD0C-28F6187BB5D4|C143978A-E021-4015-BC67-5A00D6C910D1|D50E6399-B913-42F2-A5B6-F0D4BAAF9571|50|28|28|15|1|2017
E3CDC578-37BA-4CDB-B150-DAB0409270CD|CD23A751-4F7F-4CA4-9B98-CA509B1C9BE9|552c0a24-6038-440f-add5-2dadfb9a23bd|37D3223A-547E-4BA9-BD0C-28F6187BB5D4|C143978A-E021-4015-BC67-5A00D6C910D1|D50E6399-B913-42F2-A5B6-F0D4BAAF9571|58|29|29|16|1|2017
E3CDC578-37BA-4CDB-B150-DAB0409270CD|E3AC3BF6-7832-4CFA-A684-F866CFF1EC03|552c0a24-6038-440f-add5-2dadfb9a23bd|37D3223A-547E-4BA9-BD0C-28F6187BB5D4|C143978A-E021-4015-BC67-5A00D6C910D1|D50E6399-B913-42F2-A5B6-F0D4BAAF9571|60|30|30|17|1|2017
E3CDC578-37BA-4CDB-B150-DAB0409270CD|54A61629-5C00-42D7-9167-44AC3E6A1D49|552c0a24-6038-440f-add5-2dadfb9a23bd|37D3223A-547E-4BA9-BD0C-28F6187BB5D4|C143978A-E021-4015-BC67-5A00D6C910D1|D50E6399-B913-42F2-A5B6-F0D4BAAF9571|63|31|31|18|1|2017
E3CDC578-37BA-4CDB-B150-DAB0409270CD|2F1D0FF2-D63F-42EC-B26C-728328BD2D2E|552c0a24-6038-440f-add5-2dadfb9a23bd|37D3223A-547E-4BA9-BD0C-28F6187BB5D4|C143978A-E021-4015-BC67-5A00D6C910D1|D50E6399-B913-42F2-A5B6-F0D4BAAF9571|76|32|32|19|1|2017
E3CDC578-37BA-4CDB-B150-DAB0409270CD|6B6E166D-6F1C-4594-AC6F-220CC73C569A|552c0a24-6038-440f-add5-2dadfb9a23bd|37D3223A-547E-4BA9-BD0C-28F6187BB5D4|C143978A-E021-4015-BC67-5A00D6C910D1|D50E6399-B913-42F2-A5B6-F0D4BAAF9571|56|33|33|20|1|2017
E3CDC578-37BA-4CDB-B150-DAB0409270CD|3F6F8ACF-477F-4E93-9099-524272131150|552c0a24-6038-440f-add5-2dadfb9a23bd|37D3223A-547E-4BA9-BD0C-28F6187BB5D4|C143978A-E021-4015-BC67-5A00D6C910D1|D50E6399-B913-42F2-A5B6-F0D4BAAF9571|82|34|34|21|1|2017
E3CDC578-37BA-4CDB-B150-DAB0409270CD|CEAECA2A-D0DE-4E78-B663-2C2265C56E5A|552c0a24-6038-440f-add5-2dadfb9a23bd|37D3223A-547E-4BA9-BD0C-28F6187BB5D4|C143978A-E021-4015-BC67-5A00D6C910D1|D50E6399-B913-42F2-A5B6-F0D4BAAF9571|46|35|35|22|1|2017
E3CDC578-37BA-4CDB-B150-DAB0409270CD|7193EB96-25D8-4FC0-AA1F-F76B0695AB1D|552c0a24-6038-440f-add5-2dadfb9a23bd|37D3223A-547E-4BA9-BD0C-28F6187BB5D4|C143978A-E021-4015-BC67-5A00D6C910D1|D50E6399-B913-42F2-A5B6-F0D4BAAF9571|50|36|36|23|1|2017
E3CDC578-37BA-4CDB-B150-DAB0409270CD|9BDEB2F2-AE2F-4D41-95A7-075FE76077C9|552c0a24-6038-440f-add5-2dadfb9a23bd|37D3223A-547E-4BA9-BD0C-28F6187BB5D4|C143978A-E021-4015-BC67-5A00D6C910D1|D50E6399-B913-42F2-A5B6-F0D4BAAF9571|23|37|37|24|1|2017
E3CDC578-37BA-4CDB-B150-DAB0409270CD|40CC3205-3CE2-4FB3-9331-5AC66B8FAA3D|552c0a24-6038-440f-add5-2dadfb9a23bd|37D3223A-547E-4BA9-BD0C-28F6187BB5D4|C143978A-E021-4015-BC67-5A00D6C910D1|D50E6399-B913-42F2-A5B6-F0D4BAAF9571|34|38|38|25|1|2017
E3CDC578-37BA-4CDB-B150-DAB0409270CD|0B19CA51-195B-4FF1-9BC0-2B75DA47A5B2|552c0a24-6038-440f-add5-2dadfb9a23bd|37D3223A-547E-4BA9-BD0C-28F6187BB5D4|C143978A-E021-4015-BC67-5A00D6C910D1|D50E6399-B913-42F2-A5B6-F0D4BAAF9571|45|39|39|26|1|2017
E3CDC578-37BA-4CDB-B150-DAB0409270CD|745823C6-C558-45D0-A477-B963799C8F28|552c0a24-6038-440f-add5-2dadfb9a23bd|37D3223A-547E-4BA9-BD0C-28F6187BB5D4|C143978A-E021-4015-BC67-5A00D6C910D1|D50E6399-B913-42F2-A5B6-F0D4BAAF9571|56|40|40|14|1|2017
E3CDC578-37BA-4CDB-B150-DAB0409270CD|9D3BEDC0-924F-434C-8CFE-4EF4EE2323C9|552c0a24-6038-440f-add5-2dadfb9a23bd|37D3223A-547E-4BA9-BD0C-28F6187BB5D4|C143978A-E021-4015-BC67-5A00D6C910D1|D50E6399-B913-42F2-A5B6-F0D4BAAF9571|76|41|41|15|1|2017
E3CDC578-37BA-4CDB-B150-DAB0409270CD|4F218688-6DE5-4E69-8690-66FBA2F0DC9F|44f23b3c-e066-4b45-931c-0e8073d3a93a|37D3223A-547E-4BA9-BD0C-28F6187BB5D4|C143978A-E021-4015-BC67-5A00D6C910D1|D50E6399-B913-42F2-A5B6-F0D4BAAF9571|34|42|42|16|1|2017
E3CDC578-37BA-4CDB-B150-DAB0409270CD|A195BAF6-D6E7-43A5-B7C9-D6C627A42815|44f23b3c-e066-4b45-931c-0e8073d3a93a|37D3223A-547E-4BA9-BD0C-28F6187BB5D4|C143978A-E021-4015-BC67-5A00D6C910D1|D50E6399-B913-42F2-A5B6-F0D4BAAF9571|78|43|43|17|1|2017
E3CDC578-37BA-4CDB-B150-DAB0409270CD|8A1B5BDB-9589-4207-8345-A811FC18B2C9|44f23b3c-e066-4b45-931c-0e8073d3a93a|37D3223A-547E-4BA9-BD0C-28F6187BB5D4|C143978A-E021-4015-BC67-5A00D6C910D1|D50E6399-B913-42F2-A5B6-F0D4BAAF9571|67|44|44|18|1|2017
E3CDC578-37BA-4CDB-B150-DAB0409270CD|D28063C0-F2B8-4A47-9817-19656004C279|44f23b3c-e066-4b45-931c-0e8073d3a93a|37D3223A-547E-4BA9-BD0C-28F6187BB5D4|C143978A-E021-4015-BC67-5A00D6C910D1|D50E6399-B913-42F2-A5B6-F0D4BAAF9571|89|45|45|19|1|2017
E3CDC578-37BA-4CDB-B150-DAB0409270CD|C72A3B1C-A13C-462C-BDB7-AFDEFF5F2DA8|44f23b3c-e066-4b45-931c-0e8073d3a93a|37D3223A-547E-4BA9-BD0C-28F6187BB5D4|C143978A-E021-4015-BC67-5A00D6C910D1|D50E6399-B913-42F2-A5B6-F0D4BAAF9571|65|13|13|13|1|2017
E3CDC578-37BA-4CDB-B150-DAB0409270CD|9F22612B-A69B-41D3-8819-F71420D6DF2F|44f23b3c-e066-4b45-931c-0e8073d3a93a|37D3223A-547E-4BA9-BD0C-28F6187BB5D4|C143978A-E021-4015-BC67-5A00D6C910D1|D50E6399-B913-42F2-A5B6-F0D4BAAF9571|65|14|14|14|1|2017
E3CDC578-37BA-4CDB-B150-DAB0409270CD|E4CBA165-C6EE-4B1D-ADC8-C327B77B6B13|44f23b3c-e066-4b45-931c-0e8073d3a93a|37D3223A-547E-4BA9-BD0C-28F6187BB5D4|C143978A-E021-4015-BC67-5A00D6C910D1|D50E6399-B913-42F2-A5B6-F0D4BAAF9571|56|15|15|15|1|2017
E3CDC578-37BA-4CDB-B150-DAB0409270CD|F26BC70F-FDDC-4383-A8D9-E0E5457834D9|44f23b3c-e066-4b45-931c-0e8073d3a93a|37D3223A-547E-4BA9-BD0C-28F6187BB5D4|C143978A-E021-4015-BC67-5A00D6C910D1|D50E6399-B913-42F2-A5B6-F0D4BAAF9571|67|16|16|16|1|2017
E3CDC578-37BA-4CDB-B150-DAB0409270CD|BDBD35C0-F0A5-46F8-AFFF-5F2BBC182C25|44f23b3c-e066-4b45-931c-0e8073d3a93a|37D3223A-547E-4BA9-BD0C-28F6187BB5D4|C143978A-E021-4015-BC67-5A00D6C910D1|D50E6399-B913-42F2-A5B6-F0D4BAAF9571|87|17|17|17|1|2017
E3CDC578-37BA-4CDB-B150-DAB0409270CD|31638728-0D17-4D23-B876-FF238D90B7F9|44f23b3c-e066-4b45-931c-0e8073d3a93a|37D3223A-547E-4BA9-BD0C-28F6187BB5D4|C143978A-E021-4015-BC67-5A00D6C910D1|D50E6399-B913-42F2-A5B6-F0D4BAAF9571|76|18|18|18|1|2017
E3CDC578-37BA-4CDB-B150-DAB0409270CD|172EE44D-088A-4766-A021-690628406CB9|44f23b3c-e066-4b45-931c-0e8073d3a93a|37D3223A-547E-4BA9-BD0C-28F6187BB5D4|C143978A-E021-4015-BC67-5A00D6C910D1|D50E6399-B913-42F2-A5B6-F0D4BAAF9571|56|19|19|19|1|2017
E3CDC578-37BA-4CDB-B150-DAB0409270CD|582A7D9B-1159-40C5-B8EF-21173770BFA3|44f23b3c-e066-4b45-931c-0e8073d3a93a|37D3223A-547E-4BA9-BD0C-28F6187BB5D4|C143978A-E021-4015-BC67-5A00D6C910D1|D50E6399-B913-42F2-A5B6-F0D4BAAF9571|54|20|20|20|1|2017
E3CDC578-37BA-4CDB-B150-DAB0409270CD|777CE711-981A-4613-AAA3-99E1140E90E9|44f23b3c-e066-4b45-931c-0e8073d3a93a|37D3223A-547E-4BA9-BD0C-28F6187BB5D4|C143978A-E021-4015-BC67-5A00D6C910D1|D50E6399-B913-42F2-A5B6-F0D4BAAF9571|58|21|21|21|1|2017
E3CDC578-37BA-4CDB-B150-DAB0409270CD|289A87A1-3936-4012-9487-7B5598F672C9|44f23b3c-e066-4b45-931c-0e8073d3a93a|37D3223A-547E-4BA9-BD0C-28F6187BB5D4|C143978A-E021-4015-BC67-5A00D6C910D1|D50E6399-B913-42F2-A5B6-F0D4BAAF9571|60|22|22|22|1|2017
E3CDC578-37BA-4CDB-B150-DAB0409270CD|F07D8FE7-DA87-40EB-A294-D06BDAC8F438|44f23b3c-e066-4b45-931c-0e8073d3a93a|37D3223A-547E-4BA9-BD0C-28F6187BB5D4|C143978A-E021-4015-BC67-5A00D6C910D1|D50E6399-B913-42F2-A5B6-F0D4BAAF9571|63|23|23|23|1|2017
E3CDC578-37BA-4CDB-B150-DAB0409270CD|A2678067-A7A3-4D10-A30C-C3789B180A70|44f23b3c-e066-4b45-931c-0e8073d3a93a|37D3223A-547E-4BA9-BD0C-28F6187BB5D4|C143978A-E021-4015-BC67-5A00D6C910D1|D50E6399-B913-42F2-A5B6-F0D4BAAF9571|66|24|24|24|1|2017
E3CDC578-37BA-4CDB-B150-DAB0409270CD|2F073061-C5C3-4359-B4DE-5E17D74D6620|44f23b3c-e066-4b45-931c-0e8073d3a93a|37D3223A-547E-4BA9-BD0C-28F6187BB5D4|C143978A-E021-4015-BC67-5A00D6C910D1|D50E6399-B913-42F2-A5B6-F0D4BAAF9571|77|25|25|25|1|2017
E3CDC578-37BA-4CDB-B150-DAB0409270CD|539D4A11-2C5B-40BC-91A2-44998747E8AD|44f23b3c-e066-4b45-931c-0e8073d3a93a|37D3223A-547E-4BA9-BD0C-28F6187BB5D4|C143978A-E021-4015-BC67-5A00D6C910D1|D50E6399-B913-42F2-A5B6-F0D4BAAF9571|56|26|26|26|1|2017
E3CDC578-37BA-4CDB-B150-DAB0409270CD|EE943C52-EF11-4D6C-BEBF-CE5901394CB3|44f23b3c-e066-4b45-931c-0e8073d3a93a|37D3223A-547E-4BA9-BD0C-28F6187BB5D4|C143978A-E021-4015-BC67-5A00D6C910D1|D50E6399-B913-42F2-A5B6-F0D4BAAF9571|55|27|27|14|1|2017
E3CDC578-37BA-4CDB-B150-DAB0409270CD|743DB4A9-876D-4148-828D-A0CC23B736CC|44f23b3c-e066-4b45-931c-0e8073d3a93a|37D3223A-547E-4BA9-BD0C-28F6187BB5D4|C143978A-E021-4015-BC67-5A00D6C910D1|D50E6399-B913-42F2-A5B6-F0D4BAAF9571|67|28|28|15|1|2017
E3CDC578-37BA-4CDB-B150-DAB0409270CD|CE880C8E-C8D0-49A3-AA4A-8294F8F3F307|44f23b3c-e066-4b45-931c-0e8073d3a93a|37D3223A-547E-4BA9-BD0C-28F6187BB5D4|C143978A-E021-4015-BC67-5A00D6C910D1|D50E6399-B913-42F2-A5B6-F0D4BAAF9571|56|29|29|16|1|2017
E3CDC578-37BA-4CDB-B150-DAB0409270CD|20CA9579-140F-4DAB-8587-30AEAD28B04E|44f23b3c-e066-4b45-931c-0e8073d3a93a|37D3223A-547E-4BA9-BD0C-28F6187BB5D4|C143978A-E021-4015-BC67-5A00D6C910D1|D50E6399-B913-42F2-A5B6-F0D4BAAF9571|82|30|30|17|1|2017
E3CDC578-37BA-4CDB-B150-DAB0409270CD|505B0413-C444-4B53-99E2-BFA56F3F771A|44f23b3c-e066-4b45-931c-0e8073d3a93a|37D3223A-547E-4BA9-BD0C-28F6187BB5D4|C143978A-E021-4015-BC67-5A00D6C910D1|D50E6399-B913-42F2-A5B6-F0D4BAAF9571|96|31|31|18|1|2017
E3CDC578-37BA-4CDB-B150-DAB0409270CD|A48C8714-0012-4AF0-AE0F-0C3932980FC5|44f23b3c-e066-4b45-931c-0e8073d3a93a|37D3223A-547E-4BA9-BD0C-28F6187BB5D4|C143978A-E021-4015-BC67-5A00D6C910D1|D50E6399-B913-42F2-A5B6-F0D4BAAF9571|94|32|32|19|1|2017
E3CDC578-37BA-4CDB-B150-DAB0409270CD|3DC2A34B-008C-4C2C-BD11-262FB0DA6BB3|44f23b3c-e066-4b45-931c-0e8073d3a93a|37D3223A-547E-4BA9-BD0C-28F6187BB5D4|C143978A-E021-4015-BC67-5A00D6C910D1|D50E6399-B913-42F2-A5B6-F0D4BAAF9571|88|33|33|20|1|2017
E3CDC578-37BA-4CDB-B150-DAB0409270CD|5CF574B4-1464-4BEC-AD86-84639DE8EB1A|44f23b3c-e066-4b45-931c-0e8073d3a93a|37D3223A-547E-4BA9-BD0C-28F6187BB5D4|C143978A-E021-4015-BC67-5A00D6C910D1|D50E6399-B913-42F2-A5B6-F0D4BAAF9571|87|34|34|21|1|2017
E3CDC578-37BA-4CDB-B150-DAB0409270CD|7C3BAB0E-C09E-4238-B3C0-9FAF188A53B7|44f23b3c-e066-4b45-931c-0e8073d3a93a|37D3223A-547E-4BA9-BD0C-28F6187BB5D4|C143978A-E021-4015-BC67-5A00D6C910D1|D50E6399-B913-42F2-A5B6-F0D4BAAF9571|65|35|35|22|1|2017
E3CDC578-37BA-4CDB-B150-DAB0409270CD|CD23A751-4F7F-4CA4-9B98-CA509B1C9BE9|44f23b3c-e066-4b45-931c-0e8073d3a93a|37D3223A-547E-4BA9-BD0C-28F6187BB5D4|C143978A-E021-4015-BC67-5A00D6C910D1|D50E6399-B913-42F2-A5B6-F0D4BAAF9571|65|36|36|23|1|2017
E3CDC578-37BA-4CDB-B150-DAB0409270CD|E3AC3BF6-7832-4CFA-A684-F866CFF1EC03|44f23b3c-e066-4b45-931c-0e8073d3a93a|37D3223A-547E-4BA9-BD0C-28F6187BB5D4|C143978A-E021-4015-BC67-5A00D6C910D1|D50E6399-B913-42F2-A5B6-F0D4BAAF9571|56|37|37|24|1|2017
E3CDC578-37BA-4CDB-B150-DAB0409270CD|54A61629-5C00-42D7-9167-44AC3E6A1D49|44f23b3c-e066-4b45-931c-0e8073d3a93a|37D3223A-547E-4BA9-BD0C-28F6187BB5D4|C143978A-E021-4015-BC67-5A00D6C910D1|D50E6399-B913-42F2-A5B6-F0D4BAAF9571|45|38|38|25|1|2017
E3CDC578-37BA-4CDB-B150-DAB0409270CD|2F1D0FF2-D63F-42EC-B26C-728328BD2D2E|44f23b3c-e066-4b45-931c-0e8073d3a93a|37D3223A-547E-4BA9-BD0C-28F6187BB5D4|C143978A-E021-4015-BC67-5A00D6C910D1|D50E6399-B913-42F2-A5B6-F0D4BAAF9571|98|39|39|26|1|2017
E3CDC578-37BA-4CDB-B150-DAB0409270CD|6B6E166D-6F1C-4594-AC6F-220CC73C569A|44f23b3c-e066-4b45-931c-0e8073d3a93a|37D3223A-547E-4BA9-BD0C-28F6187BB5D4|C143978A-E021-4015-BC67-5A00D6C910D1|D50E6399-B913-42F2-A5B6-F0D4BAAF9571|67|40|40|14|1|2017
E3CDC578-37BA-4CDB-B150-DAB0409270CD|3F6F8ACF-477F-4E93-9099-524272131150|44f23b3c-e066-4b45-931c-0e8073d3a93a|37D3223A-547E-4BA9-BD0C-28F6187BB5D4|C143978A-E021-4015-BC67-5A00D6C910D1|D50E6399-B913-42F2-A5B6-F0D4BAAF9571|45|41|41|15|1|2017
E3CDC578-37BA-4CDB-B150-DAB0409270CD|CEAECA2A-D0DE-4E78-B663-2C2265C56E5A|44f23b3c-e066-4b45-931c-0e8073d3a93a|37D3223A-547E-4BA9-BD0C-28F6187BB5D4|C143978A-E021-4015-BC67-5A00D6C910D1|D50E6399-B913-42F2-A5B6-F0D4BAAF9571|56|42|42|16|1|2017
E3CDC578-37BA-4CDB-B150-DAB0409270CD|7193EB96-25D8-4FC0-AA1F-F76B0695AB1D|44f23b3c-e066-4b45-931c-0e8073d3a93a|37D3223A-547E-4BA9-BD0C-28F6187BB5D4|C143978A-E021-4015-BC67-5A00D6C910D1|D50E6399-B913-42F2-A5B6-F0D4BAAF9571|50|43|43|17|1|2017
E3CDC578-37BA-4CDB-B150-DAB0409270CD|9BDEB2F2-AE2F-4D41-95A7-075FE76077C9|44f23b3c-e066-4b45-931c-0e8073d3a93a|37D3223A-547E-4BA9-BD0C-28F6187BB5D4|C143978A-E021-4015-BC67-5A00D6C910D1|D50E6399-B913-42F2-A5B6-F0D4BAAF9571|58|44|44|18|1|2017
E3CDC578-37BA-4CDB-B150-DAB0409270CD|40CC3205-3CE2-4FB3-9331-5AC66B8FAA3D|44f23b3c-e066-4b45-931c-0e8073d3a93a|37D3223A-547E-4BA9-BD0C-28F6187BB5D4|C143978A-E021-4015-BC67-5A00D6C910D1|D50E6399-B913-42F2-A5B6-F0D4BAAF9571|60|45|45|19|1|2017
E3CDC578-37BA-4CDB-B150-DAB0409270CD|0B19CA51-195B-4FF1-9BC0-2B75DA47A5B2|44f23b3c-e066-4b45-931c-0e8073d3a93a|37D3223A-547E-4BA9-BD0C-28F6187BB5D4|C143978A-E021-4015-BC67-5A00D6C910D1|D50E6399-B913-42F2-A5B6-F0D4BAAF9571|63|13|13|13|1|2017
E3CDC578-37BA-4CDB-B150-DAB0409270CD|745823C6-C558-45D0-A477-B963799C8F28|44f23b3c-e066-4b45-931c-0e8073d3a93a|37D3223A-547E-4BA9-BD0C-28F6187BB5D4|C143978A-E021-4015-BC67-5A00D6C910D1|D50E6399-B913-42F2-A5B6-F0D4BAAF9571|66|14|14|14|1|2017
E3CDC578-37BA-4CDB-B150-DAB0409270CD|9D3BEDC0-924F-434C-8CFE-4EF4EE2323C9|44f23b3c-e066-4b45-931c-0e8073d3a93a|37D3223A-547E-4BA9-BD0C-28F6187BB5D4|C143978A-E021-4015-BC67-5A00D6C910D1|D50E6399-B913-42F2-A5B6-F0D4BAAF9571|77|15|15|15|1|2017
E3CDC578-37BA-4CDB-B150-DAB0409270CD|4F218688-6DE5-4E69-8690-66FBA2F0DC9F|de0c86be-9bcb-4d3b-8098-b06687536c1f|37D3223A-547E-4BA9-BD0C-28F6187BB5D4|C143978A-E021-4015-BC67-5A00D6C910D1|D50E6399-B913-42F2-A5B6-F0D4BAAF9571|56|16|16|16|1|2017
E3CDC578-37BA-4CDB-B150-DAB0409270CD|A195BAF6-D6E7-43A5-B7C9-D6C627A42815|de0c86be-9bcb-4d3b-8098-b06687536c1f|37D3223A-547E-4BA9-BD0C-28F6187BB5D4|C143978A-E021-4015-BC67-5A00D6C910D1|D50E6399-B913-42F2-A5B6-F0D4BAAF9571|55|17|17|17|1|2017
E3CDC578-37BA-4CDB-B150-DAB0409270CD|8A1B5BDB-9589-4207-8345-A811FC18B2C9|de0c86be-9bcb-4d3b-8098-b06687536c1f|37D3223A-547E-4BA9-BD0C-28F6187BB5D4|C143978A-E021-4015-BC67-5A00D6C910D1|D50E6399-B913-42F2-A5B6-F0D4BAAF9571|67|18|18|18|1|2017
E3CDC578-37BA-4CDB-B150-DAB0409270CD|D28063C0-F2B8-4A47-9817-19656004C279|de0c86be-9bcb-4d3b-8098-b06687536c1f|37D3223A-547E-4BA9-BD0C-28F6187BB5D4|C143978A-E021-4015-BC67-5A00D6C910D1|D50E6399-B913-42F2-A5B6-F0D4BAAF9571|56|19|19|19|1|2017
E3CDC578-37BA-4CDB-B150-DAB0409270CD|C72A3B1C-A13C-462C-BDB7-AFDEFF5F2DA8|de0c86be-9bcb-4d3b-8098-b06687536c1f|37D3223A-547E-4BA9-BD0C-28F6187BB5D4|C143978A-E021-4015-BC67-5A00D6C910D1|D50E6399-B913-42F2-A5B6-F0D4BAAF9571|82|20|20|20|1|2017
E3CDC578-37BA-4CDB-B150-DAB0409270CD|9F22612B-A69B-41D3-8819-F71420D6DF2F|de0c86be-9bcb-4d3b-8098-b06687536c1f|37D3223A-547E-4BA9-BD0C-28F6187BB5D4|C143978A-E021-4015-BC67-5A00D6C910D1|D50E6399-B913-42F2-A5B6-F0D4BAAF9571|96|21|21|21|1|2017
E3CDC578-37BA-4CDB-B150-DAB0409270CD|E4CBA165-C6EE-4B1D-ADC8-C327B77B6B13|de0c86be-9bcb-4d3b-8098-b06687536c1f|37D3223A-547E-4BA9-BD0C-28F6187BB5D4|C143978A-E021-4015-BC67-5A00D6C910D1|D50E6399-B913-42F2-A5B6-F0D4BAAF9571|94|22|22|22|1|2017
E3CDC578-37BA-4CDB-B150-DAB0409270CD|F26BC70F-FDDC-4383-A8D9-E0E5457834D9|de0c86be-9bcb-4d3b-8098-b06687536c1f|37D3223A-547E-4BA9-BD0C-28F6187BB5D4|C143978A-E021-4015-BC67-5A00D6C910D1|D50E6399-B913-42F2-A5B6-F0D4BAAF9571|88|23|23|23|1|2017
E3CDC578-37BA-4CDB-B150-DAB0409270CD|BDBD35C0-F0A5-46F8-AFFF-5F2BBC182C25|de0c86be-9bcb-4d3b-8098-b06687536c1f|37D3223A-547E-4BA9-BD0C-28F6187BB5D4|C143978A-E021-4015-BC67-5A00D6C910D1|D50E6399-B913-42F2-A5B6-F0D4BAAF9571|87|24|24|24|1|2017
E3CDC578-37BA-4CDB-B150-DAB0409270CD|31638728-0D17-4D23-B876-FF238D90B7F9|de0c86be-9bcb-4d3b-8098-b06687536c1f|37D3223A-547E-4BA9-BD0C-28F6187BB5D4|C143978A-E021-4015-BC67-5A00D6C910D1|D50E6399-B913-42F2-A5B6-F0D4BAAF9571|65|25|25|25|1|2017
E3CDC578-37BA-4CDB-B150-DAB0409270CD|172EE44D-088A-4766-A021-690628406CB9|de0c86be-9bcb-4d3b-8098-b06687536c1f|37D3223A-547E-4BA9-BD0C-28F6187BB5D4|C143978A-E021-4015-BC67-5A00D6C910D1|D50E6399-B913-42F2-A5B6-F0D4BAAF9571|65|26|26|26|1|2017
E3CDC578-37BA-4CDB-B150-DAB0409270CD|582A7D9B-1159-40C5-B8EF-21173770BFA3|de0c86be-9bcb-4d3b-8098-b06687536c1f|37D3223A-547E-4BA9-BD0C-28F6187BB5D4|C143978A-E021-4015-BC67-5A00D6C910D1|D50E6399-B913-42F2-A5B6-F0D4BAAF9571|56|27|27|14|1|2017
E3CDC578-37BA-4CDB-B150-DAB0409270CD|777CE711-981A-4613-AAA3-99E1140E90E9|de0c86be-9bcb-4d3b-8098-b06687536c1f|37D3223A-547E-4BA9-BD0C-28F6187BB5D4|C143978A-E021-4015-BC67-5A00D6C910D1|D50E6399-B913-42F2-A5B6-F0D4BAAF9571|45|28|28|15|1|2017
E3CDC578-37BA-4CDB-B150-DAB0409270CD|289A87A1-3936-4012-9487-7B5598F672C9|de0c86be-9bcb-4d3b-8098-b06687536c1f|37D3223A-547E-4BA9-BD0C-28F6187BB5D4|C143978A-E021-4015-BC67-5A00D6C910D1|D50E6399-B913-42F2-A5B6-F0D4BAAF9571|98|29|29|16|1|2017
E3CDC578-37BA-4CDB-B150-DAB0409270CD|F07D8FE7-DA87-40EB-A294-D06BDAC8F438|de0c86be-9bcb-4d3b-8098-b06687536c1f|37D3223A-547E-4BA9-BD0C-28F6187BB5D4|C143978A-E021-4015-BC67-5A00D6C910D1|D50E6399-B913-42F2-A5B6-F0D4BAAF9571|67|30|30|17|1|2017
E3CDC578-37BA-4CDB-B150-DAB0409270CD|A2678067-A7A3-4D10-A30C-C3789B180A70|de0c86be-9bcb-4d3b-8098-b06687536c1f|37D3223A-547E-4BA9-BD0C-28F6187BB5D4|C143978A-E021-4015-BC67-5A00D6C910D1|D50E6399-B913-42F2-A5B6-F0D4BAAF9571|45|31|31|18|1|2017
E3CDC578-37BA-4CDB-B150-DAB0409270CD|2F073061-C5C3-4359-B4DE-5E17D74D6620|de0c86be-9bcb-4d3b-8098-b06687536c1f|37D3223A-547E-4BA9-BD0C-28F6187BB5D4|C143978A-E021-4015-BC67-5A00D6C910D1|D50E6399-B913-42F2-A5B6-F0D4BAAF9571|56|32|32|19|1|2017
E3CDC578-37BA-4CDB-B150-DAB0409270CD|539D4A11-2C5B-40BC-91A2-44998747E8AD|de0c86be-9bcb-4d3b-8098-b06687536c1f|37D3223A-547E-4BA9-BD0C-28F6187BB5D4|C143978A-E021-4015-BC67-5A00D6C910D1|D50E6399-B913-42F2-A5B6-F0D4BAAF9571|50|33|33|20|1|2017
E3CDC578-37BA-4CDB-B150-DAB0409270CD|EE943C52-EF11-4D6C-BEBF-CE5901394CB3|de0c86be-9bcb-4d3b-8098-b06687536c1f|37D3223A-547E-4BA9-BD0C-28F6187BB5D4|C143978A-E021-4015-BC67-5A00D6C910D1|D50E6399-B913-42F2-A5B6-F0D4BAAF9571|58|34|34|21|1|2017
E3CDC578-37BA-4CDB-B150-DAB0409270CD|743DB4A9-876D-4148-828D-A0CC23B736CC|de0c86be-9bcb-4d3b-8098-b06687536c1f|37D3223A-547E-4BA9-BD0C-28F6187BB5D4|C143978A-E021-4015-BC67-5A00D6C910D1|D50E6399-B913-42F2-A5B6-F0D4BAAF9571|60|35|35|22|1|2017
E3CDC578-37BA-4CDB-B150-DAB0409270CD|CE880C8E-C8D0-49A3-AA4A-8294F8F3F307|de0c86be-9bcb-4d3b-8098-b06687536c1f|37D3223A-547E-4BA9-BD0C-28F6187BB5D4|C143978A-E021-4015-BC67-5A00D6C910D1|D50E6399-B913-42F2-A5B6-F0D4BAAF9571|63|36|36|23|1|2017
E3CDC578-37BA-4CDB-B150-DAB0409270CD|20CA9579-140F-4DAB-8587-30AEAD28B04E|de0c86be-9bcb-4d3b-8098-b06687536c1f|37D3223A-547E-4BA9-BD0C-28F6187BB5D4|C143978A-E021-4015-BC67-5A00D6C910D1|D50E6399-B913-42F2-A5B6-F0D4BAAF9571|67|37|37|24|1|2017
E3CDC578-37BA-4CDB-B150-DAB0409270CD|505B0413-C444-4B53-99E2-BFA56F3F771A|de0c86be-9bcb-4d3b-8098-b06687536c1f|37D3223A-547E-4BA9-BD0C-28F6187BB5D4|C143978A-E021-4015-BC67-5A00D6C910D1|D50E6399-B913-42F2-A5B6-F0D4BAAF9571|45|38|38|25|1|2017
E3CDC578-37BA-4CDB-B150-DAB0409270CD|A48C8714-0012-4AF0-AE0F-0C3932980FC5|de0c86be-9bcb-4d3b-8098-b06687536c1f|37D3223A-547E-4BA9-BD0C-28F6187BB5D4|C143978A-E021-4015-BC67-5A00D6C910D1|D50E6399-B913-42F2-A5B6-F0D4BAAF9571|56|39|39|26|1|2017
E3CDC578-37BA-4CDB-B150-DAB0409270CD|3DC2A34B-008C-4C2C-BD11-262FB0DA6BB3|de0c86be-9bcb-4d3b-8098-b06687536c1f|37D3223A-547E-4BA9-BD0C-28F6187BB5D4|C143978A-E021-4015-BC67-5A00D6C910D1|D50E6399-B913-42F2-A5B6-F0D4BAAF9571|50|40|40|14|1|2017
E3CDC578-37BA-4CDB-B150-DAB0409270CD|5CF574B4-1464-4BEC-AD86-84639DE8EB1A|de0c86be-9bcb-4d3b-8098-b06687536c1f|37D3223A-547E-4BA9-BD0C-28F6187BB5D4|C143978A-E021-4015-BC67-5A00D6C910D1|D50E6399-B913-42F2-A5B6-F0D4BAAF9571|58|41|41|15|1|2017
E3CDC578-37BA-4CDB-B150-DAB0409270CD|7C3BAB0E-C09E-4238-B3C0-9FAF188A53B7|de0c86be-9bcb-4d3b-8098-b06687536c1f|37D3223A-547E-4BA9-BD0C-28F6187BB5D4|C143978A-E021-4015-BC67-5A00D6C910D1|D50E6399-B913-42F2-A5B6-F0D4BAAF9571|60|42|42|16|1|2017
E3CDC578-37BA-4CDB-B150-DAB0409270CD|CD23A751-4F7F-4CA4-9B98-CA509B1C9BE9|de0c86be-9bcb-4d3b-8098-b06687536c1f|37D3223A-547E-4BA9-BD0C-28F6187BB5D4|C143978A-E021-4015-BC67-5A00D6C910D1|D50E6399-B913-42F2-A5B6-F0D4BAAF9571|63|43|43|17|1|2017
E3CDC578-37BA-4CDB-B150-DAB0409270CD|E3AC3BF6-7832-4CFA-A684-F866CFF1EC03|de0c86be-9bcb-4d3b-8098-b06687536c1f|37D3223A-547E-4BA9-BD0C-28F6187BB5D4|C143978A-E021-4015-BC67-5A00D6C910D1|D50E6399-B913-42F2-A5B6-F0D4BAAF9571|76|44|44|18|1|2017
E3CDC578-37BA-4CDB-B150-DAB0409270CD|54A61629-5C00-42D7-9167-44AC3E6A1D49|de0c86be-9bcb-4d3b-8098-b06687536c1f|37D3223A-547E-4BA9-BD0C-28F6187BB5D4|C143978A-E021-4015-BC67-5A00D6C910D1|D50E6399-B913-42F2-A5B6-F0D4BAAF9571|56|45|45|19|1|2017
E3CDC578-37BA-4CDB-B150-DAB0409270CD|2F1D0FF2-D63F-42EC-B26C-728328BD2D2E|de0c86be-9bcb-4d3b-8098-b06687536c1f|37D3223A-547E-4BA9-BD0C-28F6187BB5D4|C143978A-E021-4015-BC67-5A00D6C910D1|D50E6399-B913-42F2-A5B6-F0D4BAAF9571|82|13|13|13|1|2017
E3CDC578-37BA-4CDB-B150-DAB0409270CD|6B6E166D-6F1C-4594-AC6F-220CC73C569A|de0c86be-9bcb-4d3b-8098-b06687536c1f|37D3223A-547E-4BA9-BD0C-28F6187BB5D4|C143978A-E021-4015-BC67-5A00D6C910D1|D50E6399-B913-42F2-A5B6-F0D4BAAF9571|46|14|14|14|1|2017
E3CDC578-37BA-4CDB-B150-DAB0409270CD|3F6F8ACF-477F-4E93-9099-524272131150|de0c86be-9bcb-4d3b-8098-b06687536c1f|37D3223A-547E-4BA9-BD0C-28F6187BB5D4|C143978A-E021-4015-BC67-5A00D6C910D1|D50E6399-B913-42F2-A5B6-F0D4BAAF9571|50|15|15|15|1|2017
E3CDC578-37BA-4CDB-B150-DAB0409270CD|CEAECA2A-D0DE-4E78-B663-2C2265C56E5A|de0c86be-9bcb-4d3b-8098-b06687536c1f|37D3223A-547E-4BA9-BD0C-28F6187BB5D4|C143978A-E021-4015-BC67-5A00D6C910D1|D50E6399-B913-42F2-A5B6-F0D4BAAF9571|23|16|16|16|1|2017
E3CDC578-37BA-4CDB-B150-DAB0409270CD|7193EB96-25D8-4FC0-AA1F-F76B0695AB1D|de0c86be-9bcb-4d3b-8098-b06687536c1f|37D3223A-547E-4BA9-BD0C-28F6187BB5D4|C143978A-E021-4015-BC67-5A00D6C910D1|D50E6399-B913-42F2-A5B6-F0D4BAAF9571|34|17|17|17|1|2017
E3CDC578-37BA-4CDB-B150-DAB0409270CD|9BDEB2F2-AE2F-4D41-95A7-075FE76077C9|de0c86be-9bcb-4d3b-8098-b06687536c1f|37D3223A-547E-4BA9-BD0C-28F6187BB5D4|C143978A-E021-4015-BC67-5A00D6C910D1|D50E6399-B913-42F2-A5B6-F0D4BAAF9571|45|18|18|18|1|2017
E3CDC578-37BA-4CDB-B150-DAB0409270CD|40CC3205-3CE2-4FB3-9331-5AC66B8FAA3D|de0c86be-9bcb-4d3b-8098-b06687536c1f|37D3223A-547E-4BA9-BD0C-28F6187BB5D4|C143978A-E021-4015-BC67-5A00D6C910D1|D50E6399-B913-42F2-A5B6-F0D4BAAF9571|56|19|19|19|1|2017
E3CDC578-37BA-4CDB-B150-DAB0409270CD|0B19CA51-195B-4FF1-9BC0-2B75DA47A5B2|de0c86be-9bcb-4d3b-8098-b06687536c1f|37D3223A-547E-4BA9-BD0C-28F6187BB5D4|C143978A-E021-4015-BC67-5A00D6C910D1|D50E6399-B913-42F2-A5B6-F0D4BAAF9571|76|20|20|20|1|2017
E3CDC578-37BA-4CDB-B150-DAB0409270CD|745823C6-C558-45D0-A477-B963799C8F28|de0c86be-9bcb-4d3b-8098-b06687536c1f|37D3223A-547E-4BA9-BD0C-28F6187BB5D4|C143978A-E021-4015-BC67-5A00D6C910D1|D50E6399-B913-42F2-A5B6-F0D4BAAF9571|34|21|21|21|1|2017
E3CDC578-37BA-4CDB-B150-DAB0409270CD|9D3BEDC0-924F-434C-8CFE-4EF4EE2323C9|de0c86be-9bcb-4d3b-8098-b06687536c1f|37D3223A-547E-4BA9-BD0C-28F6187BB5D4|C143978A-E021-4015-BC67-5A00D6C910D1|D50E6399-B913-42F2-A5B6-F0D4BAAF9571|78|22|22|22|1|2017
E3CDC578-37BA-4CDB-B150-DAB0409270CD|4F218688-6DE5-4E69-8690-66FBA2F0DC9F|c9caf109-c27d-4062-9b9f-ac4268629e27|37D3223A-547E-4BA9-BD0C-28F6187BB5D4|C143978A-E021-4015-BC67-5A00D6C910D1|D50E6399-B913-42F2-A5B6-F0D4BAAF9571|67|23|23|23|1|2017
E3CDC578-37BA-4CDB-B150-DAB0409270CD|A195BAF6-D6E7-43A5-B7C9-D6C627A42815|c9caf109-c27d-4062-9b9f-ac4268629e27|37D3223A-547E-4BA9-BD0C-28F6187BB5D4|C143978A-E021-4015-BC67-5A00D6C910D1|D50E6399-B913-42F2-A5B6-F0D4BAAF9571|89|24|24|24|1|2017
E3CDC578-37BA-4CDB-B150-DAB0409270CD|8A1B5BDB-9589-4207-8345-A811FC18B2C9|c9caf109-c27d-4062-9b9f-ac4268629e27|37D3223A-547E-4BA9-BD0C-28F6187BB5D4|C143978A-E021-4015-BC67-5A00D6C910D1|D50E6399-B913-42F2-A5B6-F0D4BAAF9571|65|25|25|25|1|2017
E3CDC578-37BA-4CDB-B150-DAB0409270CD|D28063C0-F2B8-4A47-9817-19656004C279|c9caf109-c27d-4062-9b9f-ac4268629e27|37D3223A-547E-4BA9-BD0C-28F6187BB5D4|C143978A-E021-4015-BC67-5A00D6C910D1|D50E6399-B913-42F2-A5B6-F0D4BAAF9571|65|26|26|26|1|2017
E3CDC578-37BA-4CDB-B150-DAB0409270CD|C72A3B1C-A13C-462C-BDB7-AFDEFF5F2DA8|c9caf109-c27d-4062-9b9f-ac4268629e27|37D3223A-547E-4BA9-BD0C-28F6187BB5D4|C143978A-E021-4015-BC67-5A00D6C910D1|D50E6399-B913-42F2-A5B6-F0D4BAAF9571|56|27|27|14|1|2017
E3CDC578-37BA-4CDB-B150-DAB0409270CD|9F22612B-A69B-41D3-8819-F71420D6DF2F|c9caf109-c27d-4062-9b9f-ac4268629e27|37D3223A-547E-4BA9-BD0C-28F6187BB5D4|C143978A-E021-4015-BC67-5A00D6C910D1|D50E6399-B913-42F2-A5B6-F0D4BAAF9571|67|28|28|15|1|2017
E3CDC578-37BA-4CDB-B150-DAB0409270CD|E4CBA165-C6EE-4B1D-ADC8-C327B77B6B13|c9caf109-c27d-4062-9b9f-ac4268629e27|37D3223A-547E-4BA9-BD0C-28F6187BB5D4|C143978A-E021-4015-BC67-5A00D6C910D1|D50E6399-B913-42F2-A5B6-F0D4BAAF9571|87|29|29|16|1|2017
E3CDC578-37BA-4CDB-B150-DAB0409270CD|F26BC70F-FDDC-4383-A8D9-E0E5457834D9|c9caf109-c27d-4062-9b9f-ac4268629e27|37D3223A-547E-4BA9-BD0C-28F6187BB5D4|C143978A-E021-4015-BC67-5A00D6C910D1|D50E6399-B913-42F2-A5B6-F0D4BAAF9571|76|30|30|17|1|2017
E3CDC578-37BA-4CDB-B150-DAB0409270CD|BDBD35C0-F0A5-46F8-AFFF-5F2BBC182C25|c9caf109-c27d-4062-9b9f-ac4268629e27|37D3223A-547E-4BA9-BD0C-28F6187BB5D4|C143978A-E021-4015-BC67-5A00D6C910D1|D50E6399-B913-42F2-A5B6-F0D4BAAF9571|56|31|31|18|1|2017
E3CDC578-37BA-4CDB-B150-DAB0409270CD|31638728-0D17-4D23-B876-FF238D90B7F9|c9caf109-c27d-4062-9b9f-ac4268629e27|37D3223A-547E-4BA9-BD0C-28F6187BB5D4|C143978A-E021-4015-BC67-5A00D6C910D1|D50E6399-B913-42F2-A5B6-F0D4BAAF9571|54|32|32|19|1|2017
E3CDC578-37BA-4CDB-B150-DAB0409270CD|172EE44D-088A-4766-A021-690628406CB9|c9caf109-c27d-4062-9b9f-ac4268629e27|37D3223A-547E-4BA9-BD0C-28F6187BB5D4|C143978A-E021-4015-BC67-5A00D6C910D1|D50E6399-B913-42F2-A5B6-F0D4BAAF9571|58|33|33|20|1|2017
E3CDC578-37BA-4CDB-B150-DAB0409270CD|582A7D9B-1159-40C5-B8EF-21173770BFA3|c9caf109-c27d-4062-9b9f-ac4268629e27|37D3223A-547E-4BA9-BD0C-28F6187BB5D4|C143978A-E021-4015-BC67-5A00D6C910D1|D50E6399-B913-42F2-A5B6-F0D4BAAF9571|60|34|34|21|1|2017
E3CDC578-37BA-4CDB-B150-DAB0409270CD|777CE711-981A-4613-AAA3-99E1140E90E9|c9caf109-c27d-4062-9b9f-ac4268629e27|37D3223A-547E-4BA9-BD0C-28F6187BB5D4|C143978A-E021-4015-BC67-5A00D6C910D1|D50E6399-B913-42F2-A5B6-F0D4BAAF9571|63|35|35|22|1|2017
E3CDC578-37BA-4CDB-B150-DAB0409270CD|289A87A1-3936-4012-9487-7B5598F672C9|c9caf109-c27d-4062-9b9f-ac4268629e27|37D3223A-547E-4BA9-BD0C-28F6187BB5D4|C143978A-E021-4015-BC67-5A00D6C910D1|D50E6399-B913-42F2-A5B6-F0D4BAAF9571|66|36|36|23|1|2017
E3CDC578-37BA-4CDB-B150-DAB0409270CD|F07D8FE7-DA87-40EB-A294-D06BDAC8F438|c9caf109-c27d-4062-9b9f-ac4268629e27|37D3223A-547E-4BA9-BD0C-28F6187BB5D4|C143978A-E021-4015-BC67-5A00D6C910D1|D50E6399-B913-42F2-A5B6-F0D4BAAF9571|77|37|37|24|1|2017
E3CDC578-37BA-4CDB-B150-DAB0409270CD|A2678067-A7A3-4D10-A30C-C3789B180A70|c9caf109-c27d-4062-9b9f-ac4268629e27|37D3223A-547E-4BA9-BD0C-28F6187BB5D4|C143978A-E021-4015-BC67-5A00D6C910D1|D50E6399-B913-42F2-A5B6-F0D4BAAF9571|56|38|38|25|1|2017
E3CDC578-37BA-4CDB-B150-DAB0409270CD|2F073061-C5C3-4359-B4DE-5E17D74D6620|c9caf109-c27d-4062-9b9f-ac4268629e27|37D3223A-547E-4BA9-BD0C-28F6187BB5D4|C143978A-E021-4015-BC67-5A00D6C910D1|D50E6399-B913-42F2-A5B6-F0D4BAAF9571|55|39|39|26|1|2017
E3CDC578-37BA-4CDB-B150-DAB0409270CD|539D4A11-2C5B-40BC-91A2-44998747E8AD|c9caf109-c27d-4062-9b9f-ac4268629e27|37D3223A-547E-4BA9-BD0C-28F6187BB5D4|C143978A-E021-4015-BC67-5A00D6C910D1|D50E6399-B913-42F2-A5B6-F0D4BAAF9571|67|40|40|14|1|2017
E3CDC578-37BA-4CDB-B150-DAB0409270CD|EE943C52-EF11-4D6C-BEBF-CE5901394CB3|c9caf109-c27d-4062-9b9f-ac4268629e27|37D3223A-547E-4BA9-BD0C-28F6187BB5D4|C143978A-E021-4015-BC67-5A00D6C910D1|D50E6399-B913-42F2-A5B6-F0D4BAAF9571|56|41|41|15|1|2017
E3CDC578-37BA-4CDB-B150-DAB0409270CD|743DB4A9-876D-4148-828D-A0CC23B736CC|c9caf109-c27d-4062-9b9f-ac4268629e27|37D3223A-547E-4BA9-BD0C-28F6187BB5D4|C143978A-E021-4015-BC67-5A00D6C910D1|D50E6399-B913-42F2-A5B6-F0D4BAAF9571|82|42|42|16|1|2017
E3CDC578-37BA-4CDB-B150-DAB0409270CD|CE880C8E-C8D0-49A3-AA4A-8294F8F3F307|c9caf109-c27d-4062-9b9f-ac4268629e27|37D3223A-547E-4BA9-BD0C-28F6187BB5D4|C143978A-E021-4015-BC67-5A00D6C910D1|D50E6399-B913-42F2-A5B6-F0D4BAAF9571|96|43|43|17|1|2017
E3CDC578-37BA-4CDB-B150-DAB0409270CD|20CA9579-140F-4DAB-8587-30AEAD28B04E|c9caf109-c27d-4062-9b9f-ac4268629e27|37D3223A-547E-4BA9-BD0C-28F6187BB5D4|C143978A-E021-4015-BC67-5A00D6C910D1|D50E6399-B913-42F2-A5B6-F0D4BAAF9571|94|44|44|18|1|2017
E3CDC578-37BA-4CDB-B150-DAB0409270CD|505B0413-C444-4B53-99E2-BFA56F3F771A|c9caf109-c27d-4062-9b9f-ac4268629e27|37D3223A-547E-4BA9-BD0C-28F6187BB5D4|C143978A-E021-4015-BC67-5A00D6C910D1|D50E6399-B913-42F2-A5B6-F0D4BAAF9571|88|45|45|19|1|2017
E3CDC578-37BA-4CDB-B150-DAB0409270CD|A48C8714-0012-4AF0-AE0F-0C3932980FC5|c9caf109-c27d-4062-9b9f-ac4268629e27|37D3223A-547E-4BA9-BD0C-28F6187BB5D4|C143978A-E021-4015-BC67-5A00D6C910D1|D50E6399-B913-42F2-A5B6-F0D4BAAF9571|87|13|13|13|1|2017
E3CDC578-37BA-4CDB-B150-DAB0409270CD|3DC2A34B-008C-4C2C-BD11-262FB0DA6BB3|c9caf109-c27d-4062-9b9f-ac4268629e27|37D3223A-547E-4BA9-BD0C-28F6187BB5D4|C143978A-E021-4015-BC67-5A00D6C910D1|D50E6399-B913-42F2-A5B6-F0D4BAAF9571|65|14|14|14|1|2017
E3CDC578-37BA-4CDB-B150-DAB0409270CD|5CF574B4-1464-4BEC-AD86-84639DE8EB1A|c9caf109-c27d-4062-9b9f-ac4268629e27|37D3223A-547E-4BA9-BD0C-28F6187BB5D4|C143978A-E021-4015-BC67-5A00D6C910D1|D50E6399-B913-42F2-A5B6-F0D4BAAF9571|65|15|15|15|1|2017
E3CDC578-37BA-4CDB-B150-DAB0409270CD|7C3BAB0E-C09E-4238-B3C0-9FAF188A53B7|c9caf109-c27d-4062-9b9f-ac4268629e27|37D3223A-547E-4BA9-BD0C-28F6187BB5D4|C143978A-E021-4015-BC67-5A00D6C910D1|D50E6399-B913-42F2-A5B6-F0D4BAAF9571|56|16|16|16|1|2017
E3CDC578-37BA-4CDB-B150-DAB0409270CD|CD23A751-4F7F-4CA4-9B98-CA509B1C9BE9|c9caf109-c27d-4062-9b9f-ac4268629e27|37D3223A-547E-4BA9-BD0C-28F6187BB5D4|C143978A-E021-4015-BC67-5A00D6C910D1|D50E6399-B913-42F2-A5B6-F0D4BAAF9571|45|17|17|17|1|2017
E3CDC578-37BA-4CDB-B150-DAB0409270CD|E3AC3BF6-7832-4CFA-A684-F866CFF1EC03|c9caf109-c27d-4062-9b9f-ac4268629e27|37D3223A-547E-4BA9-BD0C-28F6187BB5D4|C143978A-E021-4015-BC67-5A00D6C910D1|D50E6399-B913-42F2-A5B6-F0D4BAAF9571|98|18|18|18|1|2017
E3CDC578-37BA-4CDB-B150-DAB0409270CD|54A61629-5C00-42D7-9167-44AC3E6A1D49|c9caf109-c27d-4062-9b9f-ac4268629e27|37D3223A-547E-4BA9-BD0C-28F6187BB5D4|C143978A-E021-4015-BC67-5A00D6C910D1|D50E6399-B913-42F2-A5B6-F0D4BAAF9571|67|19|19|19|1|2017
E3CDC578-37BA-4CDB-B150-DAB0409270CD|2F1D0FF2-D63F-42EC-B26C-728328BD2D2E|c9caf109-c27d-4062-9b9f-ac4268629e27|37D3223A-547E-4BA9-BD0C-28F6187BB5D4|C143978A-E021-4015-BC67-5A00D6C910D1|D50E6399-B913-42F2-A5B6-F0D4BAAF9571|45|20|20|20|1|2017
E3CDC578-37BA-4CDB-B150-DAB0409270CD|6B6E166D-6F1C-4594-AC6F-220CC73C569A|c9caf109-c27d-4062-9b9f-ac4268629e27|37D3223A-547E-4BA9-BD0C-28F6187BB5D4|C143978A-E021-4015-BC67-5A00D6C910D1|D50E6399-B913-42F2-A5B6-F0D4BAAF9571|56|21|21|21|1|2017
E3CDC578-37BA-4CDB-B150-DAB0409270CD|3F6F8ACF-477F-4E93-9099-524272131150|c9caf109-c27d-4062-9b9f-ac4268629e27|37D3223A-547E-4BA9-BD0C-28F6187BB5D4|C143978A-E021-4015-BC67-5A00D6C910D1|D50E6399-B913-42F2-A5B6-F0D4BAAF9571|50|22|22|22|1|2017
E3CDC578-37BA-4CDB-B150-DAB0409270CD|CEAECA2A-D0DE-4E78-B663-2C2265C56E5A|c9caf109-c27d-4062-9b9f-ac4268629e27|37D3223A-547E-4BA9-BD0C-28F6187BB5D4|C143978A-E021-4015-BC67-5A00D6C910D1|D50E6399-B913-42F2-A5B6-F0D4BAAF9571|58|23|23|23|1|2017
E3CDC578-37BA-4CDB-B150-DAB0409270CD|7193EB96-25D8-4FC0-AA1F-F76B0695AB1D|c9caf109-c27d-4062-9b9f-ac4268629e27|37D3223A-547E-4BA9-BD0C-28F6187BB5D4|C143978A-E021-4015-BC67-5A00D6C910D1|D50E6399-B913-42F2-A5B6-F0D4BAAF9571|60|24|24|24|1|2017
E3CDC578-37BA-4CDB-B150-DAB0409270CD|9BDEB2F2-AE2F-4D41-95A7-075FE76077C9|c9caf109-c27d-4062-9b9f-ac4268629e27|37D3223A-547E-4BA9-BD0C-28F6187BB5D4|C143978A-E021-4015-BC67-5A00D6C910D1|D50E6399-B913-42F2-A5B6-F0D4BAAF9571|63|25|25|25|1|2017
E3CDC578-37BA-4CDB-B150-DAB0409270CD|40CC3205-3CE2-4FB3-9331-5AC66B8FAA3D|c9caf109-c27d-4062-9b9f-ac4268629e27|37D3223A-547E-4BA9-BD0C-28F6187BB5D4|C143978A-E021-4015-BC67-5A00D6C910D1|D50E6399-B913-42F2-A5B6-F0D4BAAF9571|66|26|26|26|1|2017
E3CDC578-37BA-4CDB-B150-DAB0409270CD|0B19CA51-195B-4FF1-9BC0-2B75DA47A5B2|c9caf109-c27d-4062-9b9f-ac4268629e27|37D3223A-547E-4BA9-BD0C-28F6187BB5D4|C143978A-E021-4015-BC67-5A00D6C910D1|D50E6399-B913-42F2-A5B6-F0D4BAAF9571|77|27|27|14|1|2017
E3CDC578-37BA-4CDB-B150-DAB0409270CD|745823C6-C558-45D0-A477-B963799C8F28|c9caf109-c27d-4062-9b9f-ac4268629e27|37D3223A-547E-4BA9-BD0C-28F6187BB5D4|C143978A-E021-4015-BC67-5A00D6C910D1|D50E6399-B913-42F2-A5B6-F0D4BAAF9571|56|28|28|15|1|2017
E3CDC578-37BA-4CDB-B150-DAB0409270CD|9D3BEDC0-924F-434C-8CFE-4EF4EE2323C9|c9caf109-c27d-4062-9b9f-ac4268629e27|37D3223A-547E-4BA9-BD0C-28F6187BB5D4|C143978A-E021-4015-BC67-5A00D6C910D1|D50E6399-B913-42F2-A5B6-F0D4BAAF9571|55|29|29|16|1|2017
E3CDC578-37BA-4CDB-B150-DAB0409270CD|4F218688-6DE5-4E69-8690-66FBA2F0DC9F|f098e943-26fd-4dc0-b6a0-2d02477004a4|37D3223A-547E-4BA9-BD0C-28F6187BB5D4|C143978A-E021-4015-BC67-5A00D6C910D1|D50E6399-B913-42F2-A5B6-F0D4BAAF9571|67|30|30|17|1|2017
E3CDC578-37BA-4CDB-B150-DAB0409270CD|A195BAF6-D6E7-43A5-B7C9-D6C627A42815|f098e943-26fd-4dc0-b6a0-2d02477004a4|37D3223A-547E-4BA9-BD0C-28F6187BB5D4|C143978A-E021-4015-BC67-5A00D6C910D1|D50E6399-B913-42F2-A5B6-F0D4BAAF9571|56|31|31|18|1|2017
E3CDC578-37BA-4CDB-B150-DAB0409270CD|8A1B5BDB-9589-4207-8345-A811FC18B2C9|f098e943-26fd-4dc0-b6a0-2d02477004a4|37D3223A-547E-4BA9-BD0C-28F6187BB5D4|C143978A-E021-4015-BC67-5A00D6C910D1|D50E6399-B913-42F2-A5B6-F0D4BAAF9571|82|32|32|19|1|2017
E3CDC578-37BA-4CDB-B150-DAB0409270CD|D28063C0-F2B8-4A47-9817-19656004C279|f098e943-26fd-4dc0-b6a0-2d02477004a4|37D3223A-547E-4BA9-BD0C-28F6187BB5D4|C143978A-E021-4015-BC67-5A00D6C910D1|D50E6399-B913-42F2-A5B6-F0D4BAAF9571|96|33|33|20|1|2017
E3CDC578-37BA-4CDB-B150-DAB0409270CD|C72A3B1C-A13C-462C-BDB7-AFDEFF5F2DA8|f098e943-26fd-4dc0-b6a0-2d02477004a4|37D3223A-547E-4BA9-BD0C-28F6187BB5D4|C143978A-E021-4015-BC67-5A00D6C910D1|D50E6399-B913-42F2-A5B6-F0D4BAAF9571|94|34|34|21|1|2017
E3CDC578-37BA-4CDB-B150-DAB0409270CD|9F22612B-A69B-41D3-8819-F71420D6DF2F|f098e943-26fd-4dc0-b6a0-2d02477004a4|37D3223A-547E-4BA9-BD0C-28F6187BB5D4|C143978A-E021-4015-BC67-5A00D6C910D1|D50E6399-B913-42F2-A5B6-F0D4BAAF9571|88|35|35|22|1|2017
E3CDC578-37BA-4CDB-B150-DAB0409270CD|E4CBA165-C6EE-4B1D-ADC8-C327B77B6B13|f098e943-26fd-4dc0-b6a0-2d02477004a4|37D3223A-547E-4BA9-BD0C-28F6187BB5D4|C143978A-E021-4015-BC67-5A00D6C910D1|D50E6399-B913-42F2-A5B6-F0D4BAAF9571|87|36|36|23|1|2017
E3CDC578-37BA-4CDB-B150-DAB0409270CD|F26BC70F-FDDC-4383-A8D9-E0E5457834D9|f098e943-26fd-4dc0-b6a0-2d02477004a4|37D3223A-547E-4BA9-BD0C-28F6187BB5D4|C143978A-E021-4015-BC67-5A00D6C910D1|D50E6399-B913-42F2-A5B6-F0D4BAAF9571|65|37|37|24|1|2017
E3CDC578-37BA-4CDB-B150-DAB0409270CD|BDBD35C0-F0A5-46F8-AFFF-5F2BBC182C25|f098e943-26fd-4dc0-b6a0-2d02477004a4|37D3223A-547E-4BA9-BD0C-28F6187BB5D4|C143978A-E021-4015-BC67-5A00D6C910D1|D50E6399-B913-42F2-A5B6-F0D4BAAF9571|65|38|38|25|1|2017
E3CDC578-37BA-4CDB-B150-DAB0409270CD|31638728-0D17-4D23-B876-FF238D90B7F9|f098e943-26fd-4dc0-b6a0-2d02477004a4|37D3223A-547E-4BA9-BD0C-28F6187BB5D4|C143978A-E021-4015-BC67-5A00D6C910D1|D50E6399-B913-42F2-A5B6-F0D4BAAF9571|56|39|39|26|1|2017
E3CDC578-37BA-4CDB-B150-DAB0409270CD|172EE44D-088A-4766-A021-690628406CB9|f098e943-26fd-4dc0-b6a0-2d02477004a4|37D3223A-547E-4BA9-BD0C-28F6187BB5D4|C143978A-E021-4015-BC67-5A00D6C910D1|D50E6399-B913-42F2-A5B6-F0D4BAAF9571|45|40|40|14|1|2017
E3CDC578-37BA-4CDB-B150-DAB0409270CD|582A7D9B-1159-40C5-B8EF-21173770BFA3|f098e943-26fd-4dc0-b6a0-2d02477004a4|37D3223A-547E-4BA9-BD0C-28F6187BB5D4|C143978A-E021-4015-BC67-5A00D6C910D1|D50E6399-B913-42F2-A5B6-F0D4BAAF9571|98|41|41|15|1|2017
E3CDC578-37BA-4CDB-B150-DAB0409270CD|777CE711-981A-4613-AAA3-99E1140E90E9|f098e943-26fd-4dc0-b6a0-2d02477004a4|37D3223A-547E-4BA9-BD0C-28F6187BB5D4|C143978A-E021-4015-BC67-5A00D6C910D1|D50E6399-B913-42F2-A5B6-F0D4BAAF9571|67|42|42|16|1|2017
E3CDC578-37BA-4CDB-B150-DAB0409270CD|289A87A1-3936-4012-9487-7B5598F672C9|f098e943-26fd-4dc0-b6a0-2d02477004a4|37D3223A-547E-4BA9-BD0C-28F6187BB5D4|C143978A-E021-4015-BC67-5A00D6C910D1|D50E6399-B913-42F2-A5B6-F0D4BAAF9571|45|43|43|17|1|2017
E3CDC578-37BA-4CDB-B150-DAB0409270CD|F07D8FE7-DA87-40EB-A294-D06BDAC8F438|f098e943-26fd-4dc0-b6a0-2d02477004a4|37D3223A-547E-4BA9-BD0C-28F6187BB5D4|C143978A-E021-4015-BC67-5A00D6C910D1|D50E6399-B913-42F2-A5B6-F0D4BAAF9571|56|44|44|18|1|2017
E3CDC578-37BA-4CDB-B150-DAB0409270CD|A2678067-A7A3-4D10-A30C-C3789B180A70|f098e943-26fd-4dc0-b6a0-2d02477004a4|37D3223A-547E-4BA9-BD0C-28F6187BB5D4|C143978A-E021-4015-BC67-5A00D6C910D1|D50E6399-B913-42F2-A5B6-F0D4BAAF9571|50|45|45|19|1|2017
E3CDC578-37BA-4CDB-B150-DAB0409270CD|2F073061-C5C3-4359-B4DE-5E17D74D6620|f098e943-26fd-4dc0-b6a0-2d02477004a4|37D3223A-547E-4BA9-BD0C-28F6187BB5D4|C143978A-E021-4015-BC67-5A00D6C910D1|D50E6399-B913-42F2-A5B6-F0D4BAAF9571|58|13|13|13|1|2017
E3CDC578-37BA-4CDB-B150-DAB0409270CD|539D4A11-2C5B-40BC-91A2-44998747E8AD|f098e943-26fd-4dc0-b6a0-2d02477004a4|37D3223A-547E-4BA9-BD0C-28F6187BB5D4|C143978A-E021-4015-BC67-5A00D6C910D1|D50E6399-B913-42F2-A5B6-F0D4BAAF9571|60|14|14|14|1|2017
E3CDC578-37BA-4CDB-B150-DAB0409270CD|EE943C52-EF11-4D6C-BEBF-CE5901394CB3|f098e943-26fd-4dc0-b6a0-2d02477004a4|37D3223A-547E-4BA9-BD0C-28F6187BB5D4|C143978A-E021-4015-BC67-5A00D6C910D1|D50E6399-B913-42F2-A5B6-F0D4BAAF9571|63|15|15|15|1|2017
E3CDC578-37BA-4CDB-B150-DAB0409270CD|743DB4A9-876D-4148-828D-A0CC23B736CC|f098e943-26fd-4dc0-b6a0-2d02477004a4|37D3223A-547E-4BA9-BD0C-28F6187BB5D4|C143978A-E021-4015-BC67-5A00D6C910D1|D50E6399-B913-42F2-A5B6-F0D4BAAF9571|67|16|16|16|1|2017
E3CDC578-37BA-4CDB-B150-DAB0409270CD|CE880C8E-C8D0-49A3-AA4A-8294F8F3F307|f098e943-26fd-4dc0-b6a0-2d02477004a4|37D3223A-547E-4BA9-BD0C-28F6187BB5D4|C143978A-E021-4015-BC67-5A00D6C910D1|D50E6399-B913-42F2-A5B6-F0D4BAAF9571|45|17|17|17|1|2017
E3CDC578-37BA-4CDB-B150-DAB0409270CD|20CA9579-140F-4DAB-8587-30AEAD28B04E|f098e943-26fd-4dc0-b6a0-2d02477004a4|37D3223A-547E-4BA9-BD0C-28F6187BB5D4|C143978A-E021-4015-BC67-5A00D6C910D1|D50E6399-B913-42F2-A5B6-F0D4BAAF9571|56|18|18|18|1|2017
E3CDC578-37BA-4CDB-B150-DAB0409270CD|505B0413-C444-4B53-99E2-BFA56F3F771A|f098e943-26fd-4dc0-b6a0-2d02477004a4|37D3223A-547E-4BA9-BD0C-28F6187BB5D4|C143978A-E021-4015-BC67-5A00D6C910D1|D50E6399-B913-42F2-A5B6-F0D4BAAF9571|50|19|19|19|1|2017
E3CDC578-37BA-4CDB-B150-DAB0409270CD|A48C8714-0012-4AF0-AE0F-0C3932980FC5|f098e943-26fd-4dc0-b6a0-2d02477004a4|37D3223A-547E-4BA9-BD0C-28F6187BB5D4|C143978A-E021-4015-BC67-5A00D6C910D1|D50E6399-B913-42F2-A5B6-F0D4BAAF9571|58|20|20|20|1|2017
E3CDC578-37BA-4CDB-B150-DAB0409270CD|3DC2A34B-008C-4C2C-BD11-262FB0DA6BB3|f098e943-26fd-4dc0-b6a0-2d02477004a4|37D3223A-547E-4BA9-BD0C-28F6187BB5D4|C143978A-E021-4015-BC67-5A00D6C910D1|D50E6399-B913-42F2-A5B6-F0D4BAAF9571|60|21|21|21|1|2017
E3CDC578-37BA-4CDB-B150-DAB0409270CD|5CF574B4-1464-4BEC-AD86-84639DE8EB1A|f098e943-26fd-4dc0-b6a0-2d02477004a4|37D3223A-547E-4BA9-BD0C-28F6187BB5D4|C143978A-E021-4015-BC67-5A00D6C910D1|D50E6399-B913-42F2-A5B6-F0D4BAAF9571|63|22|22|22|1|2017
E3CDC578-37BA-4CDB-B150-DAB0409270CD|7C3BAB0E-C09E-4238-B3C0-9FAF188A53B7|f098e943-26fd-4dc0-b6a0-2d02477004a4|37D3223A-547E-4BA9-BD0C-28F6187BB5D4|C143978A-E021-4015-BC67-5A00D6C910D1|D50E6399-B913-42F2-A5B6-F0D4BAAF9571|76|23|23|23|1|2017
E3CDC578-37BA-4CDB-B150-DAB0409270CD|CD23A751-4F7F-4CA4-9B98-CA509B1C9BE9|f098e943-26fd-4dc0-b6a0-2d02477004a4|37D3223A-547E-4BA9-BD0C-28F6187BB5D4|C143978A-E021-4015-BC67-5A00D6C910D1|D50E6399-B913-42F2-A5B6-F0D4BAAF9571|56|24|24|24|1|2017
E3CDC578-37BA-4CDB-B150-DAB0409270CD|E3AC3BF6-7832-4CFA-A684-F866CFF1EC03|f098e943-26fd-4dc0-b6a0-2d02477004a4|37D3223A-547E-4BA9-BD0C-28F6187BB5D4|C143978A-E021-4015-BC67-5A00D6C910D1|D50E6399-B913-42F2-A5B6-F0D4BAAF9571|82|25|25|25|1|2017
E3CDC578-37BA-4CDB-B150-DAB0409270CD|54A61629-5C00-42D7-9167-44AC3E6A1D49|f098e943-26fd-4dc0-b6a0-2d02477004a4|37D3223A-547E-4BA9-BD0C-28F6187BB5D4|C143978A-E021-4015-BC67-5A00D6C910D1|D50E6399-B913-42F2-A5B6-F0D4BAAF9571|46|26|26|26|1|2017
E3CDC578-37BA-4CDB-B150-DAB0409270CD|2F1D0FF2-D63F-42EC-B26C-728328BD2D2E|f098e943-26fd-4dc0-b6a0-2d02477004a4|37D3223A-547E-4BA9-BD0C-28F6187BB5D4|C143978A-E021-4015-BC67-5A00D6C910D1|D50E6399-B913-42F2-A5B6-F0D4BAAF9571|50|27|27|14|1|2017
E3CDC578-37BA-4CDB-B150-DAB0409270CD|6B6E166D-6F1C-4594-AC6F-220CC73C569A|f098e943-26fd-4dc0-b6a0-2d02477004a4|37D3223A-547E-4BA9-BD0C-28F6187BB5D4|C143978A-E021-4015-BC67-5A00D6C910D1|D50E6399-B913-42F2-A5B6-F0D4BAAF9571|23|28|28|15|1|2017
E3CDC578-37BA-4CDB-B150-DAB0409270CD|3F6F8ACF-477F-4E93-9099-524272131150|f098e943-26fd-4dc0-b6a0-2d02477004a4|37D3223A-547E-4BA9-BD0C-28F6187BB5D4|C143978A-E021-4015-BC67-5A00D6C910D1|D50E6399-B913-42F2-A5B6-F0D4BAAF9571|34|29|29|16|1|2017
E3CDC578-37BA-4CDB-B150-DAB0409270CD|CEAECA2A-D0DE-4E78-B663-2C2265C56E5A|f098e943-26fd-4dc0-b6a0-2d02477004a4|37D3223A-547E-4BA9-BD0C-28F6187BB5D4|C143978A-E021-4015-BC67-5A00D6C910D1|D50E6399-B913-42F2-A5B6-F0D4BAAF9571|45|30|30|17|1|2017
E3CDC578-37BA-4CDB-B150-DAB0409270CD|7193EB96-25D8-4FC0-AA1F-F76B0695AB1D|f098e943-26fd-4dc0-b6a0-2d02477004a4|37D3223A-547E-4BA9-BD0C-28F6187BB5D4|C143978A-E021-4015-BC67-5A00D6C910D1|D50E6399-B913-42F2-A5B6-F0D4BAAF9571|56|31|31|18|1|2017
E3CDC578-37BA-4CDB-B150-DAB0409270CD|9BDEB2F2-AE2F-4D41-95A7-075FE76077C9|f098e943-26fd-4dc0-b6a0-2d02477004a4|37D3223A-547E-4BA9-BD0C-28F6187BB5D4|C143978A-E021-4015-BC67-5A00D6C910D1|D50E6399-B913-42F2-A5B6-F0D4BAAF9571|76|32|32|19|1|2017
E3CDC578-37BA-4CDB-B150-DAB0409270CD|40CC3205-3CE2-4FB3-9331-5AC66B8FAA3D|f098e943-26fd-4dc0-b6a0-2d02477004a4|37D3223A-547E-4BA9-BD0C-28F6187BB5D4|C143978A-E021-4015-BC67-5A00D6C910D1|D50E6399-B913-42F2-A5B6-F0D4BAAF9571|34|33|33|20|1|2017
E3CDC578-37BA-4CDB-B150-DAB0409270CD|0B19CA51-195B-4FF1-9BC0-2B75DA47A5B2|f098e943-26fd-4dc0-b6a0-2d02477004a4|37D3223A-547E-4BA9-BD0C-28F6187BB5D4|C143978A-E021-4015-BC67-5A00D6C910D1|D50E6399-B913-42F2-A5B6-F0D4BAAF9571|78|34|34|21|1|2017
E3CDC578-37BA-4CDB-B150-DAB0409270CD|745823C6-C558-45D0-A477-B963799C8F28|f098e943-26fd-4dc0-b6a0-2d02477004a4|37D3223A-547E-4BA9-BD0C-28F6187BB5D4|C143978A-E021-4015-BC67-5A00D6C910D1|D50E6399-B913-42F2-A5B6-F0D4BAAF9571|67|35|35|22|1|2017
E3CDC578-37BA-4CDB-B150-DAB0409270CD|9D3BEDC0-924F-434C-8CFE-4EF4EE2323C9|f098e943-26fd-4dc0-b6a0-2d02477004a4|37D3223A-547E-4BA9-BD0C-28F6187BB5D4|C143978A-E021-4015-BC67-5A00D6C910D1|D50E6399-B913-42F2-A5B6-F0D4BAAF9571|89|36|36|23|1|2017
E3CDC578-37BA-4CDB-B150-DAB0409270CD|4F218688-6DE5-4E69-8690-66FBA2F0DC9F|0e5dc1c6-f62f-4a36-a1ec-064173332694|37D3223A-547E-4BA9-BD0C-28F6187BB5D4|C143978A-E021-4015-BC67-5A00D6C910D1|D50E6399-B913-42F2-A5B6-F0D4BAAF9571|65|37|37|24|1|2017
E3CDC578-37BA-4CDB-B150-DAB0409270CD|A195BAF6-D6E7-43A5-B7C9-D6C627A42815|0e5dc1c6-f62f-4a36-a1ec-064173332694|37D3223A-547E-4BA9-BD0C-28F6187BB5D4|C143978A-E021-4015-BC67-5A00D6C910D1|D50E6399-B913-42F2-A5B6-F0D4BAAF9571|65|38|38|25|1|2017
E3CDC578-37BA-4CDB-B150-DAB0409270CD|8A1B5BDB-9589-4207-8345-A811FC18B2C9|0e5dc1c6-f62f-4a36-a1ec-064173332694|37D3223A-547E-4BA9-BD0C-28F6187BB5D4|C143978A-E021-4015-BC67-5A00D6C910D1|D50E6399-B913-42F2-A5B6-F0D4BAAF9571|56|39|39|26|1|2017
E3CDC578-37BA-4CDB-B150-DAB0409270CD|D28063C0-F2B8-4A47-9817-19656004C279|0e5dc1c6-f62f-4a36-a1ec-064173332694|37D3223A-547E-4BA9-BD0C-28F6187BB5D4|C143978A-E021-4015-BC67-5A00D6C910D1|D50E6399-B913-42F2-A5B6-F0D4BAAF9571|67|40|40|14|1|2017
E3CDC578-37BA-4CDB-B150-DAB0409270CD|C72A3B1C-A13C-462C-BDB7-AFDEFF5F2DA8|0e5dc1c6-f62f-4a36-a1ec-064173332694|37D3223A-547E-4BA9-BD0C-28F6187BB5D4|C143978A-E021-4015-BC67-5A00D6C910D1|D50E6399-B913-42F2-A5B6-F0D4BAAF9571|87|41|41|15|1|2017
E3CDC578-37BA-4CDB-B150-DAB0409270CD|9F22612B-A69B-41D3-8819-F71420D6DF2F|0e5dc1c6-f62f-4a36-a1ec-064173332694|37D3223A-547E-4BA9-BD0C-28F6187BB5D4|C143978A-E021-4015-BC67-5A00D6C910D1|D50E6399-B913-42F2-A5B6-F0D4BAAF9571|76|42|42|16|1|2017
E3CDC578-37BA-4CDB-B150-DAB0409270CD|E4CBA165-C6EE-4B1D-ADC8-C327B77B6B13|0e5dc1c6-f62f-4a36-a1ec-064173332694|37D3223A-547E-4BA9-BD0C-28F6187BB5D4|C143978A-E021-4015-BC67-5A00D6C910D1|D50E6399-B913-42F2-A5B6-F0D4BAAF9571|56|43|43|17|1|2017
E3CDC578-37BA-4CDB-B150-DAB0409270CD|F26BC70F-FDDC-4383-A8D9-E0E5457834D9|0e5dc1c6-f62f-4a36-a1ec-064173332694|37D3223A-547E-4BA9-BD0C-28F6187BB5D4|C143978A-E021-4015-BC67-5A00D6C910D1|D50E6399-B913-42F2-A5B6-F0D4BAAF9571|54|44|44|18|1|2017
E3CDC578-37BA-4CDB-B150-DAB0409270CD|BDBD35C0-F0A5-46F8-AFFF-5F2BBC182C25|0e5dc1c6-f62f-4a36-a1ec-064173332694|37D3223A-547E-4BA9-BD0C-28F6187BB5D4|C143978A-E021-4015-BC67-5A00D6C910D1|D50E6399-B913-42F2-A5B6-F0D4BAAF9571|58|45|45|19|1|2017
E3CDC578-37BA-4CDB-B150-DAB0409270CD|31638728-0D17-4D23-B876-FF238D90B7F9|0e5dc1c6-f62f-4a36-a1ec-064173332694|37D3223A-547E-4BA9-BD0C-28F6187BB5D4|C143978A-E021-4015-BC67-5A00D6C910D1|D50E6399-B913-42F2-A5B6-F0D4BAAF9571|60|13|13|13|1|2017
E3CDC578-37BA-4CDB-B150-DAB0409270CD|172EE44D-088A-4766-A021-690628406CB9|0e5dc1c6-f62f-4a36-a1ec-064173332694|37D3223A-547E-4BA9-BD0C-28F6187BB5D4|C143978A-E021-4015-BC67-5A00D6C910D1|D50E6399-B913-42F2-A5B6-F0D4BAAF9571|63|14|14|14|1|2017
E3CDC578-37BA-4CDB-B150-DAB0409270CD|582A7D9B-1159-40C5-B8EF-21173770BFA3|0e5dc1c6-f62f-4a36-a1ec-064173332694|37D3223A-547E-4BA9-BD0C-28F6187BB5D4|C143978A-E021-4015-BC67-5A00D6C910D1|D50E6399-B913-42F2-A5B6-F0D4BAAF9571|66|15|15|15|1|2017
E3CDC578-37BA-4CDB-B150-DAB0409270CD|777CE711-981A-4613-AAA3-99E1140E90E9|0e5dc1c6-f62f-4a36-a1ec-064173332694|37D3223A-547E-4BA9-BD0C-28F6187BB5D4|C143978A-E021-4015-BC67-5A00D6C910D1|D50E6399-B913-42F2-A5B6-F0D4BAAF9571|77|16|16|16|1|2017
E3CDC578-37BA-4CDB-B150-DAB0409270CD|289A87A1-3936-4012-9487-7B5598F672C9|0e5dc1c6-f62f-4a36-a1ec-064173332694|37D3223A-547E-4BA9-BD0C-28F6187BB5D4|C143978A-E021-4015-BC67-5A00D6C910D1|D50E6399-B913-42F2-A5B6-F0D4BAAF9571|56|17|17|17|1|2017
E3CDC578-37BA-4CDB-B150-DAB0409270CD|F07D8FE7-DA87-40EB-A294-D06BDAC8F438|0e5dc1c6-f62f-4a36-a1ec-064173332694|37D3223A-547E-4BA9-BD0C-28F6187BB5D4|C143978A-E021-4015-BC67-5A00D6C910D1|D50E6399-B913-42F2-A5B6-F0D4BAAF9571|55|18|18|18|1|2017
E3CDC578-37BA-4CDB-B150-DAB0409270CD|A2678067-A7A3-4D10-A30C-C3789B180A70|0e5dc1c6-f62f-4a36-a1ec-064173332694|37D3223A-547E-4BA9-BD0C-28F6187BB5D4|C143978A-E021-4015-BC67-5A00D6C910D1|D50E6399-B913-42F2-A5B6-F0D4BAAF9571|67|19|19|19|1|2017
E3CDC578-37BA-4CDB-B150-DAB0409270CD|2F073061-C5C3-4359-B4DE-5E17D74D6620|0e5dc1c6-f62f-4a36-a1ec-064173332694|37D3223A-547E-4BA9-BD0C-28F6187BB5D4|C143978A-E021-4015-BC67-5A00D6C910D1|D50E6399-B913-42F2-A5B6-F0D4BAAF9571|56|20|20|20|1|2017
E3CDC578-37BA-4CDB-B150-DAB0409270CD|539D4A11-2C5B-40BC-91A2-44998747E8AD|0e5dc1c6-f62f-4a36-a1ec-064173332694|37D3223A-547E-4BA9-BD0C-28F6187BB5D4|C143978A-E021-4015-BC67-5A00D6C910D1|D50E6399-B913-42F2-A5B6-F0D4BAAF9571|82|21|21|21|1|2017
E3CDC578-37BA-4CDB-B150-DAB0409270CD|EE943C52-EF11-4D6C-BEBF-CE5901394CB3|0e5dc1c6-f62f-4a36-a1ec-064173332694|37D3223A-547E-4BA9-BD0C-28F6187BB5D4|C143978A-E021-4015-BC67-5A00D6C910D1|D50E6399-B913-42F2-A5B6-F0D4BAAF9571|96|22|22|22|1|2017
E3CDC578-37BA-4CDB-B150-DAB0409270CD|743DB4A9-876D-4148-828D-A0CC23B736CC|0e5dc1c6-f62f-4a36-a1ec-064173332694|37D3223A-547E-4BA9-BD0C-28F6187BB5D4|C143978A-E021-4015-BC67-5A00D6C910D1|D50E6399-B913-42F2-A5B6-F0D4BAAF9571|94|23|23|23|1|2017
E3CDC578-37BA-4CDB-B150-DAB0409270CD|CE880C8E-C8D0-49A3-AA4A-8294F8F3F307|0e5dc1c6-f62f-4a36-a1ec-064173332694|37D3223A-547E-4BA9-BD0C-28F6187BB5D4|C143978A-E021-4015-BC67-5A00D6C910D1|D50E6399-B913-42F2-A5B6-F0D4BAAF9571|88|24|24|24|1|2017
E3CDC578-37BA-4CDB-B150-DAB0409270CD|20CA9579-140F-4DAB-8587-30AEAD28B04E|0e5dc1c6-f62f-4a36-a1ec-064173332694|37D3223A-547E-4BA9-BD0C-28F6187BB5D4|C143978A-E021-4015-BC67-5A00D6C910D1|D50E6399-B913-42F2-A5B6-F0D4BAAF9571|87|25|25|25|1|2017
E3CDC578-37BA-4CDB-B150-DAB0409270CD|505B0413-C444-4B53-99E2-BFA56F3F771A|0e5dc1c6-f62f-4a36-a1ec-064173332694|37D3223A-547E-4BA9-BD0C-28F6187BB5D4|C143978A-E021-4015-BC67-5A00D6C910D1|D50E6399-B913-42F2-A5B6-F0D4BAAF9571|65|26|26|26|1|2017
E3CDC578-37BA-4CDB-B150-DAB0409270CD|A48C8714-0012-4AF0-AE0F-0C3932980FC5|0e5dc1c6-f62f-4a36-a1ec-064173332694|37D3223A-547E-4BA9-BD0C-28F6187BB5D4|C143978A-E021-4015-BC67-5A00D6C910D1|D50E6399-B913-42F2-A5B6-F0D4BAAF9571|65|27|27|14|1|2017
E3CDC578-37BA-4CDB-B150-DAB0409270CD|3DC2A34B-008C-4C2C-BD11-262FB0DA6BB3|0e5dc1c6-f62f-4a36-a1ec-064173332694|37D3223A-547E-4BA9-BD0C-28F6187BB5D4|C143978A-E021-4015-BC67-5A00D6C910D1|D50E6399-B913-42F2-A5B6-F0D4BAAF9571|56|28|28|15|1|2017
E3CDC578-37BA-4CDB-B150-DAB0409270CD|5CF574B4-1464-4BEC-AD86-84639DE8EB1A|0e5dc1c6-f62f-4a36-a1ec-064173332694|37D3223A-547E-4BA9-BD0C-28F6187BB5D4|C143978A-E021-4015-BC67-5A00D6C910D1|D50E6399-B913-42F2-A5B6-F0D4BAAF9571|45|29|29|16|1|2017
E3CDC578-37BA-4CDB-B150-DAB0409270CD|7C3BAB0E-C09E-4238-B3C0-9FAF188A53B7|0e5dc1c6-f62f-4a36-a1ec-064173332694|37D3223A-547E-4BA9-BD0C-28F6187BB5D4|C143978A-E021-4015-BC67-5A00D6C910D1|D50E6399-B913-42F2-A5B6-F0D4BAAF9571|98|30|30|17|1|2017
E3CDC578-37BA-4CDB-B150-DAB0409270CD|CD23A751-4F7F-4CA4-9B98-CA509B1C9BE9|0e5dc1c6-f62f-4a36-a1ec-064173332694|37D3223A-547E-4BA9-BD0C-28F6187BB5D4|C143978A-E021-4015-BC67-5A00D6C910D1|D50E6399-B913-42F2-A5B6-F0D4BAAF9571|67|31|31|18|1|2017
E3CDC578-37BA-4CDB-B150-DAB0409270CD|E3AC3BF6-7832-4CFA-A684-F866CFF1EC03|0e5dc1c6-f62f-4a36-a1ec-064173332694|37D3223A-547E-4BA9-BD0C-28F6187BB5D4|C143978A-E021-4015-BC67-5A00D6C910D1|D50E6399-B913-42F2-A5B6-F0D4BAAF9571|45|32|32|19|1|2017
E3CDC578-37BA-4CDB-B150-DAB0409270CD|54A61629-5C00-42D7-9167-44AC3E6A1D49|0e5dc1c6-f62f-4a36-a1ec-064173332694|37D3223A-547E-4BA9-BD0C-28F6187BB5D4|C143978A-E021-4015-BC67-5A00D6C910D1|D50E6399-B913-42F2-A5B6-F0D4BAAF9571|56|33|33|20|1|2017
E3CDC578-37BA-4CDB-B150-DAB0409270CD|2F1D0FF2-D63F-42EC-B26C-728328BD2D2E|0e5dc1c6-f62f-4a36-a1ec-064173332694|37D3223A-547E-4BA9-BD0C-28F6187BB5D4|C143978A-E021-4015-BC67-5A00D6C910D1|D50E6399-B913-42F2-A5B6-F0D4BAAF9571|50|34|34|21|1|2017
E3CDC578-37BA-4CDB-B150-DAB0409270CD|6B6E166D-6F1C-4594-AC6F-220CC73C569A|0e5dc1c6-f62f-4a36-a1ec-064173332694|37D3223A-547E-4BA9-BD0C-28F6187BB5D4|C143978A-E021-4015-BC67-5A00D6C910D1|D50E6399-B913-42F2-A5B6-F0D4BAAF9571|58|35|35|22|1|2017
E3CDC578-37BA-4CDB-B150-DAB0409270CD|3F6F8ACF-477F-4E93-9099-524272131150|0e5dc1c6-f62f-4a36-a1ec-064173332694|37D3223A-547E-4BA9-BD0C-28F6187BB5D4|C143978A-E021-4015-BC67-5A00D6C910D1|D50E6399-B913-42F2-A5B6-F0D4BAAF9571|60|36|36|23|1|2017
E3CDC578-37BA-4CDB-B150-DAB0409270CD|CEAECA2A-D0DE-4E78-B663-2C2265C56E5A|0e5dc1c6-f62f-4a36-a1ec-064173332694|37D3223A-547E-4BA9-BD0C-28F6187BB5D4|C143978A-E021-4015-BC67-5A00D6C910D1|D50E6399-B913-42F2-A5B6-F0D4BAAF9571|63|37|37|24|1|2017
E3CDC578-37BA-4CDB-B150-DAB0409270CD|7193EB96-25D8-4FC0-AA1F-F76B0695AB1D|0e5dc1c6-f62f-4a36-a1ec-064173332694|37D3223A-547E-4BA9-BD0C-28F6187BB5D4|C143978A-E021-4015-BC67-5A00D6C910D1|D50E6399-B913-42F2-A5B6-F0D4BAAF9571|66|38|38|25|1|2017
E3CDC578-37BA-4CDB-B150-DAB0409270CD|9BDEB2F2-AE2F-4D41-95A7-075FE76077C9|0e5dc1c6-f62f-4a36-a1ec-064173332694|37D3223A-547E-4BA9-BD0C-28F6187BB5D4|C143978A-E021-4015-BC67-5A00D6C910D1|D50E6399-B913-42F2-A5B6-F0D4BAAF9571|77|39|39|26|1|2017
E3CDC578-37BA-4CDB-B150-DAB0409270CD|40CC3205-3CE2-4FB3-9331-5AC66B8FAA3D|0e5dc1c6-f62f-4a36-a1ec-064173332694|37D3223A-547E-4BA9-BD0C-28F6187BB5D4|C143978A-E021-4015-BC67-5A00D6C910D1|D50E6399-B913-42F2-A5B6-F0D4BAAF9571|56|40|40|14|1|2017
E3CDC578-37BA-4CDB-B150-DAB0409270CD|0B19CA51-195B-4FF1-9BC0-2B75DA47A5B2|0e5dc1c6-f62f-4a36-a1ec-064173332694|37D3223A-547E-4BA9-BD0C-28F6187BB5D4|C143978A-E021-4015-BC67-5A00D6C910D1|D50E6399-B913-42F2-A5B6-F0D4BAAF9571|55|41|41|15|1|2017
E3CDC578-37BA-4CDB-B150-DAB0409270CD|745823C6-C558-45D0-A477-B963799C8F28|0e5dc1c6-f62f-4a36-a1ec-064173332694|37D3223A-547E-4BA9-BD0C-28F6187BB5D4|C143978A-E021-4015-BC67-5A00D6C910D1|D50E6399-B913-42F2-A5B6-F0D4BAAF9571|67|42|42|16|1|2017
E3CDC578-37BA-4CDB-B150-DAB0409270CD|9D3BEDC0-924F-434C-8CFE-4EF4EE2323C9|0e5dc1c6-f62f-4a36-a1ec-064173332694|37D3223A-547E-4BA9-BD0C-28F6187BB5D4|C143978A-E021-4015-BC67-5A00D6C910D1|D50E6399-B913-42F2-A5B6-F0D4BAAF9571|56|43|43|17|1|2017
E3CDC578-37BA-4CDB-B150-DAB0409270CD|4F218688-6DE5-4E69-8690-66FBA2F0DC9F|e1729cc2-524a-4069-b4a4-be5aec8473fe|37D3223A-547E-4BA9-BD0C-28F6187BB5D4|C143978A-E021-4015-BC67-5A00D6C910D1|D50E6399-B913-42F2-A5B6-F0D4BAAF9571|82|44|44|18|1|2017
E3CDC578-37BA-4CDB-B150-DAB0409270CD|A195BAF6-D6E7-43A5-B7C9-D6C627A42815|e1729cc2-524a-4069-b4a4-be5aec8473fe|37D3223A-547E-4BA9-BD0C-28F6187BB5D4|C143978A-E021-4015-BC67-5A00D6C910D1|D50E6399-B913-42F2-A5B6-F0D4BAAF9571|96|45|45|19|1|2017
E3CDC578-37BA-4CDB-B150-DAB0409270CD|8A1B5BDB-9589-4207-8345-A811FC18B2C9|e1729cc2-524a-4069-b4a4-be5aec8473fe|37D3223A-547E-4BA9-BD0C-28F6187BB5D4|C143978A-E021-4015-BC67-5A00D6C910D1|D50E6399-B913-42F2-A5B6-F0D4BAAF9571|94|13|13|13|1|2017
E3CDC578-37BA-4CDB-B150-DAB0409270CD|D28063C0-F2B8-4A47-9817-19656004C279|e1729cc2-524a-4069-b4a4-be5aec8473fe|37D3223A-547E-4BA9-BD0C-28F6187BB5D4|C143978A-E021-4015-BC67-5A00D6C910D1|D50E6399-B913-42F2-A5B6-F0D4BAAF9571|88|14|14|14|1|2017
E3CDC578-37BA-4CDB-B150-DAB0409270CD|C72A3B1C-A13C-462C-BDB7-AFDEFF5F2DA8|e1729cc2-524a-4069-b4a4-be5aec8473fe|37D3223A-547E-4BA9-BD0C-28F6187BB5D4|C143978A-E021-4015-BC67-5A00D6C910D1|D50E6399-B913-42F2-A5B6-F0D4BAAF9571|87|15|15|15|1|2017
E3CDC578-37BA-4CDB-B150-DAB0409270CD|9F22612B-A69B-41D3-8819-F71420D6DF2F|e1729cc2-524a-4069-b4a4-be5aec8473fe|37D3223A-547E-4BA9-BD0C-28F6187BB5D4|C143978A-E021-4015-BC67-5A00D6C910D1|D50E6399-B913-42F2-A5B6-F0D4BAAF9571|65|16|16|16|1|2017
E3CDC578-37BA-4CDB-B150-DAB0409270CD|E4CBA165-C6EE-4B1D-ADC8-C327B77B6B13|e1729cc2-524a-4069-b4a4-be5aec8473fe|37D3223A-547E-4BA9-BD0C-28F6187BB5D4|C143978A-E021-4015-BC67-5A00D6C910D1|D50E6399-B913-42F2-A5B6-F0D4BAAF9571|65|17|17|17|1|2017
E3CDC578-37BA-4CDB-B150-DAB0409270CD|F26BC70F-FDDC-4383-A8D9-E0E5457834D9|e1729cc2-524a-4069-b4a4-be5aec8473fe|37D3223A-547E-4BA9-BD0C-28F6187BB5D4|C143978A-E021-4015-BC67-5A00D6C910D1|D50E6399-B913-42F2-A5B6-F0D4BAAF9571|56|18|18|18|1|2017
E3CDC578-37BA-4CDB-B150-DAB0409270CD|BDBD35C0-F0A5-46F8-AFFF-5F2BBC182C25|e1729cc2-524a-4069-b4a4-be5aec8473fe|37D3223A-547E-4BA9-BD0C-28F6187BB5D4|C143978A-E021-4015-BC67-5A00D6C910D1|D50E6399-B913-42F2-A5B6-F0D4BAAF9571|45|19|19|19|1|2017
E3CDC578-37BA-4CDB-B150-DAB0409270CD|31638728-0D17-4D23-B876-FF238D90B7F9|e1729cc2-524a-4069-b4a4-be5aec8473fe|37D3223A-547E-4BA9-BD0C-28F6187BB5D4|C143978A-E021-4015-BC67-5A00D6C910D1|D50E6399-B913-42F2-A5B6-F0D4BAAF9571|98|20|20|20|1|2017
E3CDC578-37BA-4CDB-B150-DAB0409270CD|172EE44D-088A-4766-A021-690628406CB9|e1729cc2-524a-4069-b4a4-be5aec8473fe|37D3223A-547E-4BA9-BD0C-28F6187BB5D4|C143978A-E021-4015-BC67-5A00D6C910D1|D50E6399-B913-42F2-A5B6-F0D4BAAF9571|67|21|21|21|1|2017
E3CDC578-37BA-4CDB-B150-DAB0409270CD|582A7D9B-1159-40C5-B8EF-21173770BFA3|e1729cc2-524a-4069-b4a4-be5aec8473fe|37D3223A-547E-4BA9-BD0C-28F6187BB5D4|C143978A-E021-4015-BC67-5A00D6C910D1|D50E6399-B913-42F2-A5B6-F0D4BAAF9571|45|22|22|22|1|2017
E3CDC578-37BA-4CDB-B150-DAB0409270CD|777CE711-981A-4613-AAA3-99E1140E90E9|e1729cc2-524a-4069-b4a4-be5aec8473fe|37D3223A-547E-4BA9-BD0C-28F6187BB5D4|C143978A-E021-4015-BC67-5A00D6C910D1|D50E6399-B913-42F2-A5B6-F0D4BAAF9571|56|23|23|23|1|2017
E3CDC578-37BA-4CDB-B150-DAB0409270CD|289A87A1-3936-4012-9487-7B5598F672C9|e1729cc2-524a-4069-b4a4-be5aec8473fe|37D3223A-547E-4BA9-BD0C-28F6187BB5D4|C143978A-E021-4015-BC67-5A00D6C910D1|D50E6399-B913-42F2-A5B6-F0D4BAAF9571|50|24|24|24|1|2017
E3CDC578-37BA-4CDB-B150-DAB0409270CD|F07D8FE7-DA87-40EB-A294-D06BDAC8F438|e1729cc2-524a-4069-b4a4-be5aec8473fe|37D3223A-547E-4BA9-BD0C-28F6187BB5D4|C143978A-E021-4015-BC67-5A00D6C910D1|D50E6399-B913-42F2-A5B6-F0D4BAAF9571|58|25|25|25|1|2017
E3CDC578-37BA-4CDB-B150-DAB0409270CD|A2678067-A7A3-4D10-A30C-C3789B180A70|e1729cc2-524a-4069-b4a4-be5aec8473fe|37D3223A-547E-4BA9-BD0C-28F6187BB5D4|C143978A-E021-4015-BC67-5A00D6C910D1|D50E6399-B913-42F2-A5B6-F0D4BAAF9571|60|26|26|26|1|2017
E3CDC578-37BA-4CDB-B150-DAB0409270CD|2F073061-C5C3-4359-B4DE-5E17D74D6620|e1729cc2-524a-4069-b4a4-be5aec8473fe|37D3223A-547E-4BA9-BD0C-28F6187BB5D4|C143978A-E021-4015-BC67-5A00D6C910D1|D50E6399-B913-42F2-A5B6-F0D4BAAF9571|63|27|27|14|1|2017
E3CDC578-37BA-4CDB-B150-DAB0409270CD|539D4A11-2C5B-40BC-91A2-44998747E8AD|e1729cc2-524a-4069-b4a4-be5aec8473fe|37D3223A-547E-4BA9-BD0C-28F6187BB5D4|C143978A-E021-4015-BC67-5A00D6C910D1|D50E6399-B913-42F2-A5B6-F0D4BAAF9571|67|28|28|15|1|2017
E3CDC578-37BA-4CDB-B150-DAB0409270CD|EE943C52-EF11-4D6C-BEBF-CE5901394CB3|e1729cc2-524a-4069-b4a4-be5aec8473fe|37D3223A-547E-4BA9-BD0C-28F6187BB5D4|C143978A-E021-4015-BC67-5A00D6C910D1|D50E6399-B913-42F2-A5B6-F0D4BAAF9571|45|29|29|16|1|2017
E3CDC578-37BA-4CDB-B150-DAB0409270CD|743DB4A9-876D-4148-828D-A0CC23B736CC|e1729cc2-524a-4069-b4a4-be5aec8473fe|37D3223A-547E-4BA9-BD0C-28F6187BB5D4|C143978A-E021-4015-BC67-5A00D6C910D1|D50E6399-B913-42F2-A5B6-F0D4BAAF9571|56|30|30|17|1|2017
E3CDC578-37BA-4CDB-B150-DAB0409270CD|CE880C8E-C8D0-49A3-AA4A-8294F8F3F307|e1729cc2-524a-4069-b4a4-be5aec8473fe|37D3223A-547E-4BA9-BD0C-28F6187BB5D4|C143978A-E021-4015-BC67-5A00D6C910D1|D50E6399-B913-42F2-A5B6-F0D4BAAF9571|50|31|31|18|1|2017
E3CDC578-37BA-4CDB-B150-DAB0409270CD|20CA9579-140F-4DAB-8587-30AEAD28B04E|e1729cc2-524a-4069-b4a4-be5aec8473fe|37D3223A-547E-4BA9-BD0C-28F6187BB5D4|C143978A-E021-4015-BC67-5A00D6C910D1|D50E6399-B913-42F2-A5B6-F0D4BAAF9571|58|32|32|19|1|2017
E3CDC578-37BA-4CDB-B150-DAB0409270CD|505B0413-C444-4B53-99E2-BFA56F3F771A|e1729cc2-524a-4069-b4a4-be5aec8473fe|37D3223A-547E-4BA9-BD0C-28F6187BB5D4|C143978A-E021-4015-BC67-5A00D6C910D1|D50E6399-B913-42F2-A5B6-F0D4BAAF9571|60|33|33|20|1|2017
E3CDC578-37BA-4CDB-B150-DAB0409270CD|A48C8714-0012-4AF0-AE0F-0C3932980FC5|e1729cc2-524a-4069-b4a4-be5aec8473fe|37D3223A-547E-4BA9-BD0C-28F6187BB5D4|C143978A-E021-4015-BC67-5A00D6C910D1|D50E6399-B913-42F2-A5B6-F0D4BAAF9571|63|34|34|21|1|2017
E3CDC578-37BA-4CDB-B150-DAB0409270CD|3DC2A34B-008C-4C2C-BD11-262FB0DA6BB3|e1729cc2-524a-4069-b4a4-be5aec8473fe|37D3223A-547E-4BA9-BD0C-28F6187BB5D4|C143978A-E021-4015-BC67-5A00D6C910D1|D50E6399-B913-42F2-A5B6-F0D4BAAF9571|76|35|35|22|1|2017
E3CDC578-37BA-4CDB-B150-DAB0409270CD|5CF574B4-1464-4BEC-AD86-84639DE8EB1A|e1729cc2-524a-4069-b4a4-be5aec8473fe|37D3223A-547E-4BA9-BD0C-28F6187BB5D4|C143978A-E021-4015-BC67-5A00D6C910D1|D50E6399-B913-42F2-A5B6-F0D4BAAF9571|56|36|36|23|1|2017
E3CDC578-37BA-4CDB-B150-DAB0409270CD|7C3BAB0E-C09E-4238-B3C0-9FAF188A53B7|e1729cc2-524a-4069-b4a4-be5aec8473fe|37D3223A-547E-4BA9-BD0C-28F6187BB5D4|C143978A-E021-4015-BC67-5A00D6C910D1|D50E6399-B913-42F2-A5B6-F0D4BAAF9571|82|37|37|24|1|2017
E3CDC578-37BA-4CDB-B150-DAB0409270CD|CD23A751-4F7F-4CA4-9B98-CA509B1C9BE9|e1729cc2-524a-4069-b4a4-be5aec8473fe|37D3223A-547E-4BA9-BD0C-28F6187BB5D4|C143978A-E021-4015-BC67-5A00D6C910D1|D50E6399-B913-42F2-A5B6-F0D4BAAF9571|46|38|38|25|1|2017
E3CDC578-37BA-4CDB-B150-DAB0409270CD|E3AC3BF6-7832-4CFA-A684-F866CFF1EC03|e1729cc2-524a-4069-b4a4-be5aec8473fe|37D3223A-547E-4BA9-BD0C-28F6187BB5D4|C143978A-E021-4015-BC67-5A00D6C910D1|D50E6399-B913-42F2-A5B6-F0D4BAAF9571|50|39|39|26|1|2017
E3CDC578-37BA-4CDB-B150-DAB0409270CD|54A61629-5C00-42D7-9167-44AC3E6A1D49|e1729cc2-524a-4069-b4a4-be5aec8473fe|37D3223A-547E-4BA9-BD0C-28F6187BB5D4|C143978A-E021-4015-BC67-5A00D6C910D1|D50E6399-B913-42F2-A5B6-F0D4BAAF9571|23|40|40|14|1|2017
E3CDC578-37BA-4CDB-B150-DAB0409270CD|2F1D0FF2-D63F-42EC-B26C-728328BD2D2E|e1729cc2-524a-4069-b4a4-be5aec8473fe|37D3223A-547E-4BA9-BD0C-28F6187BB5D4|C143978A-E021-4015-BC67-5A00D6C910D1|D50E6399-B913-42F2-A5B6-F0D4BAAF9571|34|41|41|15|1|2017
E3CDC578-37BA-4CDB-B150-DAB0409270CD|6B6E166D-6F1C-4594-AC6F-220CC73C569A|e1729cc2-524a-4069-b4a4-be5aec8473fe|37D3223A-547E-4BA9-BD0C-28F6187BB5D4|C143978A-E021-4015-BC67-5A00D6C910D1|D50E6399-B913-42F2-A5B6-F0D4BAAF9571|45|42|42|16|1|2017
E3CDC578-37BA-4CDB-B150-DAB0409270CD|3F6F8ACF-477F-4E93-9099-524272131150|e1729cc2-524a-4069-b4a4-be5aec8473fe|37D3223A-547E-4BA9-BD0C-28F6187BB5D4|C143978A-E021-4015-BC67-5A00D6C910D1|D50E6399-B913-42F2-A5B6-F0D4BAAF9571|56|43|43|17|1|2017
E3CDC578-37BA-4CDB-B150-DAB0409270CD|CEAECA2A-D0DE-4E78-B663-2C2265C56E5A|e1729cc2-524a-4069-b4a4-be5aec8473fe|37D3223A-547E-4BA9-BD0C-28F6187BB5D4|C143978A-E021-4015-BC67-5A00D6C910D1|D50E6399-B913-42F2-A5B6-F0D4BAAF9571|76|44|44|18|1|2017
E3CDC578-37BA-4CDB-B150-DAB0409270CD|7193EB96-25D8-4FC0-AA1F-F76B0695AB1D|e1729cc2-524a-4069-b4a4-be5aec8473fe|37D3223A-547E-4BA9-BD0C-28F6187BB5D4|C143978A-E021-4015-BC67-5A00D6C910D1|D50E6399-B913-42F2-A5B6-F0D4BAAF9571|34|45|45|19|1|2017
E3CDC578-37BA-4CDB-B150-DAB0409270CD|9BDEB2F2-AE2F-4D41-95A7-075FE76077C9|e1729cc2-524a-4069-b4a4-be5aec8473fe|37D3223A-547E-4BA9-BD0C-28F6187BB5D4|C143978A-E021-4015-BC67-5A00D6C910D1|D50E6399-B913-42F2-A5B6-F0D4BAAF9571|78|13|13|13|1|2017
E3CDC578-37BA-4CDB-B150-DAB0409270CD|40CC3205-3CE2-4FB3-9331-5AC66B8FAA3D|e1729cc2-524a-4069-b4a4-be5aec8473fe|37D3223A-547E-4BA9-BD0C-28F6187BB5D4|C143978A-E021-4015-BC67-5A00D6C910D1|D50E6399-B913-42F2-A5B6-F0D4BAAF9571|67|14|14|14|1|2017
E3CDC578-37BA-4CDB-B150-DAB0409270CD|0B19CA51-195B-4FF1-9BC0-2B75DA47A5B2|e1729cc2-524a-4069-b4a4-be5aec8473fe|37D3223A-547E-4BA9-BD0C-28F6187BB5D4|C143978A-E021-4015-BC67-5A00D6C910D1|D50E6399-B913-42F2-A5B6-F0D4BAAF9571|89|15|15|15|1|2017
E3CDC578-37BA-4CDB-B150-DAB0409270CD|745823C6-C558-45D0-A477-B963799C8F28|e1729cc2-524a-4069-b4a4-be5aec8473fe|37D3223A-547E-4BA9-BD0C-28F6187BB5D4|C143978A-E021-4015-BC67-5A00D6C910D1|D50E6399-B913-42F2-A5B6-F0D4BAAF9571|65|16|16|16|1|2017
E3CDC578-37BA-4CDB-B150-DAB0409270CD|9D3BEDC0-924F-434C-8CFE-4EF4EE2323C9|e1729cc2-524a-4069-b4a4-be5aec8473fe|37D3223A-547E-4BA9-BD0C-28F6187BB5D4|C143978A-E021-4015-BC67-5A00D6C910D1|D50E6399-B913-42F2-A5B6-F0D4BAAF9571|65|17|17|17|1|2017
E3CDC578-37BA-4CDB-B150-DAB0409270CD|4F218688-6DE5-4E69-8690-66FBA2F0DC9F|b9bbd718-b32f-4466-ab34-42f544ff900e|37D3223A-547E-4BA9-BD0C-28F6187BB5D4|C143978A-E021-4015-BC67-5A00D6C910D1|D50E6399-B913-42F2-A5B6-F0D4BAAF9571|56|18|18|18|1|2017
E3CDC578-37BA-4CDB-B150-DAB0409270CD|A195BAF6-D6E7-43A5-B7C9-D6C627A42815|b9bbd718-b32f-4466-ab34-42f544ff900e|37D3223A-547E-4BA9-BD0C-28F6187BB5D4|C143978A-E021-4015-BC67-5A00D6C910D1|D50E6399-B913-42F2-A5B6-F0D4BAAF9571|67|19|19|19|1|2017
E3CDC578-37BA-4CDB-B150-DAB0409270CD|8A1B5BDB-9589-4207-8345-A811FC18B2C9|b9bbd718-b32f-4466-ab34-42f544ff900e|37D3223A-547E-4BA9-BD0C-28F6187BB5D4|C143978A-E021-4015-BC67-5A00D6C910D1|D50E6399-B913-42F2-A5B6-F0D4BAAF9571|87|20|20|20|1|2017
E3CDC578-37BA-4CDB-B150-DAB0409270CD|D28063C0-F2B8-4A47-9817-19656004C279|b9bbd718-b32f-4466-ab34-42f544ff900e|37D3223A-547E-4BA9-BD0C-28F6187BB5D4|C143978A-E021-4015-BC67-5A00D6C910D1|D50E6399-B913-42F2-A5B6-F0D4BAAF9571|76|21|21|21|1|2017
E3CDC578-37BA-4CDB-B150-DAB0409270CD|C72A3B1C-A13C-462C-BDB7-AFDEFF5F2DA8|b9bbd718-b32f-4466-ab34-42f544ff900e|37D3223A-547E-4BA9-BD0C-28F6187BB5D4|C143978A-E021-4015-BC67-5A00D6C910D1|D50E6399-B913-42F2-A5B6-F0D4BAAF9571|56|22|22|22|1|2017
E3CDC578-37BA-4CDB-B150-DAB0409270CD|9F22612B-A69B-41D3-8819-F71420D6DF2F|b9bbd718-b32f-4466-ab34-42f544ff900e|37D3223A-547E-4BA9-BD0C-28F6187BB5D4|C143978A-E021-4015-BC67-5A00D6C910D1|D50E6399-B913-42F2-A5B6-F0D4BAAF9571|54|23|23|23|1|2017
E3CDC578-37BA-4CDB-B150-DAB0409270CD|E4CBA165-C6EE-4B1D-ADC8-C327B77B6B13|b9bbd718-b32f-4466-ab34-42f544ff900e|37D3223A-547E-4BA9-BD0C-28F6187BB5D4|C143978A-E021-4015-BC67-5A00D6C910D1|D50E6399-B913-42F2-A5B6-F0D4BAAF9571|58|24|24|24|1|2017
E3CDC578-37BA-4CDB-B150-DAB0409270CD|F26BC70F-FDDC-4383-A8D9-E0E5457834D9|b9bbd718-b32f-4466-ab34-42f544ff900e|37D3223A-547E-4BA9-BD0C-28F6187BB5D4|C143978A-E021-4015-BC67-5A00D6C910D1|D50E6399-B913-42F2-A5B6-F0D4BAAF9571|60|25|25|25|1|2017
E3CDC578-37BA-4CDB-B150-DAB0409270CD|BDBD35C0-F0A5-46F8-AFFF-5F2BBC182C25|b9bbd718-b32f-4466-ab34-42f544ff900e|37D3223A-547E-4BA9-BD0C-28F6187BB5D4|C143978A-E021-4015-BC67-5A00D6C910D1|D50E6399-B913-42F2-A5B6-F0D4BAAF9571|63|26|26|26|1|2017
E3CDC578-37BA-4CDB-B150-DAB0409270CD|31638728-0D17-4D23-B876-FF238D90B7F9|b9bbd718-b32f-4466-ab34-42f544ff900e|37D3223A-547E-4BA9-BD0C-28F6187BB5D4|C143978A-E021-4015-BC67-5A00D6C910D1|D50E6399-B913-42F2-A5B6-F0D4BAAF9571|66|27|27|14|1|2017
E3CDC578-37BA-4CDB-B150-DAB0409270CD|172EE44D-088A-4766-A021-690628406CB9|b9bbd718-b32f-4466-ab34-42f544ff900e|37D3223A-547E-4BA9-BD0C-28F6187BB5D4|C143978A-E021-4015-BC67-5A00D6C910D1|D50E6399-B913-42F2-A5B6-F0D4BAAF9571|77|28|28|15|1|2017
E3CDC578-37BA-4CDB-B150-DAB0409270CD|582A7D9B-1159-40C5-B8EF-21173770BFA3|b9bbd718-b32f-4466-ab34-42f544ff900e|37D3223A-547E-4BA9-BD0C-28F6187BB5D4|C143978A-E021-4015-BC67-5A00D6C910D1|D50E6399-B913-42F2-A5B6-F0D4BAAF9571|56|29|29|16|1|2017
E3CDC578-37BA-4CDB-B150-DAB0409270CD|777CE711-981A-4613-AAA3-99E1140E90E9|b9bbd718-b32f-4466-ab34-42f544ff900e|37D3223A-547E-4BA9-BD0C-28F6187BB5D4|C143978A-E021-4015-BC67-5A00D6C910D1|D50E6399-B913-42F2-A5B6-F0D4BAAF9571|55|30|30|17|1|2017
E3CDC578-37BA-4CDB-B150-DAB0409270CD|289A87A1-3936-4012-9487-7B5598F672C9|b9bbd718-b32f-4466-ab34-42f544ff900e|37D3223A-547E-4BA9-BD0C-28F6187BB5D4|C143978A-E021-4015-BC67-5A00D6C910D1|D50E6399-B913-42F2-A5B6-F0D4BAAF9571|67|31|31|18|1|2017
E3CDC578-37BA-4CDB-B150-DAB0409270CD|F07D8FE7-DA87-40EB-A294-D06BDAC8F438|b9bbd718-b32f-4466-ab34-42f544ff900e|37D3223A-547E-4BA9-BD0C-28F6187BB5D4|C143978A-E021-4015-BC67-5A00D6C910D1|D50E6399-B913-42F2-A5B6-F0D4BAAF9571|56|32|32|19|1|2017
E3CDC578-37BA-4CDB-B150-DAB0409270CD|A2678067-A7A3-4D10-A30C-C3789B180A70|b9bbd718-b32f-4466-ab34-42f544ff900e|37D3223A-547E-4BA9-BD0C-28F6187BB5D4|C143978A-E021-4015-BC67-5A00D6C910D1|D50E6399-B913-42F2-A5B6-F0D4BAAF9571|82|33|33|20|1|2017
E3CDC578-37BA-4CDB-B150-DAB0409270CD|2F073061-C5C3-4359-B4DE-5E17D74D6620|b9bbd718-b32f-4466-ab34-42f544ff900e|37D3223A-547E-4BA9-BD0C-28F6187BB5D4|C143978A-E021-4015-BC67-5A00D6C910D1|D50E6399-B913-42F2-A5B6-F0D4BAAF9571|96|34|34|21|1|2017
E3CDC578-37BA-4CDB-B150-DAB0409270CD|539D4A11-2C5B-40BC-91A2-44998747E8AD|b9bbd718-b32f-4466-ab34-42f544ff900e|37D3223A-547E-4BA9-BD0C-28F6187BB5D4|C143978A-E021-4015-BC67-5A00D6C910D1|D50E6399-B913-42F2-A5B6-F0D4BAAF9571|94|35|35|22|1|2017
E3CDC578-37BA-4CDB-B150-DAB0409270CD|EE943C52-EF11-4D6C-BEBF-CE5901394CB3|b9bbd718-b32f-4466-ab34-42f544ff900e|37D3223A-547E-4BA9-BD0C-28F6187BB5D4|C143978A-E021-4015-BC67-5A00D6C910D1|D50E6399-B913-42F2-A5B6-F0D4BAAF9571|88|36|36|23|1|2017
E3CDC578-37BA-4CDB-B150-DAB0409270CD|743DB4A9-876D-4148-828D-A0CC23B736CC|b9bbd718-b32f-4466-ab34-42f544ff900e|37D3223A-547E-4BA9-BD0C-28F6187BB5D4|C143978A-E021-4015-BC67-5A00D6C910D1|D50E6399-B913-42F2-A5B6-F0D4BAAF9571|87|37|37|24|1|2017
E3CDC578-37BA-4CDB-B150-DAB0409270CD|CE880C8E-C8D0-49A3-AA4A-8294F8F3F307|b9bbd718-b32f-4466-ab34-42f544ff900e|37D3223A-547E-4BA9-BD0C-28F6187BB5D4|C143978A-E021-4015-BC67-5A00D6C910D1|D50E6399-B913-42F2-A5B6-F0D4BAAF9571|65|38|38|25|1|2017
E3CDC578-37BA-4CDB-B150-DAB0409270CD|20CA9579-140F-4DAB-8587-30AEAD28B04E|b9bbd718-b32f-4466-ab34-42f544ff900e|37D3223A-547E-4BA9-BD0C-28F6187BB5D4|C143978A-E021-4015-BC67-5A00D6C910D1|D50E6399-B913-42F2-A5B6-F0D4BAAF9571|65|39|39|26|1|2017
E3CDC578-37BA-4CDB-B150-DAB0409270CD|505B0413-C444-4B53-99E2-BFA56F3F771A|b9bbd718-b32f-4466-ab34-42f544ff900e|37D3223A-547E-4BA9-BD0C-28F6187BB5D4|C143978A-E021-4015-BC67-5A00D6C910D1|D50E6399-B913-42F2-A5B6-F0D4BAAF9571|56|40|40|14|1|2017
E3CDC578-37BA-4CDB-B150-DAB0409270CD|A48C8714-0012-4AF0-AE0F-0C3932980FC5|b9bbd718-b32f-4466-ab34-42f544ff900e|37D3223A-547E-4BA9-BD0C-28F6187BB5D4|C143978A-E021-4015-BC67-5A00D6C910D1|D50E6399-B913-42F2-A5B6-F0D4BAAF9571|45|41|41|15|1|2017
E3CDC578-37BA-4CDB-B150-DAB0409270CD|3DC2A34B-008C-4C2C-BD11-262FB0DA6BB3|b9bbd718-b32f-4466-ab34-42f544ff900e|37D3223A-547E-4BA9-BD0C-28F6187BB5D4|C143978A-E021-4015-BC67-5A00D6C910D1|D50E6399-B913-42F2-A5B6-F0D4BAAF9571|98|42|42|16|1|2017
E3CDC578-37BA-4CDB-B150-DAB0409270CD|5CF574B4-1464-4BEC-AD86-84639DE8EB1A|b9bbd718-b32f-4466-ab34-42f544ff900e|37D3223A-547E-4BA9-BD0C-28F6187BB5D4|C143978A-E021-4015-BC67-5A00D6C910D1|D50E6399-B913-42F2-A5B6-F0D4BAAF9571|67|43|43|17|1|2017
E3CDC578-37BA-4CDB-B150-DAB0409270CD|7C3BAB0E-C09E-4238-B3C0-9FAF188A53B7|b9bbd718-b32f-4466-ab34-42f544ff900e|37D3223A-547E-4BA9-BD0C-28F6187BB5D4|C143978A-E021-4015-BC67-5A00D6C910D1|D50E6399-B913-42F2-A5B6-F0D4BAAF9571|45|44|44|18|1|2017
E3CDC578-37BA-4CDB-B150-DAB0409270CD|CD23A751-4F7F-4CA4-9B98-CA509B1C9BE9|b9bbd718-b32f-4466-ab34-42f544ff900e|37D3223A-547E-4BA9-BD0C-28F6187BB5D4|C143978A-E021-4015-BC67-5A00D6C910D1|D50E6399-B913-42F2-A5B6-F0D4BAAF9571|56|45|45|19|1|2017
E3CDC578-37BA-4CDB-B150-DAB0409270CD|E3AC3BF6-7832-4CFA-A684-F866CFF1EC03|b9bbd718-b32f-4466-ab34-42f544ff900e|37D3223A-547E-4BA9-BD0C-28F6187BB5D4|C143978A-E021-4015-BC67-5A00D6C910D1|D50E6399-B913-42F2-A5B6-F0D4BAAF9571|50|13|13|13|1|2017
E3CDC578-37BA-4CDB-B150-DAB0409270CD|54A61629-5C00-42D7-9167-44AC3E6A1D49|b9bbd718-b32f-4466-ab34-42f544ff900e|37D3223A-547E-4BA9-BD0C-28F6187BB5D4|C143978A-E021-4015-BC67-5A00D6C910D1|D50E6399-B913-42F2-A5B6-F0D4BAAF9571|58|14|14|14|1|2017
E3CDC578-37BA-4CDB-B150-DAB0409270CD|2F1D0FF2-D63F-42EC-B26C-728328BD2D2E|b9bbd718-b32f-4466-ab34-42f544ff900e|37D3223A-547E-4BA9-BD0C-28F6187BB5D4|C143978A-E021-4015-BC67-5A00D6C910D1|D50E6399-B913-42F2-A5B6-F0D4BAAF9571|60|15|15|15|1|2017
E3CDC578-37BA-4CDB-B150-DAB0409270CD|6B6E166D-6F1C-4594-AC6F-220CC73C569A|b9bbd718-b32f-4466-ab34-42f544ff900e|37D3223A-547E-4BA9-BD0C-28F6187BB5D4|C143978A-E021-4015-BC67-5A00D6C910D1|D50E6399-B913-42F2-A5B6-F0D4BAAF9571|63|16|16|16|1|2017
E3CDC578-37BA-4CDB-B150-DAB0409270CD|3F6F8ACF-477F-4E93-9099-524272131150|b9bbd718-b32f-4466-ab34-42f544ff900e|37D3223A-547E-4BA9-BD0C-28F6187BB5D4|C143978A-E021-4015-BC67-5A00D6C910D1|D50E6399-B913-42F2-A5B6-F0D4BAAF9571|66|17|17|17|1|2017
E3CDC578-37BA-4CDB-B150-DAB0409270CD|CEAECA2A-D0DE-4E78-B663-2C2265C56E5A|b9bbd718-b32f-4466-ab34-42f544ff900e|37D3223A-547E-4BA9-BD0C-28F6187BB5D4|C143978A-E021-4015-BC67-5A00D6C910D1|D50E6399-B913-42F2-A5B6-F0D4BAAF9571|77|18|18|18|1|2017
E3CDC578-37BA-4CDB-B150-DAB0409270CD|7193EB96-25D8-4FC0-AA1F-F76B0695AB1D|b9bbd718-b32f-4466-ab34-42f544ff900e|37D3223A-547E-4BA9-BD0C-28F6187BB5D4|C143978A-E021-4015-BC67-5A00D6C910D1|D50E6399-B913-42F2-A5B6-F0D4BAAF9571|56|19|19|19|1|2017
E3CDC578-37BA-4CDB-B150-DAB0409270CD|9BDEB2F2-AE2F-4D41-95A7-075FE76077C9|b9bbd718-b32f-4466-ab34-42f544ff900e|37D3223A-547E-4BA9-BD0C-28F6187BB5D4|C143978A-E021-4015-BC67-5A00D6C910D1|D50E6399-B913-42F2-A5B6-F0D4BAAF9571|55|20|20|20|1|2017
E3CDC578-37BA-4CDB-B150-DAB0409270CD|40CC3205-3CE2-4FB3-9331-5AC66B8FAA3D|b9bbd718-b32f-4466-ab34-42f544ff900e|37D3223A-547E-4BA9-BD0C-28F6187BB5D4|C143978A-E021-4015-BC67-5A00D6C910D1|D50E6399-B913-42F2-A5B6-F0D4BAAF9571|67|21|21|21|1|2017
E3CDC578-37BA-4CDB-B150-DAB0409270CD|0B19CA51-195B-4FF1-9BC0-2B75DA47A5B2|b9bbd718-b32f-4466-ab34-42f544ff900e|37D3223A-547E-4BA9-BD0C-28F6187BB5D4|C143978A-E021-4015-BC67-5A00D6C910D1|D50E6399-B913-42F2-A5B6-F0D4BAAF9571|56|22|22|22|1|2017
E3CDC578-37BA-4CDB-B150-DAB0409270CD|745823C6-C558-45D0-A477-B963799C8F28|b9bbd718-b32f-4466-ab34-42f544ff900e|37D3223A-547E-4BA9-BD0C-28F6187BB5D4|C143978A-E021-4015-BC67-5A00D6C910D1|D50E6399-B913-42F2-A5B6-F0D4BAAF9571|82|23|23|23|1|2017
E3CDC578-37BA-4CDB-B150-DAB0409270CD|9D3BEDC0-924F-434C-8CFE-4EF4EE2323C9|b9bbd718-b32f-4466-ab34-42f544ff900e|37D3223A-547E-4BA9-BD0C-28F6187BB5D4|C143978A-E021-4015-BC67-5A00D6C910D1|D50E6399-B913-42F2-A5B6-F0D4BAAF9571|96|24|24|24|1|2017
E3CDC578-37BA-4CDB-B150-DAB0409270CD|4F218688-6DE5-4E69-8690-66FBA2F0DC9F|C1F28FF4-1A18-4552-822A-7A4767643643|37D3223A-547E-4BA9-BD0C-28F6187BB5D4|C143978A-E021-4015-BC67-5A00D6C910D1|D50E6399-B913-42F2-A5B6-F0D4BAAF9571|94|25|25|25|1|2017
E3CDC578-37BA-4CDB-B150-DAB0409270CD|A195BAF6-D6E7-43A5-B7C9-D6C627A42815|C1F28FF4-1A18-4552-822A-7A4767643643|37D3223A-547E-4BA9-BD0C-28F6187BB5D4|C143978A-E021-4015-BC67-5A00D6C910D1|D50E6399-B913-42F2-A5B6-F0D4BAAF9571|88|26|26|26|1|2017
E3CDC578-37BA-4CDB-B150-DAB0409270CD|8A1B5BDB-9589-4207-8345-A811FC18B2C9|C1F28FF4-1A18-4552-822A-7A4767643643|37D3223A-547E-4BA9-BD0C-28F6187BB5D4|C143978A-E021-4015-BC67-5A00D6C910D1|D50E6399-B913-42F2-A5B6-F0D4BAAF9571|87|27|27|14|1|2017
E3CDC578-37BA-4CDB-B150-DAB0409270CD|D28063C0-F2B8-4A47-9817-19656004C279|C1F28FF4-1A18-4552-822A-7A4767643643|37D3223A-547E-4BA9-BD0C-28F6187BB5D4|C143978A-E021-4015-BC67-5A00D6C910D1|D50E6399-B913-42F2-A5B6-F0D4BAAF9571|65|28|28|15|1|2017
E3CDC578-37BA-4CDB-B150-DAB0409270CD|C72A3B1C-A13C-462C-BDB7-AFDEFF5F2DA8|C1F28FF4-1A18-4552-822A-7A4767643643|37D3223A-547E-4BA9-BD0C-28F6187BB5D4|C143978A-E021-4015-BC67-5A00D6C910D1|D50E6399-B913-42F2-A5B6-F0D4BAAF9571|65|29|29|16|1|2017
E3CDC578-37BA-4CDB-B150-DAB0409270CD|9F22612B-A69B-41D3-8819-F71420D6DF2F|C1F28FF4-1A18-4552-822A-7A4767643643|37D3223A-547E-4BA9-BD0C-28F6187BB5D4|C143978A-E021-4015-BC67-5A00D6C910D1|D50E6399-B913-42F2-A5B6-F0D4BAAF9571|56|30|30|17|1|2017
E3CDC578-37BA-4CDB-B150-DAB0409270CD|E4CBA165-C6EE-4B1D-ADC8-C327B77B6B13|C1F28FF4-1A18-4552-822A-7A4767643643|37D3223A-547E-4BA9-BD0C-28F6187BB5D4|C143978A-E021-4015-BC67-5A00D6C910D1|D50E6399-B913-42F2-A5B6-F0D4BAAF9571|45|31|31|18|1|2017
E3CDC578-37BA-4CDB-B150-DAB0409270CD|F26BC70F-FDDC-4383-A8D9-E0E5457834D9|C1F28FF4-1A18-4552-822A-7A4767643643|37D3223A-547E-4BA9-BD0C-28F6187BB5D4|C143978A-E021-4015-BC67-5A00D6C910D1|D50E6399-B913-42F2-A5B6-F0D4BAAF9571|98|32|32|19|1|2017
E3CDC578-37BA-4CDB-B150-DAB0409270CD|BDBD35C0-F0A5-46F8-AFFF-5F2BBC182C25|C1F28FF4-1A18-4552-822A-7A4767643643|37D3223A-547E-4BA9-BD0C-28F6187BB5D4|C143978A-E021-4015-BC67-5A00D6C910D1|D50E6399-B913-42F2-A5B6-F0D4BAAF9571|67|33|33|20|1|2017
E3CDC578-37BA-4CDB-B150-DAB0409270CD|31638728-0D17-4D23-B876-FF238D90B7F9|C1F28FF4-1A18-4552-822A-7A4767643643|37D3223A-547E-4BA9-BD0C-28F6187BB5D4|C143978A-E021-4015-BC67-5A00D6C910D1|D50E6399-B913-42F2-A5B6-F0D4BAAF9571|45|34|34|21|1|2017
E3CDC578-37BA-4CDB-B150-DAB0409270CD|172EE44D-088A-4766-A021-690628406CB9|C1F28FF4-1A18-4552-822A-7A4767643643|37D3223A-547E-4BA9-BD0C-28F6187BB5D4|C143978A-E021-4015-BC67-5A00D6C910D1|D50E6399-B913-42F2-A5B6-F0D4BAAF9571|56|35|35|22|1|2017
E3CDC578-37BA-4CDB-B150-DAB0409270CD|582A7D9B-1159-40C5-B8EF-21173770BFA3|C1F28FF4-1A18-4552-822A-7A4767643643|37D3223A-547E-4BA9-BD0C-28F6187BB5D4|C143978A-E021-4015-BC67-5A00D6C910D1|D50E6399-B913-42F2-A5B6-F0D4BAAF9571|50|36|36|23|1|2017
E3CDC578-37BA-4CDB-B150-DAB0409270CD|777CE711-981A-4613-AAA3-99E1140E90E9|C1F28FF4-1A18-4552-822A-7A4767643643|37D3223A-547E-4BA9-BD0C-28F6187BB5D4|C143978A-E021-4015-BC67-5A00D6C910D1|D50E6399-B913-42F2-A5B6-F0D4BAAF9571|58|37|37|24|1|2017
E3CDC578-37BA-4CDB-B150-DAB0409270CD|289A87A1-3936-4012-9487-7B5598F672C9|C1F28FF4-1A18-4552-822A-7A4767643643|37D3223A-547E-4BA9-BD0C-28F6187BB5D4|C143978A-E021-4015-BC67-5A00D6C910D1|D50E6399-B913-42F2-A5B6-F0D4BAAF9571|60|38|38|25|1|2017
E3CDC578-37BA-4CDB-B150-DAB0409270CD|F07D8FE7-DA87-40EB-A294-D06BDAC8F438|C1F28FF4-1A18-4552-822A-7A4767643643|37D3223A-547E-4BA9-BD0C-28F6187BB5D4|C143978A-E021-4015-BC67-5A00D6C910D1|D50E6399-B913-42F2-A5B6-F0D4BAAF9571|63|39|39|26|1|2017
E3CDC578-37BA-4CDB-B150-DAB0409270CD|A2678067-A7A3-4D10-A30C-C3789B180A70|C1F28FF4-1A18-4552-822A-7A4767643643|37D3223A-547E-4BA9-BD0C-28F6187BB5D4|C143978A-E021-4015-BC67-5A00D6C910D1|D50E6399-B913-42F2-A5B6-F0D4BAAF9571|67|40|40|14|1|2017
E3CDC578-37BA-4CDB-B150-DAB0409270CD|2F073061-C5C3-4359-B4DE-5E17D74D6620|C1F28FF4-1A18-4552-822A-7A4767643643|37D3223A-547E-4BA9-BD0C-28F6187BB5D4|C143978A-E021-4015-BC67-5A00D6C910D1|D50E6399-B913-42F2-A5B6-F0D4BAAF9571|45|41|41|15|1|2017
E3CDC578-37BA-4CDB-B150-DAB0409270CD|539D4A11-2C5B-40BC-91A2-44998747E8AD|C1F28FF4-1A18-4552-822A-7A4767643643|37D3223A-547E-4BA9-BD0C-28F6187BB5D4|C143978A-E021-4015-BC67-5A00D6C910D1|D50E6399-B913-42F2-A5B6-F0D4BAAF9571|56|42|42|16|1|2017
E3CDC578-37BA-4CDB-B150-DAB0409270CD|EE943C52-EF11-4D6C-BEBF-CE5901394CB3|C1F28FF4-1A18-4552-822A-7A4767643643|37D3223A-547E-4BA9-BD0C-28F6187BB5D4|C143978A-E021-4015-BC67-5A00D6C910D1|D50E6399-B913-42F2-A5B6-F0D4BAAF9571|50|43|43|17|1|2017
E3CDC578-37BA-4CDB-B150-DAB0409270CD|743DB4A9-876D-4148-828D-A0CC23B736CC|C1F28FF4-1A18-4552-822A-7A4767643643|37D3223A-547E-4BA9-BD0C-28F6187BB5D4|C143978A-E021-4015-BC67-5A00D6C910D1|D50E6399-B913-42F2-A5B6-F0D4BAAF9571|58|44|44|18|1|2017
E3CDC578-37BA-4CDB-B150-DAB0409270CD|CE880C8E-C8D0-49A3-AA4A-8294F8F3F307|C1F28FF4-1A18-4552-822A-7A4767643643|37D3223A-547E-4BA9-BD0C-28F6187BB5D4|C143978A-E021-4015-BC67-5A00D6C910D1|D50E6399-B913-42F2-A5B6-F0D4BAAF9571|60|45|45|19|1|2017
E3CDC578-37BA-4CDB-B150-DAB0409270CD|20CA9579-140F-4DAB-8587-30AEAD28B04E|C1F28FF4-1A18-4552-822A-7A4767643643|37D3223A-547E-4BA9-BD0C-28F6187BB5D4|C143978A-E021-4015-BC67-5A00D6C910D1|D50E6399-B913-42F2-A5B6-F0D4BAAF9571|63|13|13|13|1|2017
E3CDC578-37BA-4CDB-B150-DAB0409270CD|505B0413-C444-4B53-99E2-BFA56F3F771A|C1F28FF4-1A18-4552-822A-7A4767643643|37D3223A-547E-4BA9-BD0C-28F6187BB5D4|C143978A-E021-4015-BC67-5A00D6C910D1|D50E6399-B913-42F2-A5B6-F0D4BAAF9571|76|14|14|14|1|2017
E3CDC578-37BA-4CDB-B150-DAB0409270CD|A48C8714-0012-4AF0-AE0F-0C3932980FC5|C1F28FF4-1A18-4552-822A-7A4767643643|37D3223A-547E-4BA9-BD0C-28F6187BB5D4|C143978A-E021-4015-BC67-5A00D6C910D1|D50E6399-B913-42F2-A5B6-F0D4BAAF9571|56|15|15|15|1|2017
E3CDC578-37BA-4CDB-B150-DAB0409270CD|3DC2A34B-008C-4C2C-BD11-262FB0DA6BB3|C1F28FF4-1A18-4552-822A-7A4767643643|37D3223A-547E-4BA9-BD0C-28F6187BB5D4|C143978A-E021-4015-BC67-5A00D6C910D1|D50E6399-B913-42F2-A5B6-F0D4BAAF9571|82|16|16|16|1|2017
E3CDC578-37BA-4CDB-B150-DAB0409270CD|5CF574B4-1464-4BEC-AD86-84639DE8EB1A|C1F28FF4-1A18-4552-822A-7A4767643643|37D3223A-547E-4BA9-BD0C-28F6187BB5D4|C143978A-E021-4015-BC67-5A00D6C910D1|D50E6399-B913-42F2-A5B6-F0D4BAAF9571|46|17|17|17|1|2017
E3CDC578-37BA-4CDB-B150-DAB0409270CD|7C3BAB0E-C09E-4238-B3C0-9FAF188A53B7|C1F28FF4-1A18-4552-822A-7A4767643643|37D3223A-547E-4BA9-BD0C-28F6187BB5D4|C143978A-E021-4015-BC67-5A00D6C910D1|D50E6399-B913-42F2-A5B6-F0D4BAAF9571|50|18|18|18|1|2017
E3CDC578-37BA-4CDB-B150-DAB0409270CD|CD23A751-4F7F-4CA4-9B98-CA509B1C9BE9|C1F28FF4-1A18-4552-822A-7A4767643643|37D3223A-547E-4BA9-BD0C-28F6187BB5D4|C143978A-E021-4015-BC67-5A00D6C910D1|D50E6399-B913-42F2-A5B6-F0D4BAAF9571|23|19|19|19|1|2017
E3CDC578-37BA-4CDB-B150-DAB0409270CD|E3AC3BF6-7832-4CFA-A684-F866CFF1EC03|C1F28FF4-1A18-4552-822A-7A4767643643|37D3223A-547E-4BA9-BD0C-28F6187BB5D4|C143978A-E021-4015-BC67-5A00D6C910D1|D50E6399-B913-42F2-A5B6-F0D4BAAF9571|34|20|20|20|1|2017
E3CDC578-37BA-4CDB-B150-DAB0409270CD|54A61629-5C00-42D7-9167-44AC3E6A1D49|C1F28FF4-1A18-4552-822A-7A4767643643|37D3223A-547E-4BA9-BD0C-28F6187BB5D4|C143978A-E021-4015-BC67-5A00D6C910D1|D50E6399-B913-42F2-A5B6-F0D4BAAF9571|45|21|21|21|1|2017
E3CDC578-37BA-4CDB-B150-DAB0409270CD|2F1D0FF2-D63F-42EC-B26C-728328BD2D2E|C1F28FF4-1A18-4552-822A-7A4767643643|37D3223A-547E-4BA9-BD0C-28F6187BB5D4|C143978A-E021-4015-BC67-5A00D6C910D1|D50E6399-B913-42F2-A5B6-F0D4BAAF9571|56|22|22|22|1|2017
E3CDC578-37BA-4CDB-B150-DAB0409270CD|6B6E166D-6F1C-4594-AC6F-220CC73C569A|C1F28FF4-1A18-4552-822A-7A4767643643|37D3223A-547E-4BA9-BD0C-28F6187BB5D4|C143978A-E021-4015-BC67-5A00D6C910D1|D50E6399-B913-42F2-A5B6-F0D4BAAF9571|76|23|23|23|1|2017
E3CDC578-37BA-4CDB-B150-DAB0409270CD|3F6F8ACF-477F-4E93-9099-524272131150|C1F28FF4-1A18-4552-822A-7A4767643643|37D3223A-547E-4BA9-BD0C-28F6187BB5D4|C143978A-E021-4015-BC67-5A00D6C910D1|D50E6399-B913-42F2-A5B6-F0D4BAAF9571|34|24|24|24|1|2017
E3CDC578-37BA-4CDB-B150-DAB0409270CD|CEAECA2A-D0DE-4E78-B663-2C2265C56E5A|C1F28FF4-1A18-4552-822A-7A4767643643|37D3223A-547E-4BA9-BD0C-28F6187BB5D4|C143978A-E021-4015-BC67-5A00D6C910D1|D50E6399-B913-42F2-A5B6-F0D4BAAF9571|78|25|25|25|1|2017
E3CDC578-37BA-4CDB-B150-DAB0409270CD|7193EB96-25D8-4FC0-AA1F-F76B0695AB1D|C1F28FF4-1A18-4552-822A-7A4767643643|37D3223A-547E-4BA9-BD0C-28F6187BB5D4|C143978A-E021-4015-BC67-5A00D6C910D1|D50E6399-B913-42F2-A5B6-F0D4BAAF9571|67|26|26|26|1|2017
E3CDC578-37BA-4CDB-B150-DAB0409270CD|9BDEB2F2-AE2F-4D41-95A7-075FE76077C9|C1F28FF4-1A18-4552-822A-7A4767643643|37D3223A-547E-4BA9-BD0C-28F6187BB5D4|C143978A-E021-4015-BC67-5A00D6C910D1|D50E6399-B913-42F2-A5B6-F0D4BAAF9571|89|27|27|14|1|2017
E3CDC578-37BA-4CDB-B150-DAB0409270CD|40CC3205-3CE2-4FB3-9331-5AC66B8FAA3D|C1F28FF4-1A18-4552-822A-7A4767643643|37D3223A-547E-4BA9-BD0C-28F6187BB5D4|C143978A-E021-4015-BC67-5A00D6C910D1|D50E6399-B913-42F2-A5B6-F0D4BAAF9571|65|28|28|15|1|2017
E3CDC578-37BA-4CDB-B150-DAB0409270CD|0B19CA51-195B-4FF1-9BC0-2B75DA47A5B2|C1F28FF4-1A18-4552-822A-7A4767643643|37D3223A-547E-4BA9-BD0C-28F6187BB5D4|C143978A-E021-4015-BC67-5A00D6C910D1|D50E6399-B913-42F2-A5B6-F0D4BAAF9571|65|29|29|16|1|2017
E3CDC578-37BA-4CDB-B150-DAB0409270CD|745823C6-C558-45D0-A477-B963799C8F28|C1F28FF4-1A18-4552-822A-7A4767643643|37D3223A-547E-4BA9-BD0C-28F6187BB5D4|C143978A-E021-4015-BC67-5A00D6C910D1|D50E6399-B913-42F2-A5B6-F0D4BAAF9571|56|30|30|17|1|2017
E3CDC578-37BA-4CDB-B150-DAB0409270CD|9D3BEDC0-924F-434C-8CFE-4EF4EE2323C9|C1F28FF4-1A18-4552-822A-7A4767643643|37D3223A-547E-4BA9-BD0C-28F6187BB5D4|C143978A-E021-4015-BC67-5A00D6C910D1|D50E6399-B913-42F2-A5B6-F0D4BAAF9571|67|31|31|18|1|2017
E3CDC578-37BA-4CDB-B150-DAB0409270CD|4F218688-6DE5-4E69-8690-66FBA2F0DC9F|F1972BF2-C788-4F41-94FE-FBA1869C92BC|37D3223A-547E-4BA9-BD0C-28F6187BB5D4|C143978A-E021-4015-BC67-5A00D6C910D1|D50E6399-B913-42F2-A5B6-F0D4BAAF9571|87|32|32|19|1|2017
E3CDC578-37BA-4CDB-B150-DAB0409270CD|A195BAF6-D6E7-43A5-B7C9-D6C627A42815|F1972BF2-C788-4F41-94FE-FBA1869C92BC|37D3223A-547E-4BA9-BD0C-28F6187BB5D4|C143978A-E021-4015-BC67-5A00D6C910D1|D50E6399-B913-42F2-A5B6-F0D4BAAF9571|76|33|33|20|1|2017
E3CDC578-37BA-4CDB-B150-DAB0409270CD|8A1B5BDB-9589-4207-8345-A811FC18B2C9|F1972BF2-C788-4F41-94FE-FBA1869C92BC|37D3223A-547E-4BA9-BD0C-28F6187BB5D4|C143978A-E021-4015-BC67-5A00D6C910D1|D50E6399-B913-42F2-A5B6-F0D4BAAF9571|56|34|34|21|1|2017
E3CDC578-37BA-4CDB-B150-DAB0409270CD|D28063C0-F2B8-4A47-9817-19656004C279|F1972BF2-C788-4F41-94FE-FBA1869C92BC|37D3223A-547E-4BA9-BD0C-28F6187BB5D4|C143978A-E021-4015-BC67-5A00D6C910D1|D50E6399-B913-42F2-A5B6-F0D4BAAF9571|54|35|35|22|1|2017
E3CDC578-37BA-4CDB-B150-DAB0409270CD|C72A3B1C-A13C-462C-BDB7-AFDEFF5F2DA8|F1972BF2-C788-4F41-94FE-FBA1869C92BC|37D3223A-547E-4BA9-BD0C-28F6187BB5D4|C143978A-E021-4015-BC67-5A00D6C910D1|D50E6399-B913-42F2-A5B6-F0D4BAAF9571|58|36|36|23|1|2017
E3CDC578-37BA-4CDB-B150-DAB0409270CD|9F22612B-A69B-41D3-8819-F71420D6DF2F|F1972BF2-C788-4F41-94FE-FBA1869C92BC|37D3223A-547E-4BA9-BD0C-28F6187BB5D4|C143978A-E021-4015-BC67-5A00D6C910D1|D50E6399-B913-42F2-A5B6-F0D4BAAF9571|60|37|37|24|1|2017
E3CDC578-37BA-4CDB-B150-DAB0409270CD|E4CBA165-C6EE-4B1D-ADC8-C327B77B6B13|F1972BF2-C788-4F41-94FE-FBA1869C92BC|37D3223A-547E-4BA9-BD0C-28F6187BB5D4|C143978A-E021-4015-BC67-5A00D6C910D1|D50E6399-B913-42F2-A5B6-F0D4BAAF9571|63|38|38|25|1|2017
E3CDC578-37BA-4CDB-B150-DAB0409270CD|F26BC70F-FDDC-4383-A8D9-E0E5457834D9|F1972BF2-C788-4F41-94FE-FBA1869C92BC|37D3223A-547E-4BA9-BD0C-28F6187BB5D4|C143978A-E021-4015-BC67-5A00D6C910D1|D50E6399-B913-42F2-A5B6-F0D4BAAF9571|66|39|39|26|1|2017
E3CDC578-37BA-4CDB-B150-DAB0409270CD|BDBD35C0-F0A5-46F8-AFFF-5F2BBC182C25|F1972BF2-C788-4F41-94FE-FBA1869C92BC|37D3223A-547E-4BA9-BD0C-28F6187BB5D4|C143978A-E021-4015-BC67-5A00D6C910D1|D50E6399-B913-42F2-A5B6-F0D4BAAF9571|77|40|40|14|1|2017
E3CDC578-37BA-4CDB-B150-DAB0409270CD|31638728-0D17-4D23-B876-FF238D90B7F9|F1972BF2-C788-4F41-94FE-FBA1869C92BC|37D3223A-547E-4BA9-BD0C-28F6187BB5D4|C143978A-E021-4015-BC67-5A00D6C910D1|D50E6399-B913-42F2-A5B6-F0D4BAAF9571|56|41|41|15|1|2017
E3CDC578-37BA-4CDB-B150-DAB0409270CD|172EE44D-088A-4766-A021-690628406CB9|F1972BF2-C788-4F41-94FE-FBA1869C92BC|37D3223A-547E-4BA9-BD0C-28F6187BB5D4|C143978A-E021-4015-BC67-5A00D6C910D1|D50E6399-B913-42F2-A5B6-F0D4BAAF9571|55|42|42|16|1|2017
E3CDC578-37BA-4CDB-B150-DAB0409270CD|582A7D9B-1159-40C5-B8EF-21173770BFA3|F1972BF2-C788-4F41-94FE-FBA1869C92BC|37D3223A-547E-4BA9-BD0C-28F6187BB5D4|C143978A-E021-4015-BC67-5A00D6C910D1|D50E6399-B913-42F2-A5B6-F0D4BAAF9571|67|43|43|17|1|2017
E3CDC578-37BA-4CDB-B150-DAB0409270CD|777CE711-981A-4613-AAA3-99E1140E90E9|F1972BF2-C788-4F41-94FE-FBA1869C92BC|37D3223A-547E-4BA9-BD0C-28F6187BB5D4|C143978A-E021-4015-BC67-5A00D6C910D1|D50E6399-B913-42F2-A5B6-F0D4BAAF9571|56|44|44|18|1|2017
E3CDC578-37BA-4CDB-B150-DAB0409270CD|289A87A1-3936-4012-9487-7B5598F672C9|F1972BF2-C788-4F41-94FE-FBA1869C92BC|37D3223A-547E-4BA9-BD0C-28F6187BB5D4|C143978A-E021-4015-BC67-5A00D6C910D1|D50E6399-B913-42F2-A5B6-F0D4BAAF9571|82|45|45|19|1|2017
E3CDC578-37BA-4CDB-B150-DAB0409270CD|F07D8FE7-DA87-40EB-A294-D06BDAC8F438|F1972BF2-C788-4F41-94FE-FBA1869C92BC|37D3223A-547E-4BA9-BD0C-28F6187BB5D4|C143978A-E021-4015-BC67-5A00D6C910D1|D50E6399-B913-42F2-A5B6-F0D4BAAF9571|96|13|13|13|1|2017
E3CDC578-37BA-4CDB-B150-DAB0409270CD|A2678067-A7A3-4D10-A30C-C3789B180A70|F1972BF2-C788-4F41-94FE-FBA1869C92BC|37D3223A-547E-4BA9-BD0C-28F6187BB5D4|C143978A-E021-4015-BC67-5A00D6C910D1|D50E6399-B913-42F2-A5B6-F0D4BAAF9571|94|14|14|14|1|2017
E3CDC578-37BA-4CDB-B150-DAB0409270CD|2F073061-C5C3-4359-B4DE-5E17D74D6620|F1972BF2-C788-4F41-94FE-FBA1869C92BC|37D3223A-547E-4BA9-BD0C-28F6187BB5D4|C143978A-E021-4015-BC67-5A00D6C910D1|D50E6399-B913-42F2-A5B6-F0D4BAAF9571|88|15|15|15|1|2017
E3CDC578-37BA-4CDB-B150-DAB0409270CD|539D4A11-2C5B-40BC-91A2-44998747E8AD|F1972BF2-C788-4F41-94FE-FBA1869C92BC|37D3223A-547E-4BA9-BD0C-28F6187BB5D4|C143978A-E021-4015-BC67-5A00D6C910D1|D50E6399-B913-42F2-A5B6-F0D4BAAF9571|87|16|16|16|1|2017
E3CDC578-37BA-4CDB-B150-DAB0409270CD|EE943C52-EF11-4D6C-BEBF-CE5901394CB3|F1972BF2-C788-4F41-94FE-FBA1869C92BC|37D3223A-547E-4BA9-BD0C-28F6187BB5D4|C143978A-E021-4015-BC67-5A00D6C910D1|D50E6399-B913-42F2-A5B6-F0D4BAAF9571|65|17|17|17|1|2017
E3CDC578-37BA-4CDB-B150-DAB0409270CD|743DB4A9-876D-4148-828D-A0CC23B736CC|F1972BF2-C788-4F41-94FE-FBA1869C92BC|37D3223A-547E-4BA9-BD0C-28F6187BB5D4|C143978A-E021-4015-BC67-5A00D6C910D1|D50E6399-B913-42F2-A5B6-F0D4BAAF9571|65|18|18|18|1|2017
E3CDC578-37BA-4CDB-B150-DAB0409270CD|CE880C8E-C8D0-49A3-AA4A-8294F8F3F307|F1972BF2-C788-4F41-94FE-FBA1869C92BC|37D3223A-547E-4BA9-BD0C-28F6187BB5D4|C143978A-E021-4015-BC67-5A00D6C910D1|D50E6399-B913-42F2-A5B6-F0D4BAAF9571|56|19|19|19|1|2017
E3CDC578-37BA-4CDB-B150-DAB0409270CD|20CA9579-140F-4DAB-8587-30AEAD28B04E|F1972BF2-C788-4F41-94FE-FBA1869C92BC|37D3223A-547E-4BA9-BD0C-28F6187BB5D4|C143978A-E021-4015-BC67-5A00D6C910D1|D50E6399-B913-42F2-A5B6-F0D4BAAF9571|45|20|20|20|1|2017
E3CDC578-37BA-4CDB-B150-DAB0409270CD|505B0413-C444-4B53-99E2-BFA56F3F771A|F1972BF2-C788-4F41-94FE-FBA1869C92BC|37D3223A-547E-4BA9-BD0C-28F6187BB5D4|C143978A-E021-4015-BC67-5A00D6C910D1|D50E6399-B913-42F2-A5B6-F0D4BAAF9571|98|21|21|21|1|2017
E3CDC578-37BA-4CDB-B150-DAB0409270CD|A48C8714-0012-4AF0-AE0F-0C3932980FC5|F1972BF2-C788-4F41-94FE-FBA1869C92BC|37D3223A-547E-4BA9-BD0C-28F6187BB5D4|C143978A-E021-4015-BC67-5A00D6C910D1|D50E6399-B913-42F2-A5B6-F0D4BAAF9571|67|22|22|22|1|2017
E3CDC578-37BA-4CDB-B150-DAB0409270CD|3DC2A34B-008C-4C2C-BD11-262FB0DA6BB3|F1972BF2-C788-4F41-94FE-FBA1869C92BC|37D3223A-547E-4BA9-BD0C-28F6187BB5D4|C143978A-E021-4015-BC67-5A00D6C910D1|D50E6399-B913-42F2-A5B6-F0D4BAAF9571|45|23|23|23|1|2017
E3CDC578-37BA-4CDB-B150-DAB0409270CD|5CF574B4-1464-4BEC-AD86-84639DE8EB1A|F1972BF2-C788-4F41-94FE-FBA1869C92BC|37D3223A-547E-4BA9-BD0C-28F6187BB5D4|C143978A-E021-4015-BC67-5A00D6C910D1|D50E6399-B913-42F2-A5B6-F0D4BAAF9571|56|24|24|24|1|2017
E3CDC578-37BA-4CDB-B150-DAB0409270CD|7C3BAB0E-C09E-4238-B3C0-9FAF188A53B7|F1972BF2-C788-4F41-94FE-FBA1869C92BC|37D3223A-547E-4BA9-BD0C-28F6187BB5D4|C143978A-E021-4015-BC67-5A00D6C910D1|D50E6399-B913-42F2-A5B6-F0D4BAAF9571|50|25|25|25|1|2017
E3CDC578-37BA-4CDB-B150-DAB0409270CD|CD23A751-4F7F-4CA4-9B98-CA509B1C9BE9|F1972BF2-C788-4F41-94FE-FBA1869C92BC|37D3223A-547E-4BA9-BD0C-28F6187BB5D4|C143978A-E021-4015-BC67-5A00D6C910D1|D50E6399-B913-42F2-A5B6-F0D4BAAF9571|58|26|26|26|1|2017
E3CDC578-37BA-4CDB-B150-DAB0409270CD|E3AC3BF6-7832-4CFA-A684-F866CFF1EC03|F1972BF2-C788-4F41-94FE-FBA1869C92BC|37D3223A-547E-4BA9-BD0C-28F6187BB5D4|C143978A-E021-4015-BC67-5A00D6C910D1|D50E6399-B913-42F2-A5B6-F0D4BAAF9571|60|27|27|14|1|2017
E3CDC578-37BA-4CDB-B150-DAB0409270CD|54A61629-5C00-42D7-9167-44AC3E6A1D49|F1972BF2-C788-4F41-94FE-FBA1869C92BC|37D3223A-547E-4BA9-BD0C-28F6187BB5D4|C143978A-E021-4015-BC67-5A00D6C910D1|D50E6399-B913-42F2-A5B6-F0D4BAAF9571|63|28|28|15|1|2017
E3CDC578-37BA-4CDB-B150-DAB0409270CD|2F1D0FF2-D63F-42EC-B26C-728328BD2D2E|F1972BF2-C788-4F41-94FE-FBA1869C92BC|37D3223A-547E-4BA9-BD0C-28F6187BB5D4|C143978A-E021-4015-BC67-5A00D6C910D1|D50E6399-B913-42F2-A5B6-F0D4BAAF9571|66|29|29|16|1|2017
E3CDC578-37BA-4CDB-B150-DAB0409270CD|6B6E166D-6F1C-4594-AC6F-220CC73C569A|F1972BF2-C788-4F41-94FE-FBA1869C92BC|37D3223A-547E-4BA9-BD0C-28F6187BB5D4|C143978A-E021-4015-BC67-5A00D6C910D1|D50E6399-B913-42F2-A5B6-F0D4BAAF9571|77|30|30|17|1|2017
E3CDC578-37BA-4CDB-B150-DAB0409270CD|3F6F8ACF-477F-4E93-9099-524272131150|F1972BF2-C788-4F41-94FE-FBA1869C92BC|37D3223A-547E-4BA9-BD0C-28F6187BB5D4|C143978A-E021-4015-BC67-5A00D6C910D1|D50E6399-B913-42F2-A5B6-F0D4BAAF9571|56|31|31|18|1|2017
E3CDC578-37BA-4CDB-B150-DAB0409270CD|CEAECA2A-D0DE-4E78-B663-2C2265C56E5A|F1972BF2-C788-4F41-94FE-FBA1869C92BC|37D3223A-547E-4BA9-BD0C-28F6187BB5D4|C143978A-E021-4015-BC67-5A00D6C910D1|D50E6399-B913-42F2-A5B6-F0D4BAAF9571|55|32|32|19|1|2017
E3CDC578-37BA-4CDB-B150-DAB0409270CD|7193EB96-25D8-4FC0-AA1F-F76B0695AB1D|F1972BF2-C788-4F41-94FE-FBA1869C92BC|37D3223A-547E-4BA9-BD0C-28F6187BB5D4|C143978A-E021-4015-BC67-5A00D6C910D1|D50E6399-B913-42F2-A5B6-F0D4BAAF9571|67|33|33|20|1|2017
E3CDC578-37BA-4CDB-B150-DAB0409270CD|9BDEB2F2-AE2F-4D41-95A7-075FE76077C9|F1972BF2-C788-4F41-94FE-FBA1869C92BC|37D3223A-547E-4BA9-BD0C-28F6187BB5D4|C143978A-E021-4015-BC67-5A00D6C910D1|D50E6399-B913-42F2-A5B6-F0D4BAAF9571|56|34|34|21|1|2017
E3CDC578-37BA-4CDB-B150-DAB0409270CD|40CC3205-3CE2-4FB3-9331-5AC66B8FAA3D|F1972BF2-C788-4F41-94FE-FBA1869C92BC|37D3223A-547E-4BA9-BD0C-28F6187BB5D4|C143978A-E021-4015-BC67-5A00D6C910D1|D50E6399-B913-42F2-A5B6-F0D4BAAF9571|82|35|35|22|1|2017
E3CDC578-37BA-4CDB-B150-DAB0409270CD|0B19CA51-195B-4FF1-9BC0-2B75DA47A5B2|F1972BF2-C788-4F41-94FE-FBA1869C92BC|37D3223A-547E-4BA9-BD0C-28F6187BB5D4|C143978A-E021-4015-BC67-5A00D6C910D1|D50E6399-B913-42F2-A5B6-F0D4BAAF9571|96|36|36|23|1|2017
E3CDC578-37BA-4CDB-B150-DAB0409270CD|745823C6-C558-45D0-A477-B963799C8F28|F1972BF2-C788-4F41-94FE-FBA1869C92BC|37D3223A-547E-4BA9-BD0C-28F6187BB5D4|C143978A-E021-4015-BC67-5A00D6C910D1|D50E6399-B913-42F2-A5B6-F0D4BAAF9571|94|37|37|24|1|2017
E3CDC578-37BA-4CDB-B150-DAB0409270CD|9D3BEDC0-924F-434C-8CFE-4EF4EE2323C9|F1972BF2-C788-4F41-94FE-FBA1869C92BC|37D3223A-547E-4BA9-BD0C-28F6187BB5D4|C143978A-E021-4015-BC67-5A00D6C910D1|D50E6399-B913-42F2-A5B6-F0D4BAAF9571|88|38|38|25|1|2017
E3CDC578-37BA-4CDB-B150-DAB0409270CD|4F218688-6DE5-4E69-8690-66FBA2F0DC9F|D0F7EC32-EA25-7D32-8708-2CC132446|37D3223A-547E-4BA9-BD0C-28F6187BB5D4|C143978A-E021-4015-BC67-5A00D6C910D1|34C4244E-5CE0-4D5D-AD85-60E97FDDD80A|87|39|39|26|1|2017
E3CDC578-37BA-4CDB-B150-DAB0409270CD|A195BAF6-D6E7-43A5-B7C9-D6C627A42815|D0F7EC32-EA25-7D32-8708-2CC132446|37D3223A-547E-4BA9-BD0C-28F6187BB5D4|C143978A-E021-4015-BC67-5A00D6C910D1|34C4244E-5CE0-4D5D-AD85-60E97FDDD80A|65|40|40|14|1|2017
E3CDC578-37BA-4CDB-B150-DAB0409270CD|8A1B5BDB-9589-4207-8345-A811FC18B2C9|D0F7EC32-EA25-7D32-8708-2CC132446|37D3223A-547E-4BA9-BD0C-28F6187BB5D4|C143978A-E021-4015-BC67-5A00D6C910D1|34C4244E-5CE0-4D5D-AD85-60E97FDDD80A|65|41|41|15|1|2017
E3CDC578-37BA-4CDB-B150-DAB0409270CD|D28063C0-F2B8-4A47-9817-19656004C279|D0F7EC32-EA25-7D32-8708-2CC132446|37D3223A-547E-4BA9-BD0C-28F6187BB5D4|C143978A-E021-4015-BC67-5A00D6C910D1|34C4244E-5CE0-4D5D-AD85-60E97FDDD80A|56|42|42|16|1|2017
E3CDC578-37BA-4CDB-B150-DAB0409270CD|C72A3B1C-A13C-462C-BDB7-AFDEFF5F2DA8|D0F7EC32-EA25-7D32-8708-2CC132446|37D3223A-547E-4BA9-BD0C-28F6187BB5D4|C143978A-E021-4015-BC67-5A00D6C910D1|34C4244E-5CE0-4D5D-AD85-60E97FDDD80A|45|43|43|17|1|2017
E3CDC578-37BA-4CDB-B150-DAB0409270CD|9F22612B-A69B-41D3-8819-F71420D6DF2F|D0F7EC32-EA25-7D32-8708-2CC132446|37D3223A-547E-4BA9-BD0C-28F6187BB5D4|C143978A-E021-4015-BC67-5A00D6C910D1|34C4244E-5CE0-4D5D-AD85-60E97FDDD80A|98|44|44|18|1|2017
E3CDC578-37BA-4CDB-B150-DAB0409270CD|E4CBA165-C6EE-4B1D-ADC8-C327B77B6B13|D0F7EC32-EA25-7D32-8708-2CC132446|37D3223A-547E-4BA9-BD0C-28F6187BB5D4|C143978A-E021-4015-BC67-5A00D6C910D1|34C4244E-5CE0-4D5D-AD85-60E97FDDD80A|67|45|45|19|1|2017
E3CDC578-37BA-4CDB-B150-DAB0409270CD|F26BC70F-FDDC-4383-A8D9-E0E5457834D9|D0F7EC32-EA25-7D32-8708-2CC132446|37D3223A-547E-4BA9-BD0C-28F6187BB5D4|C143978A-E021-4015-BC67-5A00D6C910D1|34C4244E-5CE0-4D5D-AD85-60E97FDDD80A|45|13|13|13|1|2017
E3CDC578-37BA-4CDB-B150-DAB0409270CD|BDBD35C0-F0A5-46F8-AFFF-5F2BBC182C25|D0F7EC32-EA25-7D32-8708-2CC132446|37D3223A-547E-4BA9-BD0C-28F6187BB5D4|C143978A-E021-4015-BC67-5A00D6C910D1|34C4244E-5CE0-4D5D-AD85-60E97FDDD80A|56|14|14|14|1|2017
E3CDC578-37BA-4CDB-B150-DAB0409270CD|31638728-0D17-4D23-B876-FF238D90B7F9|D0F7EC32-EA25-7D32-8708-2CC132446|37D3223A-547E-4BA9-BD0C-28F6187BB5D4|C143978A-E021-4015-BC67-5A00D6C910D1|34C4244E-5CE0-4D5D-AD85-60E97FDDD80A|50|15|15|15|1|2017
E3CDC578-37BA-4CDB-B150-DAB0409270CD|172EE44D-088A-4766-A021-690628406CB9|D0F7EC32-EA25-7D32-8708-2CC132446|37D3223A-547E-4BA9-BD0C-28F6187BB5D4|C143978A-E021-4015-BC67-5A00D6C910D1|34C4244E-5CE0-4D5D-AD85-60E97FDDD80A|58|16|16|16|1|2017
E3CDC578-37BA-4CDB-B150-DAB0409270CD|582A7D9B-1159-40C5-B8EF-21173770BFA3|D0F7EC32-EA25-7D32-8708-2CC132446|37D3223A-547E-4BA9-BD0C-28F6187BB5D4|C143978A-E021-4015-BC67-5A00D6C910D1|34C4244E-5CE0-4D5D-AD85-60E97FDDD80A|60|17|17|17|1|2017
E3CDC578-37BA-4CDB-B150-DAB0409270CD|777CE711-981A-4613-AAA3-99E1140E90E9|D0F7EC32-EA25-7D32-8708-2CC132446|37D3223A-547E-4BA9-BD0C-28F6187BB5D4|C143978A-E021-4015-BC67-5A00D6C910D1|34C4244E-5CE0-4D5D-AD85-60E97FDDD80A|63|18|18|18|1|2017
E3CDC578-37BA-4CDB-B150-DAB0409270CD|289A87A1-3936-4012-9487-7B5598F672C9|D0F7EC32-EA25-7D32-8708-2CC132446|37D3223A-547E-4BA9-BD0C-28F6187BB5D4|C143978A-E021-4015-BC67-5A00D6C910D1|34C4244E-5CE0-4D5D-AD85-60E97FDDD80A|67|19|19|19|1|2017
E3CDC578-37BA-4CDB-B150-DAB0409270CD|F07D8FE7-DA87-40EB-A294-D06BDAC8F438|D0F7EC32-EA25-7D32-8708-2CC132446|37D3223A-547E-4BA9-BD0C-28F6187BB5D4|C143978A-E021-4015-BC67-5A00D6C910D1|34C4244E-5CE0-4D5D-AD85-60E97FDDD80A|45|20|20|20|1|2017
E3CDC578-37BA-4CDB-B150-DAB0409270CD|A2678067-A7A3-4D10-A30C-C3789B180A70|D0F7EC32-EA25-7D32-8708-2CC132446|37D3223A-547E-4BA9-BD0C-28F6187BB5D4|C143978A-E021-4015-BC67-5A00D6C910D1|34C4244E-5CE0-4D5D-AD85-60E97FDDD80A|56|21|21|21|1|2017
E3CDC578-37BA-4CDB-B150-DAB0409270CD|2F073061-C5C3-4359-B4DE-5E17D74D6620|D0F7EC32-EA25-7D32-8708-2CC132446|37D3223A-547E-4BA9-BD0C-28F6187BB5D4|C143978A-E021-4015-BC67-5A00D6C910D1|34C4244E-5CE0-4D5D-AD85-60E97FDDD80A|50|22|22|22|1|2017
E3CDC578-37BA-4CDB-B150-DAB0409270CD|539D4A11-2C5B-40BC-91A2-44998747E8AD|D0F7EC32-EA25-7D32-8708-2CC132446|37D3223A-547E-4BA9-BD0C-28F6187BB5D4|C143978A-E021-4015-BC67-5A00D6C910D1|34C4244E-5CE0-4D5D-AD85-60E97FDDD80A|58|23|23|23|1|2017
E3CDC578-37BA-4CDB-B150-DAB0409270CD|EE943C52-EF11-4D6C-BEBF-CE5901394CB3|D0F7EC32-EA25-7D32-8708-2CC132446|37D3223A-547E-4BA9-BD0C-28F6187BB5D4|C143978A-E021-4015-BC67-5A00D6C910D1|34C4244E-5CE0-4D5D-AD85-60E97FDDD80A|60|24|24|24|1|2017
E3CDC578-37BA-4CDB-B150-DAB0409270CD|743DB4A9-876D-4148-828D-A0CC23B736CC|D0F7EC32-EA25-7D32-8708-2CC132446|37D3223A-547E-4BA9-BD0C-28F6187BB5D4|C143978A-E021-4015-BC67-5A00D6C910D1|34C4244E-5CE0-4D5D-AD85-60E97FDDD80A|63|25|25|25|1|2017
E3CDC578-37BA-4CDB-B150-DAB0409270CD|CE880C8E-C8D0-49A3-AA4A-8294F8F3F307|D0F7EC32-EA25-7D32-8708-2CC132446|37D3223A-547E-4BA9-BD0C-28F6187BB5D4|C143978A-E021-4015-BC67-5A00D6C910D1|34C4244E-5CE0-4D5D-AD85-60E97FDDD80A|76|26|26|26|1|2017
E3CDC578-37BA-4CDB-B150-DAB0409270CD|20CA9579-140F-4DAB-8587-30AEAD28B04E|D0F7EC32-EA25-7D32-8708-2CC132446|37D3223A-547E-4BA9-BD0C-28F6187BB5D4|C143978A-E021-4015-BC67-5A00D6C910D1|34C4244E-5CE0-4D5D-AD85-60E97FDDD80A|56|27|27|14|1|2017
E3CDC578-37BA-4CDB-B150-DAB0409270CD|505B0413-C444-4B53-99E2-BFA56F3F771A|D0F7EC32-EA25-7D32-8708-2CC132446|37D3223A-547E-4BA9-BD0C-28F6187BB5D4|C143978A-E021-4015-BC67-5A00D6C910D1|34C4244E-5CE0-4D5D-AD85-60E97FDDD80A|82|28|28|15|1|2017
E3CDC578-37BA-4CDB-B150-DAB0409270CD|A48C8714-0012-4AF0-AE0F-0C3932980FC5|D0F7EC32-EA25-7D32-8708-2CC132446|37D3223A-547E-4BA9-BD0C-28F6187BB5D4|C143978A-E021-4015-BC67-5A00D6C910D1|34C4244E-5CE0-4D5D-AD85-60E97FDDD80A|46|29|29|16|1|2017
E3CDC578-37BA-4CDB-B150-DAB0409270CD|3DC2A34B-008C-4C2C-BD11-262FB0DA6BB3|D0F7EC32-EA25-7D32-8708-2CC132446|37D3223A-547E-4BA9-BD0C-28F6187BB5D4|C143978A-E021-4015-BC67-5A00D6C910D1|34C4244E-5CE0-4D5D-AD85-60E97FDDD80A|50|30|30|17|1|2017
E3CDC578-37BA-4CDB-B150-DAB0409270CD|5CF574B4-1464-4BEC-AD86-84639DE8EB1A|D0F7EC32-EA25-7D32-8708-2CC132446|37D3223A-547E-4BA9-BD0C-28F6187BB5D4|C143978A-E021-4015-BC67-5A00D6C910D1|34C4244E-5CE0-4D5D-AD85-60E97FDDD80A|23|31|31|18|1|2017
E3CDC578-37BA-4CDB-B150-DAB0409270CD|7C3BAB0E-C09E-4238-B3C0-9FAF188A53B7|D0F7EC32-EA25-7D32-8708-2CC132446|37D3223A-547E-4BA9-BD0C-28F6187BB5D4|C143978A-E021-4015-BC67-5A00D6C910D1|34C4244E-5CE0-4D5D-AD85-60E97FDDD80A|34|32|32|19|1|2017
E3CDC578-37BA-4CDB-B150-DAB0409270CD|CD23A751-4F7F-4CA4-9B98-CA509B1C9BE9|D0F7EC32-EA25-7D32-8708-2CC132446|37D3223A-547E-4BA9-BD0C-28F6187BB5D4|C143978A-E021-4015-BC67-5A00D6C910D1|34C4244E-5CE0-4D5D-AD85-60E97FDDD80A|45|33|33|20|1|2017
E3CDC578-37BA-4CDB-B150-DAB0409270CD|E3AC3BF6-7832-4CFA-A684-F866CFF1EC03|D0F7EC32-EA25-7D32-8708-2CC132446|37D3223A-547E-4BA9-BD0C-28F6187BB5D4|C143978A-E021-4015-BC67-5A00D6C910D1|34C4244E-5CE0-4D5D-AD85-60E97FDDD80A|56|34|34|21|1|2017
E3CDC578-37BA-4CDB-B150-DAB0409270CD|54A61629-5C00-42D7-9167-44AC3E6A1D49|D0F7EC32-EA25-7D32-8708-2CC132446|37D3223A-547E-4BA9-BD0C-28F6187BB5D4|C143978A-E021-4015-BC67-5A00D6C910D1|34C4244E-5CE0-4D5D-AD85-60E97FDDD80A|76|35|35|22|1|2017
E3CDC578-37BA-4CDB-B150-DAB0409270CD|2F1D0FF2-D63F-42EC-B26C-728328BD2D2E|D0F7EC32-EA25-7D32-8708-2CC132446|37D3223A-547E-4BA9-BD0C-28F6187BB5D4|C143978A-E021-4015-BC67-5A00D6C910D1|34C4244E-5CE0-4D5D-AD85-60E97FDDD80A|34|36|36|23|1|2017
E3CDC578-37BA-4CDB-B150-DAB0409270CD|6B6E166D-6F1C-4594-AC6F-220CC73C569A|D0F7EC32-EA25-7D32-8708-2CC132446|37D3223A-547E-4BA9-BD0C-28F6187BB5D4|C143978A-E021-4015-BC67-5A00D6C910D1|34C4244E-5CE0-4D5D-AD85-60E97FDDD80A|78|37|37|24|1|2017
E3CDC578-37BA-4CDB-B150-DAB0409270CD|3F6F8ACF-477F-4E93-9099-524272131150|D0F7EC32-EA25-7D32-8708-2CC132446|37D3223A-547E-4BA9-BD0C-28F6187BB5D4|C143978A-E021-4015-BC67-5A00D6C910D1|34C4244E-5CE0-4D5D-AD85-60E97FDDD80A|67|38|38|25|1|2017
E3CDC578-37BA-4CDB-B150-DAB0409270CD|CEAECA2A-D0DE-4E78-B663-2C2265C56E5A|D0F7EC32-EA25-7D32-8708-2CC132446|37D3223A-547E-4BA9-BD0C-28F6187BB5D4|C143978A-E021-4015-BC67-5A00D6C910D1|34C4244E-5CE0-4D5D-AD85-60E97FDDD80A|89|39|39|26|1|2017
E3CDC578-37BA-4CDB-B150-DAB0409270CD|7193EB96-25D8-4FC0-AA1F-F76B0695AB1D|D0F7EC32-EA25-7D32-8708-2CC132446|37D3223A-547E-4BA9-BD0C-28F6187BB5D4|C143978A-E021-4015-BC67-5A00D6C910D1|34C4244E-5CE0-4D5D-AD85-60E97FDDD80A|65|40|40|14|1|2017
E3CDC578-37BA-4CDB-B150-DAB0409270CD|9BDEB2F2-AE2F-4D41-95A7-075FE76077C9|D0F7EC32-EA25-7D32-8708-2CC132446|37D3223A-547E-4BA9-BD0C-28F6187BB5D4|C143978A-E021-4015-BC67-5A00D6C910D1|34C4244E-5CE0-4D5D-AD85-60E97FDDD80A|65|41|41|15|1|2017
E3CDC578-37BA-4CDB-B150-DAB0409270CD|40CC3205-3CE2-4FB3-9331-5AC66B8FAA3D|D0F7EC32-EA25-7D32-8708-2CC132446|37D3223A-547E-4BA9-BD0C-28F6187BB5D4|C143978A-E021-4015-BC67-5A00D6C910D1|34C4244E-5CE0-4D5D-AD85-60E97FDDD80A|56|42|42|16|1|2017
E3CDC578-37BA-4CDB-B150-DAB0409270CD|0B19CA51-195B-4FF1-9BC0-2B75DA47A5B2|D0F7EC32-EA25-7D32-8708-2CC132446|37D3223A-547E-4BA9-BD0C-28F6187BB5D4|C143978A-E021-4015-BC67-5A00D6C910D1|34C4244E-5CE0-4D5D-AD85-60E97FDDD80A|67|43|43|17|1|2017
E3CDC578-37BA-4CDB-B150-DAB0409270CD|745823C6-C558-45D0-A477-B963799C8F28|D0F7EC32-EA25-7D32-8708-2CC132446|37D3223A-547E-4BA9-BD0C-28F6187BB5D4|C143978A-E021-4015-BC67-5A00D6C910D1|34C4244E-5CE0-4D5D-AD85-60E97FDDD80A|87|44|44|18|1|2017
E3CDC578-37BA-4CDB-B150-DAB0409270CD|9D3BEDC0-924F-434C-8CFE-4EF4EE2323C9|D0F7EC32-EA25-7D32-8708-2CC132446|37D3223A-547E-4BA9-BD0C-28F6187BB5D4|C143978A-E021-4015-BC67-5A00D6C910D1|34C4244E-5CE0-4D5D-AD85-60E97FDDD80A|76|45|45|19|1|2017
E3CDC578-37BA-4CDB-B150-DAB0409270CD|4F218688-6DE5-4E69-8690-66FBA2F0DC9F|66027e51-b1ad-4b10-8250-63af64d23323|37D3223A-547E-4BA9-BD0C-28F6187BB5D4|C143978A-E021-4015-BC67-5A00D6C910D1|34C4244E-5CE0-4D5D-AD85-60E97FDDD80A|56|13|13|13|1|2017
E3CDC578-37BA-4CDB-B150-DAB0409270CD|A195BAF6-D6E7-43A5-B7C9-D6C627A42815|66027e51-b1ad-4b10-8250-63af64d23323|37D3223A-547E-4BA9-BD0C-28F6187BB5D4|C143978A-E021-4015-BC67-5A00D6C910D1|34C4244E-5CE0-4D5D-AD85-60E97FDDD80A|54|14|14|14|1|2017
E3CDC578-37BA-4CDB-B150-DAB0409270CD|8A1B5BDB-9589-4207-8345-A811FC18B2C9|66027e51-b1ad-4b10-8250-63af64d23323|37D3223A-547E-4BA9-BD0C-28F6187BB5D4|C143978A-E021-4015-BC67-5A00D6C910D1|34C4244E-5CE0-4D5D-AD85-60E97FDDD80A|58|15|15|15|1|2017
E3CDC578-37BA-4CDB-B150-DAB0409270CD|D28063C0-F2B8-4A47-9817-19656004C279|66027e51-b1ad-4b10-8250-63af64d23323|37D3223A-547E-4BA9-BD0C-28F6187BB5D4|C143978A-E021-4015-BC67-5A00D6C910D1|34C4244E-5CE0-4D5D-AD85-60E97FDDD80A|60|16|16|16|1|2017
E3CDC578-37BA-4CDB-B150-DAB0409270CD|C72A3B1C-A13C-462C-BDB7-AFDEFF5F2DA8|66027e51-b1ad-4b10-8250-63af64d23323|37D3223A-547E-4BA9-BD0C-28F6187BB5D4|C143978A-E021-4015-BC67-5A00D6C910D1|34C4244E-5CE0-4D5D-AD85-60E97FDDD80A|63|17|17|17|1|2017
E3CDC578-37BA-4CDB-B150-DAB0409270CD|9F22612B-A69B-41D3-8819-F71420D6DF2F|66027e51-b1ad-4b10-8250-63af64d23323|37D3223A-547E-4BA9-BD0C-28F6187BB5D4|C143978A-E021-4015-BC67-5A00D6C910D1|34C4244E-5CE0-4D5D-AD85-60E97FDDD80A|66|18|18|18|1|2017
E3CDC578-37BA-4CDB-B150-DAB0409270CD|E4CBA165-C6EE-4B1D-ADC8-C327B77B6B13|66027e51-b1ad-4b10-8250-63af64d23323|37D3223A-547E-4BA9-BD0C-28F6187BB5D4|C143978A-E021-4015-BC67-5A00D6C910D1|34C4244E-5CE0-4D5D-AD85-60E97FDDD80A|77|19|19|19|1|2017
E3CDC578-37BA-4CDB-B150-DAB0409270CD|F26BC70F-FDDC-4383-A8D9-E0E5457834D9|66027e51-b1ad-4b10-8250-63af64d23323|37D3223A-547E-4BA9-BD0C-28F6187BB5D4|C143978A-E021-4015-BC67-5A00D6C910D1|34C4244E-5CE0-4D5D-AD85-60E97FDDD80A|56|20|20|20|1|2017
E3CDC578-37BA-4CDB-B150-DAB0409270CD|BDBD35C0-F0A5-46F8-AFFF-5F2BBC182C25|66027e51-b1ad-4b10-8250-63af64d23323|37D3223A-547E-4BA9-BD0C-28F6187BB5D4|C143978A-E021-4015-BC67-5A00D6C910D1|34C4244E-5CE0-4D5D-AD85-60E97FDDD80A|55|21|21|21|1|2017
E3CDC578-37BA-4CDB-B150-DAB0409270CD|31638728-0D17-4D23-B876-FF238D90B7F9|66027e51-b1ad-4b10-8250-63af64d23323|37D3223A-547E-4BA9-BD0C-28F6187BB5D4|C143978A-E021-4015-BC67-5A00D6C910D1|34C4244E-5CE0-4D5D-AD85-60E97FDDD80A|67|22|22|22|1|2017
E3CDC578-37BA-4CDB-B150-DAB0409270CD|172EE44D-088A-4766-A021-690628406CB9|66027e51-b1ad-4b10-8250-63af64d23323|37D3223A-547E-4BA9-BD0C-28F6187BB5D4|C143978A-E021-4015-BC67-5A00D6C910D1|34C4244E-5CE0-4D5D-AD85-60E97FDDD80A|56|23|23|23|1|2017
E3CDC578-37BA-4CDB-B150-DAB0409270CD|582A7D9B-1159-40C5-B8EF-21173770BFA3|66027e51-b1ad-4b10-8250-63af64d23323|37D3223A-547E-4BA9-BD0C-28F6187BB5D4|C143978A-E021-4015-BC67-5A00D6C910D1|34C4244E-5CE0-4D5D-AD85-60E97FDDD80A|82|24|24|24|1|2017
E3CDC578-37BA-4CDB-B150-DAB0409270CD|777CE711-981A-4613-AAA3-99E1140E90E9|66027e51-b1ad-4b10-8250-63af64d23323|37D3223A-547E-4BA9-BD0C-28F6187BB5D4|C143978A-E021-4015-BC67-5A00D6C910D1|34C4244E-5CE0-4D5D-AD85-60E97FDDD80A|96|25|25|25|1|2017
E3CDC578-37BA-4CDB-B150-DAB0409270CD|289A87A1-3936-4012-9487-7B5598F672C9|66027e51-b1ad-4b10-8250-63af64d23323|37D3223A-547E-4BA9-BD0C-28F6187BB5D4|C143978A-E021-4015-BC67-5A00D6C910D1|34C4244E-5CE0-4D5D-AD85-60E97FDDD80A|94|26|26|26|1|2017
E3CDC578-37BA-4CDB-B150-DAB0409270CD|F07D8FE7-DA87-40EB-A294-D06BDAC8F438|66027e51-b1ad-4b10-8250-63af64d23323|37D3223A-547E-4BA9-BD0C-28F6187BB5D4|C143978A-E021-4015-BC67-5A00D6C910D1|34C4244E-5CE0-4D5D-AD85-60E97FDDD80A|88|27|27|14|1|2017
E3CDC578-37BA-4CDB-B150-DAB0409270CD|A2678067-A7A3-4D10-A30C-C3789B180A70|66027e51-b1ad-4b10-8250-63af64d23323|37D3223A-547E-4BA9-BD0C-28F6187BB5D4|C143978A-E021-4015-BC67-5A00D6C910D1|34C4244E-5CE0-4D5D-AD85-60E97FDDD80A|87|28|28|15|1|2017
E3CDC578-37BA-4CDB-B150-DAB0409270CD|2F073061-C5C3-4359-B4DE-5E17D74D6620|66027e51-b1ad-4b10-8250-63af64d23323|37D3223A-547E-4BA9-BD0C-28F6187BB5D4|C143978A-E021-4015-BC67-5A00D6C910D1|34C4244E-5CE0-4D5D-AD85-60E97FDDD80A|65|29|29|16|1|2017
E3CDC578-37BA-4CDB-B150-DAB0409270CD|539D4A11-2C5B-40BC-91A2-44998747E8AD|66027e51-b1ad-4b10-8250-63af64d23323|37D3223A-547E-4BA9-BD0C-28F6187BB5D4|C143978A-E021-4015-BC67-5A00D6C910D1|34C4244E-5CE0-4D5D-AD85-60E97FDDD80A|65|30|30|17|1|2017
E3CDC578-37BA-4CDB-B150-DAB0409270CD|EE943C52-EF11-4D6C-BEBF-CE5901394CB3|66027e51-b1ad-4b10-8250-63af64d23323|37D3223A-547E-4BA9-BD0C-28F6187BB5D4|C143978A-E021-4015-BC67-5A00D6C910D1|34C4244E-5CE0-4D5D-AD85-60E97FDDD80A|56|31|31|18|1|2017
E3CDC578-37BA-4CDB-B150-DAB0409270CD|743DB4A9-876D-4148-828D-A0CC23B736CC|66027e51-b1ad-4b10-8250-63af64d23323|37D3223A-547E-4BA9-BD0C-28F6187BB5D4|C143978A-E021-4015-BC67-5A00D6C910D1|34C4244E-5CE0-4D5D-AD85-60E97FDDD80A|45|32|32|19|1|2017
E3CDC578-37BA-4CDB-B150-DAB0409270CD|CE880C8E-C8D0-49A3-AA4A-8294F8F3F307|66027e51-b1ad-4b10-8250-63af64d23323|37D3223A-547E-4BA9-BD0C-28F6187BB5D4|C143978A-E021-4015-BC67-5A00D6C910D1|34C4244E-5CE0-4D5D-AD85-60E97FDDD80A|98|33|33|20|1|2017
E3CDC578-37BA-4CDB-B150-DAB0409270CD|20CA9579-140F-4DAB-8587-30AEAD28B04E|66027e51-b1ad-4b10-8250-63af64d23323|37D3223A-547E-4BA9-BD0C-28F6187BB5D4|C143978A-E021-4015-BC67-5A00D6C910D1|34C4244E-5CE0-4D5D-AD85-60E97FDDD80A|67|34|34|21|1|2017
E3CDC578-37BA-4CDB-B150-DAB0409270CD|505B0413-C444-4B53-99E2-BFA56F3F771A|66027e51-b1ad-4b10-8250-63af64d23323|37D3223A-547E-4BA9-BD0C-28F6187BB5D4|C143978A-E021-4015-BC67-5A00D6C910D1|34C4244E-5CE0-4D5D-AD85-60E97FDDD80A|45|35|35|22|1|2017
E3CDC578-37BA-4CDB-B150-DAB0409270CD|A48C8714-0012-4AF0-AE0F-0C3932980FC5|66027e51-b1ad-4b10-8250-63af64d23323|37D3223A-547E-4BA9-BD0C-28F6187BB5D4|C143978A-E021-4015-BC67-5A00D6C910D1|34C4244E-5CE0-4D5D-AD85-60E97FDDD80A|56|36|36|23|1|2017
E3CDC578-37BA-4CDB-B150-DAB0409270CD|3DC2A34B-008C-4C2C-BD11-262FB0DA6BB3|66027e51-b1ad-4b10-8250-63af64d23323|37D3223A-547E-4BA9-BD0C-28F6187BB5D4|C143978A-E021-4015-BC67-5A00D6C910D1|34C4244E-5CE0-4D5D-AD85-60E97FDDD80A|50|37|37|24|1|2017
E3CDC578-37BA-4CDB-B150-DAB0409270CD|5CF574B4-1464-4BEC-AD86-84639DE8EB1A|66027e51-b1ad-4b10-8250-63af64d23323|37D3223A-547E-4BA9-BD0C-28F6187BB5D4|C143978A-E021-4015-BC67-5A00D6C910D1|34C4244E-5CE0-4D5D-AD85-60E97FDDD80A|58|38|38|25|1|2017
E3CDC578-37BA-4CDB-B150-DAB0409270CD|7C3BAB0E-C09E-4238-B3C0-9FAF188A53B7|66027e51-b1ad-4b10-8250-63af64d23323|37D3223A-547E-4BA9-BD0C-28F6187BB5D4|C143978A-E021-4015-BC67-5A00D6C910D1|34C4244E-5CE0-4D5D-AD85-60E97FDDD80A|60|39|39|26|1|2017
E3CDC578-37BA-4CDB-B150-DAB0409270CD|CD23A751-4F7F-4CA4-9B98-CA509B1C9BE9|66027e51-b1ad-4b10-8250-63af64d23323|37D3223A-547E-4BA9-BD0C-28F6187BB5D4|C143978A-E021-4015-BC67-5A00D6C910D1|34C4244E-5CE0-4D5D-AD85-60E97FDDD80A|63|40|40|14|1|2017
E3CDC578-37BA-4CDB-B150-DAB0409270CD|E3AC3BF6-7832-4CFA-A684-F866CFF1EC03|66027e51-b1ad-4b10-8250-63af64d23323|37D3223A-547E-4BA9-BD0C-28F6187BB5D4|C143978A-E021-4015-BC67-5A00D6C910D1|34C4244E-5CE0-4D5D-AD85-60E97FDDD80A|66|41|41|15|1|2017
E3CDC578-37BA-4CDB-B150-DAB0409270CD|54A61629-5C00-42D7-9167-44AC3E6A1D49|66027e51-b1ad-4b10-8250-63af64d23323|37D3223A-547E-4BA9-BD0C-28F6187BB5D4|C143978A-E021-4015-BC67-5A00D6C910D1|34C4244E-5CE0-4D5D-AD85-60E97FDDD80A|77|42|42|16|1|2017
E3CDC578-37BA-4CDB-B150-DAB0409270CD|2F1D0FF2-D63F-42EC-B26C-728328BD2D2E|66027e51-b1ad-4b10-8250-63af64d23323|37D3223A-547E-4BA9-BD0C-28F6187BB5D4|C143978A-E021-4015-BC67-5A00D6C910D1|34C4244E-5CE0-4D5D-AD85-60E97FDDD80A|56|43|43|17|1|2017
E3CDC578-37BA-4CDB-B150-DAB0409270CD|6B6E166D-6F1C-4594-AC6F-220CC73C569A|66027e51-b1ad-4b10-8250-63af64d23323|37D3223A-547E-4BA9-BD0C-28F6187BB5D4|C143978A-E021-4015-BC67-5A00D6C910D1|34C4244E-5CE0-4D5D-AD85-60E97FDDD80A|55|44|44|18|1|2017
E3CDC578-37BA-4CDB-B150-DAB0409270CD|3F6F8ACF-477F-4E93-9099-524272131150|66027e51-b1ad-4b10-8250-63af64d23323|37D3223A-547E-4BA9-BD0C-28F6187BB5D4|C143978A-E021-4015-BC67-5A00D6C910D1|34C4244E-5CE0-4D5D-AD85-60E97FDDD80A|67|45|45|19|1|2017
E3CDC578-37BA-4CDB-B150-DAB0409270CD|CEAECA2A-D0DE-4E78-B663-2C2265C56E5A|66027e51-b1ad-4b10-8250-63af64d23323|37D3223A-547E-4BA9-BD0C-28F6187BB5D4|C143978A-E021-4015-BC67-5A00D6C910D1|34C4244E-5CE0-4D5D-AD85-60E97FDDD80A|56|13|13|13|1|2017
E3CDC578-37BA-4CDB-B150-DAB0409270CD|7193EB96-25D8-4FC0-AA1F-F76B0695AB1D|66027e51-b1ad-4b10-8250-63af64d23323|37D3223A-547E-4BA9-BD0C-28F6187BB5D4|C143978A-E021-4015-BC67-5A00D6C910D1|34C4244E-5CE0-4D5D-AD85-60E97FDDD80A|82|14|14|14|1|2017
E3CDC578-37BA-4CDB-B150-DAB0409270CD|9BDEB2F2-AE2F-4D41-95A7-075FE76077C9|66027e51-b1ad-4b10-8250-63af64d23323|37D3223A-547E-4BA9-BD0C-28F6187BB5D4|C143978A-E021-4015-BC67-5A00D6C910D1|34C4244E-5CE0-4D5D-AD85-60E97FDDD80A|96|15|15|15|1|2017
E3CDC578-37BA-4CDB-B150-DAB0409270CD|40CC3205-3CE2-4FB3-9331-5AC66B8FAA3D|66027e51-b1ad-4b10-8250-63af64d23323|37D3223A-547E-4BA9-BD0C-28F6187BB5D4|C143978A-E021-4015-BC67-5A00D6C910D1|34C4244E-5CE0-4D5D-AD85-60E97FDDD80A|94|16|16|16|1|2017
E3CDC578-37BA-4CDB-B150-DAB0409270CD|0B19CA51-195B-4FF1-9BC0-2B75DA47A5B2|66027e51-b1ad-4b10-8250-63af64d23323|37D3223A-547E-4BA9-BD0C-28F6187BB5D4|C143978A-E021-4015-BC67-5A00D6C910D1|34C4244E-5CE0-4D5D-AD85-60E97FDDD80A|88|17|17|17|1|2017
E3CDC578-37BA-4CDB-B150-DAB0409270CD|745823C6-C558-45D0-A477-B963799C8F28|66027e51-b1ad-4b10-8250-63af64d23323|37D3223A-547E-4BA9-BD0C-28F6187BB5D4|C143978A-E021-4015-BC67-5A00D6C910D1|34C4244E-5CE0-4D5D-AD85-60E97FDDD80A|87|18|18|18|1|2017
E3CDC578-37BA-4CDB-B150-DAB0409270CD|9D3BEDC0-924F-434C-8CFE-4EF4EE2323C9|66027e51-b1ad-4b10-8250-63af64d23323|37D3223A-547E-4BA9-BD0C-28F6187BB5D4|C143978A-E021-4015-BC67-5A00D6C910D1|34C4244E-5CE0-4D5D-AD85-60E97FDDD80A|65|19|19|19|1|2017
E3CDC578-37BA-4CDB-B150-DAB0409270CD|4F218688-6DE5-4E69-8690-66FBA2F0DC9F|4f59580d-1a16-4669-9ed5-4b89615d6903|37D3223A-547E-4BA9-BD0C-28F6187BB5D4|C143978A-E021-4015-BC67-5A00D6C910D1|34C4244E-5CE0-4D5D-AD85-60E97FDDD80A|65|20|20|20|1|2017
E3CDC578-37BA-4CDB-B150-DAB0409270CD|A195BAF6-D6E7-43A5-B7C9-D6C627A42815|4f59580d-1a16-4669-9ed5-4b89615d6903|37D3223A-547E-4BA9-BD0C-28F6187BB5D4|C143978A-E021-4015-BC67-5A00D6C910D1|34C4244E-5CE0-4D5D-AD85-60E97FDDD80A|56|21|21|21|1|2017
E3CDC578-37BA-4CDB-B150-DAB0409270CD|8A1B5BDB-9589-4207-8345-A811FC18B2C9|4f59580d-1a16-4669-9ed5-4b89615d6903|37D3223A-547E-4BA9-BD0C-28F6187BB5D4|C143978A-E021-4015-BC67-5A00D6C910D1|34C4244E-5CE0-4D5D-AD85-60E97FDDD80A|45|22|22|22|1|2017
E3CDC578-37BA-4CDB-B150-DAB0409270CD|D28063C0-F2B8-4A47-9817-19656004C279|4f59580d-1a16-4669-9ed5-4b89615d6903|37D3223A-547E-4BA9-BD0C-28F6187BB5D4|C143978A-E021-4015-BC67-5A00D6C910D1|34C4244E-5CE0-4D5D-AD85-60E97FDDD80A|98|23|23|23|1|2017
E3CDC578-37BA-4CDB-B150-DAB0409270CD|C72A3B1C-A13C-462C-BDB7-AFDEFF5F2DA8|4f59580d-1a16-4669-9ed5-4b89615d6903|37D3223A-547E-4BA9-BD0C-28F6187BB5D4|C143978A-E021-4015-BC67-5A00D6C910D1|34C4244E-5CE0-4D5D-AD85-60E97FDDD80A|67|24|24|24|1|2017
E3CDC578-37BA-4CDB-B150-DAB0409270CD|9F22612B-A69B-41D3-8819-F71420D6DF2F|4f59580d-1a16-4669-9ed5-4b89615d6903|37D3223A-547E-4BA9-BD0C-28F6187BB5D4|C143978A-E021-4015-BC67-5A00D6C910D1|34C4244E-5CE0-4D5D-AD85-60E97FDDD80A|45|25|25|25|1|2017
E3CDC578-37BA-4CDB-B150-DAB0409270CD|E4CBA165-C6EE-4B1D-ADC8-C327B77B6B13|4f59580d-1a16-4669-9ed5-4b89615d6903|37D3223A-547E-4BA9-BD0C-28F6187BB5D4|C143978A-E021-4015-BC67-5A00D6C910D1|34C4244E-5CE0-4D5D-AD85-60E97FDDD80A|56|26|26|26|1|2017
E3CDC578-37BA-4CDB-B150-DAB0409270CD|F26BC70F-FDDC-4383-A8D9-E0E5457834D9|4f59580d-1a16-4669-9ed5-4b89615d6903|37D3223A-547E-4BA9-BD0C-28F6187BB5D4|C143978A-E021-4015-BC67-5A00D6C910D1|34C4244E-5CE0-4D5D-AD85-60E97FDDD80A|50|27|27|14|1|2017
E3CDC578-37BA-4CDB-B150-DAB0409270CD|BDBD35C0-F0A5-46F8-AFFF-5F2BBC182C25|4f59580d-1a16-4669-9ed5-4b89615d6903|37D3223A-547E-4BA9-BD0C-28F6187BB5D4|C143978A-E021-4015-BC67-5A00D6C910D1|34C4244E-5CE0-4D5D-AD85-60E97FDDD80A|58|28|28|15|1|2017
E3CDC578-37BA-4CDB-B150-DAB0409270CD|31638728-0D17-4D23-B876-FF238D90B7F9|4f59580d-1a16-4669-9ed5-4b89615d6903|37D3223A-547E-4BA9-BD0C-28F6187BB5D4|C143978A-E021-4015-BC67-5A00D6C910D1|34C4244E-5CE0-4D5D-AD85-60E97FDDD80A|60|29|29|16|1|2017
E3CDC578-37BA-4CDB-B150-DAB0409270CD|172EE44D-088A-4766-A021-690628406CB9|4f59580d-1a16-4669-9ed5-4b89615d6903|37D3223A-547E-4BA9-BD0C-28F6187BB5D4|C143978A-E021-4015-BC67-5A00D6C910D1|34C4244E-5CE0-4D5D-AD85-60E97FDDD80A|63|30|30|17|1|2017
E3CDC578-37BA-4CDB-B150-DAB0409270CD|582A7D9B-1159-40C5-B8EF-21173770BFA3|4f59580d-1a16-4669-9ed5-4b89615d6903|37D3223A-547E-4BA9-BD0C-28F6187BB5D4|C143978A-E021-4015-BC67-5A00D6C910D1|34C4244E-5CE0-4D5D-AD85-60E97FDDD80A|67|31|31|18|1|2017
E3CDC578-37BA-4CDB-B150-DAB0409270CD|777CE711-981A-4613-AAA3-99E1140E90E9|4f59580d-1a16-4669-9ed5-4b89615d6903|37D3223A-547E-4BA9-BD0C-28F6187BB5D4|C143978A-E021-4015-BC67-5A00D6C910D1|34C4244E-5CE0-4D5D-AD85-60E97FDDD80A|45|32|32|19|1|2017
E3CDC578-37BA-4CDB-B150-DAB0409270CD|289A87A1-3936-4012-9487-7B5598F672C9|4f59580d-1a16-4669-9ed5-4b89615d6903|37D3223A-547E-4BA9-BD0C-28F6187BB5D4|C143978A-E021-4015-BC67-5A00D6C910D1|34C4244E-5CE0-4D5D-AD85-60E97FDDD80A|56|33|33|20|1|2017
E3CDC578-37BA-4CDB-B150-DAB0409270CD|F07D8FE7-DA87-40EB-A294-D06BDAC8F438|4f59580d-1a16-4669-9ed5-4b89615d6903|37D3223A-547E-4BA9-BD0C-28F6187BB5D4|C143978A-E021-4015-BC67-5A00D6C910D1|34C4244E-5CE0-4D5D-AD85-60E97FDDD80A|50|34|34|21|1|2017
E3CDC578-37BA-4CDB-B150-DAB0409270CD|A2678067-A7A3-4D10-A30C-C3789B180A70|4f59580d-1a16-4669-9ed5-4b89615d6903|37D3223A-547E-4BA9-BD0C-28F6187BB5D4|C143978A-E021-4015-BC67-5A00D6C910D1|34C4244E-5CE0-4D5D-AD85-60E97FDDD80A|58|35|35|22|1|2017
E3CDC578-37BA-4CDB-B150-DAB0409270CD|2F073061-C5C3-4359-B4DE-5E17D74D6620|4f59580d-1a16-4669-9ed5-4b89615d6903|37D3223A-547E-4BA9-BD0C-28F6187BB5D4|C143978A-E021-4015-BC67-5A00D6C910D1|34C4244E-5CE0-4D5D-AD85-60E97FDDD80A|60|36|36|23|1|2017
E3CDC578-37BA-4CDB-B150-DAB0409270CD|539D4A11-2C5B-40BC-91A2-44998747E8AD|4f59580d-1a16-4669-9ed5-4b89615d6903|37D3223A-547E-4BA9-BD0C-28F6187BB5D4|C143978A-E021-4015-BC67-5A00D6C910D1|34C4244E-5CE0-4D5D-AD85-60E97FDDD80A|63|37|37|24|1|2017
E3CDC578-37BA-4CDB-B150-DAB0409270CD|EE943C52-EF11-4D6C-BEBF-CE5901394CB3|4f59580d-1a16-4669-9ed5-4b89615d6903|37D3223A-547E-4BA9-BD0C-28F6187BB5D4|C143978A-E021-4015-BC67-5A00D6C910D1|34C4244E-5CE0-4D5D-AD85-60E97FDDD80A|76|38|38|25|1|2017
E3CDC578-37BA-4CDB-B150-DAB0409270CD|743DB4A9-876D-4148-828D-A0CC23B736CC|4f59580d-1a16-4669-9ed5-4b89615d6903|37D3223A-547E-4BA9-BD0C-28F6187BB5D4|C143978A-E021-4015-BC67-5A00D6C910D1|34C4244E-5CE0-4D5D-AD85-60E97FDDD80A|56|39|39|26|1|2017
E3CDC578-37BA-4CDB-B150-DAB0409270CD|CE880C8E-C8D0-49A3-AA4A-8294F8F3F307|4f59580d-1a16-4669-9ed5-4b89615d6903|37D3223A-547E-4BA9-BD0C-28F6187BB5D4|C143978A-E021-4015-BC67-5A00D6C910D1|34C4244E-5CE0-4D5D-AD85-60E97FDDD80A|82|40|40|14|1|2017
E3CDC578-37BA-4CDB-B150-DAB0409270CD|20CA9579-140F-4DAB-8587-30AEAD28B04E|4f59580d-1a16-4669-9ed5-4b89615d6903|37D3223A-547E-4BA9-BD0C-28F6187BB5D4|C143978A-E021-4015-BC67-5A00D6C910D1|34C4244E-5CE0-4D5D-AD85-60E97FDDD80A|46|41|41|15|1|2017
E3CDC578-37BA-4CDB-B150-DAB0409270CD|505B0413-C444-4B53-99E2-BFA56F3F771A|4f59580d-1a16-4669-9ed5-4b89615d6903|37D3223A-547E-4BA9-BD0C-28F6187BB5D4|C143978A-E021-4015-BC67-5A00D6C910D1|34C4244E-5CE0-4D5D-AD85-60E97FDDD80A|50|42|42|16|1|2017
E3CDC578-37BA-4CDB-B150-DAB0409270CD|A48C8714-0012-4AF0-AE0F-0C3932980FC5|4f59580d-1a16-4669-9ed5-4b89615d6903|37D3223A-547E-4BA9-BD0C-28F6187BB5D4|C143978A-E021-4015-BC67-5A00D6C910D1|34C4244E-5CE0-4D5D-AD85-60E97FDDD80A|23|43|43|17|1|2017
E3CDC578-37BA-4CDB-B150-DAB0409270CD|3DC2A34B-008C-4C2C-BD11-262FB0DA6BB3|4f59580d-1a16-4669-9ed5-4b89615d6903|37D3223A-547E-4BA9-BD0C-28F6187BB5D4|C143978A-E021-4015-BC67-5A00D6C910D1|34C4244E-5CE0-4D5D-AD85-60E97FDDD80A|34|44|44|18|1|2017
E3CDC578-37BA-4CDB-B150-DAB0409270CD|5CF574B4-1464-4BEC-AD86-84639DE8EB1A|4f59580d-1a16-4669-9ed5-4b89615d6903|37D3223A-547E-4BA9-BD0C-28F6187BB5D4|C143978A-E021-4015-BC67-5A00D6C910D1|34C4244E-5CE0-4D5D-AD85-60E97FDDD80A|45|45|45|19|1|2017
E3CDC578-37BA-4CDB-B150-DAB0409270CD|7C3BAB0E-C09E-4238-B3C0-9FAF188A53B7|4f59580d-1a16-4669-9ed5-4b89615d6903|37D3223A-547E-4BA9-BD0C-28F6187BB5D4|C143978A-E021-4015-BC67-5A00D6C910D1|34C4244E-5CE0-4D5D-AD85-60E97FDDD80A|56|13|13|13|1|2017
E3CDC578-37BA-4CDB-B150-DAB0409270CD|CD23A751-4F7F-4CA4-9B98-CA509B1C9BE9|4f59580d-1a16-4669-9ed5-4b89615d6903|37D3223A-547E-4BA9-BD0C-28F6187BB5D4|C143978A-E021-4015-BC67-5A00D6C910D1|34C4244E-5CE0-4D5D-AD85-60E97FDDD80A|76|14|14|14|1|2017
E3CDC578-37BA-4CDB-B150-DAB0409270CD|E3AC3BF6-7832-4CFA-A684-F866CFF1EC03|4f59580d-1a16-4669-9ed5-4b89615d6903|37D3223A-547E-4BA9-BD0C-28F6187BB5D4|C143978A-E021-4015-BC67-5A00D6C910D1|34C4244E-5CE0-4D5D-AD85-60E97FDDD80A|34|15|15|15|1|2017
E3CDC578-37BA-4CDB-B150-DAB0409270CD|54A61629-5C00-42D7-9167-44AC3E6A1D49|4f59580d-1a16-4669-9ed5-4b89615d6903|37D3223A-547E-4BA9-BD0C-28F6187BB5D4|C143978A-E021-4015-BC67-5A00D6C910D1|34C4244E-5CE0-4D5D-AD85-60E97FDDD80A|78|16|16|16|1|2017
E3CDC578-37BA-4CDB-B150-DAB0409270CD|2F1D0FF2-D63F-42EC-B26C-728328BD2D2E|4f59580d-1a16-4669-9ed5-4b89615d6903|37D3223A-547E-4BA9-BD0C-28F6187BB5D4|C143978A-E021-4015-BC67-5A00D6C910D1|34C4244E-5CE0-4D5D-AD85-60E97FDDD80A|67|17|17|17|1|2017
E3CDC578-37BA-4CDB-B150-DAB0409270CD|6B6E166D-6F1C-4594-AC6F-220CC73C569A|4f59580d-1a16-4669-9ed5-4b89615d6903|37D3223A-547E-4BA9-BD0C-28F6187BB5D4|C143978A-E021-4015-BC67-5A00D6C910D1|34C4244E-5CE0-4D5D-AD85-60E97FDDD80A|89|18|18|18|1|2017
E3CDC578-37BA-4CDB-B150-DAB0409270CD|3F6F8ACF-477F-4E93-9099-524272131150|4f59580d-1a16-4669-9ed5-4b89615d6903|37D3223A-547E-4BA9-BD0C-28F6187BB5D4|C143978A-E021-4015-BC67-5A00D6C910D1|34C4244E-5CE0-4D5D-AD85-60E97FDDD80A|65|19|19|19|1|2017
E3CDC578-37BA-4CDB-B150-DAB0409270CD|CEAECA2A-D0DE-4E78-B663-2C2265C56E5A|4f59580d-1a16-4669-9ed5-4b89615d6903|37D3223A-547E-4BA9-BD0C-28F6187BB5D4|C143978A-E021-4015-BC67-5A00D6C910D1|34C4244E-5CE0-4D5D-AD85-60E97FDDD80A|65|20|20|20|1|2017
E3CDC578-37BA-4CDB-B150-DAB0409270CD|7193EB96-25D8-4FC0-AA1F-F76B0695AB1D|4f59580d-1a16-4669-9ed5-4b89615d6903|37D3223A-547E-4BA9-BD0C-28F6187BB5D4|C143978A-E021-4015-BC67-5A00D6C910D1|34C4244E-5CE0-4D5D-AD85-60E97FDDD80A|56|21|21|21|1|2017
E3CDC578-37BA-4CDB-B150-DAB0409270CD|9BDEB2F2-AE2F-4D41-95A7-075FE76077C9|4f59580d-1a16-4669-9ed5-4b89615d6903|37D3223A-547E-4BA9-BD0C-28F6187BB5D4|C143978A-E021-4015-BC67-5A00D6C910D1|34C4244E-5CE0-4D5D-AD85-60E97FDDD80A|67|22|22|22|1|2017
E3CDC578-37BA-4CDB-B150-DAB0409270CD|40CC3205-3CE2-4FB3-9331-5AC66B8FAA3D|4f59580d-1a16-4669-9ed5-4b89615d6903|37D3223A-547E-4BA9-BD0C-28F6187BB5D4|C143978A-E021-4015-BC67-5A00D6C910D1|34C4244E-5CE0-4D5D-AD85-60E97FDDD80A|87|23|23|23|1|2017
E3CDC578-37BA-4CDB-B150-DAB0409270CD|0B19CA51-195B-4FF1-9BC0-2B75DA47A5B2|4f59580d-1a16-4669-9ed5-4b89615d6903|37D3223A-547E-4BA9-BD0C-28F6187BB5D4|C143978A-E021-4015-BC67-5A00D6C910D1|34C4244E-5CE0-4D5D-AD85-60E97FDDD80A|76|24|24|24|1|2017
E3CDC578-37BA-4CDB-B150-DAB0409270CD|745823C6-C558-45D0-A477-B963799C8F28|4f59580d-1a16-4669-9ed5-4b89615d6903|37D3223A-547E-4BA9-BD0C-28F6187BB5D4|C143978A-E021-4015-BC67-5A00D6C910D1|34C4244E-5CE0-4D5D-AD85-60E97FDDD80A|56|25|25|25|1|2017
E3CDC578-37BA-4CDB-B150-DAB0409270CD|9D3BEDC0-924F-434C-8CFE-4EF4EE2323C9|4f59580d-1a16-4669-9ed5-4b89615d6903|37D3223A-547E-4BA9-BD0C-28F6187BB5D4|C143978A-E021-4015-BC67-5A00D6C910D1|34C4244E-5CE0-4D5D-AD85-60E97FDDD80A|54|26|26|26|1|2017
E3CDC578-37BA-4CDB-B150-DAB0409270CD|4F218688-6DE5-4E69-8690-66FBA2F0DC9F|552c0a24-6038-440f-add5-2dadfb9a23bd|37D3223A-547E-4BA9-BD0C-28F6187BB5D4|C143978A-E021-4015-BC67-5A00D6C910D1|34C4244E-5CE0-4D5D-AD85-60E97FDDD80A|58|27|27|14|1|2017
E3CDC578-37BA-4CDB-B150-DAB0409270CD|A195BAF6-D6E7-43A5-B7C9-D6C627A42815|552c0a24-6038-440f-add5-2dadfb9a23bd|37D3223A-547E-4BA9-BD0C-28F6187BB5D4|C143978A-E021-4015-BC67-5A00D6C910D1|34C4244E-5CE0-4D5D-AD85-60E97FDDD80A|60|28|28|15|1|2017
E3CDC578-37BA-4CDB-B150-DAB0409270CD|8A1B5BDB-9589-4207-8345-A811FC18B2C9|552c0a24-6038-440f-add5-2dadfb9a23bd|37D3223A-547E-4BA9-BD0C-28F6187BB5D4|C143978A-E021-4015-BC67-5A00D6C910D1|34C4244E-5CE0-4D5D-AD85-60E97FDDD80A|63|29|29|16|1|2017
E3CDC578-37BA-4CDB-B150-DAB0409270CD|D28063C0-F2B8-4A47-9817-19656004C279|552c0a24-6038-440f-add5-2dadfb9a23bd|37D3223A-547E-4BA9-BD0C-28F6187BB5D4|C143978A-E021-4015-BC67-5A00D6C910D1|34C4244E-5CE0-4D5D-AD85-60E97FDDD80A|66|30|30|17|1|2017
E3CDC578-37BA-4CDB-B150-DAB0409270CD|C72A3B1C-A13C-462C-BDB7-AFDEFF5F2DA8|552c0a24-6038-440f-add5-2dadfb9a23bd|37D3223A-547E-4BA9-BD0C-28F6187BB5D4|C143978A-E021-4015-BC67-5A00D6C910D1|34C4244E-5CE0-4D5D-AD85-60E97FDDD80A|77|31|31|18|1|2017
E3CDC578-37BA-4CDB-B150-DAB0409270CD|9F22612B-A69B-41D3-8819-F71420D6DF2F|552c0a24-6038-440f-add5-2dadfb9a23bd|37D3223A-547E-4BA9-BD0C-28F6187BB5D4|C143978A-E021-4015-BC67-5A00D6C910D1|34C4244E-5CE0-4D5D-AD85-60E97FDDD80A|56|32|32|19|1|2017
E3CDC578-37BA-4CDB-B150-DAB0409270CD|E4CBA165-C6EE-4B1D-ADC8-C327B77B6B13|552c0a24-6038-440f-add5-2dadfb9a23bd|37D3223A-547E-4BA9-BD0C-28F6187BB5D4|C143978A-E021-4015-BC67-5A00D6C910D1|34C4244E-5CE0-4D5D-AD85-60E97FDDD80A|55|33|33|20|1|2017
E3CDC578-37BA-4CDB-B150-DAB0409270CD|F26BC70F-FDDC-4383-A8D9-E0E5457834D9|552c0a24-6038-440f-add5-2dadfb9a23bd|37D3223A-547E-4BA9-BD0C-28F6187BB5D4|C143978A-E021-4015-BC67-5A00D6C910D1|34C4244E-5CE0-4D5D-AD85-60E97FDDD80A|67|34|34|21|1|2017
E3CDC578-37BA-4CDB-B150-DAB0409270CD|BDBD35C0-F0A5-46F8-AFFF-5F2BBC182C25|552c0a24-6038-440f-add5-2dadfb9a23bd|37D3223A-547E-4BA9-BD0C-28F6187BB5D4|C143978A-E021-4015-BC67-5A00D6C910D1|34C4244E-5CE0-4D5D-AD85-60E97FDDD80A|56|35|35|22|1|2017
E3CDC578-37BA-4CDB-B150-DAB0409270CD|31638728-0D17-4D23-B876-FF238D90B7F9|552c0a24-6038-440f-add5-2dadfb9a23bd|37D3223A-547E-4BA9-BD0C-28F6187BB5D4|C143978A-E021-4015-BC67-5A00D6C910D1|34C4244E-5CE0-4D5D-AD85-60E97FDDD80A|82|36|36|23|1|2017
E3CDC578-37BA-4CDB-B150-DAB0409270CD|172EE44D-088A-4766-A021-690628406CB9|552c0a24-6038-440f-add5-2dadfb9a23bd|37D3223A-547E-4BA9-BD0C-28F6187BB5D4|C143978A-E021-4015-BC67-5A00D6C910D1|34C4244E-5CE0-4D5D-AD85-60E97FDDD80A|96|37|37|24|1|2017
E3CDC578-37BA-4CDB-B150-DAB0409270CD|582A7D9B-1159-40C5-B8EF-21173770BFA3|552c0a24-6038-440f-add5-2dadfb9a23bd|37D3223A-547E-4BA9-BD0C-28F6187BB5D4|C143978A-E021-4015-BC67-5A00D6C910D1|34C4244E-5CE0-4D5D-AD85-60E97FDDD80A|94|38|38|25|1|2017
E3CDC578-37BA-4CDB-B150-DAB0409270CD|777CE711-981A-4613-AAA3-99E1140E90E9|552c0a24-6038-440f-add5-2dadfb9a23bd|37D3223A-547E-4BA9-BD0C-28F6187BB5D4|C143978A-E021-4015-BC67-5A00D6C910D1|34C4244E-5CE0-4D5D-AD85-60E97FDDD80A|88|39|39|26|1|2017
E3CDC578-37BA-4CDB-B150-DAB0409270CD|289A87A1-3936-4012-9487-7B5598F672C9|552c0a24-6038-440f-add5-2dadfb9a23bd|37D3223A-547E-4BA9-BD0C-28F6187BB5D4|C143978A-E021-4015-BC67-5A00D6C910D1|34C4244E-5CE0-4D5D-AD85-60E97FDDD80A|87|40|40|14|1|2017
E3CDC578-37BA-4CDB-B150-DAB0409270CD|F07D8FE7-DA87-40EB-A294-D06BDAC8F438|552c0a24-6038-440f-add5-2dadfb9a23bd|37D3223A-547E-4BA9-BD0C-28F6187BB5D4|C143978A-E021-4015-BC67-5A00D6C910D1|34C4244E-5CE0-4D5D-AD85-60E97FDDD80A|65|41|41|15|1|2017
E3CDC578-37BA-4CDB-B150-DAB0409270CD|A2678067-A7A3-4D10-A30C-C3789B180A70|552c0a24-6038-440f-add5-2dadfb9a23bd|37D3223A-547E-4BA9-BD0C-28F6187BB5D4|C143978A-E021-4015-BC67-5A00D6C910D1|34C4244E-5CE0-4D5D-AD85-60E97FDDD80A|65|42|42|16|1|2017
E3CDC578-37BA-4CDB-B150-DAB0409270CD|2F073061-C5C3-4359-B4DE-5E17D74D6620|552c0a24-6038-440f-add5-2dadfb9a23bd|37D3223A-547E-4BA9-BD0C-28F6187BB5D4|C143978A-E021-4015-BC67-5A00D6C910D1|34C4244E-5CE0-4D5D-AD85-60E97FDDD80A|56|43|43|17|1|2017
E3CDC578-37BA-4CDB-B150-DAB0409270CD|539D4A11-2C5B-40BC-91A2-44998747E8AD|552c0a24-6038-440f-add5-2dadfb9a23bd|37D3223A-547E-4BA9-BD0C-28F6187BB5D4|C143978A-E021-4015-BC67-5A00D6C910D1|34C4244E-5CE0-4D5D-AD85-60E97FDDD80A|45|44|44|18|1|2017
E3CDC578-37BA-4CDB-B150-DAB0409270CD|EE943C52-EF11-4D6C-BEBF-CE5901394CB3|552c0a24-6038-440f-add5-2dadfb9a23bd|37D3223A-547E-4BA9-BD0C-28F6187BB5D4|C143978A-E021-4015-BC67-5A00D6C910D1|34C4244E-5CE0-4D5D-AD85-60E97FDDD80A|98|45|45|19|1|2017
E3CDC578-37BA-4CDB-B150-DAB0409270CD|743DB4A9-876D-4148-828D-A0CC23B736CC|552c0a24-6038-440f-add5-2dadfb9a23bd|37D3223A-547E-4BA9-BD0C-28F6187BB5D4|C143978A-E021-4015-BC67-5A00D6C910D1|34C4244E-5CE0-4D5D-AD85-60E97FDDD80A|67|13|13|13|1|2017
E3CDC578-37BA-4CDB-B150-DAB0409270CD|CE880C8E-C8D0-49A3-AA4A-8294F8F3F307|552c0a24-6038-440f-add5-2dadfb9a23bd|37D3223A-547E-4BA9-BD0C-28F6187BB5D4|C143978A-E021-4015-BC67-5A00D6C910D1|34C4244E-5CE0-4D5D-AD85-60E97FDDD80A|45|14|14|14|1|2017
E3CDC578-37BA-4CDB-B150-DAB0409270CD|20CA9579-140F-4DAB-8587-30AEAD28B04E|552c0a24-6038-440f-add5-2dadfb9a23bd|37D3223A-547E-4BA9-BD0C-28F6187BB5D4|C143978A-E021-4015-BC67-5A00D6C910D1|34C4244E-5CE0-4D5D-AD85-60E97FDDD80A|56|15|15|15|1|2017
E3CDC578-37BA-4CDB-B150-DAB0409270CD|505B0413-C444-4B53-99E2-BFA56F3F771A|552c0a24-6038-440f-add5-2dadfb9a23bd|37D3223A-547E-4BA9-BD0C-28F6187BB5D4|C143978A-E021-4015-BC67-5A00D6C910D1|34C4244E-5CE0-4D5D-AD85-60E97FDDD80A|50|16|16|16|1|2017
E3CDC578-37BA-4CDB-B150-DAB0409270CD|A48C8714-0012-4AF0-AE0F-0C3932980FC5|552c0a24-6038-440f-add5-2dadfb9a23bd|37D3223A-547E-4BA9-BD0C-28F6187BB5D4|C143978A-E021-4015-BC67-5A00D6C910D1|34C4244E-5CE0-4D5D-AD85-60E97FDDD80A|58|17|17|17|1|2017
E3CDC578-37BA-4CDB-B150-DAB0409270CD|3DC2A34B-008C-4C2C-BD11-262FB0DA6BB3|552c0a24-6038-440f-add5-2dadfb9a23bd|37D3223A-547E-4BA9-BD0C-28F6187BB5D4|C143978A-E021-4015-BC67-5A00D6C910D1|34C4244E-5CE0-4D5D-AD85-60E97FDDD80A|60|18|18|18|1|2017
E3CDC578-37BA-4CDB-B150-DAB0409270CD|5CF574B4-1464-4BEC-AD86-84639DE8EB1A|552c0a24-6038-440f-add5-2dadfb9a23bd|37D3223A-547E-4BA9-BD0C-28F6187BB5D4|C143978A-E021-4015-BC67-5A00D6C910D1|34C4244E-5CE0-4D5D-AD85-60E97FDDD80A|63|19|19|19|1|2017
E3CDC578-37BA-4CDB-B150-DAB0409270CD|7C3BAB0E-C09E-4238-B3C0-9FAF188A53B7|552c0a24-6038-440f-add5-2dadfb9a23bd|37D3223A-547E-4BA9-BD0C-28F6187BB5D4|C143978A-E021-4015-BC67-5A00D6C910D1|34C4244E-5CE0-4D5D-AD85-60E97FDDD80A|66|20|20|20|1|2017
E3CDC578-37BA-4CDB-B150-DAB0409270CD|CD23A751-4F7F-4CA4-9B98-CA509B1C9BE9|552c0a24-6038-440f-add5-2dadfb9a23bd|37D3223A-547E-4BA9-BD0C-28F6187BB5D4|C143978A-E021-4015-BC67-5A00D6C910D1|34C4244E-5CE0-4D5D-AD85-60E97FDDD80A|77|21|21|21|1|2017
E3CDC578-37BA-4CDB-B150-DAB0409270CD|E3AC3BF6-7832-4CFA-A684-F866CFF1EC03|552c0a24-6038-440f-add5-2dadfb9a23bd|37D3223A-547E-4BA9-BD0C-28F6187BB5D4|C143978A-E021-4015-BC67-5A00D6C910D1|34C4244E-5CE0-4D5D-AD85-60E97FDDD80A|56|22|22|22|1|2017
E3CDC578-37BA-4CDB-B150-DAB0409270CD|54A61629-5C00-42D7-9167-44AC3E6A1D49|552c0a24-6038-440f-add5-2dadfb9a23bd|37D3223A-547E-4BA9-BD0C-28F6187BB5D4|C143978A-E021-4015-BC67-5A00D6C910D1|34C4244E-5CE0-4D5D-AD85-60E97FDDD80A|55|23|23|23|1|2017
E3CDC578-37BA-4CDB-B150-DAB0409270CD|2F1D0FF2-D63F-42EC-B26C-728328BD2D2E|552c0a24-6038-440f-add5-2dadfb9a23bd|37D3223A-547E-4BA9-BD0C-28F6187BB5D4|C143978A-E021-4015-BC67-5A00D6C910D1|34C4244E-5CE0-4D5D-AD85-60E97FDDD80A|67|24|24|24|1|2017
E3CDC578-37BA-4CDB-B150-DAB0409270CD|6B6E166D-6F1C-4594-AC6F-220CC73C569A|552c0a24-6038-440f-add5-2dadfb9a23bd|37D3223A-547E-4BA9-BD0C-28F6187BB5D4|C143978A-E021-4015-BC67-5A00D6C910D1|34C4244E-5CE0-4D5D-AD85-60E97FDDD80A|56|25|25|25|1|2017
E3CDC578-37BA-4CDB-B150-DAB0409270CD|3F6F8ACF-477F-4E93-9099-524272131150|552c0a24-6038-440f-add5-2dadfb9a23bd|37D3223A-547E-4BA9-BD0C-28F6187BB5D4|C143978A-E021-4015-BC67-5A00D6C910D1|34C4244E-5CE0-4D5D-AD85-60E97FDDD80A|82|26|26|26|1|2017
E3CDC578-37BA-4CDB-B150-DAB0409270CD|CEAECA2A-D0DE-4E78-B663-2C2265C56E5A|552c0a24-6038-440f-add5-2dadfb9a23bd|37D3223A-547E-4BA9-BD0C-28F6187BB5D4|C143978A-E021-4015-BC67-5A00D6C910D1|34C4244E-5CE0-4D5D-AD85-60E97FDDD80A|96|27|27|14|1|2017
E3CDC578-37BA-4CDB-B150-DAB0409270CD|7193EB96-25D8-4FC0-AA1F-F76B0695AB1D|552c0a24-6038-440f-add5-2dadfb9a23bd|37D3223A-547E-4BA9-BD0C-28F6187BB5D4|C143978A-E021-4015-BC67-5A00D6C910D1|34C4244E-5CE0-4D5D-AD85-60E97FDDD80A|94|28|28|15|1|2017
E3CDC578-37BA-4CDB-B150-DAB0409270CD|9BDEB2F2-AE2F-4D41-95A7-075FE76077C9|552c0a24-6038-440f-add5-2dadfb9a23bd|37D3223A-547E-4BA9-BD0C-28F6187BB5D4|C143978A-E021-4015-BC67-5A00D6C910D1|34C4244E-5CE0-4D5D-AD85-60E97FDDD80A|88|29|29|16|1|2017
E3CDC578-37BA-4CDB-B150-DAB0409270CD|40CC3205-3CE2-4FB3-9331-5AC66B8FAA3D|552c0a24-6038-440f-add5-2dadfb9a23bd|37D3223A-547E-4BA9-BD0C-28F6187BB5D4|C143978A-E021-4015-BC67-5A00D6C910D1|34C4244E-5CE0-4D5D-AD85-60E97FDDD80A|87|30|30|17|1|2017
E3CDC578-37BA-4CDB-B150-DAB0409270CD|0B19CA51-195B-4FF1-9BC0-2B75DA47A5B2|552c0a24-6038-440f-add5-2dadfb9a23bd|37D3223A-547E-4BA9-BD0C-28F6187BB5D4|C143978A-E021-4015-BC67-5A00D6C910D1|34C4244E-5CE0-4D5D-AD85-60E97FDDD80A|65|31|31|18|1|2017
E3CDC578-37BA-4CDB-B150-DAB0409270CD|745823C6-C558-45D0-A477-B963799C8F28|552c0a24-6038-440f-add5-2dadfb9a23bd|37D3223A-547E-4BA9-BD0C-28F6187BB5D4|C143978A-E021-4015-BC67-5A00D6C910D1|34C4244E-5CE0-4D5D-AD85-60E97FDDD80A|65|32|32|19|1|2017
E3CDC578-37BA-4CDB-B150-DAB0409270CD|9D3BEDC0-924F-434C-8CFE-4EF4EE2323C9|552c0a24-6038-440f-add5-2dadfb9a23bd|37D3223A-547E-4BA9-BD0C-28F6187BB5D4|C143978A-E021-4015-BC67-5A00D6C910D1|34C4244E-5CE0-4D5D-AD85-60E97FDDD80A|56|33|33|20|1|2017
E3CDC578-37BA-4CDB-B150-DAB0409270CD|4F218688-6DE5-4E69-8690-66FBA2F0DC9F|44f23b3c-e066-4b45-931c-0e8073d3a93a|37D3223A-547E-4BA9-BD0C-28F6187BB5D4|C143978A-E021-4015-BC67-5A00D6C910D1|34C4244E-5CE0-4D5D-AD85-60E97FDDD80A|45|34|34|21|1|2017
E3CDC578-37BA-4CDB-B150-DAB0409270CD|A195BAF6-D6E7-43A5-B7C9-D6C627A42815|44f23b3c-e066-4b45-931c-0e8073d3a93a|37D3223A-547E-4BA9-BD0C-28F6187BB5D4|C143978A-E021-4015-BC67-5A00D6C910D1|34C4244E-5CE0-4D5D-AD85-60E97FDDD80A|98|35|35|22|1|2017
E3CDC578-37BA-4CDB-B150-DAB0409270CD|8A1B5BDB-9589-4207-8345-A811FC18B2C9|44f23b3c-e066-4b45-931c-0e8073d3a93a|37D3223A-547E-4BA9-BD0C-28F6187BB5D4|C143978A-E021-4015-BC67-5A00D6C910D1|34C4244E-5CE0-4D5D-AD85-60E97FDDD80A|67|36|36|23|1|2017
E3CDC578-37BA-4CDB-B150-DAB0409270CD|D28063C0-F2B8-4A47-9817-19656004C279|44f23b3c-e066-4b45-931c-0e8073d3a93a|37D3223A-547E-4BA9-BD0C-28F6187BB5D4|C143978A-E021-4015-BC67-5A00D6C910D1|34C4244E-5CE0-4D5D-AD85-60E97FDDD80A|45|37|37|24|1|2017
E3CDC578-37BA-4CDB-B150-DAB0409270CD|C72A3B1C-A13C-462C-BDB7-AFDEFF5F2DA8|44f23b3c-e066-4b45-931c-0e8073d3a93a|37D3223A-547E-4BA9-BD0C-28F6187BB5D4|C143978A-E021-4015-BC67-5A00D6C910D1|34C4244E-5CE0-4D5D-AD85-60E97FDDD80A|56|38|38|25|1|2017
E3CDC578-37BA-4CDB-B150-DAB0409270CD|9F22612B-A69B-41D3-8819-F71420D6DF2F|44f23b3c-e066-4b45-931c-0e8073d3a93a|37D3223A-547E-4BA9-BD0C-28F6187BB5D4|C143978A-E021-4015-BC67-5A00D6C910D1|34C4244E-5CE0-4D5D-AD85-60E97FDDD80A|50|39|39|26|1|2017
E3CDC578-37BA-4CDB-B150-DAB0409270CD|E4CBA165-C6EE-4B1D-ADC8-C327B77B6B13|44f23b3c-e066-4b45-931c-0e8073d3a93a|37D3223A-547E-4BA9-BD0C-28F6187BB5D4|C143978A-E021-4015-BC67-5A00D6C910D1|34C4244E-5CE0-4D5D-AD85-60E97FDDD80A|58|40|40|14|1|2017
E3CDC578-37BA-4CDB-B150-DAB0409270CD|F26BC70F-FDDC-4383-A8D9-E0E5457834D9|44f23b3c-e066-4b45-931c-0e8073d3a93a|37D3223A-547E-4BA9-BD0C-28F6187BB5D4|C143978A-E021-4015-BC67-5A00D6C910D1|34C4244E-5CE0-4D5D-AD85-60E97FDDD80A|60|41|41|15|1|2017
E3CDC578-37BA-4CDB-B150-DAB0409270CD|BDBD35C0-F0A5-46F8-AFFF-5F2BBC182C25|44f23b3c-e066-4b45-931c-0e8073d3a93a|37D3223A-547E-4BA9-BD0C-28F6187BB5D4|C143978A-E021-4015-BC67-5A00D6C910D1|34C4244E-5CE0-4D5D-AD85-60E97FDDD80A|63|42|42|16|1|2017
E3CDC578-37BA-4CDB-B150-DAB0409270CD|31638728-0D17-4D23-B876-FF238D90B7F9|44f23b3c-e066-4b45-931c-0e8073d3a93a|37D3223A-547E-4BA9-BD0C-28F6187BB5D4|C143978A-E021-4015-BC67-5A00D6C910D1|34C4244E-5CE0-4D5D-AD85-60E97FDDD80A|67|43|43|17|1|2017
E3CDC578-37BA-4CDB-B150-DAB0409270CD|172EE44D-088A-4766-A021-690628406CB9|44f23b3c-e066-4b45-931c-0e8073d3a93a|37D3223A-547E-4BA9-BD0C-28F6187BB5D4|C143978A-E021-4015-BC67-5A00D6C910D1|34C4244E-5CE0-4D5D-AD85-60E97FDDD80A|45|44|44|18|1|2017
E3CDC578-37BA-4CDB-B150-DAB0409270CD|582A7D9B-1159-40C5-B8EF-21173770BFA3|44f23b3c-e066-4b45-931c-0e8073d3a93a|37D3223A-547E-4BA9-BD0C-28F6187BB5D4|C143978A-E021-4015-BC67-5A00D6C910D1|34C4244E-5CE0-4D5D-AD85-60E97FDDD80A|56|45|45|19|1|2017
E3CDC578-37BA-4CDB-B150-DAB0409270CD|777CE711-981A-4613-AAA3-99E1140E90E9|44f23b3c-e066-4b45-931c-0e8073d3a93a|37D3223A-547E-4BA9-BD0C-28F6187BB5D4|C143978A-E021-4015-BC67-5A00D6C910D1|34C4244E-5CE0-4D5D-AD85-60E97FDDD80A|50|13|13|13|1|2017
E3CDC578-37BA-4CDB-B150-DAB0409270CD|289A87A1-3936-4012-9487-7B5598F672C9|44f23b3c-e066-4b45-931c-0e8073d3a93a|37D3223A-547E-4BA9-BD0C-28F6187BB5D4|C143978A-E021-4015-BC67-5A00D6C910D1|34C4244E-5CE0-4D5D-AD85-60E97FDDD80A|58|14|14|14|1|2017
E3CDC578-37BA-4CDB-B150-DAB0409270CD|F07D8FE7-DA87-40EB-A294-D06BDAC8F438|44f23b3c-e066-4b45-931c-0e8073d3a93a|37D3223A-547E-4BA9-BD0C-28F6187BB5D4|C143978A-E021-4015-BC67-5A00D6C910D1|34C4244E-5CE0-4D5D-AD85-60E97FDDD80A|60|15|15|15|1|2017
E3CDC578-37BA-4CDB-B150-DAB0409270CD|A2678067-A7A3-4D10-A30C-C3789B180A70|44f23b3c-e066-4b45-931c-0e8073d3a93a|37D3223A-547E-4BA9-BD0C-28F6187BB5D4|C143978A-E021-4015-BC67-5A00D6C910D1|34C4244E-5CE0-4D5D-AD85-60E97FDDD80A|63|16|16|16|1|2017
E3CDC578-37BA-4CDB-B150-DAB0409270CD|2F073061-C5C3-4359-B4DE-5E17D74D6620|44f23b3c-e066-4b45-931c-0e8073d3a93a|37D3223A-547E-4BA9-BD0C-28F6187BB5D4|C143978A-E021-4015-BC67-5A00D6C910D1|34C4244E-5CE0-4D5D-AD85-60E97FDDD80A|76|17|17|17|1|2017
E3CDC578-37BA-4CDB-B150-DAB0409270CD|539D4A11-2C5B-40BC-91A2-44998747E8AD|44f23b3c-e066-4b45-931c-0e8073d3a93a|37D3223A-547E-4BA9-BD0C-28F6187BB5D4|C143978A-E021-4015-BC67-5A00D6C910D1|34C4244E-5CE0-4D5D-AD85-60E97FDDD80A|56|18|18|18|1|2017
E3CDC578-37BA-4CDB-B150-DAB0409270CD|EE943C52-EF11-4D6C-BEBF-CE5901394CB3|44f23b3c-e066-4b45-931c-0e8073d3a93a|37D3223A-547E-4BA9-BD0C-28F6187BB5D4|C143978A-E021-4015-BC67-5A00D6C910D1|34C4244E-5CE0-4D5D-AD85-60E97FDDD80A|82|19|19|19|1|2017
E3CDC578-37BA-4CDB-B150-DAB0409270CD|743DB4A9-876D-4148-828D-A0CC23B736CC|44f23b3c-e066-4b45-931c-0e8073d3a93a|37D3223A-547E-4BA9-BD0C-28F6187BB5D4|C143978A-E021-4015-BC67-5A00D6C910D1|34C4244E-5CE0-4D5D-AD85-60E97FDDD80A|46|20|20|20|1|2017
E3CDC578-37BA-4CDB-B150-DAB0409270CD|CE880C8E-C8D0-49A3-AA4A-8294F8F3F307|44f23b3c-e066-4b45-931c-0e8073d3a93a|37D3223A-547E-4BA9-BD0C-28F6187BB5D4|C143978A-E021-4015-BC67-5A00D6C910D1|34C4244E-5CE0-4D5D-AD85-60E97FDDD80A|50|21|21|21|1|2017
E3CDC578-37BA-4CDB-B150-DAB0409270CD|20CA9579-140F-4DAB-8587-30AEAD28B04E|44f23b3c-e066-4b45-931c-0e8073d3a93a|37D3223A-547E-4BA9-BD0C-28F6187BB5D4|C143978A-E021-4015-BC67-5A00D6C910D1|34C4244E-5CE0-4D5D-AD85-60E97FDDD80A|23|22|22|22|1|2017
E3CDC578-37BA-4CDB-B150-DAB0409270CD|505B0413-C444-4B53-99E2-BFA56F3F771A|44f23b3c-e066-4b45-931c-0e8073d3a93a|37D3223A-547E-4BA9-BD0C-28F6187BB5D4|C143978A-E021-4015-BC67-5A00D6C910D1|34C4244E-5CE0-4D5D-AD85-60E97FDDD80A|34|23|23|23|1|2017
E3CDC578-37BA-4CDB-B150-DAB0409270CD|A48C8714-0012-4AF0-AE0F-0C3932980FC5|44f23b3c-e066-4b45-931c-0e8073d3a93a|37D3223A-547E-4BA9-BD0C-28F6187BB5D4|C143978A-E021-4015-BC67-5A00D6C910D1|34C4244E-5CE0-4D5D-AD85-60E97FDDD80A|45|24|24|24|1|2017
E3CDC578-37BA-4CDB-B150-DAB0409270CD|3DC2A34B-008C-4C2C-BD11-262FB0DA6BB3|44f23b3c-e066-4b45-931c-0e8073d3a93a|37D3223A-547E-4BA9-BD0C-28F6187BB5D4|C143978A-E021-4015-BC67-5A00D6C910D1|34C4244E-5CE0-4D5D-AD85-60E97FDDD80A|56|25|25|25|1|2017
E3CDC578-37BA-4CDB-B150-DAB0409270CD|5CF574B4-1464-4BEC-AD86-84639DE8EB1A|44f23b3c-e066-4b45-931c-0e8073d3a93a|37D3223A-547E-4BA9-BD0C-28F6187BB5D4|C143978A-E021-4015-BC67-5A00D6C910D1|34C4244E-5CE0-4D5D-AD85-60E97FDDD80A|76|26|26|26|1|2017
E3CDC578-37BA-4CDB-B150-DAB0409270CD|7C3BAB0E-C09E-4238-B3C0-9FAF188A53B7|44f23b3c-e066-4b45-931c-0e8073d3a93a|37D3223A-547E-4BA9-BD0C-28F6187BB5D4|C143978A-E021-4015-BC67-5A00D6C910D1|34C4244E-5CE0-4D5D-AD85-60E97FDDD80A|34|27|27|14|1|2017
E3CDC578-37BA-4CDB-B150-DAB0409270CD|CD23A751-4F7F-4CA4-9B98-CA509B1C9BE9|44f23b3c-e066-4b45-931c-0e8073d3a93a|37D3223A-547E-4BA9-BD0C-28F6187BB5D4|C143978A-E021-4015-BC67-5A00D6C910D1|34C4244E-5CE0-4D5D-AD85-60E97FDDD80A|78|28|28|15|1|2017
E3CDC578-37BA-4CDB-B150-DAB0409270CD|E3AC3BF6-7832-4CFA-A684-F866CFF1EC03|44f23b3c-e066-4b45-931c-0e8073d3a93a|37D3223A-547E-4BA9-BD0C-28F6187BB5D4|C143978A-E021-4015-BC67-5A00D6C910D1|34C4244E-5CE0-4D5D-AD85-60E97FDDD80A|67|29|29|16|1|2017
E3CDC578-37BA-4CDB-B150-DAB0409270CD|54A61629-5C00-42D7-9167-44AC3E6A1D49|44f23b3c-e066-4b45-931c-0e8073d3a93a|37D3223A-547E-4BA9-BD0C-28F6187BB5D4|C143978A-E021-4015-BC67-5A00D6C910D1|34C4244E-5CE0-4D5D-AD85-60E97FDDD80A|89|30|30|17|1|2017
E3CDC578-37BA-4CDB-B150-DAB0409270CD|2F1D0FF2-D63F-42EC-B26C-728328BD2D2E|44f23b3c-e066-4b45-931c-0e8073d3a93a|37D3223A-547E-4BA9-BD0C-28F6187BB5D4|C143978A-E021-4015-BC67-5A00D6C910D1|34C4244E-5CE0-4D5D-AD85-60E97FDDD80A|65|31|31|18|1|2017
E3CDC578-37BA-4CDB-B150-DAB0409270CD|6B6E166D-6F1C-4594-AC6F-220CC73C569A|44f23b3c-e066-4b45-931c-0e8073d3a93a|37D3223A-547E-4BA9-BD0C-28F6187BB5D4|C143978A-E021-4015-BC67-5A00D6C910D1|34C4244E-5CE0-4D5D-AD85-60E97FDDD80A|65|32|32|19|1|2017
E3CDC578-37BA-4CDB-B150-DAB0409270CD|3F6F8ACF-477F-4E93-9099-524272131150|44f23b3c-e066-4b45-931c-0e8073d3a93a|37D3223A-547E-4BA9-BD0C-28F6187BB5D4|C143978A-E021-4015-BC67-5A00D6C910D1|34C4244E-5CE0-4D5D-AD85-60E97FDDD80A|56|33|33|20|1|2017
E3CDC578-37BA-4CDB-B150-DAB0409270CD|CEAECA2A-D0DE-4E78-B663-2C2265C56E5A|44f23b3c-e066-4b45-931c-0e8073d3a93a|37D3223A-547E-4BA9-BD0C-28F6187BB5D4|C143978A-E021-4015-BC67-5A00D6C910D1|34C4244E-5CE0-4D5D-AD85-60E97FDDD80A|67|34|34|21|1|2017
E3CDC578-37BA-4CDB-B150-DAB0409270CD|7193EB96-25D8-4FC0-AA1F-F76B0695AB1D|44f23b3c-e066-4b45-931c-0e8073d3a93a|37D3223A-547E-4BA9-BD0C-28F6187BB5D4|C143978A-E021-4015-BC67-5A00D6C910D1|34C4244E-5CE0-4D5D-AD85-60E97FDDD80A|87|35|35|22|1|2017
E3CDC578-37BA-4CDB-B150-DAB0409270CD|9BDEB2F2-AE2F-4D41-95A7-075FE76077C9|44f23b3c-e066-4b45-931c-0e8073d3a93a|37D3223A-547E-4BA9-BD0C-28F6187BB5D4|C143978A-E021-4015-BC67-5A00D6C910D1|34C4244E-5CE0-4D5D-AD85-60E97FDDD80A|76|36|36|23|1|2017
E3CDC578-37BA-4CDB-B150-DAB0409270CD|40CC3205-3CE2-4FB3-9331-5AC66B8FAA3D|44f23b3c-e066-4b45-931c-0e8073d3a93a|37D3223A-547E-4BA9-BD0C-28F6187BB5D4|C143978A-E021-4015-BC67-5A00D6C910D1|34C4244E-5CE0-4D5D-AD85-60E97FDDD80A|56|37|37|24|1|2017
E3CDC578-37BA-4CDB-B150-DAB0409270CD|0B19CA51-195B-4FF1-9BC0-2B75DA47A5B2|44f23b3c-e066-4b45-931c-0e8073d3a93a|37D3223A-547E-4BA9-BD0C-28F6187BB5D4|C143978A-E021-4015-BC67-5A00D6C910D1|34C4244E-5CE0-4D5D-AD85-60E97FDDD80A|54|38|38|25|1|2017
E3CDC578-37BA-4CDB-B150-DAB0409270CD|745823C6-C558-45D0-A477-B963799C8F28|44f23b3c-e066-4b45-931c-0e8073d3a93a|37D3223A-547E-4BA9-BD0C-28F6187BB5D4|C143978A-E021-4015-BC67-5A00D6C910D1|34C4244E-5CE0-4D5D-AD85-60E97FDDD80A|58|39|39|26|1|2017
E3CDC578-37BA-4CDB-B150-DAB0409270CD|9D3BEDC0-924F-434C-8CFE-4EF4EE2323C9|44f23b3c-e066-4b45-931c-0e8073d3a93a|37D3223A-547E-4BA9-BD0C-28F6187BB5D4|C143978A-E021-4015-BC67-5A00D6C910D1|34C4244E-5CE0-4D5D-AD85-60E97FDDD80A|60|40|40|14|1|2017
E3CDC578-37BA-4CDB-B150-DAB0409270CD|4F218688-6DE5-4E69-8690-66FBA2F0DC9F|de0c86be-9bcb-4d3b-8098-b06687536c1f|37D3223A-547E-4BA9-BD0C-28F6187BB5D4|C143978A-E021-4015-BC67-5A00D6C910D1|34C4244E-5CE0-4D5D-AD85-60E97FDDD80A|63|41|41|15|1|2017
E3CDC578-37BA-4CDB-B150-DAB0409270CD|A195BAF6-D6E7-43A5-B7C9-D6C627A42815|de0c86be-9bcb-4d3b-8098-b06687536c1f|37D3223A-547E-4BA9-BD0C-28F6187BB5D4|C143978A-E021-4015-BC67-5A00D6C910D1|34C4244E-5CE0-4D5D-AD85-60E97FDDD80A|66|42|42|16|1|2017
E3CDC578-37BA-4CDB-B150-DAB0409270CD|8A1B5BDB-9589-4207-8345-A811FC18B2C9|de0c86be-9bcb-4d3b-8098-b06687536c1f|37D3223A-547E-4BA9-BD0C-28F6187BB5D4|C143978A-E021-4015-BC67-5A00D6C910D1|34C4244E-5CE0-4D5D-AD85-60E97FDDD80A|77|43|43|17|1|2017
E3CDC578-37BA-4CDB-B150-DAB0409270CD|D28063C0-F2B8-4A47-9817-19656004C279|de0c86be-9bcb-4d3b-8098-b06687536c1f|37D3223A-547E-4BA9-BD0C-28F6187BB5D4|C143978A-E021-4015-BC67-5A00D6C910D1|34C4244E-5CE0-4D5D-AD85-60E97FDDD80A|56|44|44|18|1|2017
E3CDC578-37BA-4CDB-B150-DAB0409270CD|C72A3B1C-A13C-462C-BDB7-AFDEFF5F2DA8|de0c86be-9bcb-4d3b-8098-b06687536c1f|37D3223A-547E-4BA9-BD0C-28F6187BB5D4|C143978A-E021-4015-BC67-5A00D6C910D1|34C4244E-5CE0-4D5D-AD85-60E97FDDD80A|55|45|45|19|1|2017
E3CDC578-37BA-4CDB-B150-DAB0409270CD|9F22612B-A69B-41D3-8819-F71420D6DF2F|de0c86be-9bcb-4d3b-8098-b06687536c1f|37D3223A-547E-4BA9-BD0C-28F6187BB5D4|C143978A-E021-4015-BC67-5A00D6C910D1|34C4244E-5CE0-4D5D-AD85-60E97FDDD80A|67|13|13|13|1|2017
E3CDC578-37BA-4CDB-B150-DAB0409270CD|E4CBA165-C6EE-4B1D-ADC8-C327B77B6B13|de0c86be-9bcb-4d3b-8098-b06687536c1f|37D3223A-547E-4BA9-BD0C-28F6187BB5D4|C143978A-E021-4015-BC67-5A00D6C910D1|34C4244E-5CE0-4D5D-AD85-60E97FDDD80A|56|14|14|14|1|2017
E3CDC578-37BA-4CDB-B150-DAB0409270CD|F26BC70F-FDDC-4383-A8D9-E0E5457834D9|de0c86be-9bcb-4d3b-8098-b06687536c1f|37D3223A-547E-4BA9-BD0C-28F6187BB5D4|C143978A-E021-4015-BC67-5A00D6C910D1|34C4244E-5CE0-4D5D-AD85-60E97FDDD80A|82|15|15|15|1|2017
E3CDC578-37BA-4CDB-B150-DAB0409270CD|BDBD35C0-F0A5-46F8-AFFF-5F2BBC182C25|de0c86be-9bcb-4d3b-8098-b06687536c1f|37D3223A-547E-4BA9-BD0C-28F6187BB5D4|C143978A-E021-4015-BC67-5A00D6C910D1|34C4244E-5CE0-4D5D-AD85-60E97FDDD80A|96|16|16|16|1|2017
E3CDC578-37BA-4CDB-B150-DAB0409270CD|31638728-0D17-4D23-B876-FF238D90B7F9|de0c86be-9bcb-4d3b-8098-b06687536c1f|37D3223A-547E-4BA9-BD0C-28F6187BB5D4|C143978A-E021-4015-BC67-5A00D6C910D1|34C4244E-5CE0-4D5D-AD85-60E97FDDD80A|94|17|17|17|1|2017
E3CDC578-37BA-4CDB-B150-DAB0409270CD|172EE44D-088A-4766-A021-690628406CB9|de0c86be-9bcb-4d3b-8098-b06687536c1f|37D3223A-547E-4BA9-BD0C-28F6187BB5D4|C143978A-E021-4015-BC67-5A00D6C910D1|34C4244E-5CE0-4D5D-AD85-60E97FDDD80A|88|18|18|18|1|2017
E3CDC578-37BA-4CDB-B150-DAB0409270CD|582A7D9B-1159-40C5-B8EF-21173770BFA3|de0c86be-9bcb-4d3b-8098-b06687536c1f|37D3223A-547E-4BA9-BD0C-28F6187BB5D4|C143978A-E021-4015-BC67-5A00D6C910D1|34C4244E-5CE0-4D5D-AD85-60E97FDDD80A|87|19|19|19|1|2017
E3CDC578-37BA-4CDB-B150-DAB0409270CD|777CE711-981A-4613-AAA3-99E1140E90E9|de0c86be-9bcb-4d3b-8098-b06687536c1f|37D3223A-547E-4BA9-BD0C-28F6187BB5D4|C143978A-E021-4015-BC67-5A00D6C910D1|34C4244E-5CE0-4D5D-AD85-60E97FDDD80A|65|20|20|20|1|2017
E3CDC578-37BA-4CDB-B150-DAB0409270CD|289A87A1-3936-4012-9487-7B5598F672C9|de0c86be-9bcb-4d3b-8098-b06687536c1f|37D3223A-547E-4BA9-BD0C-28F6187BB5D4|C143978A-E021-4015-BC67-5A00D6C910D1|34C4244E-5CE0-4D5D-AD85-60E97FDDD80A|65|21|21|21|1|2017
E3CDC578-37BA-4CDB-B150-DAB0409270CD|F07D8FE7-DA87-40EB-A294-D06BDAC8F438|de0c86be-9bcb-4d3b-8098-b06687536c1f|37D3223A-547E-4BA9-BD0C-28F6187BB5D4|C143978A-E021-4015-BC67-5A00D6C910D1|34C4244E-5CE0-4D5D-AD85-60E97FDDD80A|56|22|22|22|1|2017
E3CDC578-37BA-4CDB-B150-DAB0409270CD|A2678067-A7A3-4D10-A30C-C3789B180A70|de0c86be-9bcb-4d3b-8098-b06687536c1f|37D3223A-547E-4BA9-BD0C-28F6187BB5D4|C143978A-E021-4015-BC67-5A00D6C910D1|34C4244E-5CE0-4D5D-AD85-60E97FDDD80A|45|23|23|23|1|2017
E3CDC578-37BA-4CDB-B150-DAB0409270CD|2F073061-C5C3-4359-B4DE-5E17D74D6620|de0c86be-9bcb-4d3b-8098-b06687536c1f|37D3223A-547E-4BA9-BD0C-28F6187BB5D4|C143978A-E021-4015-BC67-5A00D6C910D1|34C4244E-5CE0-4D5D-AD85-60E97FDDD80A|98|24|24|24|1|2017
E3CDC578-37BA-4CDB-B150-DAB0409270CD|539D4A11-2C5B-40BC-91A2-44998747E8AD|de0c86be-9bcb-4d3b-8098-b06687536c1f|37D3223A-547E-4BA9-BD0C-28F6187BB5D4|C143978A-E021-4015-BC67-5A00D6C910D1|34C4244E-5CE0-4D5D-AD85-60E97FDDD80A|67|25|25|25|1|2017
E3CDC578-37BA-4CDB-B150-DAB0409270CD|EE943C52-EF11-4D6C-BEBF-CE5901394CB3|de0c86be-9bcb-4d3b-8098-b06687536c1f|37D3223A-547E-4BA9-BD0C-28F6187BB5D4|C143978A-E021-4015-BC67-5A00D6C910D1|34C4244E-5CE0-4D5D-AD85-60E97FDDD80A|45|26|26|26|1|2017
E3CDC578-37BA-4CDB-B150-DAB0409270CD|743DB4A9-876D-4148-828D-A0CC23B736CC|de0c86be-9bcb-4d3b-8098-b06687536c1f|37D3223A-547E-4BA9-BD0C-28F6187BB5D4|C143978A-E021-4015-BC67-5A00D6C910D1|34C4244E-5CE0-4D5D-AD85-60E97FDDD80A|56|27|27|14|1|2017
E3CDC578-37BA-4CDB-B150-DAB0409270CD|CE880C8E-C8D0-49A3-AA4A-8294F8F3F307|de0c86be-9bcb-4d3b-8098-b06687536c1f|37D3223A-547E-4BA9-BD0C-28F6187BB5D4|C143978A-E021-4015-BC67-5A00D6C910D1|34C4244E-5CE0-4D5D-AD85-60E97FDDD80A|50|28|28|15|1|2017
E3CDC578-37BA-4CDB-B150-DAB0409270CD|20CA9579-140F-4DAB-8587-30AEAD28B04E|de0c86be-9bcb-4d3b-8098-b06687536c1f|37D3223A-547E-4BA9-BD0C-28F6187BB5D4|C143978A-E021-4015-BC67-5A00D6C910D1|34C4244E-5CE0-4D5D-AD85-60E97FDDD80A|58|29|29|16|1|2017
E3CDC578-37BA-4CDB-B150-DAB0409270CD|505B0413-C444-4B53-99E2-BFA56F3F771A|de0c86be-9bcb-4d3b-8098-b06687536c1f|37D3223A-547E-4BA9-BD0C-28F6187BB5D4|C143978A-E021-4015-BC67-5A00D6C910D1|34C4244E-5CE0-4D5D-AD85-60E97FDDD80A|60|30|30|17|1|2017
E3CDC578-37BA-4CDB-B150-DAB0409270CD|A48C8714-0012-4AF0-AE0F-0C3932980FC5|de0c86be-9bcb-4d3b-8098-b06687536c1f|37D3223A-547E-4BA9-BD0C-28F6187BB5D4|C143978A-E021-4015-BC67-5A00D6C910D1|34C4244E-5CE0-4D5D-AD85-60E97FDDD80A|63|31|31|18|1|2017
E3CDC578-37BA-4CDB-B150-DAB0409270CD|3DC2A34B-008C-4C2C-BD11-262FB0DA6BB3|de0c86be-9bcb-4d3b-8098-b06687536c1f|37D3223A-547E-4BA9-BD0C-28F6187BB5D4|C143978A-E021-4015-BC67-5A00D6C910D1|34C4244E-5CE0-4D5D-AD85-60E97FDDD80A|66|32|32|19|1|2017
E3CDC578-37BA-4CDB-B150-DAB0409270CD|5CF574B4-1464-4BEC-AD86-84639DE8EB1A|de0c86be-9bcb-4d3b-8098-b06687536c1f|37D3223A-547E-4BA9-BD0C-28F6187BB5D4|C143978A-E021-4015-BC67-5A00D6C910D1|34C4244E-5CE0-4D5D-AD85-60E97FDDD80A|77|33|33|20|1|2017
E3CDC578-37BA-4CDB-B150-DAB0409270CD|7C3BAB0E-C09E-4238-B3C0-9FAF188A53B7|de0c86be-9bcb-4d3b-8098-b06687536c1f|37D3223A-547E-4BA9-BD0C-28F6187BB5D4|C143978A-E021-4015-BC67-5A00D6C910D1|34C4244E-5CE0-4D5D-AD85-60E97FDDD80A|56|34|34|21|1|2017
E3CDC578-37BA-4CDB-B150-DAB0409270CD|CD23A751-4F7F-4CA4-9B98-CA509B1C9BE9|de0c86be-9bcb-4d3b-8098-b06687536c1f|37D3223A-547E-4BA9-BD0C-28F6187BB5D4|C143978A-E021-4015-BC67-5A00D6C910D1|34C4244E-5CE0-4D5D-AD85-60E97FDDD80A|55|35|35|22|1|2017
E3CDC578-37BA-4CDB-B150-DAB0409270CD|E3AC3BF6-7832-4CFA-A684-F866CFF1EC03|de0c86be-9bcb-4d3b-8098-b06687536c1f|37D3223A-547E-4BA9-BD0C-28F6187BB5D4|C143978A-E021-4015-BC67-5A00D6C910D1|34C4244E-5CE0-4D5D-AD85-60E97FDDD80A|67|36|36|23|1|2017
E3CDC578-37BA-4CDB-B150-DAB0409270CD|54A61629-5C00-42D7-9167-44AC3E6A1D49|de0c86be-9bcb-4d3b-8098-b06687536c1f|37D3223A-547E-4BA9-BD0C-28F6187BB5D4|C143978A-E021-4015-BC67-5A00D6C910D1|34C4244E-5CE0-4D5D-AD85-60E97FDDD80A|56|37|37|24|1|2017
E3CDC578-37BA-4CDB-B150-DAB0409270CD|2F1D0FF2-D63F-42EC-B26C-728328BD2D2E|de0c86be-9bcb-4d3b-8098-b06687536c1f|37D3223A-547E-4BA9-BD0C-28F6187BB5D4|C143978A-E021-4015-BC67-5A00D6C910D1|34C4244E-5CE0-4D5D-AD85-60E97FDDD80A|82|38|38|25|1|2017
E3CDC578-37BA-4CDB-B150-DAB0409270CD|6B6E166D-6F1C-4594-AC6F-220CC73C569A|de0c86be-9bcb-4d3b-8098-b06687536c1f|37D3223A-547E-4BA9-BD0C-28F6187BB5D4|C143978A-E021-4015-BC67-5A00D6C910D1|34C4244E-5CE0-4D5D-AD85-60E97FDDD80A|96|39|39|26|1|2017
E3CDC578-37BA-4CDB-B150-DAB0409270CD|3F6F8ACF-477F-4E93-9099-524272131150|de0c86be-9bcb-4d3b-8098-b06687536c1f|37D3223A-547E-4BA9-BD0C-28F6187BB5D4|C143978A-E021-4015-BC67-5A00D6C910D1|34C4244E-5CE0-4D5D-AD85-60E97FDDD80A|94|40|40|14|1|2017
E3CDC578-37BA-4CDB-B150-DAB0409270CD|CEAECA2A-D0DE-4E78-B663-2C2265C56E5A|de0c86be-9bcb-4d3b-8098-b06687536c1f|37D3223A-547E-4BA9-BD0C-28F6187BB5D4|C143978A-E021-4015-BC67-5A00D6C910D1|34C4244E-5CE0-4D5D-AD85-60E97FDDD80A|88|41|41|15|1|2017
E3CDC578-37BA-4CDB-B150-DAB0409270CD|7193EB96-25D8-4FC0-AA1F-F76B0695AB1D|de0c86be-9bcb-4d3b-8098-b06687536c1f|37D3223A-547E-4BA9-BD0C-28F6187BB5D4|C143978A-E021-4015-BC67-5A00D6C910D1|34C4244E-5CE0-4D5D-AD85-60E97FDDD80A|87|42|42|16|1|2017
E3CDC578-37BA-4CDB-B150-DAB0409270CD|9BDEB2F2-AE2F-4D41-95A7-075FE76077C9|de0c86be-9bcb-4d3b-8098-b06687536c1f|37D3223A-547E-4BA9-BD0C-28F6187BB5D4|C143978A-E021-4015-BC67-5A00D6C910D1|34C4244E-5CE0-4D5D-AD85-60E97FDDD80A|65|43|43|17|1|2017
E3CDC578-37BA-4CDB-B150-DAB0409270CD|40CC3205-3CE2-4FB3-9331-5AC66B8FAA3D|de0c86be-9bcb-4d3b-8098-b06687536c1f|37D3223A-547E-4BA9-BD0C-28F6187BB5D4|C143978A-E021-4015-BC67-5A00D6C910D1|34C4244E-5CE0-4D5D-AD85-60E97FDDD80A|65|44|44|18|1|2017
E3CDC578-37BA-4CDB-B150-DAB0409270CD|0B19CA51-195B-4FF1-9BC0-2B75DA47A5B2|de0c86be-9bcb-4d3b-8098-b06687536c1f|37D3223A-547E-4BA9-BD0C-28F6187BB5D4|C143978A-E021-4015-BC67-5A00D6C910D1|34C4244E-5CE0-4D5D-AD85-60E97FDDD80A|56|45|45|19|1|2017
E3CDC578-37BA-4CDB-B150-DAB0409270CD|745823C6-C558-45D0-A477-B963799C8F28|de0c86be-9bcb-4d3b-8098-b06687536c1f|37D3223A-547E-4BA9-BD0C-28F6187BB5D4|C143978A-E021-4015-BC67-5A00D6C910D1|34C4244E-5CE0-4D5D-AD85-60E97FDDD80A|45|13|13|13|1|2017
E3CDC578-37BA-4CDB-B150-DAB0409270CD|9D3BEDC0-924F-434C-8CFE-4EF4EE2323C9|de0c86be-9bcb-4d3b-8098-b06687536c1f|37D3223A-547E-4BA9-BD0C-28F6187BB5D4|C143978A-E021-4015-BC67-5A00D6C910D1|34C4244E-5CE0-4D5D-AD85-60E97FDDD80A|98|14|14|14|1|2017
E3CDC578-37BA-4CDB-B150-DAB0409270CD|4F218688-6DE5-4E69-8690-66FBA2F0DC9F|c9caf109-c27d-4062-9b9f-ac4268629e27|37D3223A-547E-4BA9-BD0C-28F6187BB5D4|C143978A-E021-4015-BC67-5A00D6C910D1|34C4244E-5CE0-4D5D-AD85-60E97FDDD80A|67|15|15|15|1|2017
E3CDC578-37BA-4CDB-B150-DAB0409270CD|A195BAF6-D6E7-43A5-B7C9-D6C627A42815|c9caf109-c27d-4062-9b9f-ac4268629e27|37D3223A-547E-4BA9-BD0C-28F6187BB5D4|C143978A-E021-4015-BC67-5A00D6C910D1|34C4244E-5CE0-4D5D-AD85-60E97FDDD80A|45|16|16|16|1|2017
E3CDC578-37BA-4CDB-B150-DAB0409270CD|8A1B5BDB-9589-4207-8345-A811FC18B2C9|c9caf109-c27d-4062-9b9f-ac4268629e27|37D3223A-547E-4BA9-BD0C-28F6187BB5D4|C143978A-E021-4015-BC67-5A00D6C910D1|34C4244E-5CE0-4D5D-AD85-60E97FDDD80A|56|17|17|17|1|2017
E3CDC578-37BA-4CDB-B150-DAB0409270CD|D28063C0-F2B8-4A47-9817-19656004C279|c9caf109-c27d-4062-9b9f-ac4268629e27|37D3223A-547E-4BA9-BD0C-28F6187BB5D4|C143978A-E021-4015-BC67-5A00D6C910D1|34C4244E-5CE0-4D5D-AD85-60E97FDDD80A|50|18|18|18|1|2017
E3CDC578-37BA-4CDB-B150-DAB0409270CD|C72A3B1C-A13C-462C-BDB7-AFDEFF5F2DA8|c9caf109-c27d-4062-9b9f-ac4268629e27|37D3223A-547E-4BA9-BD0C-28F6187BB5D4|C143978A-E021-4015-BC67-5A00D6C910D1|34C4244E-5CE0-4D5D-AD85-60E97FDDD80A|58|19|19|19|1|2017
E3CDC578-37BA-4CDB-B150-DAB0409270CD|9F22612B-A69B-41D3-8819-F71420D6DF2F|c9caf109-c27d-4062-9b9f-ac4268629e27|37D3223A-547E-4BA9-BD0C-28F6187BB5D4|C143978A-E021-4015-BC67-5A00D6C910D1|34C4244E-5CE0-4D5D-AD85-60E97FDDD80A|60|20|20|20|1|2017
E3CDC578-37BA-4CDB-B150-DAB0409270CD|E4CBA165-C6EE-4B1D-ADC8-C327B77B6B13|c9caf109-c27d-4062-9b9f-ac4268629e27|37D3223A-547E-4BA9-BD0C-28F6187BB5D4|C143978A-E021-4015-BC67-5A00D6C910D1|34C4244E-5CE0-4D5D-AD85-60E97FDDD80A|63|21|21|21|1|2017
E3CDC578-37BA-4CDB-B150-DAB0409270CD|F26BC70F-FDDC-4383-A8D9-E0E5457834D9|c9caf109-c27d-4062-9b9f-ac4268629e27|37D3223A-547E-4BA9-BD0C-28F6187BB5D4|C143978A-E021-4015-BC67-5A00D6C910D1|34C4244E-5CE0-4D5D-AD85-60E97FDDD80A|67|22|22|22|1|2017
E3CDC578-37BA-4CDB-B150-DAB0409270CD|BDBD35C0-F0A5-46F8-AFFF-5F2BBC182C25|c9caf109-c27d-4062-9b9f-ac4268629e27|37D3223A-547E-4BA9-BD0C-28F6187BB5D4|C143978A-E021-4015-BC67-5A00D6C910D1|34C4244E-5CE0-4D5D-AD85-60E97FDDD80A|45|23|23|23|1|2017
E3CDC578-37BA-4CDB-B150-DAB0409270CD|31638728-0D17-4D23-B876-FF238D90B7F9|c9caf109-c27d-4062-9b9f-ac4268629e27|37D3223A-547E-4BA9-BD0C-28F6187BB5D4|C143978A-E021-4015-BC67-5A00D6C910D1|34C4244E-5CE0-4D5D-AD85-60E97FDDD80A|56|24|24|24|1|2017
E3CDC578-37BA-4CDB-B150-DAB0409270CD|172EE44D-088A-4766-A021-690628406CB9|c9caf109-c27d-4062-9b9f-ac4268629e27|37D3223A-547E-4BA9-BD0C-28F6187BB5D4|C143978A-E021-4015-BC67-5A00D6C910D1|34C4244E-5CE0-4D5D-AD85-60E97FDDD80A|50|25|25|25|1|2017
E3CDC578-37BA-4CDB-B150-DAB0409270CD|582A7D9B-1159-40C5-B8EF-21173770BFA3|c9caf109-c27d-4062-9b9f-ac4268629e27|37D3223A-547E-4BA9-BD0C-28F6187BB5D4|C143978A-E021-4015-BC67-5A00D6C910D1|34C4244E-5CE0-4D5D-AD85-60E97FDDD80A|58|26|26|26|1|2017
E3CDC578-37BA-4CDB-B150-DAB0409270CD|777CE711-981A-4613-AAA3-99E1140E90E9|c9caf109-c27d-4062-9b9f-ac4268629e27|37D3223A-547E-4BA9-BD0C-28F6187BB5D4|C143978A-E021-4015-BC67-5A00D6C910D1|34C4244E-5CE0-4D5D-AD85-60E97FDDD80A|60|27|27|14|1|2017
E3CDC578-37BA-4CDB-B150-DAB0409270CD|289A87A1-3936-4012-9487-7B5598F672C9|c9caf109-c27d-4062-9b9f-ac4268629e27|37D3223A-547E-4BA9-BD0C-28F6187BB5D4|C143978A-E021-4015-BC67-5A00D6C910D1|34C4244E-5CE0-4D5D-AD85-60E97FDDD80A|63|28|28|15|1|2017
E3CDC578-37BA-4CDB-B150-DAB0409270CD|F07D8FE7-DA87-40EB-A294-D06BDAC8F438|c9caf109-c27d-4062-9b9f-ac4268629e27|37D3223A-547E-4BA9-BD0C-28F6187BB5D4|C143978A-E021-4015-BC67-5A00D6C910D1|34C4244E-5CE0-4D5D-AD85-60E97FDDD80A|76|29|29|16|1|2017
E3CDC578-37BA-4CDB-B150-DAB0409270CD|A2678067-A7A3-4D10-A30C-C3789B180A70|c9caf109-c27d-4062-9b9f-ac4268629e27|37D3223A-547E-4BA9-BD0C-28F6187BB5D4|C143978A-E021-4015-BC67-5A00D6C910D1|34C4244E-5CE0-4D5D-AD85-60E97FDDD80A|56|30|30|17|1|2017
E3CDC578-37BA-4CDB-B150-DAB0409270CD|2F073061-C5C3-4359-B4DE-5E17D74D6620|c9caf109-c27d-4062-9b9f-ac4268629e27|37D3223A-547E-4BA9-BD0C-28F6187BB5D4|C143978A-E021-4015-BC67-5A00D6C910D1|34C4244E-5CE0-4D5D-AD85-60E97FDDD80A|82|31|31|18|1|2017
E3CDC578-37BA-4CDB-B150-DAB0409270CD|539D4A11-2C5B-40BC-91A2-44998747E8AD|c9caf109-c27d-4062-9b9f-ac4268629e27|37D3223A-547E-4BA9-BD0C-28F6187BB5D4|C143978A-E021-4015-BC67-5A00D6C910D1|34C4244E-5CE0-4D5D-AD85-60E97FDDD80A|46|32|32|19|1|2017
E3CDC578-37BA-4CDB-B150-DAB0409270CD|EE943C52-EF11-4D6C-BEBF-CE5901394CB3|c9caf109-c27d-4062-9b9f-ac4268629e27|37D3223A-547E-4BA9-BD0C-28F6187BB5D4|C143978A-E021-4015-BC67-5A00D6C910D1|34C4244E-5CE0-4D5D-AD85-60E97FDDD80A|50|33|33|20|1|2017
E3CDC578-37BA-4CDB-B150-DAB0409270CD|743DB4A9-876D-4148-828D-A0CC23B736CC|c9caf109-c27d-4062-9b9f-ac4268629e27|37D3223A-547E-4BA9-BD0C-28F6187BB5D4|C143978A-E021-4015-BC67-5A00D6C910D1|34C4244E-5CE0-4D5D-AD85-60E97FDDD80A|23|34|34|21|1|2017
E3CDC578-37BA-4CDB-B150-DAB0409270CD|CE880C8E-C8D0-49A3-AA4A-8294F8F3F307|c9caf109-c27d-4062-9b9f-ac4268629e27|37D3223A-547E-4BA9-BD0C-28F6187BB5D4|C143978A-E021-4015-BC67-5A00D6C910D1|34C4244E-5CE0-4D5D-AD85-60E97FDDD80A|34|35|35|22|1|2017
E3CDC578-37BA-4CDB-B150-DAB0409270CD|20CA9579-140F-4DAB-8587-30AEAD28B04E|c9caf109-c27d-4062-9b9f-ac4268629e27|37D3223A-547E-4BA9-BD0C-28F6187BB5D4|C143978A-E021-4015-BC67-5A00D6C910D1|34C4244E-5CE0-4D5D-AD85-60E97FDDD80A|45|36|36|23|1|2017
E3CDC578-37BA-4CDB-B150-DAB0409270CD|505B0413-C444-4B53-99E2-BFA56F3F771A|c9caf109-c27d-4062-9b9f-ac4268629e27|37D3223A-547E-4BA9-BD0C-28F6187BB5D4|C143978A-E021-4015-BC67-5A00D6C910D1|34C4244E-5CE0-4D5D-AD85-60E97FDDD80A|56|37|37|24|1|2017
E3CDC578-37BA-4CDB-B150-DAB0409270CD|A48C8714-0012-4AF0-AE0F-0C3932980FC5|c9caf109-c27d-4062-9b9f-ac4268629e27|37D3223A-547E-4BA9-BD0C-28F6187BB5D4|C143978A-E021-4015-BC67-5A00D6C910D1|34C4244E-5CE0-4D5D-AD85-60E97FDDD80A|76|38|38|25|1|2017
E3CDC578-37BA-4CDB-B150-DAB0409270CD|3DC2A34B-008C-4C2C-BD11-262FB0DA6BB3|c9caf109-c27d-4062-9b9f-ac4268629e27|37D3223A-547E-4BA9-BD0C-28F6187BB5D4|C143978A-E021-4015-BC67-5A00D6C910D1|34C4244E-5CE0-4D5D-AD85-60E97FDDD80A|34|39|39|26|1|2017
E3CDC578-37BA-4CDB-B150-DAB0409270CD|5CF574B4-1464-4BEC-AD86-84639DE8EB1A|c9caf109-c27d-4062-9b9f-ac4268629e27|37D3223A-547E-4BA9-BD0C-28F6187BB5D4|C143978A-E021-4015-BC67-5A00D6C910D1|34C4244E-5CE0-4D5D-AD85-60E97FDDD80A|78|40|40|14|1|2017
E3CDC578-37BA-4CDB-B150-DAB0409270CD|7C3BAB0E-C09E-4238-B3C0-9FAF188A53B7|c9caf109-c27d-4062-9b9f-ac4268629e27|37D3223A-547E-4BA9-BD0C-28F6187BB5D4|C143978A-E021-4015-BC67-5A00D6C910D1|34C4244E-5CE0-4D5D-AD85-60E97FDDD80A|67|41|41|15|1|2017
E3CDC578-37BA-4CDB-B150-DAB0409270CD|CD23A751-4F7F-4CA4-9B98-CA509B1C9BE9|c9caf109-c27d-4062-9b9f-ac4268629e27|37D3223A-547E-4BA9-BD0C-28F6187BB5D4|C143978A-E021-4015-BC67-5A00D6C910D1|34C4244E-5CE0-4D5D-AD85-60E97FDDD80A|89|42|42|16|1|2017
E3CDC578-37BA-4CDB-B150-DAB0409270CD|E3AC3BF6-7832-4CFA-A684-F866CFF1EC03|c9caf109-c27d-4062-9b9f-ac4268629e27|37D3223A-547E-4BA9-BD0C-28F6187BB5D4|C143978A-E021-4015-BC67-5A00D6C910D1|34C4244E-5CE0-4D5D-AD85-60E97FDDD80A|65|43|43|17|1|2017
E3CDC578-37BA-4CDB-B150-DAB0409270CD|54A61629-5C00-42D7-9167-44AC3E6A1D49|c9caf109-c27d-4062-9b9f-ac4268629e27|37D3223A-547E-4BA9-BD0C-28F6187BB5D4|C143978A-E021-4015-BC67-5A00D6C910D1|34C4244E-5CE0-4D5D-AD85-60E97FDDD80A|65|44|44|18|1|2017
E3CDC578-37BA-4CDB-B150-DAB0409270CD|2F1D0FF2-D63F-42EC-B26C-728328BD2D2E|c9caf109-c27d-4062-9b9f-ac4268629e27|37D3223A-547E-4BA9-BD0C-28F6187BB5D4|C143978A-E021-4015-BC67-5A00D6C910D1|34C4244E-5CE0-4D5D-AD85-60E97FDDD80A|56|45|45|19|1|2017
E3CDC578-37BA-4CDB-B150-DAB0409270CD|6B6E166D-6F1C-4594-AC6F-220CC73C569A|c9caf109-c27d-4062-9b9f-ac4268629e27|37D3223A-547E-4BA9-BD0C-28F6187BB5D4|C143978A-E021-4015-BC67-5A00D6C910D1|34C4244E-5CE0-4D5D-AD85-60E97FDDD80A|67|13|13|13|1|2017
E3CDC578-37BA-4CDB-B150-DAB0409270CD|3F6F8ACF-477F-4E93-9099-524272131150|c9caf109-c27d-4062-9b9f-ac4268629e27|37D3223A-547E-4BA9-BD0C-28F6187BB5D4|C143978A-E021-4015-BC67-5A00D6C910D1|34C4244E-5CE0-4D5D-AD85-60E97FDDD80A|87|14|14|14|1|2017
E3CDC578-37BA-4CDB-B150-DAB0409270CD|CEAECA2A-D0DE-4E78-B663-2C2265C56E5A|c9caf109-c27d-4062-9b9f-ac4268629e27|37D3223A-547E-4BA9-BD0C-28F6187BB5D4|C143978A-E021-4015-BC67-5A00D6C910D1|34C4244E-5CE0-4D5D-AD85-60E97FDDD80A|76|15|15|15|1|2017
E3CDC578-37BA-4CDB-B150-DAB0409270CD|7193EB96-25D8-4FC0-AA1F-F76B0695AB1D|c9caf109-c27d-4062-9b9f-ac4268629e27|37D3223A-547E-4BA9-BD0C-28F6187BB5D4|C143978A-E021-4015-BC67-5A00D6C910D1|34C4244E-5CE0-4D5D-AD85-60E97FDDD80A|56|16|16|16|1|2017
E3CDC578-37BA-4CDB-B150-DAB0409270CD|9BDEB2F2-AE2F-4D41-95A7-075FE76077C9|c9caf109-c27d-4062-9b9f-ac4268629e27|37D3223A-547E-4BA9-BD0C-28F6187BB5D4|C143978A-E021-4015-BC67-5A00D6C910D1|34C4244E-5CE0-4D5D-AD85-60E97FDDD80A|54|17|17|17|1|2017
E3CDC578-37BA-4CDB-B150-DAB0409270CD|40CC3205-3CE2-4FB3-9331-5AC66B8FAA3D|c9caf109-c27d-4062-9b9f-ac4268629e27|37D3223A-547E-4BA9-BD0C-28F6187BB5D4|C143978A-E021-4015-BC67-5A00D6C910D1|34C4244E-5CE0-4D5D-AD85-60E97FDDD80A|58|18|18|18|1|2017
E3CDC578-37BA-4CDB-B150-DAB0409270CD|0B19CA51-195B-4FF1-9BC0-2B75DA47A5B2|c9caf109-c27d-4062-9b9f-ac4268629e27|37D3223A-547E-4BA9-BD0C-28F6187BB5D4|C143978A-E021-4015-BC67-5A00D6C910D1|34C4244E-5CE0-4D5D-AD85-60E97FDDD80A|60|19|19|19|1|2017
E3CDC578-37BA-4CDB-B150-DAB0409270CD|745823C6-C558-45D0-A477-B963799C8F28|c9caf109-c27d-4062-9b9f-ac4268629e27|37D3223A-547E-4BA9-BD0C-28F6187BB5D4|C143978A-E021-4015-BC67-5A00D6C910D1|34C4244E-5CE0-4D5D-AD85-60E97FDDD80A|63|20|20|20|1|2017
E3CDC578-37BA-4CDB-B150-DAB0409270CD|9D3BEDC0-924F-434C-8CFE-4EF4EE2323C9|c9caf109-c27d-4062-9b9f-ac4268629e27|37D3223A-547E-4BA9-BD0C-28F6187BB5D4|C143978A-E021-4015-BC67-5A00D6C910D1|34C4244E-5CE0-4D5D-AD85-60E97FDDD80A|66|21|21|21|1|2017
E3CDC578-37BA-4CDB-B150-DAB0409270CD|4F218688-6DE5-4E69-8690-66FBA2F0DC9F|f098e943-26fd-4dc0-b6a0-2d02477004a4|37D3223A-547E-4BA9-BD0C-28F6187BB5D4|C143978A-E021-4015-BC67-5A00D6C910D1|34C4244E-5CE0-4D5D-AD85-60E97FDDD80A|77|22|22|22|1|2017
E3CDC578-37BA-4CDB-B150-DAB0409270CD|A195BAF6-D6E7-43A5-B7C9-D6C627A42815|f098e943-26fd-4dc0-b6a0-2d02477004a4|37D3223A-547E-4BA9-BD0C-28F6187BB5D4|C143978A-E021-4015-BC67-5A00D6C910D1|34C4244E-5CE0-4D5D-AD85-60E97FDDD80A|56|23|23|23|1|2017
E3CDC578-37BA-4CDB-B150-DAB0409270CD|8A1B5BDB-9589-4207-8345-A811FC18B2C9|f098e943-26fd-4dc0-b6a0-2d02477004a4|37D3223A-547E-4BA9-BD0C-28F6187BB5D4|C143978A-E021-4015-BC67-5A00D6C910D1|34C4244E-5CE0-4D5D-AD85-60E97FDDD80A|55|24|24|24|1|2017
E3CDC578-37BA-4CDB-B150-DAB0409270CD|D28063C0-F2B8-4A47-9817-19656004C279|f098e943-26fd-4dc0-b6a0-2d02477004a4|37D3223A-547E-4BA9-BD0C-28F6187BB5D4|C143978A-E021-4015-BC67-5A00D6C910D1|34C4244E-5CE0-4D5D-AD85-60E97FDDD80A|67|25|25|25|1|2017
E3CDC578-37BA-4CDB-B150-DAB0409270CD|C72A3B1C-A13C-462C-BDB7-AFDEFF5F2DA8|f098e943-26fd-4dc0-b6a0-2d02477004a4|37D3223A-547E-4BA9-BD0C-28F6187BB5D4|C143978A-E021-4015-BC67-5A00D6C910D1|34C4244E-5CE0-4D5D-AD85-60E97FDDD80A|56|26|26|26|1|2017
E3CDC578-37BA-4CDB-B150-DAB0409270CD|9F22612B-A69B-41D3-8819-F71420D6DF2F|f098e943-26fd-4dc0-b6a0-2d02477004a4|37D3223A-547E-4BA9-BD0C-28F6187BB5D4|C143978A-E021-4015-BC67-5A00D6C910D1|34C4244E-5CE0-4D5D-AD85-60E97FDDD80A|82|27|27|14|1|2017
E3CDC578-37BA-4CDB-B150-DAB0409270CD|E4CBA165-C6EE-4B1D-ADC8-C327B77B6B13|f098e943-26fd-4dc0-b6a0-2d02477004a4|37D3223A-547E-4BA9-BD0C-28F6187BB5D4|C143978A-E021-4015-BC67-5A00D6C910D1|34C4244E-5CE0-4D5D-AD85-60E97FDDD80A|96|28|28|15|1|2017
E3CDC578-37BA-4CDB-B150-DAB0409270CD|F26BC70F-FDDC-4383-A8D9-E0E5457834D9|f098e943-26fd-4dc0-b6a0-2d02477004a4|37D3223A-547E-4BA9-BD0C-28F6187BB5D4|C143978A-E021-4015-BC67-5A00D6C910D1|34C4244E-5CE0-4D5D-AD85-60E97FDDD80A|94|29|29|16|1|2017
E3CDC578-37BA-4CDB-B150-DAB0409270CD|BDBD35C0-F0A5-46F8-AFFF-5F2BBC182C25|f098e943-26fd-4dc0-b6a0-2d02477004a4|37D3223A-547E-4BA9-BD0C-28F6187BB5D4|C143978A-E021-4015-BC67-5A00D6C910D1|34C4244E-5CE0-4D5D-AD85-60E97FDDD80A|88|30|30|17|1|2017
E3CDC578-37BA-4CDB-B150-DAB0409270CD|31638728-0D17-4D23-B876-FF238D90B7F9|f098e943-26fd-4dc0-b6a0-2d02477004a4|37D3223A-547E-4BA9-BD0C-28F6187BB5D4|C143978A-E021-4015-BC67-5A00D6C910D1|34C4244E-5CE0-4D5D-AD85-60E97FDDD80A|87|31|31|18|1|2017
E3CDC578-37BA-4CDB-B150-DAB0409270CD|172EE44D-088A-4766-A021-690628406CB9|f098e943-26fd-4dc0-b6a0-2d02477004a4|37D3223A-547E-4BA9-BD0C-28F6187BB5D4|C143978A-E021-4015-BC67-5A00D6C910D1|34C4244E-5CE0-4D5D-AD85-60E97FDDD80A|65|32|32|19|1|2017
E3CDC578-37BA-4CDB-B150-DAB0409270CD|582A7D9B-1159-40C5-B8EF-21173770BFA3|f098e943-26fd-4dc0-b6a0-2d02477004a4|37D3223A-547E-4BA9-BD0C-28F6187BB5D4|C143978A-E021-4015-BC67-5A00D6C910D1|34C4244E-5CE0-4D5D-AD85-60E97FDDD80A|65|33|33|20|1|2017
E3CDC578-37BA-4CDB-B150-DAB0409270CD|777CE711-981A-4613-AAA3-99E1140E90E9|f098e943-26fd-4dc0-b6a0-2d02477004a4|37D3223A-547E-4BA9-BD0C-28F6187BB5D4|C143978A-E021-4015-BC67-5A00D6C910D1|34C4244E-5CE0-4D5D-AD85-60E97FDDD80A|56|34|34|21|1|2017
E3CDC578-37BA-4CDB-B150-DAB0409270CD|289A87A1-3936-4012-9487-7B5598F672C9|f098e943-26fd-4dc0-b6a0-2d02477004a4|37D3223A-547E-4BA9-BD0C-28F6187BB5D4|C143978A-E021-4015-BC67-5A00D6C910D1|34C4244E-5CE0-4D5D-AD85-60E97FDDD80A|45|35|35|22|1|2017
E3CDC578-37BA-4CDB-B150-DAB0409270CD|F07D8FE7-DA87-40EB-A294-D06BDAC8F438|f098e943-26fd-4dc0-b6a0-2d02477004a4|37D3223A-547E-4BA9-BD0C-28F6187BB5D4|C143978A-E021-4015-BC67-5A00D6C910D1|34C4244E-5CE0-4D5D-AD85-60E97FDDD80A|98|36|36|23|1|2017
E3CDC578-37BA-4CDB-B150-DAB0409270CD|A2678067-A7A3-4D10-A30C-C3789B180A70|f098e943-26fd-4dc0-b6a0-2d02477004a4|37D3223A-547E-4BA9-BD0C-28F6187BB5D4|C143978A-E021-4015-BC67-5A00D6C910D1|34C4244E-5CE0-4D5D-AD85-60E97FDDD80A|67|37|37|24|1|2017
E3CDC578-37BA-4CDB-B150-DAB0409270CD|2F073061-C5C3-4359-B4DE-5E17D74D6620|f098e943-26fd-4dc0-b6a0-2d02477004a4|37D3223A-547E-4BA9-BD0C-28F6187BB5D4|C143978A-E021-4015-BC67-5A00D6C910D1|34C4244E-5CE0-4D5D-AD85-60E97FDDD80A|45|38|38|25|1|2017
E3CDC578-37BA-4CDB-B150-DAB0409270CD|539D4A11-2C5B-40BC-91A2-44998747E8AD|f098e943-26fd-4dc0-b6a0-2d02477004a4|37D3223A-547E-4BA9-BD0C-28F6187BB5D4|C143978A-E021-4015-BC67-5A00D6C910D1|34C4244E-5CE0-4D5D-AD85-60E97FDDD80A|56|39|39|26|1|2017
E3CDC578-37BA-4CDB-B150-DAB0409270CD|EE943C52-EF11-4D6C-BEBF-CE5901394CB3|f098e943-26fd-4dc0-b6a0-2d02477004a4|37D3223A-547E-4BA9-BD0C-28F6187BB5D4|C143978A-E021-4015-BC67-5A00D6C910D1|34C4244E-5CE0-4D5D-AD85-60E97FDDD80A|50|40|40|14|1|2017
E3CDC578-37BA-4CDB-B150-DAB0409270CD|743DB4A9-876D-4148-828D-A0CC23B736CC|f098e943-26fd-4dc0-b6a0-2d02477004a4|37D3223A-547E-4BA9-BD0C-28F6187BB5D4|C143978A-E021-4015-BC67-5A00D6C910D1|34C4244E-5CE0-4D5D-AD85-60E97FDDD80A|58|41|41|15|1|2017
E3CDC578-37BA-4CDB-B150-DAB0409270CD|CE880C8E-C8D0-49A3-AA4A-8294F8F3F307|f098e943-26fd-4dc0-b6a0-2d02477004a4|37D3223A-547E-4BA9-BD0C-28F6187BB5D4|C143978A-E021-4015-BC67-5A00D6C910D1|34C4244E-5CE0-4D5D-AD85-60E97FDDD80A|60|42|42|16|1|2017
E3CDC578-37BA-4CDB-B150-DAB0409270CD|20CA9579-140F-4DAB-8587-30AEAD28B04E|f098e943-26fd-4dc0-b6a0-2d02477004a4|37D3223A-547E-4BA9-BD0C-28F6187BB5D4|C143978A-E021-4015-BC67-5A00D6C910D1|34C4244E-5CE0-4D5D-AD85-60E97FDDD80A|63|43|43|17|1|2017
E3CDC578-37BA-4CDB-B150-DAB0409270CD|505B0413-C444-4B53-99E2-BFA56F3F771A|f098e943-26fd-4dc0-b6a0-2d02477004a4|37D3223A-547E-4BA9-BD0C-28F6187BB5D4|C143978A-E021-4015-BC67-5A00D6C910D1|34C4244E-5CE0-4D5D-AD85-60E97FDDD80A|66|44|44|18|1|2017
E3CDC578-37BA-4CDB-B150-DAB0409270CD|A48C8714-0012-4AF0-AE0F-0C3932980FC5|f098e943-26fd-4dc0-b6a0-2d02477004a4|37D3223A-547E-4BA9-BD0C-28F6187BB5D4|C143978A-E021-4015-BC67-5A00D6C910D1|34C4244E-5CE0-4D5D-AD85-60E97FDDD80A|77|45|45|19|1|2017
E3CDC578-37BA-4CDB-B150-DAB0409270CD|3DC2A34B-008C-4C2C-BD11-262FB0DA6BB3|f098e943-26fd-4dc0-b6a0-2d02477004a4|37D3223A-547E-4BA9-BD0C-28F6187BB5D4|C143978A-E021-4015-BC67-5A00D6C910D1|34C4244E-5CE0-4D5D-AD85-60E97FDDD80A|56|13|13|13|1|2017
E3CDC578-37BA-4CDB-B150-DAB0409270CD|5CF574B4-1464-4BEC-AD86-84639DE8EB1A|f098e943-26fd-4dc0-b6a0-2d02477004a4|37D3223A-547E-4BA9-BD0C-28F6187BB5D4|C143978A-E021-4015-BC67-5A00D6C910D1|34C4244E-5CE0-4D5D-AD85-60E97FDDD80A|55|14|14|14|1|2017
E3CDC578-37BA-4CDB-B150-DAB0409270CD|7C3BAB0E-C09E-4238-B3C0-9FAF188A53B7|f098e943-26fd-4dc0-b6a0-2d02477004a4|37D3223A-547E-4BA9-BD0C-28F6187BB5D4|C143978A-E021-4015-BC67-5A00D6C910D1|34C4244E-5CE0-4D5D-AD85-60E97FDDD80A|67|15|15|15|1|2017
E3CDC578-37BA-4CDB-B150-DAB0409270CD|CD23A751-4F7F-4CA4-9B98-CA509B1C9BE9|f098e943-26fd-4dc0-b6a0-2d02477004a4|37D3223A-547E-4BA9-BD0C-28F6187BB5D4|C143978A-E021-4015-BC67-5A00D6C910D1|34C4244E-5CE0-4D5D-AD85-60E97FDDD80A|56|16|16|16|1|2017
E3CDC578-37BA-4CDB-B150-DAB0409270CD|E3AC3BF6-7832-4CFA-A684-F866CFF1EC03|f098e943-26fd-4dc0-b6a0-2d02477004a4|37D3223A-547E-4BA9-BD0C-28F6187BB5D4|C143978A-E021-4015-BC67-5A00D6C910D1|34C4244E-5CE0-4D5D-AD85-60E97FDDD80A|82|17|17|17|1|2017
E3CDC578-37BA-4CDB-B150-DAB0409270CD|54A61629-5C00-42D7-9167-44AC3E6A1D49|f098e943-26fd-4dc0-b6a0-2d02477004a4|37D3223A-547E-4BA9-BD0C-28F6187BB5D4|C143978A-E021-4015-BC67-5A00D6C910D1|34C4244E-5CE0-4D5D-AD85-60E97FDDD80A|96|18|18|18|1|2017
E3CDC578-37BA-4CDB-B150-DAB0409270CD|2F1D0FF2-D63F-42EC-B26C-728328BD2D2E|f098e943-26fd-4dc0-b6a0-2d02477004a4|37D3223A-547E-4BA9-BD0C-28F6187BB5D4|C143978A-E021-4015-BC67-5A00D6C910D1|34C4244E-5CE0-4D5D-AD85-60E97FDDD80A|94|19|19|19|1|2017
E3CDC578-37BA-4CDB-B150-DAB0409270CD|6B6E166D-6F1C-4594-AC6F-220CC73C569A|f098e943-26fd-4dc0-b6a0-2d02477004a4|37D3223A-547E-4BA9-BD0C-28F6187BB5D4|C143978A-E021-4015-BC67-5A00D6C910D1|34C4244E-5CE0-4D5D-AD85-60E97FDDD80A|88|20|20|20|1|2017
E3CDC578-37BA-4CDB-B150-DAB0409270CD|3F6F8ACF-477F-4E93-9099-524272131150|f098e943-26fd-4dc0-b6a0-2d02477004a4|37D3223A-547E-4BA9-BD0C-28F6187BB5D4|C143978A-E021-4015-BC67-5A00D6C910D1|34C4244E-5CE0-4D5D-AD85-60E97FDDD80A|87|21|21|21|1|2017
E3CDC578-37BA-4CDB-B150-DAB0409270CD|CEAECA2A-D0DE-4E78-B663-2C2265C56E5A|f098e943-26fd-4dc0-b6a0-2d02477004a4|37D3223A-547E-4BA9-BD0C-28F6187BB5D4|C143978A-E021-4015-BC67-5A00D6C910D1|34C4244E-5CE0-4D5D-AD85-60E97FDDD80A|65|22|22|22|1|2017
E3CDC578-37BA-4CDB-B150-DAB0409270CD|7193EB96-25D8-4FC0-AA1F-F76B0695AB1D|f098e943-26fd-4dc0-b6a0-2d02477004a4|37D3223A-547E-4BA9-BD0C-28F6187BB5D4|C143978A-E021-4015-BC67-5A00D6C910D1|34C4244E-5CE0-4D5D-AD85-60E97FDDD80A|65|23|23|23|1|2017
E3CDC578-37BA-4CDB-B150-DAB0409270CD|9BDEB2F2-AE2F-4D41-95A7-075FE76077C9|f098e943-26fd-4dc0-b6a0-2d02477004a4|37D3223A-547E-4BA9-BD0C-28F6187BB5D4|C143978A-E021-4015-BC67-5A00D6C910D1|34C4244E-5CE0-4D5D-AD85-60E97FDDD80A|56|24|24|24|1|2017
E3CDC578-37BA-4CDB-B150-DAB0409270CD|40CC3205-3CE2-4FB3-9331-5AC66B8FAA3D|f098e943-26fd-4dc0-b6a0-2d02477004a4|37D3223A-547E-4BA9-BD0C-28F6187BB5D4|C143978A-E021-4015-BC67-5A00D6C910D1|34C4244E-5CE0-4D5D-AD85-60E97FDDD80A|45|25|25|25|1|2017
E3CDC578-37BA-4CDB-B150-DAB0409270CD|0B19CA51-195B-4FF1-9BC0-2B75DA47A5B2|f098e943-26fd-4dc0-b6a0-2d02477004a4|37D3223A-547E-4BA9-BD0C-28F6187BB5D4|C143978A-E021-4015-BC67-5A00D6C910D1|34C4244E-5CE0-4D5D-AD85-60E97FDDD80A|98|26|26|26|1|2017
E3CDC578-37BA-4CDB-B150-DAB0409270CD|745823C6-C558-45D0-A477-B963799C8F28|f098e943-26fd-4dc0-b6a0-2d02477004a4|37D3223A-547E-4BA9-BD0C-28F6187BB5D4|C143978A-E021-4015-BC67-5A00D6C910D1|34C4244E-5CE0-4D5D-AD85-60E97FDDD80A|67|27|27|14|1|2017
E3CDC578-37BA-4CDB-B150-DAB0409270CD|9D3BEDC0-924F-434C-8CFE-4EF4EE2323C9|f098e943-26fd-4dc0-b6a0-2d02477004a4|37D3223A-547E-4BA9-BD0C-28F6187BB5D4|C143978A-E021-4015-BC67-5A00D6C910D1|34C4244E-5CE0-4D5D-AD85-60E97FDDD80A|45|28|28|15|1|2017
E3CDC578-37BA-4CDB-B150-DAB0409270CD|4F218688-6DE5-4E69-8690-66FBA2F0DC9F|0e5dc1c6-f62f-4a36-a1ec-064173332694|37D3223A-547E-4BA9-BD0C-28F6187BB5D4|C143978A-E021-4015-BC67-5A00D6C910D1|34C4244E-5CE0-4D5D-AD85-60E97FDDD80A|56|29|29|16|1|2017
E3CDC578-37BA-4CDB-B150-DAB0409270CD|A195BAF6-D6E7-43A5-B7C9-D6C627A42815|0e5dc1c6-f62f-4a36-a1ec-064173332694|37D3223A-547E-4BA9-BD0C-28F6187BB5D4|C143978A-E021-4015-BC67-5A00D6C910D1|34C4244E-5CE0-4D5D-AD85-60E97FDDD80A|50|30|30|17|1|2017
E3CDC578-37BA-4CDB-B150-DAB0409270CD|8A1B5BDB-9589-4207-8345-A811FC18B2C9|0e5dc1c6-f62f-4a36-a1ec-064173332694|37D3223A-547E-4BA9-BD0C-28F6187BB5D4|C143978A-E021-4015-BC67-5A00D6C910D1|34C4244E-5CE0-4D5D-AD85-60E97FDDD80A|58|31|31|18|1|2017
E3CDC578-37BA-4CDB-B150-DAB0409270CD|D28063C0-F2B8-4A47-9817-19656004C279|0e5dc1c6-f62f-4a36-a1ec-064173332694|37D3223A-547E-4BA9-BD0C-28F6187BB5D4|C143978A-E021-4015-BC67-5A00D6C910D1|34C4244E-5CE0-4D5D-AD85-60E97FDDD80A|60|32|32|19|1|2017
E3CDC578-37BA-4CDB-B150-DAB0409270CD|C72A3B1C-A13C-462C-BDB7-AFDEFF5F2DA8|0e5dc1c6-f62f-4a36-a1ec-064173332694|37D3223A-547E-4BA9-BD0C-28F6187BB5D4|C143978A-E021-4015-BC67-5A00D6C910D1|34C4244E-5CE0-4D5D-AD85-60E97FDDD80A|63|33|33|20|1|2017
E3CDC578-37BA-4CDB-B150-DAB0409270CD|9F22612B-A69B-41D3-8819-F71420D6DF2F|0e5dc1c6-f62f-4a36-a1ec-064173332694|37D3223A-547E-4BA9-BD0C-28F6187BB5D4|C143978A-E021-4015-BC67-5A00D6C910D1|34C4244E-5CE0-4D5D-AD85-60E97FDDD80A|67|34|34|21|1|2017
E3CDC578-37BA-4CDB-B150-DAB0409270CD|E4CBA165-C6EE-4B1D-ADC8-C327B77B6B13|0e5dc1c6-f62f-4a36-a1ec-064173332694|37D3223A-547E-4BA9-BD0C-28F6187BB5D4|C143978A-E021-4015-BC67-5A00D6C910D1|34C4244E-5CE0-4D5D-AD85-60E97FDDD80A|45|35|35|22|1|2017
E3CDC578-37BA-4CDB-B150-DAB0409270CD|F26BC70F-FDDC-4383-A8D9-E0E5457834D9|0e5dc1c6-f62f-4a36-a1ec-064173332694|37D3223A-547E-4BA9-BD0C-28F6187BB5D4|C143978A-E021-4015-BC67-5A00D6C910D1|34C4244E-5CE0-4D5D-AD85-60E97FDDD80A|56|36|36|23|1|2017
E3CDC578-37BA-4CDB-B150-DAB0409270CD|BDBD35C0-F0A5-46F8-AFFF-5F2BBC182C25|0e5dc1c6-f62f-4a36-a1ec-064173332694|37D3223A-547E-4BA9-BD0C-28F6187BB5D4|C143978A-E021-4015-BC67-5A00D6C910D1|34C4244E-5CE0-4D5D-AD85-60E97FDDD80A|50|37|37|24|1|2017
E3CDC578-37BA-4CDB-B150-DAB0409270CD|31638728-0D17-4D23-B876-FF238D90B7F9|0e5dc1c6-f62f-4a36-a1ec-064173332694|37D3223A-547E-4BA9-BD0C-28F6187BB5D4|C143978A-E021-4015-BC67-5A00D6C910D1|34C4244E-5CE0-4D5D-AD85-60E97FDDD80A|58|38|38|25|1|2017
E3CDC578-37BA-4CDB-B150-DAB0409270CD|172EE44D-088A-4766-A021-690628406CB9|0e5dc1c6-f62f-4a36-a1ec-064173332694|37D3223A-547E-4BA9-BD0C-28F6187BB5D4|C143978A-E021-4015-BC67-5A00D6C910D1|34C4244E-5CE0-4D5D-AD85-60E97FDDD80A|60|39|39|26|1|2017
E3CDC578-37BA-4CDB-B150-DAB0409270CD|582A7D9B-1159-40C5-B8EF-21173770BFA3|0e5dc1c6-f62f-4a36-a1ec-064173332694|37D3223A-547E-4BA9-BD0C-28F6187BB5D4|C143978A-E021-4015-BC67-5A00D6C910D1|34C4244E-5CE0-4D5D-AD85-60E97FDDD80A|63|40|40|14|1|2017
E3CDC578-37BA-4CDB-B150-DAB0409270CD|777CE711-981A-4613-AAA3-99E1140E90E9|0e5dc1c6-f62f-4a36-a1ec-064173332694|37D3223A-547E-4BA9-BD0C-28F6187BB5D4|C143978A-E021-4015-BC67-5A00D6C910D1|34C4244E-5CE0-4D5D-AD85-60E97FDDD80A|76|41|41|15|1|2017
E3CDC578-37BA-4CDB-B150-DAB0409270CD|289A87A1-3936-4012-9487-7B5598F672C9|0e5dc1c6-f62f-4a36-a1ec-064173332694|37D3223A-547E-4BA9-BD0C-28F6187BB5D4|C143978A-E021-4015-BC67-5A00D6C910D1|34C4244E-5CE0-4D5D-AD85-60E97FDDD80A|56|42|42|16|1|2017
E3CDC578-37BA-4CDB-B150-DAB0409270CD|F07D8FE7-DA87-40EB-A294-D06BDAC8F438|0e5dc1c6-f62f-4a36-a1ec-064173332694|37D3223A-547E-4BA9-BD0C-28F6187BB5D4|C143978A-E021-4015-BC67-5A00D6C910D1|34C4244E-5CE0-4D5D-AD85-60E97FDDD80A|82|43|43|17|1|2017
E3CDC578-37BA-4CDB-B150-DAB0409270CD|A2678067-A7A3-4D10-A30C-C3789B180A70|0e5dc1c6-f62f-4a36-a1ec-064173332694|37D3223A-547E-4BA9-BD0C-28F6187BB5D4|C143978A-E021-4015-BC67-5A00D6C910D1|34C4244E-5CE0-4D5D-AD85-60E97FDDD80A|46|44|44|18|1|2017
E3CDC578-37BA-4CDB-B150-DAB0409270CD|2F073061-C5C3-4359-B4DE-5E17D74D6620|0e5dc1c6-f62f-4a36-a1ec-064173332694|37D3223A-547E-4BA9-BD0C-28F6187BB5D4|C143978A-E021-4015-BC67-5A00D6C910D1|34C4244E-5CE0-4D5D-AD85-60E97FDDD80A|50|45|45|19|1|2017
E3CDC578-37BA-4CDB-B150-DAB0409270CD|539D4A11-2C5B-40BC-91A2-44998747E8AD|0e5dc1c6-f62f-4a36-a1ec-064173332694|37D3223A-547E-4BA9-BD0C-28F6187BB5D4|C143978A-E021-4015-BC67-5A00D6C910D1|34C4244E-5CE0-4D5D-AD85-60E97FDDD80A|23|13|13|13|1|2017
E3CDC578-37BA-4CDB-B150-DAB0409270CD|EE943C52-EF11-4D6C-BEBF-CE5901394CB3|0e5dc1c6-f62f-4a36-a1ec-064173332694|37D3223A-547E-4BA9-BD0C-28F6187BB5D4|C143978A-E021-4015-BC67-5A00D6C910D1|34C4244E-5CE0-4D5D-AD85-60E97FDDD80A|34|14|14|14|1|2017
E3CDC578-37BA-4CDB-B150-DAB0409270CD|743DB4A9-876D-4148-828D-A0CC23B736CC|0e5dc1c6-f62f-4a36-a1ec-064173332694|37D3223A-547E-4BA9-BD0C-28F6187BB5D4|C143978A-E021-4015-BC67-5A00D6C910D1|34C4244E-5CE0-4D5D-AD85-60E97FDDD80A|45|15|15|15|1|2017
E3CDC578-37BA-4CDB-B150-DAB0409270CD|CE880C8E-C8D0-49A3-AA4A-8294F8F3F307|0e5dc1c6-f62f-4a36-a1ec-064173332694|37D3223A-547E-4BA9-BD0C-28F6187BB5D4|C143978A-E021-4015-BC67-5A00D6C910D1|34C4244E-5CE0-4D5D-AD85-60E97FDDD80A|56|16|16|16|1|2017
E3CDC578-37BA-4CDB-B150-DAB0409270CD|20CA9579-140F-4DAB-8587-30AEAD28B04E|0e5dc1c6-f62f-4a36-a1ec-064173332694|37D3223A-547E-4BA9-BD0C-28F6187BB5D4|C143978A-E021-4015-BC67-5A00D6C910D1|34C4244E-5CE0-4D5D-AD85-60E97FDDD80A|76|17|17|17|1|2017
E3CDC578-37BA-4CDB-B150-DAB0409270CD|505B0413-C444-4B53-99E2-BFA56F3F771A|0e5dc1c6-f62f-4a36-a1ec-064173332694|37D3223A-547E-4BA9-BD0C-28F6187BB5D4|C143978A-E021-4015-BC67-5A00D6C910D1|34C4244E-5CE0-4D5D-AD85-60E97FDDD80A|34|18|18|18|1|2017
E3CDC578-37BA-4CDB-B150-DAB0409270CD|A48C8714-0012-4AF0-AE0F-0C3932980FC5|0e5dc1c6-f62f-4a36-a1ec-064173332694|37D3223A-547E-4BA9-BD0C-28F6187BB5D4|C143978A-E021-4015-BC67-5A00D6C910D1|34C4244E-5CE0-4D5D-AD85-60E97FDDD80A|78|19|19|19|1|2017
E3CDC578-37BA-4CDB-B150-DAB0409270CD|3DC2A34B-008C-4C2C-BD11-262FB0DA6BB3|0e5dc1c6-f62f-4a36-a1ec-064173332694|37D3223A-547E-4BA9-BD0C-28F6187BB5D4|C143978A-E021-4015-BC67-5A00D6C910D1|34C4244E-5CE0-4D5D-AD85-60E97FDDD80A|67|20|20|20|1|2017
E3CDC578-37BA-4CDB-B150-DAB0409270CD|5CF574B4-1464-4BEC-AD86-84639DE8EB1A|0e5dc1c6-f62f-4a36-a1ec-064173332694|37D3223A-547E-4BA9-BD0C-28F6187BB5D4|C143978A-E021-4015-BC67-5A00D6C910D1|34C4244E-5CE0-4D5D-AD85-60E97FDDD80A|89|21|21|21|1|2017
E3CDC578-37BA-4CDB-B150-DAB0409270CD|7C3BAB0E-C09E-4238-B3C0-9FAF188A53B7|0e5dc1c6-f62f-4a36-a1ec-064173332694|37D3223A-547E-4BA9-BD0C-28F6187BB5D4|C143978A-E021-4015-BC67-5A00D6C910D1|34C4244E-5CE0-4D5D-AD85-60E97FDDD80A|65|22|22|22|1|2017
E3CDC578-37BA-4CDB-B150-DAB0409270CD|CD23A751-4F7F-4CA4-9B98-CA509B1C9BE9|0e5dc1c6-f62f-4a36-a1ec-064173332694|37D3223A-547E-4BA9-BD0C-28F6187BB5D4|C143978A-E021-4015-BC67-5A00D6C910D1|34C4244E-5CE0-4D5D-AD85-60E97FDDD80A|65|23|23|23|1|2017
E3CDC578-37BA-4CDB-B150-DAB0409270CD|E3AC3BF6-7832-4CFA-A684-F866CFF1EC03|0e5dc1c6-f62f-4a36-a1ec-064173332694|37D3223A-547E-4BA9-BD0C-28F6187BB5D4|C143978A-E021-4015-BC67-5A00D6C910D1|34C4244E-5CE0-4D5D-AD85-60E97FDDD80A|56|24|24|24|1|2017
E3CDC578-37BA-4CDB-B150-DAB0409270CD|54A61629-5C00-42D7-9167-44AC3E6A1D49|0e5dc1c6-f62f-4a36-a1ec-064173332694|37D3223A-547E-4BA9-BD0C-28F6187BB5D4|C143978A-E021-4015-BC67-5A00D6C910D1|34C4244E-5CE0-4D5D-AD85-60E97FDDD80A|67|25|25|25|1|2017
E3CDC578-37BA-4CDB-B150-DAB0409270CD|2F1D0FF2-D63F-42EC-B26C-728328BD2D2E|0e5dc1c6-f62f-4a36-a1ec-064173332694|37D3223A-547E-4BA9-BD0C-28F6187BB5D4|C143978A-E021-4015-BC67-5A00D6C910D1|34C4244E-5CE0-4D5D-AD85-60E97FDDD80A|87|26|26|26|1|2017
E3CDC578-37BA-4CDB-B150-DAB0409270CD|6B6E166D-6F1C-4594-AC6F-220CC73C569A|0e5dc1c6-f62f-4a36-a1ec-064173332694|37D3223A-547E-4BA9-BD0C-28F6187BB5D4|C143978A-E021-4015-BC67-5A00D6C910D1|34C4244E-5CE0-4D5D-AD85-60E97FDDD80A|76|27|27|14|1|2017
E3CDC578-37BA-4CDB-B150-DAB0409270CD|3F6F8ACF-477F-4E93-9099-524272131150|0e5dc1c6-f62f-4a36-a1ec-064173332694|37D3223A-547E-4BA9-BD0C-28F6187BB5D4|C143978A-E021-4015-BC67-5A00D6C910D1|34C4244E-5CE0-4D5D-AD85-60E97FDDD80A|56|28|28|15|1|2017
E3CDC578-37BA-4CDB-B150-DAB0409270CD|CEAECA2A-D0DE-4E78-B663-2C2265C56E5A|0e5dc1c6-f62f-4a36-a1ec-064173332694|37D3223A-547E-4BA9-BD0C-28F6187BB5D4|C143978A-E021-4015-BC67-5A00D6C910D1|34C4244E-5CE0-4D5D-AD85-60E97FDDD80A|54|29|29|16|1|2017
E3CDC578-37BA-4CDB-B150-DAB0409270CD|7193EB96-25D8-4FC0-AA1F-F76B0695AB1D|0e5dc1c6-f62f-4a36-a1ec-064173332694|37D3223A-547E-4BA9-BD0C-28F6187BB5D4|C143978A-E021-4015-BC67-5A00D6C910D1|34C4244E-5CE0-4D5D-AD85-60E97FDDD80A|58|30|30|17|1|2017
E3CDC578-37BA-4CDB-B150-DAB0409270CD|9BDEB2F2-AE2F-4D41-95A7-075FE76077C9|0e5dc1c6-f62f-4a36-a1ec-064173332694|37D3223A-547E-4BA9-BD0C-28F6187BB5D4|C143978A-E021-4015-BC67-5A00D6C910D1|34C4244E-5CE0-4D5D-AD85-60E97FDDD80A|60|31|31|18|1|2017
E3CDC578-37BA-4CDB-B150-DAB0409270CD|40CC3205-3CE2-4FB3-9331-5AC66B8FAA3D|0e5dc1c6-f62f-4a36-a1ec-064173332694|37D3223A-547E-4BA9-BD0C-28F6187BB5D4|C143978A-E021-4015-BC67-5A00D6C910D1|34C4244E-5CE0-4D5D-AD85-60E97FDDD80A|63|32|32|19|1|2017
E3CDC578-37BA-4CDB-B150-DAB0409270CD|0B19CA51-195B-4FF1-9BC0-2B75DA47A5B2|0e5dc1c6-f62f-4a36-a1ec-064173332694|37D3223A-547E-4BA9-BD0C-28F6187BB5D4|C143978A-E021-4015-BC67-5A00D6C910D1|34C4244E-5CE0-4D5D-AD85-60E97FDDD80A|66|33|33|20|1|2017
E3CDC578-37BA-4CDB-B150-DAB0409270CD|745823C6-C558-45D0-A477-B963799C8F28|0e5dc1c6-f62f-4a36-a1ec-064173332694|37D3223A-547E-4BA9-BD0C-28F6187BB5D4|C143978A-E021-4015-BC67-5A00D6C910D1|34C4244E-5CE0-4D5D-AD85-60E97FDDD80A|77|34|34|21|1|2017
E3CDC578-37BA-4CDB-B150-DAB0409270CD|9D3BEDC0-924F-434C-8CFE-4EF4EE2323C9|0e5dc1c6-f62f-4a36-a1ec-064173332694|37D3223A-547E-4BA9-BD0C-28F6187BB5D4|C143978A-E021-4015-BC67-5A00D6C910D1|34C4244E-5CE0-4D5D-AD85-60E97FDDD80A|56|35|35|22|1|2017
E3CDC578-37BA-4CDB-B150-DAB0409270CD|4F218688-6DE5-4E69-8690-66FBA2F0DC9F|e1729cc2-524a-4069-b4a4-be5aec8473fe|37D3223A-547E-4BA9-BD0C-28F6187BB5D4|C143978A-E021-4015-BC67-5A00D6C910D1|34C4244E-5CE0-4D5D-AD85-60E97FDDD80A|55|36|36|23|1|2017
E3CDC578-37BA-4CDB-B150-DAB0409270CD|A195BAF6-D6E7-43A5-B7C9-D6C627A42815|e1729cc2-524a-4069-b4a4-be5aec8473fe|37D3223A-547E-4BA9-BD0C-28F6187BB5D4|C143978A-E021-4015-BC67-5A00D6C910D1|34C4244E-5CE0-4D5D-AD85-60E97FDDD80A|67|37|37|24|1|2017
E3CDC578-37BA-4CDB-B150-DAB0409270CD|8A1B5BDB-9589-4207-8345-A811FC18B2C9|e1729cc2-524a-4069-b4a4-be5aec8473fe|37D3223A-547E-4BA9-BD0C-28F6187BB5D4|C143978A-E021-4015-BC67-5A00D6C910D1|34C4244E-5CE0-4D5D-AD85-60E97FDDD80A|56|38|38|25|1|2017
E3CDC578-37BA-4CDB-B150-DAB0409270CD|D28063C0-F2B8-4A47-9817-19656004C279|e1729cc2-524a-4069-b4a4-be5aec8473fe|37D3223A-547E-4BA9-BD0C-28F6187BB5D4|C143978A-E021-4015-BC67-5A00D6C910D1|34C4244E-5CE0-4D5D-AD85-60E97FDDD80A|82|39|39|26|1|2017
E3CDC578-37BA-4CDB-B150-DAB0409270CD|C72A3B1C-A13C-462C-BDB7-AFDEFF5F2DA8|e1729cc2-524a-4069-b4a4-be5aec8473fe|37D3223A-547E-4BA9-BD0C-28F6187BB5D4|C143978A-E021-4015-BC67-5A00D6C910D1|34C4244E-5CE0-4D5D-AD85-60E97FDDD80A|96|40|40|14|1|2017
E3CDC578-37BA-4CDB-B150-DAB0409270CD|9F22612B-A69B-41D3-8819-F71420D6DF2F|e1729cc2-524a-4069-b4a4-be5aec8473fe|37D3223A-547E-4BA9-BD0C-28F6187BB5D4|C143978A-E021-4015-BC67-5A00D6C910D1|34C4244E-5CE0-4D5D-AD85-60E97FDDD80A|94|41|41|15|1|2017
E3CDC578-37BA-4CDB-B150-DAB0409270CD|E4CBA165-C6EE-4B1D-ADC8-C327B77B6B13|e1729cc2-524a-4069-b4a4-be5aec8473fe|37D3223A-547E-4BA9-BD0C-28F6187BB5D4|C143978A-E021-4015-BC67-5A00D6C910D1|34C4244E-5CE0-4D5D-AD85-60E97FDDD80A|88|42|42|16|1|2017
E3CDC578-37BA-4CDB-B150-DAB0409270CD|F26BC70F-FDDC-4383-A8D9-E0E5457834D9|e1729cc2-524a-4069-b4a4-be5aec8473fe|37D3223A-547E-4BA9-BD0C-28F6187BB5D4|C143978A-E021-4015-BC67-5A00D6C910D1|34C4244E-5CE0-4D5D-AD85-60E97FDDD80A|87|43|43|17|1|2017
E3CDC578-37BA-4CDB-B150-DAB0409270CD|BDBD35C0-F0A5-46F8-AFFF-5F2BBC182C25|e1729cc2-524a-4069-b4a4-be5aec8473fe|37D3223A-547E-4BA9-BD0C-28F6187BB5D4|C143978A-E021-4015-BC67-5A00D6C910D1|34C4244E-5CE0-4D5D-AD85-60E97FDDD80A|65|44|44|18|1|2017
E3CDC578-37BA-4CDB-B150-DAB0409270CD|31638728-0D17-4D23-B876-FF238D90B7F9|e1729cc2-524a-4069-b4a4-be5aec8473fe|37D3223A-547E-4BA9-BD0C-28F6187BB5D4|C143978A-E021-4015-BC67-5A00D6C910D1|34C4244E-5CE0-4D5D-AD85-60E97FDDD80A|65|45|45|19|1|2017
E3CDC578-37BA-4CDB-B150-DAB0409270CD|172EE44D-088A-4766-A021-690628406CB9|e1729cc2-524a-4069-b4a4-be5aec8473fe|37D3223A-547E-4BA9-BD0C-28F6187BB5D4|C143978A-E021-4015-BC67-5A00D6C910D1|34C4244E-5CE0-4D5D-AD85-60E97FDDD80A|56|13|13|13|1|2017
E3CDC578-37BA-4CDB-B150-DAB0409270CD|582A7D9B-1159-40C5-B8EF-21173770BFA3|e1729cc2-524a-4069-b4a4-be5aec8473fe|37D3223A-547E-4BA9-BD0C-28F6187BB5D4|C143978A-E021-4015-BC67-5A00D6C910D1|34C4244E-5CE0-4D5D-AD85-60E97FDDD80A|45|14|14|14|1|2017
E3CDC578-37BA-4CDB-B150-DAB0409270CD|777CE711-981A-4613-AAA3-99E1140E90E9|e1729cc2-524a-4069-b4a4-be5aec8473fe|37D3223A-547E-4BA9-BD0C-28F6187BB5D4|C143978A-E021-4015-BC67-5A00D6C910D1|34C4244E-5CE0-4D5D-AD85-60E97FDDD80A|98|15|15|15|1|2017
E3CDC578-37BA-4CDB-B150-DAB0409270CD|289A87A1-3936-4012-9487-7B5598F672C9|e1729cc2-524a-4069-b4a4-be5aec8473fe|37D3223A-547E-4BA9-BD0C-28F6187BB5D4|C143978A-E021-4015-BC67-5A00D6C910D1|34C4244E-5CE0-4D5D-AD85-60E97FDDD80A|67|16|16|16|1|2017
E3CDC578-37BA-4CDB-B150-DAB0409270CD|F07D8FE7-DA87-40EB-A294-D06BDAC8F438|e1729cc2-524a-4069-b4a4-be5aec8473fe|37D3223A-547E-4BA9-BD0C-28F6187BB5D4|C143978A-E021-4015-BC67-5A00D6C910D1|34C4244E-5CE0-4D5D-AD85-60E97FDDD80A|45|17|17|17|1|2017
E3CDC578-37BA-4CDB-B150-DAB0409270CD|A2678067-A7A3-4D10-A30C-C3789B180A70|e1729cc2-524a-4069-b4a4-be5aec8473fe|37D3223A-547E-4BA9-BD0C-28F6187BB5D4|C143978A-E021-4015-BC67-5A00D6C910D1|34C4244E-5CE0-4D5D-AD85-60E97FDDD80A|56|18|18|18|1|2017
E3CDC578-37BA-4CDB-B150-DAB0409270CD|2F073061-C5C3-4359-B4DE-5E17D74D6620|e1729cc2-524a-4069-b4a4-be5aec8473fe|37D3223A-547E-4BA9-BD0C-28F6187BB5D4|C143978A-E021-4015-BC67-5A00D6C910D1|34C4244E-5CE0-4D5D-AD85-60E97FDDD80A|50|19|19|19|1|2017
E3CDC578-37BA-4CDB-B150-DAB0409270CD|539D4A11-2C5B-40BC-91A2-44998747E8AD|e1729cc2-524a-4069-b4a4-be5aec8473fe|37D3223A-547E-4BA9-BD0C-28F6187BB5D4|C143978A-E021-4015-BC67-5A00D6C910D1|34C4244E-5CE0-4D5D-AD85-60E97FDDD80A|58|20|20|20|1|2017
E3CDC578-37BA-4CDB-B150-DAB0409270CD|EE943C52-EF11-4D6C-BEBF-CE5901394CB3|e1729cc2-524a-4069-b4a4-be5aec8473fe|37D3223A-547E-4BA9-BD0C-28F6187BB5D4|C143978A-E021-4015-BC67-5A00D6C910D1|34C4244E-5CE0-4D5D-AD85-60E97FDDD80A|60|21|21|21|1|2017
E3CDC578-37BA-4CDB-B150-DAB0409270CD|743DB4A9-876D-4148-828D-A0CC23B736CC|e1729cc2-524a-4069-b4a4-be5aec8473fe|37D3223A-547E-4BA9-BD0C-28F6187BB5D4|C143978A-E021-4015-BC67-5A00D6C910D1|34C4244E-5CE0-4D5D-AD85-60E97FDDD80A|63|22|22|22|1|2017
E3CDC578-37BA-4CDB-B150-DAB0409270CD|CE880C8E-C8D0-49A3-AA4A-8294F8F3F307|e1729cc2-524a-4069-b4a4-be5aec8473fe|37D3223A-547E-4BA9-BD0C-28F6187BB5D4|C143978A-E021-4015-BC67-5A00D6C910D1|34C4244E-5CE0-4D5D-AD85-60E97FDDD80A|66|23|23|23|1|2017
E3CDC578-37BA-4CDB-B150-DAB0409270CD|20CA9579-140F-4DAB-8587-30AEAD28B04E|e1729cc2-524a-4069-b4a4-be5aec8473fe|37D3223A-547E-4BA9-BD0C-28F6187BB5D4|C143978A-E021-4015-BC67-5A00D6C910D1|34C4244E-5CE0-4D5D-AD85-60E97FDDD80A|77|24|24|24|1|2017
E3CDC578-37BA-4CDB-B150-DAB0409270CD|505B0413-C444-4B53-99E2-BFA56F3F771A|e1729cc2-524a-4069-b4a4-be5aec8473fe|37D3223A-547E-4BA9-BD0C-28F6187BB5D4|C143978A-E021-4015-BC67-5A00D6C910D1|34C4244E-5CE0-4D5D-AD85-60E97FDDD80A|56|25|25|25|1|2017
E3CDC578-37BA-4CDB-B150-DAB0409270CD|A48C8714-0012-4AF0-AE0F-0C3932980FC5|e1729cc2-524a-4069-b4a4-be5aec8473fe|37D3223A-547E-4BA9-BD0C-28F6187BB5D4|C143978A-E021-4015-BC67-5A00D6C910D1|34C4244E-5CE0-4D5D-AD85-60E97FDDD80A|55|26|26|26|1|2017
E3CDC578-37BA-4CDB-B150-DAB0409270CD|3DC2A34B-008C-4C2C-BD11-262FB0DA6BB3|e1729cc2-524a-4069-b4a4-be5aec8473fe|37D3223A-547E-4BA9-BD0C-28F6187BB5D4|C143978A-E021-4015-BC67-5A00D6C910D1|34C4244E-5CE0-4D5D-AD85-60E97FDDD80A|67|27|27|14|1|2017
E3CDC578-37BA-4CDB-B150-DAB0409270CD|5CF574B4-1464-4BEC-AD86-84639DE8EB1A|e1729cc2-524a-4069-b4a4-be5aec8473fe|37D3223A-547E-4BA9-BD0C-28F6187BB5D4|C143978A-E021-4015-BC67-5A00D6C910D1|34C4244E-5CE0-4D5D-AD85-60E97FDDD80A|56|28|28|15|1|2017
E3CDC578-37BA-4CDB-B150-DAB0409270CD|7C3BAB0E-C09E-4238-B3C0-9FAF188A53B7|e1729cc2-524a-4069-b4a4-be5aec8473fe|37D3223A-547E-4BA9-BD0C-28F6187BB5D4|C143978A-E021-4015-BC67-5A00D6C910D1|34C4244E-5CE0-4D5D-AD85-60E97FDDD80A|82|29|29|16|1|2017
E3CDC578-37BA-4CDB-B150-DAB0409270CD|CD23A751-4F7F-4CA4-9B98-CA509B1C9BE9|e1729cc2-524a-4069-b4a4-be5aec8473fe|37D3223A-547E-4BA9-BD0C-28F6187BB5D4|C143978A-E021-4015-BC67-5A00D6C910D1|34C4244E-5CE0-4D5D-AD85-60E97FDDD80A|96|30|30|17|1|2017
E3CDC578-37BA-4CDB-B150-DAB0409270CD|E3AC3BF6-7832-4CFA-A684-F866CFF1EC03|e1729cc2-524a-4069-b4a4-be5aec8473fe|37D3223A-547E-4BA9-BD0C-28F6187BB5D4|C143978A-E021-4015-BC67-5A00D6C910D1|34C4244E-5CE0-4D5D-AD85-60E97FDDD80A|94|31|31|18|1|2017
E3CDC578-37BA-4CDB-B150-DAB0409270CD|54A61629-5C00-42D7-9167-44AC3E6A1D49|e1729cc2-524a-4069-b4a4-be5aec8473fe|37D3223A-547E-4BA9-BD0C-28F6187BB5D4|C143978A-E021-4015-BC67-5A00D6C910D1|34C4244E-5CE0-4D5D-AD85-60E97FDDD80A|88|32|32|19|1|2017
E3CDC578-37BA-4CDB-B150-DAB0409270CD|2F1D0FF2-D63F-42EC-B26C-728328BD2D2E|e1729cc2-524a-4069-b4a4-be5aec8473fe|37D3223A-547E-4BA9-BD0C-28F6187BB5D4|C143978A-E021-4015-BC67-5A00D6C910D1|34C4244E-5CE0-4D5D-AD85-60E97FDDD80A|87|33|33|20|1|2017
E3CDC578-37BA-4CDB-B150-DAB0409270CD|6B6E166D-6F1C-4594-AC6F-220CC73C569A|e1729cc2-524a-4069-b4a4-be5aec8473fe|37D3223A-547E-4BA9-BD0C-28F6187BB5D4|C143978A-E021-4015-BC67-5A00D6C910D1|34C4244E-5CE0-4D5D-AD85-60E97FDDD80A|65|34|34|21|1|2017
E3CDC578-37BA-4CDB-B150-DAB0409270CD|3F6F8ACF-477F-4E93-9099-524272131150|e1729cc2-524a-4069-b4a4-be5aec8473fe|37D3223A-547E-4BA9-BD0C-28F6187BB5D4|C143978A-E021-4015-BC67-5A00D6C910D1|34C4244E-5CE0-4D5D-AD85-60E97FDDD80A|65|35|35|22|1|2017
E3CDC578-37BA-4CDB-B150-DAB0409270CD|CEAECA2A-D0DE-4E78-B663-2C2265C56E5A|e1729cc2-524a-4069-b4a4-be5aec8473fe|37D3223A-547E-4BA9-BD0C-28F6187BB5D4|C143978A-E021-4015-BC67-5A00D6C910D1|34C4244E-5CE0-4D5D-AD85-60E97FDDD80A|56|36|36|23|1|2017
E3CDC578-37BA-4CDB-B150-DAB0409270CD|7193EB96-25D8-4FC0-AA1F-F76B0695AB1D|e1729cc2-524a-4069-b4a4-be5aec8473fe|37D3223A-547E-4BA9-BD0C-28F6187BB5D4|C143978A-E021-4015-BC67-5A00D6C910D1|34C4244E-5CE0-4D5D-AD85-60E97FDDD80A|45|37|37|24|1|2017
E3CDC578-37BA-4CDB-B150-DAB0409270CD|9BDEB2F2-AE2F-4D41-95A7-075FE76077C9|e1729cc2-524a-4069-b4a4-be5aec8473fe|37D3223A-547E-4BA9-BD0C-28F6187BB5D4|C143978A-E021-4015-BC67-5A00D6C910D1|34C4244E-5CE0-4D5D-AD85-60E97FDDD80A|98|38|38|25|1|2017
E3CDC578-37BA-4CDB-B150-DAB0409270CD|40CC3205-3CE2-4FB3-9331-5AC66B8FAA3D|e1729cc2-524a-4069-b4a4-be5aec8473fe|37D3223A-547E-4BA9-BD0C-28F6187BB5D4|C143978A-E021-4015-BC67-5A00D6C910D1|34C4244E-5CE0-4D5D-AD85-60E97FDDD80A|67|39|39|26|1|2017
E3CDC578-37BA-4CDB-B150-DAB0409270CD|0B19CA51-195B-4FF1-9BC0-2B75DA47A5B2|e1729cc2-524a-4069-b4a4-be5aec8473fe|37D3223A-547E-4BA9-BD0C-28F6187BB5D4|C143978A-E021-4015-BC67-5A00D6C910D1|34C4244E-5CE0-4D5D-AD85-60E97FDDD80A|45|40|40|14|1|2017
E3CDC578-37BA-4CDB-B150-DAB0409270CD|745823C6-C558-45D0-A477-B963799C8F28|e1729cc2-524a-4069-b4a4-be5aec8473fe|37D3223A-547E-4BA9-BD0C-28F6187BB5D4|C143978A-E021-4015-BC67-5A00D6C910D1|34C4244E-5CE0-4D5D-AD85-60E97FDDD80A|56|41|41|15|1|2017
E3CDC578-37BA-4CDB-B150-DAB0409270CD|9D3BEDC0-924F-434C-8CFE-4EF4EE2323C9|e1729cc2-524a-4069-b4a4-be5aec8473fe|37D3223A-547E-4BA9-BD0C-28F6187BB5D4|C143978A-E021-4015-BC67-5A00D6C910D1|34C4244E-5CE0-4D5D-AD85-60E97FDDD80A|50|42|42|16|1|2017
E3CDC578-37BA-4CDB-B150-DAB0409270CD|4F218688-6DE5-4E69-8690-66FBA2F0DC9F|b9bbd718-b32f-4466-ab34-42f544ff900e|37D3223A-547E-4BA9-BD0C-28F6187BB5D4|C143978A-E021-4015-BC67-5A00D6C910D1|34C4244E-5CE0-4D5D-AD85-60E97FDDD80A|58|43|43|17|1|2017
E3CDC578-37BA-4CDB-B150-DAB0409270CD|A195BAF6-D6E7-43A5-B7C9-D6C627A42815|b9bbd718-b32f-4466-ab34-42f544ff900e|37D3223A-547E-4BA9-BD0C-28F6187BB5D4|C143978A-E021-4015-BC67-5A00D6C910D1|34C4244E-5CE0-4D5D-AD85-60E97FDDD80A|60|44|44|18|1|2017
E3CDC578-37BA-4CDB-B150-DAB0409270CD|8A1B5BDB-9589-4207-8345-A811FC18B2C9|b9bbd718-b32f-4466-ab34-42f544ff900e|37D3223A-547E-4BA9-BD0C-28F6187BB5D4|C143978A-E021-4015-BC67-5A00D6C910D1|34C4244E-5CE0-4D5D-AD85-60E97FDDD80A|63|45|45|19|1|2017
E3CDC578-37BA-4CDB-B150-DAB0409270CD|D28063C0-F2B8-4A47-9817-19656004C279|b9bbd718-b32f-4466-ab34-42f544ff900e|37D3223A-547E-4BA9-BD0C-28F6187BB5D4|C143978A-E021-4015-BC67-5A00D6C910D1|34C4244E-5CE0-4D5D-AD85-60E97FDDD80A|67|13|13|13|1|2017
E3CDC578-37BA-4CDB-B150-DAB0409270CD|C72A3B1C-A13C-462C-BDB7-AFDEFF5F2DA8|b9bbd718-b32f-4466-ab34-42f544ff900e|37D3223A-547E-4BA9-BD0C-28F6187BB5D4|C143978A-E021-4015-BC67-5A00D6C910D1|34C4244E-5CE0-4D5D-AD85-60E97FDDD80A|45|14|14|14|1|2017
E3CDC578-37BA-4CDB-B150-DAB0409270CD|9F22612B-A69B-41D3-8819-F71420D6DF2F|b9bbd718-b32f-4466-ab34-42f544ff900e|37D3223A-547E-4BA9-BD0C-28F6187BB5D4|C143978A-E021-4015-BC67-5A00D6C910D1|34C4244E-5CE0-4D5D-AD85-60E97FDDD80A|56|15|15|15|1|2017
E3CDC578-37BA-4CDB-B150-DAB0409270CD|E4CBA165-C6EE-4B1D-ADC8-C327B77B6B13|b9bbd718-b32f-4466-ab34-42f544ff900e|37D3223A-547E-4BA9-BD0C-28F6187BB5D4|C143978A-E021-4015-BC67-5A00D6C910D1|34C4244E-5CE0-4D5D-AD85-60E97FDDD80A|50|16|16|16|1|2017
E3CDC578-37BA-4CDB-B150-DAB0409270CD|F26BC70F-FDDC-4383-A8D9-E0E5457834D9|b9bbd718-b32f-4466-ab34-42f544ff900e|37D3223A-547E-4BA9-BD0C-28F6187BB5D4|C143978A-E021-4015-BC67-5A00D6C910D1|34C4244E-5CE0-4D5D-AD85-60E97FDDD80A|58|17|17|17|1|2017
E3CDC578-37BA-4CDB-B150-DAB0409270CD|BDBD35C0-F0A5-46F8-AFFF-5F2BBC182C25|b9bbd718-b32f-4466-ab34-42f544ff900e|37D3223A-547E-4BA9-BD0C-28F6187BB5D4|C143978A-E021-4015-BC67-5A00D6C910D1|34C4244E-5CE0-4D5D-AD85-60E97FDDD80A|60|18|18|18|1|2017
E3CDC578-37BA-4CDB-B150-DAB0409270CD|31638728-0D17-4D23-B876-FF238D90B7F9|b9bbd718-b32f-4466-ab34-42f544ff900e|37D3223A-547E-4BA9-BD0C-28F6187BB5D4|C143978A-E021-4015-BC67-5A00D6C910D1|34C4244E-5CE0-4D5D-AD85-60E97FDDD80A|63|19|19|19|1|2017
E3CDC578-37BA-4CDB-B150-DAB0409270CD|172EE44D-088A-4766-A021-690628406CB9|b9bbd718-b32f-4466-ab34-42f544ff900e|37D3223A-547E-4BA9-BD0C-28F6187BB5D4|C143978A-E021-4015-BC67-5A00D6C910D1|34C4244E-5CE0-4D5D-AD85-60E97FDDD80A|76|20|20|20|1|2017
E3CDC578-37BA-4CDB-B150-DAB0409270CD|582A7D9B-1159-40C5-B8EF-21173770BFA3|b9bbd718-b32f-4466-ab34-42f544ff900e|37D3223A-547E-4BA9-BD0C-28F6187BB5D4|C143978A-E021-4015-BC67-5A00D6C910D1|34C4244E-5CE0-4D5D-AD85-60E97FDDD80A|56|21|21|21|1|2017
E3CDC578-37BA-4CDB-B150-DAB0409270CD|777CE711-981A-4613-AAA3-99E1140E90E9|b9bbd718-b32f-4466-ab34-42f544ff900e|37D3223A-547E-4BA9-BD0C-28F6187BB5D4|C143978A-E021-4015-BC67-5A00D6C910D1|34C4244E-5CE0-4D5D-AD85-60E97FDDD80A|82|22|22|22|1|2017
E3CDC578-37BA-4CDB-B150-DAB0409270CD|289A87A1-3936-4012-9487-7B5598F672C9|b9bbd718-b32f-4466-ab34-42f544ff900e|37D3223A-547E-4BA9-BD0C-28F6187BB5D4|C143978A-E021-4015-BC67-5A00D6C910D1|34C4244E-5CE0-4D5D-AD85-60E97FDDD80A|46|23|23|23|1|2017
E3CDC578-37BA-4CDB-B150-DAB0409270CD|F07D8FE7-DA87-40EB-A294-D06BDAC8F438|b9bbd718-b32f-4466-ab34-42f544ff900e|37D3223A-547E-4BA9-BD0C-28F6187BB5D4|C143978A-E021-4015-BC67-5A00D6C910D1|34C4244E-5CE0-4D5D-AD85-60E97FDDD80A|50|24|24|24|1|2017
E3CDC578-37BA-4CDB-B150-DAB0409270CD|A2678067-A7A3-4D10-A30C-C3789B180A70|b9bbd718-b32f-4466-ab34-42f544ff900e|37D3223A-547E-4BA9-BD0C-28F6187BB5D4|C143978A-E021-4015-BC67-5A00D6C910D1|34C4244E-5CE0-4D5D-AD85-60E97FDDD80A|23|25|25|25|1|2017
E3CDC578-37BA-4CDB-B150-DAB0409270CD|2F073061-C5C3-4359-B4DE-5E17D74D6620|b9bbd718-b32f-4466-ab34-42f544ff900e|37D3223A-547E-4BA9-BD0C-28F6187BB5D4|C143978A-E021-4015-BC67-5A00D6C910D1|34C4244E-5CE0-4D5D-AD85-60E97FDDD80A|34|26|26|26|1|2017
E3CDC578-37BA-4CDB-B150-DAB0409270CD|539D4A11-2C5B-40BC-91A2-44998747E8AD|b9bbd718-b32f-4466-ab34-42f544ff900e|37D3223A-547E-4BA9-BD0C-28F6187BB5D4|C143978A-E021-4015-BC67-5A00D6C910D1|34C4244E-5CE0-4D5D-AD85-60E97FDDD80A|45|27|27|14|1|2017
E3CDC578-37BA-4CDB-B150-DAB0409270CD|EE943C52-EF11-4D6C-BEBF-CE5901394CB3|b9bbd718-b32f-4466-ab34-42f544ff900e|37D3223A-547E-4BA9-BD0C-28F6187BB5D4|C143978A-E021-4015-BC67-5A00D6C910D1|34C4244E-5CE0-4D5D-AD85-60E97FDDD80A|56|28|28|15|1|2017
E3CDC578-37BA-4CDB-B150-DAB0409270CD|743DB4A9-876D-4148-828D-A0CC23B736CC|b9bbd718-b32f-4466-ab34-42f544ff900e|37D3223A-547E-4BA9-BD0C-28F6187BB5D4|C143978A-E021-4015-BC67-5A00D6C910D1|34C4244E-5CE0-4D5D-AD85-60E97FDDD80A|76|29|29|16|1|2017
E3CDC578-37BA-4CDB-B150-DAB0409270CD|CE880C8E-C8D0-49A3-AA4A-8294F8F3F307|b9bbd718-b32f-4466-ab34-42f544ff900e|37D3223A-547E-4BA9-BD0C-28F6187BB5D4|C143978A-E021-4015-BC67-5A00D6C910D1|34C4244E-5CE0-4D5D-AD85-60E97FDDD80A|34|30|30|17|1|2017
E3CDC578-37BA-4CDB-B150-DAB0409270CD|20CA9579-140F-4DAB-8587-30AEAD28B04E|b9bbd718-b32f-4466-ab34-42f544ff900e|37D3223A-547E-4BA9-BD0C-28F6187BB5D4|C143978A-E021-4015-BC67-5A00D6C910D1|34C4244E-5CE0-4D5D-AD85-60E97FDDD80A|78|31|31|18|1|2017
E3CDC578-37BA-4CDB-B150-DAB0409270CD|505B0413-C444-4B53-99E2-BFA56F3F771A|b9bbd718-b32f-4466-ab34-42f544ff900e|37D3223A-547E-4BA9-BD0C-28F6187BB5D4|C143978A-E021-4015-BC67-5A00D6C910D1|34C4244E-5CE0-4D5D-AD85-60E97FDDD80A|67|32|32|19|1|2017
E3CDC578-37BA-4CDB-B150-DAB0409270CD|A48C8714-0012-4AF0-AE0F-0C3932980FC5|b9bbd718-b32f-4466-ab34-42f544ff900e|37D3223A-547E-4BA9-BD0C-28F6187BB5D4|C143978A-E021-4015-BC67-5A00D6C910D1|34C4244E-5CE0-4D5D-AD85-60E97FDDD80A|89|33|33|20|1|2017
E3CDC578-37BA-4CDB-B150-DAB0409270CD|3DC2A34B-008C-4C2C-BD11-262FB0DA6BB3|b9bbd718-b32f-4466-ab34-42f544ff900e|37D3223A-547E-4BA9-BD0C-28F6187BB5D4|C143978A-E021-4015-BC67-5A00D6C910D1|34C4244E-5CE0-4D5D-AD85-60E97FDDD80A|65|34|34|21|1|2017
E3CDC578-37BA-4CDB-B150-DAB0409270CD|5CF574B4-1464-4BEC-AD86-84639DE8EB1A|b9bbd718-b32f-4466-ab34-42f544ff900e|37D3223A-547E-4BA9-BD0C-28F6187BB5D4|C143978A-E021-4015-BC67-5A00D6C910D1|34C4244E-5CE0-4D5D-AD85-60E97FDDD80A|65|35|35|22|1|2017
E3CDC578-37BA-4CDB-B150-DAB0409270CD|7C3BAB0E-C09E-4238-B3C0-9FAF188A53B7|b9bbd718-b32f-4466-ab34-42f544ff900e|37D3223A-547E-4BA9-BD0C-28F6187BB5D4|C143978A-E021-4015-BC67-5A00D6C910D1|34C4244E-5CE0-4D5D-AD85-60E97FDDD80A|56|36|36|23|1|2017
E3CDC578-37BA-4CDB-B150-DAB0409270CD|CD23A751-4F7F-4CA4-9B98-CA509B1C9BE9|b9bbd718-b32f-4466-ab34-42f544ff900e|37D3223A-547E-4BA9-BD0C-28F6187BB5D4|C143978A-E021-4015-BC67-5A00D6C910D1|34C4244E-5CE0-4D5D-AD85-60E97FDDD80A|67|37|37|24|1|2017
E3CDC578-37BA-4CDB-B150-DAB0409270CD|E3AC3BF6-7832-4CFA-A684-F866CFF1EC03|b9bbd718-b32f-4466-ab34-42f544ff900e|37D3223A-547E-4BA9-BD0C-28F6187BB5D4|C143978A-E021-4015-BC67-5A00D6C910D1|34C4244E-5CE0-4D5D-AD85-60E97FDDD80A|87|38|38|25|1|2017
E3CDC578-37BA-4CDB-B150-DAB0409270CD|54A61629-5C00-42D7-9167-44AC3E6A1D49|b9bbd718-b32f-4466-ab34-42f544ff900e|37D3223A-547E-4BA9-BD0C-28F6187BB5D4|C143978A-E021-4015-BC67-5A00D6C910D1|34C4244E-5CE0-4D5D-AD85-60E97FDDD80A|76|39|39|26|1|2017
E3CDC578-37BA-4CDB-B150-DAB0409270CD|2F1D0FF2-D63F-42EC-B26C-728328BD2D2E|b9bbd718-b32f-4466-ab34-42f544ff900e|37D3223A-547E-4BA9-BD0C-28F6187BB5D4|C143978A-E021-4015-BC67-5A00D6C910D1|34C4244E-5CE0-4D5D-AD85-60E97FDDD80A|56|40|40|14|1|2017
E3CDC578-37BA-4CDB-B150-DAB0409270CD|6B6E166D-6F1C-4594-AC6F-220CC73C569A|b9bbd718-b32f-4466-ab34-42f544ff900e|37D3223A-547E-4BA9-BD0C-28F6187BB5D4|C143978A-E021-4015-BC67-5A00D6C910D1|34C4244E-5CE0-4D5D-AD85-60E97FDDD80A|54|41|41|15|1|2017
E3CDC578-37BA-4CDB-B150-DAB0409270CD|3F6F8ACF-477F-4E93-9099-524272131150|b9bbd718-b32f-4466-ab34-42f544ff900e|37D3223A-547E-4BA9-BD0C-28F6187BB5D4|C143978A-E021-4015-BC67-5A00D6C910D1|34C4244E-5CE0-4D5D-AD85-60E97FDDD80A|58|42|42|16|1|2017
E3CDC578-37BA-4CDB-B150-DAB0409270CD|CEAECA2A-D0DE-4E78-B663-2C2265C56E5A|b9bbd718-b32f-4466-ab34-42f544ff900e|37D3223A-547E-4BA9-BD0C-28F6187BB5D4|C143978A-E021-4015-BC67-5A00D6C910D1|34C4244E-5CE0-4D5D-AD85-60E97FDDD80A|60|43|43|17|1|2017
E3CDC578-37BA-4CDB-B150-DAB0409270CD|7193EB96-25D8-4FC0-AA1F-F76B0695AB1D|b9bbd718-b32f-4466-ab34-42f544ff900e|37D3223A-547E-4BA9-BD0C-28F6187BB5D4|C143978A-E021-4015-BC67-5A00D6C910D1|34C4244E-5CE0-4D5D-AD85-60E97FDDD80A|63|44|44|18|1|2017
E3CDC578-37BA-4CDB-B150-DAB0409270CD|9BDEB2F2-AE2F-4D41-95A7-075FE76077C9|b9bbd718-b32f-4466-ab34-42f544ff900e|37D3223A-547E-4BA9-BD0C-28F6187BB5D4|C143978A-E021-4015-BC67-5A00D6C910D1|34C4244E-5CE0-4D5D-AD85-60E97FDDD80A|66|45|45|19|1|2017
E3CDC578-37BA-4CDB-B150-DAB0409270CD|40CC3205-3CE2-4FB3-9331-5AC66B8FAA3D|b9bbd718-b32f-4466-ab34-42f544ff900e|37D3223A-547E-4BA9-BD0C-28F6187BB5D4|C143978A-E021-4015-BC67-5A00D6C910D1|34C4244E-5CE0-4D5D-AD85-60E97FDDD80A|77|13|13|13|1|2017
E3CDC578-37BA-4CDB-B150-DAB0409270CD|0B19CA51-195B-4FF1-9BC0-2B75DA47A5B2|b9bbd718-b32f-4466-ab34-42f544ff900e|37D3223A-547E-4BA9-BD0C-28F6187BB5D4|C143978A-E021-4015-BC67-5A00D6C910D1|34C4244E-5CE0-4D5D-AD85-60E97FDDD80A|56|14|14|14|1|2017
E3CDC578-37BA-4CDB-B150-DAB0409270CD|745823C6-C558-45D0-A477-B963799C8F28|b9bbd718-b32f-4466-ab34-42f544ff900e|37D3223A-547E-4BA9-BD0C-28F6187BB5D4|C143978A-E021-4015-BC67-5A00D6C910D1|34C4244E-5CE0-4D5D-AD85-60E97FDDD80A|55|15|15|15|1|2017
E3CDC578-37BA-4CDB-B150-DAB0409270CD|9D3BEDC0-924F-434C-8CFE-4EF4EE2323C9|b9bbd718-b32f-4466-ab34-42f544ff900e|37D3223A-547E-4BA9-BD0C-28F6187BB5D4|C143978A-E021-4015-BC67-5A00D6C910D1|34C4244E-5CE0-4D5D-AD85-60E97FDDD80A|67|16|16|16|1|2017
E3CDC578-37BA-4CDB-B150-DAB0409270CD|4F218688-6DE5-4E69-8690-66FBA2F0DC9F|C1F28FF4-1A18-4552-822A-7A4767643643|37D3223A-547E-4BA9-BD0C-28F6187BB5D4|C143978A-E021-4015-BC67-5A00D6C910D1|34C4244E-5CE0-4D5D-AD85-60E97FDDD80A|56|17|17|17|1|2017
E3CDC578-37BA-4CDB-B150-DAB0409270CD|A195BAF6-D6E7-43A5-B7C9-D6C627A42815|C1F28FF4-1A18-4552-822A-7A4767643643|37D3223A-547E-4BA9-BD0C-28F6187BB5D4|C143978A-E021-4015-BC67-5A00D6C910D1|34C4244E-5CE0-4D5D-AD85-60E97FDDD80A|82|18|18|18|1|2017
E3CDC578-37BA-4CDB-B150-DAB0409270CD|8A1B5BDB-9589-4207-8345-A811FC18B2C9|C1F28FF4-1A18-4552-822A-7A4767643643|37D3223A-547E-4BA9-BD0C-28F6187BB5D4|C143978A-E021-4015-BC67-5A00D6C910D1|34C4244E-5CE0-4D5D-AD85-60E97FDDD80A|96|19|19|19|1|2017
E3CDC578-37BA-4CDB-B150-DAB0409270CD|D28063C0-F2B8-4A47-9817-19656004C279|C1F28FF4-1A18-4552-822A-7A4767643643|37D3223A-547E-4BA9-BD0C-28F6187BB5D4|C143978A-E021-4015-BC67-5A00D6C910D1|34C4244E-5CE0-4D5D-AD85-60E97FDDD80A|94|20|20|20|1|2017
E3CDC578-37BA-4CDB-B150-DAB0409270CD|C72A3B1C-A13C-462C-BDB7-AFDEFF5F2DA8|C1F28FF4-1A18-4552-822A-7A4767643643|37D3223A-547E-4BA9-BD0C-28F6187BB5D4|C143978A-E021-4015-BC67-5A00D6C910D1|34C4244E-5CE0-4D5D-AD85-60E97FDDD80A|88|21|21|21|1|2017
E3CDC578-37BA-4CDB-B150-DAB0409270CD|9F22612B-A69B-41D3-8819-F71420D6DF2F|C1F28FF4-1A18-4552-822A-7A4767643643|37D3223A-547E-4BA9-BD0C-28F6187BB5D4|C143978A-E021-4015-BC67-5A00D6C910D1|34C4244E-5CE0-4D5D-AD85-60E97FDDD80A|87|22|22|22|1|2017
E3CDC578-37BA-4CDB-B150-DAB0409270CD|E4CBA165-C6EE-4B1D-ADC8-C327B77B6B13|C1F28FF4-1A18-4552-822A-7A4767643643|37D3223A-547E-4BA9-BD0C-28F6187BB5D4|C143978A-E021-4015-BC67-5A00D6C910D1|34C4244E-5CE0-4D5D-AD85-60E97FDDD80A|65|23|23|23|1|2017
E3CDC578-37BA-4CDB-B150-DAB0409270CD|F26BC70F-FDDC-4383-A8D9-E0E5457834D9|C1F28FF4-1A18-4552-822A-7A4767643643|37D3223A-547E-4BA9-BD0C-28F6187BB5D4|C143978A-E021-4015-BC67-5A00D6C910D1|34C4244E-5CE0-4D5D-AD85-60E97FDDD80A|65|24|24|24|1|2017
E3CDC578-37BA-4CDB-B150-DAB0409270CD|BDBD35C0-F0A5-46F8-AFFF-5F2BBC182C25|C1F28FF4-1A18-4552-822A-7A4767643643|37D3223A-547E-4BA9-BD0C-28F6187BB5D4|C143978A-E021-4015-BC67-5A00D6C910D1|34C4244E-5CE0-4D5D-AD85-60E97FDDD80A|56|25|25|25|1|2017
E3CDC578-37BA-4CDB-B150-DAB0409270CD|31638728-0D17-4D23-B876-FF238D90B7F9|C1F28FF4-1A18-4552-822A-7A4767643643|37D3223A-547E-4BA9-BD0C-28F6187BB5D4|C143978A-E021-4015-BC67-5A00D6C910D1|34C4244E-5CE0-4D5D-AD85-60E97FDDD80A|45|26|26|26|1|2017
E3CDC578-37BA-4CDB-B150-DAB0409270CD|172EE44D-088A-4766-A021-690628406CB9|C1F28FF4-1A18-4552-822A-7A4767643643|37D3223A-547E-4BA9-BD0C-28F6187BB5D4|C143978A-E021-4015-BC67-5A00D6C910D1|34C4244E-5CE0-4D5D-AD85-60E97FDDD80A|98|27|27|14|1|2017
E3CDC578-37BA-4CDB-B150-DAB0409270CD|582A7D9B-1159-40C5-B8EF-21173770BFA3|C1F28FF4-1A18-4552-822A-7A4767643643|37D3223A-547E-4BA9-BD0C-28F6187BB5D4|C143978A-E021-4015-BC67-5A00D6C910D1|34C4244E-5CE0-4D5D-AD85-60E97FDDD80A|67|28|28|15|1|2017
E3CDC578-37BA-4CDB-B150-DAB0409270CD|777CE711-981A-4613-AAA3-99E1140E90E9|C1F28FF4-1A18-4552-822A-7A4767643643|37D3223A-547E-4BA9-BD0C-28F6187BB5D4|C143978A-E021-4015-BC67-5A00D6C910D1|34C4244E-5CE0-4D5D-AD85-60E97FDDD80A|45|29|29|16|1|2017
E3CDC578-37BA-4CDB-B150-DAB0409270CD|289A87A1-3936-4012-9487-7B5598F672C9|C1F28FF4-1A18-4552-822A-7A4767643643|37D3223A-547E-4BA9-BD0C-28F6187BB5D4|C143978A-E021-4015-BC67-5A00D6C910D1|34C4244E-5CE0-4D5D-AD85-60E97FDDD80A|56|30|30|17|1|2017
E3CDC578-37BA-4CDB-B150-DAB0409270CD|F07D8FE7-DA87-40EB-A294-D06BDAC8F438|C1F28FF4-1A18-4552-822A-7A4767643643|37D3223A-547E-4BA9-BD0C-28F6187BB5D4|C143978A-E021-4015-BC67-5A00D6C910D1|34C4244E-5CE0-4D5D-AD85-60E97FDDD80A|50|31|31|18|1|2017
E3CDC578-37BA-4CDB-B150-DAB0409270CD|A2678067-A7A3-4D10-A30C-C3789B180A70|C1F28FF4-1A18-4552-822A-7A4767643643|37D3223A-547E-4BA9-BD0C-28F6187BB5D4|C143978A-E021-4015-BC67-5A00D6C910D1|34C4244E-5CE0-4D5D-AD85-60E97FDDD80A|58|32|32|19|1|2017
E3CDC578-37BA-4CDB-B150-DAB0409270CD|2F073061-C5C3-4359-B4DE-5E17D74D6620|C1F28FF4-1A18-4552-822A-7A4767643643|37D3223A-547E-4BA9-BD0C-28F6187BB5D4|C143978A-E021-4015-BC67-5A00D6C910D1|34C4244E-5CE0-4D5D-AD85-60E97FDDD80A|60|33|33|20|1|2017
E3CDC578-37BA-4CDB-B150-DAB0409270CD|539D4A11-2C5B-40BC-91A2-44998747E8AD|C1F28FF4-1A18-4552-822A-7A4767643643|37D3223A-547E-4BA9-BD0C-28F6187BB5D4|C143978A-E021-4015-BC67-5A00D6C910D1|34C4244E-5CE0-4D5D-AD85-60E97FDDD80A|63|34|34|21|1|2017
E3CDC578-37BA-4CDB-B150-DAB0409270CD|EE943C52-EF11-4D6C-BEBF-CE5901394CB3|C1F28FF4-1A18-4552-822A-7A4767643643|37D3223A-547E-4BA9-BD0C-28F6187BB5D4|C143978A-E021-4015-BC67-5A00D6C910D1|34C4244E-5CE0-4D5D-AD85-60E97FDDD80A|66|35|35|22|1|2017
E3CDC578-37BA-4CDB-B150-DAB0409270CD|743DB4A9-876D-4148-828D-A0CC23B736CC|C1F28FF4-1A18-4552-822A-7A4767643643|37D3223A-547E-4BA9-BD0C-28F6187BB5D4|C143978A-E021-4015-BC67-5A00D6C910D1|34C4244E-5CE0-4D5D-AD85-60E97FDDD80A|77|36|36|23|1|2017
E3CDC578-37BA-4CDB-B150-DAB0409270CD|CE880C8E-C8D0-49A3-AA4A-8294F8F3F307|C1F28FF4-1A18-4552-822A-7A4767643643|37D3223A-547E-4BA9-BD0C-28F6187BB5D4|C143978A-E021-4015-BC67-5A00D6C910D1|34C4244E-5CE0-4D5D-AD85-60E97FDDD80A|56|37|37|24|1|2017
E3CDC578-37BA-4CDB-B150-DAB0409270CD|20CA9579-140F-4DAB-8587-30AEAD28B04E|C1F28FF4-1A18-4552-822A-7A4767643643|37D3223A-547E-4BA9-BD0C-28F6187BB5D4|C143978A-E021-4015-BC67-5A00D6C910D1|34C4244E-5CE0-4D5D-AD85-60E97FDDD80A|55|38|38|25|1|2017
E3CDC578-37BA-4CDB-B150-DAB0409270CD|505B0413-C444-4B53-99E2-BFA56F3F771A|C1F28FF4-1A18-4552-822A-7A4767643643|37D3223A-547E-4BA9-BD0C-28F6187BB5D4|C143978A-E021-4015-BC67-5A00D6C910D1|34C4244E-5CE0-4D5D-AD85-60E97FDDD80A|67|39|39|26|1|2017
E3CDC578-37BA-4CDB-B150-DAB0409270CD|A48C8714-0012-4AF0-AE0F-0C3932980FC5|C1F28FF4-1A18-4552-822A-7A4767643643|37D3223A-547E-4BA9-BD0C-28F6187BB5D4|C143978A-E021-4015-BC67-5A00D6C910D1|34C4244E-5CE0-4D5D-AD85-60E97FDDD80A|56|40|40|14|1|2017
E3CDC578-37BA-4CDB-B150-DAB0409270CD|3DC2A34B-008C-4C2C-BD11-262FB0DA6BB3|C1F28FF4-1A18-4552-822A-7A4767643643|37D3223A-547E-4BA9-BD0C-28F6187BB5D4|C143978A-E021-4015-BC67-5A00D6C910D1|34C4244E-5CE0-4D5D-AD85-60E97FDDD80A|82|41|41|15|1|2017
E3CDC578-37BA-4CDB-B150-DAB0409270CD|5CF574B4-1464-4BEC-AD86-84639DE8EB1A|C1F28FF4-1A18-4552-822A-7A4767643643|37D3223A-547E-4BA9-BD0C-28F6187BB5D4|C143978A-E021-4015-BC67-5A00D6C910D1|34C4244E-5CE0-4D5D-AD85-60E97FDDD80A|96|42|42|16|1|2017
E3CDC578-37BA-4CDB-B150-DAB0409270CD|7C3BAB0E-C09E-4238-B3C0-9FAF188A53B7|C1F28FF4-1A18-4552-822A-7A4767643643|37D3223A-547E-4BA9-BD0C-28F6187BB5D4|C143978A-E021-4015-BC67-5A00D6C910D1|34C4244E-5CE0-4D5D-AD85-60E97FDDD80A|94|43|43|17|1|2017
E3CDC578-37BA-4CDB-B150-DAB0409270CD|CD23A751-4F7F-4CA4-9B98-CA509B1C9BE9|C1F28FF4-1A18-4552-822A-7A4767643643|37D3223A-547E-4BA9-BD0C-28F6187BB5D4|C143978A-E021-4015-BC67-5A00D6C910D1|34C4244E-5CE0-4D5D-AD85-60E97FDDD80A|88|44|44|18|1|2017
E3CDC578-37BA-4CDB-B150-DAB0409270CD|E3AC3BF6-7832-4CFA-A684-F866CFF1EC03|C1F28FF4-1A18-4552-822A-7A4767643643|37D3223A-547E-4BA9-BD0C-28F6187BB5D4|C143978A-E021-4015-BC67-5A00D6C910D1|34C4244E-5CE0-4D5D-AD85-60E97FDDD80A|87|45|45|19|1|2017
E3CDC578-37BA-4CDB-B150-DAB0409270CD|54A61629-5C00-42D7-9167-44AC3E6A1D49|C1F28FF4-1A18-4552-822A-7A4767643643|37D3223A-547E-4BA9-BD0C-28F6187BB5D4|C143978A-E021-4015-BC67-5A00D6C910D1|34C4244E-5CE0-4D5D-AD85-60E97FDDD80A|65|13|13|13|1|2017
E3CDC578-37BA-4CDB-B150-DAB0409270CD|2F1D0FF2-D63F-42EC-B26C-728328BD2D2E|C1F28FF4-1A18-4552-822A-7A4767643643|37D3223A-547E-4BA9-BD0C-28F6187BB5D4|C143978A-E021-4015-BC67-5A00D6C910D1|34C4244E-5CE0-4D5D-AD85-60E97FDDD80A|65|14|14|14|1|2017
E3CDC578-37BA-4CDB-B150-DAB0409270CD|6B6E166D-6F1C-4594-AC6F-220CC73C569A|C1F28FF4-1A18-4552-822A-7A4767643643|37D3223A-547E-4BA9-BD0C-28F6187BB5D4|C143978A-E021-4015-BC67-5A00D6C910D1|34C4244E-5CE0-4D5D-AD85-60E97FDDD80A|56|15|15|15|1|2017
E3CDC578-37BA-4CDB-B150-DAB0409270CD|3F6F8ACF-477F-4E93-9099-524272131150|C1F28FF4-1A18-4552-822A-7A4767643643|37D3223A-547E-4BA9-BD0C-28F6187BB5D4|C143978A-E021-4015-BC67-5A00D6C910D1|34C4244E-5CE0-4D5D-AD85-60E97FDDD80A|45|16|16|16|1|2017
E3CDC578-37BA-4CDB-B150-DAB0409270CD|CEAECA2A-D0DE-4E78-B663-2C2265C56E5A|C1F28FF4-1A18-4552-822A-7A4767643643|37D3223A-547E-4BA9-BD0C-28F6187BB5D4|C143978A-E021-4015-BC67-5A00D6C910D1|34C4244E-5CE0-4D5D-AD85-60E97FDDD80A|98|17|17|17|1|2017
E3CDC578-37BA-4CDB-B150-DAB0409270CD|7193EB96-25D8-4FC0-AA1F-F76B0695AB1D|C1F28FF4-1A18-4552-822A-7A4767643643|37D3223A-547E-4BA9-BD0C-28F6187BB5D4|C143978A-E021-4015-BC67-5A00D6C910D1|34C4244E-5CE0-4D5D-AD85-60E97FDDD80A|67|18|18|18|1|2017
E3CDC578-37BA-4CDB-B150-DAB0409270CD|9BDEB2F2-AE2F-4D41-95A7-075FE76077C9|C1F28FF4-1A18-4552-822A-7A4767643643|37D3223A-547E-4BA9-BD0C-28F6187BB5D4|C143978A-E021-4015-BC67-5A00D6C910D1|34C4244E-5CE0-4D5D-AD85-60E97FDDD80A|45|19|19|19|1|2017
E3CDC578-37BA-4CDB-B150-DAB0409270CD|40CC3205-3CE2-4FB3-9331-5AC66B8FAA3D|C1F28FF4-1A18-4552-822A-7A4767643643|37D3223A-547E-4BA9-BD0C-28F6187BB5D4|C143978A-E021-4015-BC67-5A00D6C910D1|34C4244E-5CE0-4D5D-AD85-60E97FDDD80A|56|20|20|20|1|2017
E3CDC578-37BA-4CDB-B150-DAB0409270CD|0B19CA51-195B-4FF1-9BC0-2B75DA47A5B2|C1F28FF4-1A18-4552-822A-7A4767643643|37D3223A-547E-4BA9-BD0C-28F6187BB5D4|C143978A-E021-4015-BC67-5A00D6C910D1|34C4244E-5CE0-4D5D-AD85-60E97FDDD80A|50|21|21|21|1|2017
E3CDC578-37BA-4CDB-B150-DAB0409270CD|745823C6-C558-45D0-A477-B963799C8F28|C1F28FF4-1A18-4552-822A-7A4767643643|37D3223A-547E-4BA9-BD0C-28F6187BB5D4|C143978A-E021-4015-BC67-5A00D6C910D1|34C4244E-5CE0-4D5D-AD85-60E97FDDD80A|58|22|22|22|1|2017
E3CDC578-37BA-4CDB-B150-DAB0409270CD|9D3BEDC0-924F-434C-8CFE-4EF4EE2323C9|C1F28FF4-1A18-4552-822A-7A4767643643|37D3223A-547E-4BA9-BD0C-28F6187BB5D4|C143978A-E021-4015-BC67-5A00D6C910D1|34C4244E-5CE0-4D5D-AD85-60E97FDDD80A|60|23|23|23|1|2017
E3CDC578-37BA-4CDB-B150-DAB0409270CD|4F218688-6DE5-4E69-8690-66FBA2F0DC9F|F1972BF2-C788-4F41-94FE-FBA1869C92BC|37D3223A-547E-4BA9-BD0C-28F6187BB5D4|C143978A-E021-4015-BC67-5A00D6C910D1|34C4244E-5CE0-4D5D-AD85-60E97FDDD80A|63|24|24|24|1|2017
E3CDC578-37BA-4CDB-B150-DAB0409270CD|A195BAF6-D6E7-43A5-B7C9-D6C627A42815|F1972BF2-C788-4F41-94FE-FBA1869C92BC|37D3223A-547E-4BA9-BD0C-28F6187BB5D4|C143978A-E021-4015-BC67-5A00D6C910D1|34C4244E-5CE0-4D5D-AD85-60E97FDDD80A|67|25|25|25|1|2017
E3CDC578-37BA-4CDB-B150-DAB0409270CD|8A1B5BDB-9589-4207-8345-A811FC18B2C9|F1972BF2-C788-4F41-94FE-FBA1869C92BC|37D3223A-547E-4BA9-BD0C-28F6187BB5D4|C143978A-E021-4015-BC67-5A00D6C910D1|34C4244E-5CE0-4D5D-AD85-60E97FDDD80A|45|26|26|26|1|2017
E3CDC578-37BA-4CDB-B150-DAB0409270CD|D28063C0-F2B8-4A47-9817-19656004C279|F1972BF2-C788-4F41-94FE-FBA1869C92BC|37D3223A-547E-4BA9-BD0C-28F6187BB5D4|C143978A-E021-4015-BC67-5A00D6C910D1|34C4244E-5CE0-4D5D-AD85-60E97FDDD80A|56|27|27|14|1|2017
E3CDC578-37BA-4CDB-B150-DAB0409270CD|C72A3B1C-A13C-462C-BDB7-AFDEFF5F2DA8|F1972BF2-C788-4F41-94FE-FBA1869C92BC|37D3223A-547E-4BA9-BD0C-28F6187BB5D4|C143978A-E021-4015-BC67-5A00D6C910D1|34C4244E-5CE0-4D5D-AD85-60E97FDDD80A|50|28|28|15|1|2017
E3CDC578-37BA-4CDB-B150-DAB0409270CD|9F22612B-A69B-41D3-8819-F71420D6DF2F|F1972BF2-C788-4F41-94FE-FBA1869C92BC|37D3223A-547E-4BA9-BD0C-28F6187BB5D4|C143978A-E021-4015-BC67-5A00D6C910D1|34C4244E-5CE0-4D5D-AD85-60E97FDDD80A|58|29|29|16|1|2017
E3CDC578-37BA-4CDB-B150-DAB0409270CD|E4CBA165-C6EE-4B1D-ADC8-C327B77B6B13|F1972BF2-C788-4F41-94FE-FBA1869C92BC|37D3223A-547E-4BA9-BD0C-28F6187BB5D4|C143978A-E021-4015-BC67-5A00D6C910D1|34C4244E-5CE0-4D5D-AD85-60E97FDDD80A|60|30|30|17|1|2017
E3CDC578-37BA-4CDB-B150-DAB0409270CD|F26BC70F-FDDC-4383-A8D9-E0E5457834D9|F1972BF2-C788-4F41-94FE-FBA1869C92BC|37D3223A-547E-4BA9-BD0C-28F6187BB5D4|C143978A-E021-4015-BC67-5A00D6C910D1|34C4244E-5CE0-4D5D-AD85-60E97FDDD80A|63|31|31|18|1|2017
E3CDC578-37BA-4CDB-B150-DAB0409270CD|BDBD35C0-F0A5-46F8-AFFF-5F2BBC182C25|F1972BF2-C788-4F41-94FE-FBA1869C92BC|37D3223A-547E-4BA9-BD0C-28F6187BB5D4|C143978A-E021-4015-BC67-5A00D6C910D1|34C4244E-5CE0-4D5D-AD85-60E97FDDD80A|76|32|32|19|1|2017
E3CDC578-37BA-4CDB-B150-DAB0409270CD|31638728-0D17-4D23-B876-FF238D90B7F9|F1972BF2-C788-4F41-94FE-FBA1869C92BC|37D3223A-547E-4BA9-BD0C-28F6187BB5D4|C143978A-E021-4015-BC67-5A00D6C910D1|34C4244E-5CE0-4D5D-AD85-60E97FDDD80A|56|33|33|20|1|2017
E3CDC578-37BA-4CDB-B150-DAB0409270CD|172EE44D-088A-4766-A021-690628406CB9|F1972BF2-C788-4F41-94FE-FBA1869C92BC|37D3223A-547E-4BA9-BD0C-28F6187BB5D4|C143978A-E021-4015-BC67-5A00D6C910D1|34C4244E-5CE0-4D5D-AD85-60E97FDDD80A|82|34|34|21|1|2017
E3CDC578-37BA-4CDB-B150-DAB0409270CD|582A7D9B-1159-40C5-B8EF-21173770BFA3|F1972BF2-C788-4F41-94FE-FBA1869C92BC|37D3223A-547E-4BA9-BD0C-28F6187BB5D4|C143978A-E021-4015-BC67-5A00D6C910D1|34C4244E-5CE0-4D5D-AD85-60E97FDDD80A|46|35|35|22|1|2017
E3CDC578-37BA-4CDB-B150-DAB0409270CD|777CE711-981A-4613-AAA3-99E1140E90E9|F1972BF2-C788-4F41-94FE-FBA1869C92BC|37D3223A-547E-4BA9-BD0C-28F6187BB5D4|C143978A-E021-4015-BC67-5A00D6C910D1|34C4244E-5CE0-4D5D-AD85-60E97FDDD80A|50|36|36|23|1|2017
E3CDC578-37BA-4CDB-B150-DAB0409270CD|289A87A1-3936-4012-9487-7B5598F672C9|F1972BF2-C788-4F41-94FE-FBA1869C92BC|37D3223A-547E-4BA9-BD0C-28F6187BB5D4|C143978A-E021-4015-BC67-5A00D6C910D1|34C4244E-5CE0-4D5D-AD85-60E97FDDD80A|23|37|37|24|1|2017
E3CDC578-37BA-4CDB-B150-DAB0409270CD|F07D8FE7-DA87-40EB-A294-D06BDAC8F438|F1972BF2-C788-4F41-94FE-FBA1869C92BC|37D3223A-547E-4BA9-BD0C-28F6187BB5D4|C143978A-E021-4015-BC67-5A00D6C910D1|34C4244E-5CE0-4D5D-AD85-60E97FDDD80A|34|38|38|25|1|2017
E3CDC578-37BA-4CDB-B150-DAB0409270CD|A2678067-A7A3-4D10-A30C-C3789B180A70|F1972BF2-C788-4F41-94FE-FBA1869C92BC|37D3223A-547E-4BA9-BD0C-28F6187BB5D4|C143978A-E021-4015-BC67-5A00D6C910D1|34C4244E-5CE0-4D5D-AD85-60E97FDDD80A|45|39|39|26|1|2017
E3CDC578-37BA-4CDB-B150-DAB0409270CD|2F073061-C5C3-4359-B4DE-5E17D74D6620|F1972BF2-C788-4F41-94FE-FBA1869C92BC|37D3223A-547E-4BA9-BD0C-28F6187BB5D4|C143978A-E021-4015-BC67-5A00D6C910D1|34C4244E-5CE0-4D5D-AD85-60E97FDDD80A|56|40|40|14|1|2017
E3CDC578-37BA-4CDB-B150-DAB0409270CD|539D4A11-2C5B-40BC-91A2-44998747E8AD|F1972BF2-C788-4F41-94FE-FBA1869C92BC|37D3223A-547E-4BA9-BD0C-28F6187BB5D4|C143978A-E021-4015-BC67-5A00D6C910D1|34C4244E-5CE0-4D5D-AD85-60E97FDDD80A|76|41|41|15|1|2017
E3CDC578-37BA-4CDB-B150-DAB0409270CD|EE943C52-EF11-4D6C-BEBF-CE5901394CB3|F1972BF2-C788-4F41-94FE-FBA1869C92BC|37D3223A-547E-4BA9-BD0C-28F6187BB5D4|C143978A-E021-4015-BC67-5A00D6C910D1|34C4244E-5CE0-4D5D-AD85-60E97FDDD80A|34|42|42|16|1|2017
E3CDC578-37BA-4CDB-B150-DAB0409270CD|743DB4A9-876D-4148-828D-A0CC23B736CC|F1972BF2-C788-4F41-94FE-FBA1869C92BC|37D3223A-547E-4BA9-BD0C-28F6187BB5D4|C143978A-E021-4015-BC67-5A00D6C910D1|34C4244E-5CE0-4D5D-AD85-60E97FDDD80A|78|43|43|17|1|2017
E3CDC578-37BA-4CDB-B150-DAB0409270CD|CE880C8E-C8D0-49A3-AA4A-8294F8F3F307|F1972BF2-C788-4F41-94FE-FBA1869C92BC|37D3223A-547E-4BA9-BD0C-28F6187BB5D4|C143978A-E021-4015-BC67-5A00D6C910D1|34C4244E-5CE0-4D5D-AD85-60E97FDDD80A|67|44|44|18|1|2017
E3CDC578-37BA-4CDB-B150-DAB0409270CD|20CA9579-140F-4DAB-8587-30AEAD28B04E|F1972BF2-C788-4F41-94FE-FBA1869C92BC|37D3223A-547E-4BA9-BD0C-28F6187BB5D4|C143978A-E021-4015-BC67-5A00D6C910D1|34C4244E-5CE0-4D5D-AD85-60E97FDDD80A|89|45|45|19|1|2017
E3CDC578-37BA-4CDB-B150-DAB0409270CD|505B0413-C444-4B53-99E2-BFA56F3F771A|F1972BF2-C788-4F41-94FE-FBA1869C92BC|37D3223A-547E-4BA9-BD0C-28F6187BB5D4|C143978A-E021-4015-BC67-5A00D6C910D1|34C4244E-5CE0-4D5D-AD85-60E97FDDD80A|65|13|13|13|1|2017
E3CDC578-37BA-4CDB-B150-DAB0409270CD|A48C8714-0012-4AF0-AE0F-0C3932980FC5|F1972BF2-C788-4F41-94FE-FBA1869C92BC|37D3223A-547E-4BA9-BD0C-28F6187BB5D4|C143978A-E021-4015-BC67-5A00D6C910D1|34C4244E-5CE0-4D5D-AD85-60E97FDDD80A|65|14|14|14|1|2017
E3CDC578-37BA-4CDB-B150-DAB0409270CD|3DC2A34B-008C-4C2C-BD11-262FB0DA6BB3|F1972BF2-C788-4F41-94FE-FBA1869C92BC|37D3223A-547E-4BA9-BD0C-28F6187BB5D4|C143978A-E021-4015-BC67-5A00D6C910D1|34C4244E-5CE0-4D5D-AD85-60E97FDDD80A|56|15|15|15|1|2017
E3CDC578-37BA-4CDB-B150-DAB0409270CD|5CF574B4-1464-4BEC-AD86-84639DE8EB1A|F1972BF2-C788-4F41-94FE-FBA1869C92BC|37D3223A-547E-4BA9-BD0C-28F6187BB5D4|C143978A-E021-4015-BC67-5A00D6C910D1|34C4244E-5CE0-4D5D-AD85-60E97FDDD80A|67|16|16|16|1|2017
E3CDC578-37BA-4CDB-B150-DAB0409270CD|7C3BAB0E-C09E-4238-B3C0-9FAF188A53B7|F1972BF2-C788-4F41-94FE-FBA1869C92BC|37D3223A-547E-4BA9-BD0C-28F6187BB5D4|C143978A-E021-4015-BC67-5A00D6C910D1|34C4244E-5CE0-4D5D-AD85-60E97FDDD80A|87|17|17|17|1|2017
E3CDC578-37BA-4CDB-B150-DAB0409270CD|CD23A751-4F7F-4CA4-9B98-CA509B1C9BE9|F1972BF2-C788-4F41-94FE-FBA1869C92BC|37D3223A-547E-4BA9-BD0C-28F6187BB5D4|C143978A-E021-4015-BC67-5A00D6C910D1|34C4244E-5CE0-4D5D-AD85-60E97FDDD80A|76|18|18|18|1|2017
E3CDC578-37BA-4CDB-B150-DAB0409270CD|E3AC3BF6-7832-4CFA-A684-F866CFF1EC03|F1972BF2-C788-4F41-94FE-FBA1869C92BC|37D3223A-547E-4BA9-BD0C-28F6187BB5D4|C143978A-E021-4015-BC67-5A00D6C910D1|34C4244E-5CE0-4D5D-AD85-60E97FDDD80A|56|19|19|19|1|2017
E3CDC578-37BA-4CDB-B150-DAB0409270CD|54A61629-5C00-42D7-9167-44AC3E6A1D49|F1972BF2-C788-4F41-94FE-FBA1869C92BC|37D3223A-547E-4BA9-BD0C-28F6187BB5D4|C143978A-E021-4015-BC67-5A00D6C910D1|34C4244E-5CE0-4D5D-AD85-60E97FDDD80A|54|20|20|20|1|2017
E3CDC578-37BA-4CDB-B150-DAB0409270CD|2F1D0FF2-D63F-42EC-B26C-728328BD2D2E|F1972BF2-C788-4F41-94FE-FBA1869C92BC|37D3223A-547E-4BA9-BD0C-28F6187BB5D4|C143978A-E021-4015-BC67-5A00D6C910D1|34C4244E-5CE0-4D5D-AD85-60E97FDDD80A|58|21|21|21|1|2017
E3CDC578-37BA-4CDB-B150-DAB0409270CD|6B6E166D-6F1C-4594-AC6F-220CC73C569A|F1972BF2-C788-4F41-94FE-FBA1869C92BC|37D3223A-547E-4BA9-BD0C-28F6187BB5D4|C143978A-E021-4015-BC67-5A00D6C910D1|34C4244E-5CE0-4D5D-AD85-60E97FDDD80A|60|22|22|22|1|2017
E3CDC578-37BA-4CDB-B150-DAB0409270CD|3F6F8ACF-477F-4E93-9099-524272131150|F1972BF2-C788-4F41-94FE-FBA1869C92BC|37D3223A-547E-4BA9-BD0C-28F6187BB5D4|C143978A-E021-4015-BC67-5A00D6C910D1|34C4244E-5CE0-4D5D-AD85-60E97FDDD80A|63|23|23|23|1|2017
E3CDC578-37BA-4CDB-B150-DAB0409270CD|CEAECA2A-D0DE-4E78-B663-2C2265C56E5A|F1972BF2-C788-4F41-94FE-FBA1869C92BC|37D3223A-547E-4BA9-BD0C-28F6187BB5D4|C143978A-E021-4015-BC67-5A00D6C910D1|34C4244E-5CE0-4D5D-AD85-60E97FDDD80A|66|24|24|24|1|2017
E3CDC578-37BA-4CDB-B150-DAB0409270CD|7193EB96-25D8-4FC0-AA1F-F76B0695AB1D|F1972BF2-C788-4F41-94FE-FBA1869C92BC|37D3223A-547E-4BA9-BD0C-28F6187BB5D4|C143978A-E021-4015-BC67-5A00D6C910D1|34C4244E-5CE0-4D5D-AD85-60E97FDDD80A|77|25|25|25|1|2017
E3CDC578-37BA-4CDB-B150-DAB0409270CD|9BDEB2F2-AE2F-4D41-95A7-075FE76077C9|F1972BF2-C788-4F41-94FE-FBA1869C92BC|37D3223A-547E-4BA9-BD0C-28F6187BB5D4|C143978A-E021-4015-BC67-5A00D6C910D1|34C4244E-5CE0-4D5D-AD85-60E97FDDD80A|56|26|26|26|1|2017
E3CDC578-37BA-4CDB-B150-DAB0409270CD|40CC3205-3CE2-4FB3-9331-5AC66B8FAA3D|F1972BF2-C788-4F41-94FE-FBA1869C92BC|37D3223A-547E-4BA9-BD0C-28F6187BB5D4|C143978A-E021-4015-BC67-5A00D6C910D1|34C4244E-5CE0-4D5D-AD85-60E97FDDD80A|55|27|27|14|1|2017
E3CDC578-37BA-4CDB-B150-DAB0409270CD|0B19CA51-195B-4FF1-9BC0-2B75DA47A5B2|F1972BF2-C788-4F41-94FE-FBA1869C92BC|37D3223A-547E-4BA9-BD0C-28F6187BB5D4|C143978A-E021-4015-BC67-5A00D6C910D1|34C4244E-5CE0-4D5D-AD85-60E97FDDD80A|67|28|28|15|1|2017
E3CDC578-37BA-4CDB-B150-DAB0409270CD|745823C6-C558-45D0-A477-B963799C8F28|F1972BF2-C788-4F41-94FE-FBA1869C92BC|37D3223A-547E-4BA9-BD0C-28F6187BB5D4|C143978A-E021-4015-BC67-5A00D6C910D1|34C4244E-5CE0-4D5D-AD85-60E97FDDD80A|56|29|29|16|1|2017
E3CDC578-37BA-4CDB-B150-DAB0409270CD|9D3BEDC0-924F-434C-8CFE-4EF4EE2323C9|F1972BF2-C788-4F41-94FE-FBA1869C92BC|37D3223A-547E-4BA9-BD0C-28F6187BB5D4|C143978A-E021-4015-BC67-5A00D6C910D1|34C4244E-5CE0-4D5D-AD85-60E97FDDD80A|82|30|30|17|1|2017
E3CDC578-37BA-4CDB-B150-DAB0409270CD|0DE968C9-7309-C481-58F7-AB6CDB1011EF|D0F7EC32-EA25-7D32-8708-2CC132446|46398A47-93F2-4591-B36F-1C28B03CC2F3|A4BFC2BD-262F-4207-99C8-057D6ADF80C7|AE24F15B-5038-4A15-8607-1DB2A7A0B7DE|40|31|31|18|1|2017
E3CDC578-37BA-4CDB-B150-DAB0409270CD|C1F2964E-9DD5-4B7A-86BD-E7FCAFB9D9D9|D0F7EC32-EA25-7D32-8708-2CC132446|46398A47-93F2-4591-B36F-1C28B03CC2F3|A4BFC2BD-262F-4207-99C8-057D6ADF80C7|AE24F15B-5038-4A15-8607-1DB2A7A0B7DE|44|32|32|19|1|2017
E3CDC578-37BA-4CDB-B150-DAB0409270CD|E4D9BF24-8574-463D-A816-A21CEC6CD548|D0F7EC32-EA25-7D32-8708-2CC132446|46398A47-93F2-4591-B36F-1C28B03CC2F3|A4BFC2BD-262F-4207-99C8-057D6ADF80C7|AE24F15B-5038-4A15-8607-1DB2A7A0B7DE|23|33|33|20|1|2017
E3CDC578-37BA-4CDB-B150-DAB0409270CD|40F82118-26E7-4CCC-8456-195B5F009478|D0F7EC32-EA25-7D32-8708-2CC132446|46398A47-93F2-4591-B36F-1C28B03CC2F3|A4BFC2BD-262F-4207-99C8-057D6ADF80C7|AE24F15B-5038-4A15-8607-1DB2A7A0B7DE|34|34|34|21|1|2017
E3CDC578-37BA-4CDB-B150-DAB0409270CD|0420916C-304D-4EB8-A847-8B4729E915C1|D0F7EC32-EA25-7D32-8708-2CC132446|46398A47-93F2-4591-B36F-1C28B03CC2F3|A4BFC2BD-262F-4207-99C8-057D6ADF80C7|AE24F15B-5038-4A15-8607-1DB2A7A0B7DE|56|35|35|22|1|2017
E3CDC578-37BA-4CDB-B150-DAB0409270CD|199C78A9-4708-451E-8C87-8E6B4F47AAD9|D0F7EC32-EA25-7D32-8708-2CC132446|46398A47-93F2-4591-B36F-1C28B03CC2F3|A4BFC2BD-262F-4207-99C8-057D6ADF80C7|AE24F15B-5038-4A15-8607-1DB2A7A0B7DE|22|36|36|23|1|2017
E3CDC578-37BA-4CDB-B150-DAB0409270CD|B404AA65-25A3-40B0-8462-D377A926354F|D0F7EC32-EA25-7D32-8708-2CC132446|46398A47-93F2-4591-B36F-1C28B03CC2F3|A4BFC2BD-262F-4207-99C8-057D6ADF80C7|AE24F15B-5038-4A15-8607-1DB2A7A0B7DE|33|37|37|24|1|2017
E3CDC578-37BA-4CDB-B150-DAB0409270CD|B7B6D6E6-84B1-47F6-AA1B-AA34AEB7D236|D0F7EC32-EA25-7D32-8708-2CC132446|46398A47-93F2-4591-B36F-1C28B03CC2F3|A4BFC2BD-262F-4207-99C8-057D6ADF80C7|AE24F15B-5038-4A15-8607-1DB2A7A0B7DE|44|38|38|25|1|2017
E3CDC578-37BA-4CDB-B150-DAB0409270CD|7559C867-A833-4DA2-816B-51D4636033A3|D0F7EC32-EA25-7D32-8708-2CC132446|46398A47-93F2-4591-B36F-1C28B03CC2F3|A4BFC2BD-262F-4207-99C8-057D6ADF80C7|AE24F15B-5038-4A15-8607-1DB2A7A0B7DE|54|39|39|26|1|2017
E3CDC578-37BA-4CDB-B150-DAB0409270CD|7FC3A038-C5DE-4DEE-AE2D-E2ED230AB328|D0F7EC32-EA25-7D32-8708-2CC132446|46398A47-93F2-4591-B36F-1C28B03CC2F3|A4BFC2BD-262F-4207-99C8-057D6ADF80C7|AE24F15B-5038-4A15-8607-1DB2A7A0B7DE|34|40|40|14|1|2017
E3CDC578-37BA-4CDB-B150-DAB0409270CD|4A4D0394-0FBD-4014-98A5-D3CE9161A568|D0F7EC32-EA25-7D32-8708-2CC132446|46398A47-93F2-4591-B36F-1C28B03CC2F3|A4BFC2BD-262F-4207-99C8-057D6ADF80C7|AE24F15B-5038-4A15-8607-1DB2A7A0B7DE|54|41|41|15|1|2017
E3CDC578-37BA-4CDB-B150-DAB0409270CD|CB0EF175-8A57-49D7-A1D4-89D0C6E3A497|D0F7EC32-EA25-7D32-8708-2CC132446|46398A47-93F2-4591-B36F-1C28B03CC2F3|A4BFC2BD-262F-4207-99C8-057D6ADF80C7|AE24F15B-5038-4A15-8607-1DB2A7A0B7DE|43|42|42|16|1|2017
E3CDC578-37BA-4CDB-B150-DAB0409270CD|309B97E9-72AB-4FD0-A282-8410413ACE46|D0F7EC32-EA25-7D32-8708-2CC132446|46398A47-93F2-4591-B36F-1C28B03CC2F3|A4BFC2BD-262F-4207-99C8-057D6ADF80C7|AE24F15B-5038-4A15-8607-1DB2A7A0B7DE|33|43|43|17|1|2017
E3CDC578-37BA-4CDB-B150-DAB0409270CD|307ED34F-D6B5-4EE8-AB44-543305B12085|D0F7EC32-EA25-7D32-8708-2CC132446|46398A47-93F2-4591-B36F-1C28B03CC2F3|A4BFC2BD-262F-4207-99C8-057D6ADF80C7|AE24F15B-5038-4A15-8607-1DB2A7A0B7DE|30|44|44|18|1|2017
E3CDC578-37BA-4CDB-B150-DAB0409270CD|97BAC717-C0A7-47F7-9918-C56658E6D792|D0F7EC32-EA25-7D32-8708-2CC132446|46398A47-93F2-4591-B36F-1C28B03CC2F3|A4BFC2BD-262F-4207-99C8-057D6ADF80C7|AE24F15B-5038-4A15-8607-1DB2A7A0B7DE|44|45|45|19|1|2017
E3CDC578-37BA-4CDB-B150-DAB0409270CD|466D93AD-B0D7-4B29-89C0-569A421763D6|D0F7EC32-EA25-7D32-8708-2CC132446|46398A47-93F2-4591-B36F-1C28B03CC2F3|A4BFC2BD-262F-4207-99C8-057D6ADF80C7|AE24F15B-5038-4A15-8607-1DB2A7A0B7DE|45|13|13|13|1|2017
E3CDC578-37BA-4CDB-B150-DAB0409270CD|41C68FA5-4A98-4BB2-B702-68DD844F92B0|D0F7EC32-EA25-7D32-8708-2CC132446|46398A47-93F2-4591-B36F-1C28B03CC2F3|A4BFC2BD-262F-4207-99C8-057D6ADF80C7|AE24F15B-5038-4A15-8607-1DB2A7A0B7DE|46|14|14|14|1|2017
E3CDC578-37BA-4CDB-B150-DAB0409270CD|9208D11F-98E8-47B8-8DFC-4215FC2EF127|D0F7EC32-EA25-7D32-8708-2CC132446|46398A47-93F2-4591-B36F-1C28B03CC2F3|A4BFC2BD-262F-4207-99C8-057D6ADF80C7|AE24F15B-5038-4A15-8607-1DB2A7A0B7DE|54|15|15|15|1|2017
E3CDC578-37BA-4CDB-B150-DAB0409270CD|3013780A-61AD-4BAA-8666-C89CC1A555F8|D0F7EC32-EA25-7D32-8708-2CC132446|46398A47-93F2-4591-B36F-1C28B03CC2F3|A4BFC2BD-262F-4207-99C8-057D6ADF80C7|AE24F15B-5038-4A15-8607-1DB2A7A0B7DE|32|16|16|16|1|2017
E3CDC578-37BA-4CDB-B150-DAB0409270CD|3C14C92D-9113-4289-8A69-564BF3F3D871|D0F7EC32-EA25-7D32-8708-2CC132446|46398A47-93F2-4591-B36F-1C28B03CC2F3|A4BFC2BD-262F-4207-99C8-057D6ADF80C7|AE24F15B-5038-4A15-8607-1DB2A7A0B7DE|34|17|17|17|1|2017
E3CDC578-37BA-4CDB-B150-DAB0409270CD|E9888085-FD91-4551-9274-50BA485A9637|D0F7EC32-EA25-7D32-8708-2CC132446|46398A47-93F2-4591-B36F-1C28B03CC2F3|A4BFC2BD-262F-4207-99C8-057D6ADF80C7|AE24F15B-5038-4A15-8607-1DB2A7A0B7DE|33|18|18|18|1|2017
E3CDC578-37BA-4CDB-B150-DAB0409270CD|DDAD0F9E-C85B-462D-8A57-FCE97AEE4EF0|D0F7EC32-EA25-7D32-8708-2CC132446|46398A47-93F2-4591-B36F-1C28B03CC2F3|A4BFC2BD-262F-4207-99C8-057D6ADF80C7|AE24F15B-5038-4A15-8607-1DB2A7A0B7DE|5|19|19|19|1|2017
E3CDC578-37BA-4CDB-B150-DAB0409270CD|6799DC5E-5CEB-4D60-BD75-EAA9FFFDE30F|D0F7EC32-EA25-7D32-8708-2CC132446|46398A47-93F2-4591-B36F-1C28B03CC2F3|A4BFC2BD-262F-4207-99C8-057D6ADF80C7|AE24F15B-5038-4A15-8607-1DB2A7A0B7DE|54|20|20|20|1|2017
E3CDC578-37BA-4CDB-B150-DAB0409270CD|85728858-0D2E-4DA6-9901-941B737421E5|D0F7EC32-EA25-7D32-8708-2CC132446|46398A47-93F2-4591-B36F-1C28B03CC2F3|A4BFC2BD-262F-4207-99C8-057D6ADF80C7|AE24F15B-5038-4A15-8607-1DB2A7A0B7DE|50|21|21|21|1|2017
E3CDC578-37BA-4CDB-B150-DAB0409270CD|2A4FD176-029E-4DA0-A08A-036BF438EDE7|D0F7EC32-EA25-7D32-8708-2CC132446|46398A47-93F2-4591-B36F-1C28B03CC2F3|A4BFC2BD-262F-4207-99C8-057D6ADF80C7|AE24F15B-5038-4A15-8607-1DB2A7A0B7DE|43|22|22|22|1|2017
E3CDC578-37BA-4CDB-B150-DAB0409270CD|1381D1CA-EB72-4D72-A793-D692BE1483C9|D0F7EC32-EA25-7D32-8708-2CC132446|46398A47-93F2-4591-B36F-1C28B03CC2F3|A4BFC2BD-262F-4207-99C8-057D6ADF80C7|AE24F15B-5038-4A15-8607-1DB2A7A0B7DE|40|23|23|23|1|2017
E3CDC578-37BA-4CDB-B150-DAB0409270CD|81B20DD2-7462-47FB-B597-1BDAA8A9F0EF|D0F7EC32-EA25-7D32-8708-2CC132446|46398A47-93F2-4591-B36F-1C28B03CC2F3|A4BFC2BD-262F-4207-99C8-057D6ADF80C7|AE24F15B-5038-4A15-8607-1DB2A7A0B7DE|47|24|24|24|1|2017
E3CDC578-37BA-4CDB-B150-DAB0409270CD|0BB327CC-1E4B-497E-9A77-7A49419D95C7|D0F7EC32-EA25-7D32-8708-2CC132446|46398A47-93F2-4591-B36F-1C28B03CC2F3|A4BFC2BD-262F-4207-99C8-057D6ADF80C7|AE24F15B-5038-4A15-8607-1DB2A7A0B7DE|54|25|25|25|1|2017
E3CDC578-37BA-4CDB-B150-DAB0409270CD|AA1B14EB-5CA0-4FA1-B665-697342B2782D|D0F7EC32-EA25-7D32-8708-2CC132446|46398A47-93F2-4591-B36F-1C28B03CC2F3|A4BFC2BD-262F-4207-99C8-057D6ADF80C7|AE24F15B-5038-4A15-8607-1DB2A7A0B7DE|33|26|26|26|1|2017
E3CDC578-37BA-4CDB-B150-DAB0409270CD|5B3BD314-7489-4F0E-8BD8-35DF4DF3FC5C|D0F7EC32-EA25-7D32-8708-2CC132446|46398A47-93F2-4591-B36F-1C28B03CC2F3|A4BFC2BD-262F-4207-99C8-057D6ADF80C7|AE24F15B-5038-4A15-8607-1DB2A7A0B7DE|44|27|27|14|1|2017
E3CDC578-37BA-4CDB-B150-DAB0409270CD|89AE9658-3882-484D-B1D5-9E13F554DF2B|D0F7EC32-EA25-7D32-8708-2CC132446|46398A47-93F2-4591-B36F-1C28B03CC2F3|A4BFC2BD-262F-4207-99C8-057D6ADF80C7|AE24F15B-5038-4A15-8607-1DB2A7A0B7DE|54|28|28|15|1|2017
E3CDC578-37BA-4CDB-B150-DAB0409270CD|87671173-70A4-435F-8C3F-14695782B8CF|D0F7EC32-EA25-7D32-8708-2CC132446|46398A47-93F2-4591-B36F-1C28B03CC2F3|A4BFC2BD-262F-4207-99C8-057D6ADF80C7|AE24F15B-5038-4A15-8607-1DB2A7A0B7DE|34|29|29|16|1|2017
E3CDC578-37BA-4CDB-B150-DAB0409270CD|3AD1F311-C539-4FED-B840-6B6081BDB2E7|D0F7EC32-EA25-7D32-8708-2CC132446|46398A47-93F2-4591-B36F-1C28B03CC2F3|A4BFC2BD-262F-4207-99C8-057D6ADF80C7|AE24F15B-5038-4A15-8607-1DB2A7A0B7DE|54|30|30|17|1|2017
E3CDC578-37BA-4CDB-B150-DAB0409270CD|90342A1E-0084-4EB2-9D11-2191B59FA1A6|D0F7EC32-EA25-7D32-8708-2CC132446|46398A47-93F2-4591-B36F-1C28B03CC2F3|A4BFC2BD-262F-4207-99C8-057D6ADF80C7|AE24F15B-5038-4A15-8607-1DB2A7A0B7DE|43|31|31|18|1|2017
E3CDC578-37BA-4CDB-B150-DAB0409270CD|799CA5BA-3FA6-4773-BC2E-3C68E1213AC6|D0F7EC32-EA25-7D32-8708-2CC132446|46398A47-93F2-4591-B36F-1C28B03CC2F3|A4BFC2BD-262F-4207-99C8-057D6ADF80C7|AE24F15B-5038-4A15-8607-1DB2A7A0B7DE|33|32|32|19|1|2017
E3CDC578-37BA-4CDB-B150-DAB0409270CD|91DA9E7C-CAA1-4438-A1D7-DD071CFAFF8F|D0F7EC32-EA25-7D32-8708-2CC132446|46398A47-93F2-4591-B36F-1C28B03CC2F3|A4BFC2BD-262F-4207-99C8-057D6ADF80C7|AE24F15B-5038-4A15-8607-1DB2A7A0B7DE|30|33|33|20|1|2017
E3CDC578-37BA-4CDB-B150-DAB0409270CD|11FFC61B-DCDB-4DEE-B9C5-E9DD22B9E575|D0F7EC32-EA25-7D32-8708-2CC132446|46398A47-93F2-4591-B36F-1C28B03CC2F3|A4BFC2BD-262F-4207-99C8-057D6ADF80C7|AE24F15B-5038-4A15-8607-1DB2A7A0B7DE|44|34|34|21|1|2017
E3CDC578-37BA-4CDB-B150-DAB0409270CD|91DAFF4B-C8B9-4B46-A971-E66955D66332|D0F7EC32-EA25-7D32-8708-2CC132446|46398A47-93F2-4591-B36F-1C28B03CC2F3|A4BFC2BD-262F-4207-99C8-057D6ADF80C7|AE24F15B-5038-4A15-8607-1DB2A7A0B7DE|45|35|35|22|1|2017
E3CDC578-37BA-4CDB-B150-DAB0409270CD|F5B016C3-DE03-4097-B006-616E8EE832CE|D0F7EC32-EA25-7D32-8708-2CC132446|46398A47-93F2-4591-B36F-1C28B03CC2F3|A4BFC2BD-262F-4207-99C8-057D6ADF80C7|AE24F15B-5038-4A15-8607-1DB2A7A0B7DE|46|36|36|23|1|2017
E3CDC578-37BA-4CDB-B150-DAB0409270CD|A2DA52F4-EDAE-4866-9228-634AFC4F5458|D0F7EC32-EA25-7D32-8708-2CC132446|46398A47-93F2-4591-B36F-1C28B03CC2F3|A4BFC2BD-262F-4207-99C8-057D6ADF80C7|AE24F15B-5038-4A15-8607-1DB2A7A0B7DE|54|37|37|24|1|2017
E3CDC578-37BA-4CDB-B150-DAB0409270CD|BBE08494-134E-4E03-B8B6-44D2C9AFF521|D0F7EC32-EA25-7D32-8708-2CC132446|46398A47-93F2-4591-B36F-1C28B03CC2F3|A4BFC2BD-262F-4207-99C8-057D6ADF80C7|AE24F15B-5038-4A15-8607-1DB2A7A0B7DE|32|38|38|25|1|2017
E3CDC578-37BA-4CDB-B150-DAB0409270CD|0DE968C9-7309-C481-58F7-AB6CDB1011EF|D0F7EC32-EA25-7D32-8708-2CC132446|46398A47-93F2-4591-B36F-1C28B03CC2F3|A4BFC2BD-262F-4207-99C8-057D6ADF80C7|4531A31D-1F8A-40D7-BFE6-D3CB3D91951A|34|39|39|26|1|2017
E3CDC578-37BA-4CDB-B150-DAB0409270CD|C1F2964E-9DD5-4B7A-86BD-E7FCAFB9D9D9|D0F7EC32-EA25-7D32-8708-2CC132446|46398A47-93F2-4591-B36F-1C28B03CC2F3|A4BFC2BD-262F-4207-99C8-057D6ADF80C7|4531A31D-1F8A-40D7-BFE6-D3CB3D91951A|33|40|40|14|1|2017
E3CDC578-37BA-4CDB-B150-DAB0409270CD|E4D9BF24-8574-463D-A816-A21CEC6CD548|D0F7EC32-EA25-7D32-8708-2CC132446|46398A47-93F2-4591-B36F-1C28B03CC2F3|A4BFC2BD-262F-4207-99C8-057D6ADF80C7|4531A31D-1F8A-40D7-BFE6-D3CB3D91951A|5|41|41|15|1|2017
E3CDC578-37BA-4CDB-B150-DAB0409270CD|40F82118-26E7-4CCC-8456-195B5F009478|D0F7EC32-EA25-7D32-8708-2CC132446|46398A47-93F2-4591-B36F-1C28B03CC2F3|A4BFC2BD-262F-4207-99C8-057D6ADF80C7|4531A31D-1F8A-40D7-BFE6-D3CB3D91951A|54|42|42|16|1|2017
E3CDC578-37BA-4CDB-B150-DAB0409270CD|0420916C-304D-4EB8-A847-8B4729E915C1|D0F7EC32-EA25-7D32-8708-2CC132446|46398A47-93F2-4591-B36F-1C28B03CC2F3|A4BFC2BD-262F-4207-99C8-057D6ADF80C7|4531A31D-1F8A-40D7-BFE6-D3CB3D91951A|50|43|43|17|1|2017
E3CDC578-37BA-4CDB-B150-DAB0409270CD|199C78A9-4708-451E-8C87-8E6B4F47AAD9|D0F7EC32-EA25-7D32-8708-2CC132446|46398A47-93F2-4591-B36F-1C28B03CC2F3|A4BFC2BD-262F-4207-99C8-057D6ADF80C7|4531A31D-1F8A-40D7-BFE6-D3CB3D91951A|54|44|44|18|1|2017
E3CDC578-37BA-4CDB-B150-DAB0409270CD|B404AA65-25A3-40B0-8462-D377A926354F|D0F7EC32-EA25-7D32-8708-2CC132446|46398A47-93F2-4591-B36F-1C28B03CC2F3|A4BFC2BD-262F-4207-99C8-057D6ADF80C7|4531A31D-1F8A-40D7-BFE6-D3CB3D91951A|34|45|45|19|1|2017
E3CDC578-37BA-4CDB-B150-DAB0409270CD|B7B6D6E6-84B1-47F6-AA1B-AA34AEB7D236|D0F7EC32-EA25-7D32-8708-2CC132446|46398A47-93F2-4591-B36F-1C28B03CC2F3|A4BFC2BD-262F-4207-99C8-057D6ADF80C7|4531A31D-1F8A-40D7-BFE6-D3CB3D91951A|56|13|13|13|1|2017
E3CDC578-37BA-4CDB-B150-DAB0409270CD|7559C867-A833-4DA2-816B-51D4636033A3|D0F7EC32-EA25-7D32-8708-2CC132446|46398A47-93F2-4591-B36F-1C28B03CC2F3|A4BFC2BD-262F-4207-99C8-057D6ADF80C7|4531A31D-1F8A-40D7-BFE6-D3CB3D91951A|65|14|14|14|1|2017
E3CDC578-37BA-4CDB-B150-DAB0409270CD|7FC3A038-C5DE-4DEE-AE2D-E2ED230AB328|D0F7EC32-EA25-7D32-8708-2CC132446|46398A47-93F2-4591-B36F-1C28B03CC2F3|A4BFC2BD-262F-4207-99C8-057D6ADF80C7|4531A31D-1F8A-40D7-BFE6-D3CB3D91951A|67|15|15|15|1|2017
E3CDC578-37BA-4CDB-B150-DAB0409270CD|4A4D0394-0FBD-4014-98A5-D3CE9161A568|D0F7EC32-EA25-7D32-8708-2CC132446|46398A47-93F2-4591-B36F-1C28B03CC2F3|A4BFC2BD-262F-4207-99C8-057D6ADF80C7|4531A31D-1F8A-40D7-BFE6-D3CB3D91951A|76|16|16|16|1|2017
E3CDC578-37BA-4CDB-B150-DAB0409270CD|CB0EF175-8A57-49D7-A1D4-89D0C6E3A497|D0F7EC32-EA25-7D32-8708-2CC132446|46398A47-93F2-4591-B36F-1C28B03CC2F3|A4BFC2BD-262F-4207-99C8-057D6ADF80C7|4531A31D-1F8A-40D7-BFE6-D3CB3D91951A|65|17|17|17|1|2017
E3CDC578-37BA-4CDB-B150-DAB0409270CD|309B97E9-72AB-4FD0-A282-8410413ACE46|D0F7EC32-EA25-7D32-8708-2CC132446|46398A47-93F2-4591-B36F-1C28B03CC2F3|A4BFC2BD-262F-4207-99C8-057D6ADF80C7|4531A31D-1F8A-40D7-BFE6-D3CB3D91951A|68|18|18|18|1|2017
E3CDC578-37BA-4CDB-B150-DAB0409270CD|307ED34F-D6B5-4EE8-AB44-543305B12085|D0F7EC32-EA25-7D32-8708-2CC132446|46398A47-93F2-4591-B36F-1C28B03CC2F3|A4BFC2BD-262F-4207-99C8-057D6ADF80C7|4531A31D-1F8A-40D7-BFE6-D3CB3D91951A|78|19|19|19|1|2017
E3CDC578-37BA-4CDB-B150-DAB0409270CD|97BAC717-C0A7-47F7-9918-C56658E6D792|D0F7EC32-EA25-7D32-8708-2CC132446|46398A47-93F2-4591-B36F-1C28B03CC2F3|A4BFC2BD-262F-4207-99C8-057D6ADF80C7|4531A31D-1F8A-40D7-BFE6-D3CB3D91951A|76|20|20|20|1|2017
E3CDC578-37BA-4CDB-B150-DAB0409270CD|466D93AD-B0D7-4B29-89C0-569A421763D6|D0F7EC32-EA25-7D32-8708-2CC132446|46398A47-93F2-4591-B36F-1C28B03CC2F3|A4BFC2BD-262F-4207-99C8-057D6ADF80C7|4531A31D-1F8A-40D7-BFE6-D3CB3D91951A|66|21|21|21|1|2017
E3CDC578-37BA-4CDB-B150-DAB0409270CD|41C68FA5-4A98-4BB2-B702-68DD844F92B0|D0F7EC32-EA25-7D32-8708-2CC132446|46398A47-93F2-4591-B36F-1C28B03CC2F3|A4BFC2BD-262F-4207-99C8-057D6ADF80C7|4531A31D-1F8A-40D7-BFE6-D3CB3D91951A|77|22|22|22|1|2017
E3CDC578-37BA-4CDB-B150-DAB0409270CD|9208D11F-98E8-47B8-8DFC-4215FC2EF127|D0F7EC32-EA25-7D32-8708-2CC132446|46398A47-93F2-4591-B36F-1C28B03CC2F3|A4BFC2BD-262F-4207-99C8-057D6ADF80C7|4531A31D-1F8A-40D7-BFE6-D3CB3D91951A|55|23|23|23|1|2017
E3CDC578-37BA-4CDB-B150-DAB0409270CD|3013780A-61AD-4BAA-8666-C89CC1A555F8|D0F7EC32-EA25-7D32-8708-2CC132446|46398A47-93F2-4591-B36F-1C28B03CC2F3|A4BFC2BD-262F-4207-99C8-057D6ADF80C7|4531A31D-1F8A-40D7-BFE6-D3CB3D91951A|67|24|24|24|1|2017
E3CDC578-37BA-4CDB-B150-DAB0409270CD|3C14C92D-9113-4289-8A69-564BF3F3D871|D0F7EC32-EA25-7D32-8708-2CC132446|46398A47-93F2-4591-B36F-1C28B03CC2F3|A4BFC2BD-262F-4207-99C8-057D6ADF80C7|4531A31D-1F8A-40D7-BFE6-D3CB3D91951A|65|25|25|25|1|2017
E3CDC578-37BA-4CDB-B150-DAB0409270CD|E9888085-FD91-4551-9274-50BA485A9637|D0F7EC32-EA25-7D32-8708-2CC132446|46398A47-93F2-4591-B36F-1C28B03CC2F3|A4BFC2BD-262F-4207-99C8-057D6ADF80C7|4531A31D-1F8A-40D7-BFE6-D3CB3D91951A|68|26|26|26|1|2017
E3CDC578-37BA-4CDB-B150-DAB0409270CD|DDAD0F9E-C85B-462D-8A57-FCE97AEE4EF0|D0F7EC32-EA25-7D32-8708-2CC132446|46398A47-93F2-4591-B36F-1C28B03CC2F3|A4BFC2BD-262F-4207-99C8-057D6ADF80C7|4531A31D-1F8A-40D7-BFE6-D3CB3D91951A|56|27|27|14|1|2017
E3CDC578-37BA-4CDB-B150-DAB0409270CD|6799DC5E-5CEB-4D60-BD75-EAA9FFFDE30F|D0F7EC32-EA25-7D32-8708-2CC132446|46398A47-93F2-4591-B36F-1C28B03CC2F3|A4BFC2BD-262F-4207-99C8-057D6ADF80C7|4531A31D-1F8A-40D7-BFE6-D3CB3D91951A|65|28|28|15|1|2017
E3CDC578-37BA-4CDB-B150-DAB0409270CD|85728858-0D2E-4DA6-9901-941B737421E5|D0F7EC32-EA25-7D32-8708-2CC132446|46398A47-93F2-4591-B36F-1C28B03CC2F3|A4BFC2BD-262F-4207-99C8-057D6ADF80C7|4531A31D-1F8A-40D7-BFE6-D3CB3D91951A|67|29|29|16|1|2017
E3CDC578-37BA-4CDB-B150-DAB0409270CD|2A4FD176-029E-4DA0-A08A-036BF438EDE7|D0F7EC32-EA25-7D32-8708-2CC132446|46398A47-93F2-4591-B36F-1C28B03CC2F3|A4BFC2BD-262F-4207-99C8-057D6ADF80C7|4531A31D-1F8A-40D7-BFE6-D3CB3D91951A|76|30|30|17|1|2017
E3CDC578-37BA-4CDB-B150-DAB0409270CD|1381D1CA-EB72-4D72-A793-D692BE1483C9|D0F7EC32-EA25-7D32-8708-2CC132446|46398A47-93F2-4591-B36F-1C28B03CC2F3|A4BFC2BD-262F-4207-99C8-057D6ADF80C7|4531A31D-1F8A-40D7-BFE6-D3CB3D91951A|65|31|31|18|1|2017
E3CDC578-37BA-4CDB-B150-DAB0409270CD|81B20DD2-7462-47FB-B597-1BDAA8A9F0EF|D0F7EC32-EA25-7D32-8708-2CC132446|46398A47-93F2-4591-B36F-1C28B03CC2F3|A4BFC2BD-262F-4207-99C8-057D6ADF80C7|4531A31D-1F8A-40D7-BFE6-D3CB3D91951A|68|32|32|19|1|2017
E3CDC578-37BA-4CDB-B150-DAB0409270CD|0BB327CC-1E4B-497E-9A77-7A49419D95C7|D0F7EC32-EA25-7D32-8708-2CC132446|46398A47-93F2-4591-B36F-1C28B03CC2F3|A4BFC2BD-262F-4207-99C8-057D6ADF80C7|4531A31D-1F8A-40D7-BFE6-D3CB3D91951A|78|33|33|20|1|2017
E3CDC578-37BA-4CDB-B150-DAB0409270CD|AA1B14EB-5CA0-4FA1-B665-697342B2782D|D0F7EC32-EA25-7D32-8708-2CC132446|46398A47-93F2-4591-B36F-1C28B03CC2F3|A4BFC2BD-262F-4207-99C8-057D6ADF80C7|4531A31D-1F8A-40D7-BFE6-D3CB3D91951A|76|34|34|21|1|2017
E3CDC578-37BA-4CDB-B150-DAB0409270CD|5B3BD314-7489-4F0E-8BD8-35DF4DF3FC5C|D0F7EC32-EA25-7D32-8708-2CC132446|46398A47-93F2-4591-B36F-1C28B03CC2F3|A4BFC2BD-262F-4207-99C8-057D6ADF80C7|4531A31D-1F8A-40D7-BFE6-D3CB3D91951A|66|35|35|22|1|2017
E3CDC578-37BA-4CDB-B150-DAB0409270CD|89AE9658-3882-484D-B1D5-9E13F554DF2B|D0F7EC32-EA25-7D32-8708-2CC132446|46398A47-93F2-4591-B36F-1C28B03CC2F3|A4BFC2BD-262F-4207-99C8-057D6ADF80C7|4531A31D-1F8A-40D7-BFE6-D3CB3D91951A|77|36|36|23|1|2017
E3CDC578-37BA-4CDB-B150-DAB0409270CD|87671173-70A4-435F-8C3F-14695782B8CF|D0F7EC32-EA25-7D32-8708-2CC132446|46398A47-93F2-4591-B36F-1C28B03CC2F3|A4BFC2BD-262F-4207-99C8-057D6ADF80C7|4531A31D-1F8A-40D7-BFE6-D3CB3D91951A|55|37|37|24|1|2017
E3CDC578-37BA-4CDB-B150-DAB0409270CD|3AD1F311-C539-4FED-B840-6B6081BDB2E7|D0F7EC32-EA25-7D32-8708-2CC132446|46398A47-93F2-4591-B36F-1C28B03CC2F3|A4BFC2BD-262F-4207-99C8-057D6ADF80C7|4531A31D-1F8A-40D7-BFE6-D3CB3D91951A|56|38|38|25|1|2017
E3CDC578-37BA-4CDB-B150-DAB0409270CD|90342A1E-0084-4EB2-9D11-2191B59FA1A6|D0F7EC32-EA25-7D32-8708-2CC132446|46398A47-93F2-4591-B36F-1C28B03CC2F3|A4BFC2BD-262F-4207-99C8-057D6ADF80C7|4531A31D-1F8A-40D7-BFE6-D3CB3D91951A|65|39|39|26|1|2017
E3CDC578-37BA-4CDB-B150-DAB0409270CD|799CA5BA-3FA6-4773-BC2E-3C68E1213AC6|D0F7EC32-EA25-7D32-8708-2CC132446|46398A47-93F2-4591-B36F-1C28B03CC2F3|A4BFC2BD-262F-4207-99C8-057D6ADF80C7|4531A31D-1F8A-40D7-BFE6-D3CB3D91951A|67|40|40|14|1|2017
E3CDC578-37BA-4CDB-B150-DAB0409270CD|91DA9E7C-CAA1-4438-A1D7-DD071CFAFF8F|D0F7EC32-EA25-7D32-8708-2CC132446|46398A47-93F2-4591-B36F-1C28B03CC2F3|A4BFC2BD-262F-4207-99C8-057D6ADF80C7|4531A31D-1F8A-40D7-BFE6-D3CB3D91951A|76|41|41|15|1|2017
E3CDC578-37BA-4CDB-B150-DAB0409270CD|11FFC61B-DCDB-4DEE-B9C5-E9DD22B9E575|D0F7EC32-EA25-7D32-8708-2CC132446|46398A47-93F2-4591-B36F-1C28B03CC2F3|A4BFC2BD-262F-4207-99C8-057D6ADF80C7|4531A31D-1F8A-40D7-BFE6-D3CB3D91951A|65|42|42|16|1|2017
E3CDC578-37BA-4CDB-B150-DAB0409270CD|91DAFF4B-C8B9-4B46-A971-E66955D66332|D0F7EC32-EA25-7D32-8708-2CC132446|46398A47-93F2-4591-B36F-1C28B03CC2F3|A4BFC2BD-262F-4207-99C8-057D6ADF80C7|4531A31D-1F8A-40D7-BFE6-D3CB3D91951A|68|43|43|17|1|2017
E3CDC578-37BA-4CDB-B150-DAB0409270CD|F5B016C3-DE03-4097-B006-616E8EE832CE|D0F7EC32-EA25-7D32-8708-2CC132446|46398A47-93F2-4591-B36F-1C28B03CC2F3|A4BFC2BD-262F-4207-99C8-057D6ADF80C7|4531A31D-1F8A-40D7-BFE6-D3CB3D91951A|78|44|44|18|1|2017
E3CDC578-37BA-4CDB-B150-DAB0409270CD|A2DA52F4-EDAE-4866-9228-634AFC4F5458|D0F7EC32-EA25-7D32-8708-2CC132446|46398A47-93F2-4591-B36F-1C28B03CC2F3|A4BFC2BD-262F-4207-99C8-057D6ADF80C7|4531A31D-1F8A-40D7-BFE6-D3CB3D91951A|76|45|45|19|1|2017
E3CDC578-37BA-4CDB-B150-DAB0409270CD|BBE08494-134E-4E03-B8B6-44D2C9AFF521|D0F7EC32-EA25-7D32-8708-2CC132446|46398A47-93F2-4591-B36F-1C28B03CC2F3|A4BFC2BD-262F-4207-99C8-057D6ADF80C7|4531A31D-1F8A-40D7-BFE6-D3CB3D91951A|66|13|13|13|1|2017
E3CDC578-37BA-4CDB-B150-DAB0409270CD|0DE968C9-7309-C481-58F7-AB6CDB1011EF|D0F7EC32-EA25-7D32-8708-2CC132446|46398A47-93F2-4591-B36F-1C28B03CC2F3|A4BFC2BD-262F-4207-99C8-057D6ADF80C7|69A569CA-1D4F-458E-99DD-FB2BE705BF5C|23|14|14|14|1|2017
E3CDC578-37BA-4CDB-B150-DAB0409270CD|C1F2964E-9DD5-4B7A-86BD-E7FCAFB9D9D9|D0F7EC32-EA25-7D32-8708-2CC132446|46398A47-93F2-4591-B36F-1C28B03CC2F3|A4BFC2BD-262F-4207-99C8-057D6ADF80C7|69A569CA-1D4F-458E-99DD-FB2BE705BF5C|34|15|15|15|1|2017
E3CDC578-37BA-4CDB-B150-DAB0409270CD|E4D9BF24-8574-463D-A816-A21CEC6CD548|D0F7EC32-EA25-7D32-8708-2CC132446|46398A47-93F2-4591-B36F-1C28B03CC2F3|A4BFC2BD-262F-4207-99C8-057D6ADF80C7|69A569CA-1D4F-458E-99DD-FB2BE705BF5C|56|16|16|16|1|2017
E3CDC578-37BA-4CDB-B150-DAB0409270CD|40F82118-26E7-4CCC-8456-195B5F009478|D0F7EC32-EA25-7D32-8708-2CC132446|46398A47-93F2-4591-B36F-1C28B03CC2F3|A4BFC2BD-262F-4207-99C8-057D6ADF80C7|69A569CA-1D4F-458E-99DD-FB2BE705BF5C|22|17|17|17|1|2017
E3CDC578-37BA-4CDB-B150-DAB0409270CD|0420916C-304D-4EB8-A847-8B4729E915C1|D0F7EC32-EA25-7D32-8708-2CC132446|46398A47-93F2-4591-B36F-1C28B03CC2F3|A4BFC2BD-262F-4207-99C8-057D6ADF80C7|69A569CA-1D4F-458E-99DD-FB2BE705BF5C|33|18|18|18|1|2017
E3CDC578-37BA-4CDB-B150-DAB0409270CD|199C78A9-4708-451E-8C87-8E6B4F47AAD9|D0F7EC32-EA25-7D32-8708-2CC132446|46398A47-93F2-4591-B36F-1C28B03CC2F3|A4BFC2BD-262F-4207-99C8-057D6ADF80C7|69A569CA-1D4F-458E-99DD-FB2BE705BF5C|44|19|19|19|1|2017
E3CDC578-37BA-4CDB-B150-DAB0409270CD|B404AA65-25A3-40B0-8462-D377A926354F|D0F7EC32-EA25-7D32-8708-2CC132446|46398A47-93F2-4591-B36F-1C28B03CC2F3|A4BFC2BD-262F-4207-99C8-057D6ADF80C7|69A569CA-1D4F-458E-99DD-FB2BE705BF5C|54|20|20|20|1|2017
E3CDC578-37BA-4CDB-B150-DAB0409270CD|B7B6D6E6-84B1-47F6-AA1B-AA34AEB7D236|D0F7EC32-EA25-7D32-8708-2CC132446|46398A47-93F2-4591-B36F-1C28B03CC2F3|A4BFC2BD-262F-4207-99C8-057D6ADF80C7|69A569CA-1D4F-458E-99DD-FB2BE705BF5C|34|21|21|21|1|2017
E3CDC578-37BA-4CDB-B150-DAB0409270CD|7559C867-A833-4DA2-816B-51D4636033A3|D0F7EC32-EA25-7D32-8708-2CC132446|46398A47-93F2-4591-B36F-1C28B03CC2F3|A4BFC2BD-262F-4207-99C8-057D6ADF80C7|69A569CA-1D4F-458E-99DD-FB2BE705BF5C|54|22|22|22|1|2017
E3CDC578-37BA-4CDB-B150-DAB0409270CD|7FC3A038-C5DE-4DEE-AE2D-E2ED230AB328|D0F7EC32-EA25-7D32-8708-2CC132446|46398A47-93F2-4591-B36F-1C28B03CC2F3|A4BFC2BD-262F-4207-99C8-057D6ADF80C7|69A569CA-1D4F-458E-99DD-FB2BE705BF5C|43|23|23|23|1|2017
E3CDC578-37BA-4CDB-B150-DAB0409270CD|4A4D0394-0FBD-4014-98A5-D3CE9161A568|D0F7EC32-EA25-7D32-8708-2CC132446|46398A47-93F2-4591-B36F-1C28B03CC2F3|A4BFC2BD-262F-4207-99C8-057D6ADF80C7|69A569CA-1D4F-458E-99DD-FB2BE705BF5C|33|24|24|24|1|2017
E3CDC578-37BA-4CDB-B150-DAB0409270CD|CB0EF175-8A57-49D7-A1D4-89D0C6E3A497|D0F7EC32-EA25-7D32-8708-2CC132446|46398A47-93F2-4591-B36F-1C28B03CC2F3|A4BFC2BD-262F-4207-99C8-057D6ADF80C7|69A569CA-1D4F-458E-99DD-FB2BE705BF5C|30|25|25|25|1|2017
E3CDC578-37BA-4CDB-B150-DAB0409270CD|309B97E9-72AB-4FD0-A282-8410413ACE46|D0F7EC32-EA25-7D32-8708-2CC132446|46398A47-93F2-4591-B36F-1C28B03CC2F3|A4BFC2BD-262F-4207-99C8-057D6ADF80C7|69A569CA-1D4F-458E-99DD-FB2BE705BF5C|44|26|26|26|1|2017
E3CDC578-37BA-4CDB-B150-DAB0409270CD|307ED34F-D6B5-4EE8-AB44-543305B12085|D0F7EC32-EA25-7D32-8708-2CC132446|46398A47-93F2-4591-B36F-1C28B03CC2F3|A4BFC2BD-262F-4207-99C8-057D6ADF80C7|69A569CA-1D4F-458E-99DD-FB2BE705BF5C|45|27|27|14|1|2017
E3CDC578-37BA-4CDB-B150-DAB0409270CD|97BAC717-C0A7-47F7-9918-C56658E6D792|D0F7EC32-EA25-7D32-8708-2CC132446|46398A47-93F2-4591-B36F-1C28B03CC2F3|A4BFC2BD-262F-4207-99C8-057D6ADF80C7|69A569CA-1D4F-458E-99DD-FB2BE705BF5C|46|28|28|15|1|2017
E3CDC578-37BA-4CDB-B150-DAB0409270CD|466D93AD-B0D7-4B29-89C0-569A421763D6|D0F7EC32-EA25-7D32-8708-2CC132446|46398A47-93F2-4591-B36F-1C28B03CC2F3|A4BFC2BD-262F-4207-99C8-057D6ADF80C7|69A569CA-1D4F-458E-99DD-FB2BE705BF5C|54|29|29|16|1|2017
E3CDC578-37BA-4CDB-B150-DAB0409270CD|41C68FA5-4A98-4BB2-B702-68DD844F92B0|D0F7EC32-EA25-7D32-8708-2CC132446|46398A47-93F2-4591-B36F-1C28B03CC2F3|A4BFC2BD-262F-4207-99C8-057D6ADF80C7|69A569CA-1D4F-458E-99DD-FB2BE705BF5C|32|30|30|17|1|2017
E3CDC578-37BA-4CDB-B150-DAB0409270CD|9208D11F-98E8-47B8-8DFC-4215FC2EF127|D0F7EC32-EA25-7D32-8708-2CC132446|46398A47-93F2-4591-B36F-1C28B03CC2F3|A4BFC2BD-262F-4207-99C8-057D6ADF80C7|69A569CA-1D4F-458E-99DD-FB2BE705BF5C|34|31|31|18|1|2017
E3CDC578-37BA-4CDB-B150-DAB0409270CD|3013780A-61AD-4BAA-8666-C89CC1A555F8|D0F7EC32-EA25-7D32-8708-2CC132446|46398A47-93F2-4591-B36F-1C28B03CC2F3|A4BFC2BD-262F-4207-99C8-057D6ADF80C7|69A569CA-1D4F-458E-99DD-FB2BE705BF5C|33|32|32|19|1|2017
E3CDC578-37BA-4CDB-B150-DAB0409270CD|3C14C92D-9113-4289-8A69-564BF3F3D871|D0F7EC32-EA25-7D32-8708-2CC132446|46398A47-93F2-4591-B36F-1C28B03CC2F3|A4BFC2BD-262F-4207-99C8-057D6ADF80C7|69A569CA-1D4F-458E-99DD-FB2BE705BF5C|5|33|33|20|1|2017
E3CDC578-37BA-4CDB-B150-DAB0409270CD|E9888085-FD91-4551-9274-50BA485A9637|D0F7EC32-EA25-7D32-8708-2CC132446|46398A47-93F2-4591-B36F-1C28B03CC2F3|A4BFC2BD-262F-4207-99C8-057D6ADF80C7|69A569CA-1D4F-458E-99DD-FB2BE705BF5C|54|34|34|21|1|2017
E3CDC578-37BA-4CDB-B150-DAB0409270CD|DDAD0F9E-C85B-462D-8A57-FCE97AEE4EF0|D0F7EC32-EA25-7D32-8708-2CC132446|46398A47-93F2-4591-B36F-1C28B03CC2F3|A4BFC2BD-262F-4207-99C8-057D6ADF80C7|69A569CA-1D4F-458E-99DD-FB2BE705BF5C|50|35|35|22|1|2017
E3CDC578-37BA-4CDB-B150-DAB0409270CD|6799DC5E-5CEB-4D60-BD75-EAA9FFFDE30F|D0F7EC32-EA25-7D32-8708-2CC132446|46398A47-93F2-4591-B36F-1C28B03CC2F3|A4BFC2BD-262F-4207-99C8-057D6ADF80C7|69A569CA-1D4F-458E-99DD-FB2BE705BF5C|43|36|36|23|1|2017
E3CDC578-37BA-4CDB-B150-DAB0409270CD|85728858-0D2E-4DA6-9901-941B737421E5|D0F7EC32-EA25-7D32-8708-2CC132446|46398A47-93F2-4591-B36F-1C28B03CC2F3|A4BFC2BD-262F-4207-99C8-057D6ADF80C7|69A569CA-1D4F-458E-99DD-FB2BE705BF5C|40|37|37|24|1|2017
E3CDC578-37BA-4CDB-B150-DAB0409270CD|2A4FD176-029E-4DA0-A08A-036BF438EDE7|D0F7EC32-EA25-7D32-8708-2CC132446|46398A47-93F2-4591-B36F-1C28B03CC2F3|A4BFC2BD-262F-4207-99C8-057D6ADF80C7|69A569CA-1D4F-458E-99DD-FB2BE705BF5C|47|38|38|25|1|2017
E3CDC578-37BA-4CDB-B150-DAB0409270CD|1381D1CA-EB72-4D72-A793-D692BE1483C9|D0F7EC32-EA25-7D32-8708-2CC132446|46398A47-93F2-4591-B36F-1C28B03CC2F3|A4BFC2BD-262F-4207-99C8-057D6ADF80C7|69A569CA-1D4F-458E-99DD-FB2BE705BF5C|54|39|39|26|1|2017
E3CDC578-37BA-4CDB-B150-DAB0409270CD|81B20DD2-7462-47FB-B597-1BDAA8A9F0EF|D0F7EC32-EA25-7D32-8708-2CC132446|46398A47-93F2-4591-B36F-1C28B03CC2F3|A4BFC2BD-262F-4207-99C8-057D6ADF80C7|69A569CA-1D4F-458E-99DD-FB2BE705BF5C|33|40|40|14|1|2017
E3CDC578-37BA-4CDB-B150-DAB0409270CD|0BB327CC-1E4B-497E-9A77-7A49419D95C7|D0F7EC32-EA25-7D32-8708-2CC132446|46398A47-93F2-4591-B36F-1C28B03CC2F3|A4BFC2BD-262F-4207-99C8-057D6ADF80C7|69A569CA-1D4F-458E-99DD-FB2BE705BF5C|44|41|41|15|1|2017
E3CDC578-37BA-4CDB-B150-DAB0409270CD|AA1B14EB-5CA0-4FA1-B665-697342B2782D|D0F7EC32-EA25-7D32-8708-2CC132446|46398A47-93F2-4591-B36F-1C28B03CC2F3|A4BFC2BD-262F-4207-99C8-057D6ADF80C7|69A569CA-1D4F-458E-99DD-FB2BE705BF5C|54|42|42|16|1|2017
E3CDC578-37BA-4CDB-B150-DAB0409270CD|5B3BD314-7489-4F0E-8BD8-35DF4DF3FC5C|D0F7EC32-EA25-7D32-8708-2CC132446|46398A47-93F2-4591-B36F-1C28B03CC2F3|A4BFC2BD-262F-4207-99C8-057D6ADF80C7|69A569CA-1D4F-458E-99DD-FB2BE705BF5C|34|43|43|17|1|2017
E3CDC578-37BA-4CDB-B150-DAB0409270CD|89AE9658-3882-484D-B1D5-9E13F554DF2B|D0F7EC32-EA25-7D32-8708-2CC132446|46398A47-93F2-4591-B36F-1C28B03CC2F3|A4BFC2BD-262F-4207-99C8-057D6ADF80C7|69A569CA-1D4F-458E-99DD-FB2BE705BF5C|54|44|44|18|1|2017
E3CDC578-37BA-4CDB-B150-DAB0409270CD|87671173-70A4-435F-8C3F-14695782B8CF|D0F7EC32-EA25-7D32-8708-2CC132446|46398A47-93F2-4591-B36F-1C28B03CC2F3|A4BFC2BD-262F-4207-99C8-057D6ADF80C7|69A569CA-1D4F-458E-99DD-FB2BE705BF5C|43|45|45|19|1|2017
E3CDC578-37BA-4CDB-B150-DAB0409270CD|3AD1F311-C539-4FED-B840-6B6081BDB2E7|D0F7EC32-EA25-7D32-8708-2CC132446|46398A47-93F2-4591-B36F-1C28B03CC2F3|A4BFC2BD-262F-4207-99C8-057D6ADF80C7|69A569CA-1D4F-458E-99DD-FB2BE705BF5C|33|13|13|13|1|2017
E3CDC578-37BA-4CDB-B150-DAB0409270CD|90342A1E-0084-4EB2-9D11-2191B59FA1A6|D0F7EC32-EA25-7D32-8708-2CC132446|46398A47-93F2-4591-B36F-1C28B03CC2F3|A4BFC2BD-262F-4207-99C8-057D6ADF80C7|69A569CA-1D4F-458E-99DD-FB2BE705BF5C|30|14|14|14|1|2017
E3CDC578-37BA-4CDB-B150-DAB0409270CD|799CA5BA-3FA6-4773-BC2E-3C68E1213AC6|D0F7EC32-EA25-7D32-8708-2CC132446|46398A47-93F2-4591-B36F-1C28B03CC2F3|A4BFC2BD-262F-4207-99C8-057D6ADF80C7|69A569CA-1D4F-458E-99DD-FB2BE705BF5C|44|15|15|15|1|2017
E3CDC578-37BA-4CDB-B150-DAB0409270CD|91DA9E7C-CAA1-4438-A1D7-DD071CFAFF8F|D0F7EC32-EA25-7D32-8708-2CC132446|46398A47-93F2-4591-B36F-1C28B03CC2F3|A4BFC2BD-262F-4207-99C8-057D6ADF80C7|69A569CA-1D4F-458E-99DD-FB2BE705BF5C|23|16|16|16|1|2017
E3CDC578-37BA-4CDB-B150-DAB0409270CD|11FFC61B-DCDB-4DEE-B9C5-E9DD22B9E575|D0F7EC32-EA25-7D32-8708-2CC132446|46398A47-93F2-4591-B36F-1C28B03CC2F3|A4BFC2BD-262F-4207-99C8-057D6ADF80C7|69A569CA-1D4F-458E-99DD-FB2BE705BF5C|34|17|17|17|1|2017
E3CDC578-37BA-4CDB-B150-DAB0409270CD|91DAFF4B-C8B9-4B46-A971-E66955D66332|D0F7EC32-EA25-7D32-8708-2CC132446|46398A47-93F2-4591-B36F-1C28B03CC2F3|A4BFC2BD-262F-4207-99C8-057D6ADF80C7|69A569CA-1D4F-458E-99DD-FB2BE705BF5C|56|18|18|18|1|2017
E3CDC578-37BA-4CDB-B150-DAB0409270CD|F5B016C3-DE03-4097-B006-616E8EE832CE|D0F7EC32-EA25-7D32-8708-2CC132446|46398A47-93F2-4591-B36F-1C28B03CC2F3|A4BFC2BD-262F-4207-99C8-057D6ADF80C7|69A569CA-1D4F-458E-99DD-FB2BE705BF5C|22|19|19|19|1|2017
E3CDC578-37BA-4CDB-B150-DAB0409270CD|A2DA52F4-EDAE-4866-9228-634AFC4F5458|D0F7EC32-EA25-7D32-8708-2CC132446|46398A47-93F2-4591-B36F-1C28B03CC2F3|A4BFC2BD-262F-4207-99C8-057D6ADF80C7|69A569CA-1D4F-458E-99DD-FB2BE705BF5C|33|20|20|20|1|2017
E3CDC578-37BA-4CDB-B150-DAB0409270CD|BBE08494-134E-4E03-B8B6-44D2C9AFF521|D0F7EC32-EA25-7D32-8708-2CC132446|46398A47-93F2-4591-B36F-1C28B03CC2F3|A4BFC2BD-262F-4207-99C8-057D6ADF80C7|69A569CA-1D4F-458E-99DD-FB2BE705BF5C|44|21|21|21|1|2017
E3CDC578-37BA-4CDB-B150-DAB0409270CD|0DE968C9-7309-C481-58F7-AB6CDB1011EF|66027e51-b1ad-4b10-8250-63af64d23323|46398A47-93F2-4591-B36F-1C28B03CC2F3|A4BFC2BD-262F-4207-99C8-057D6ADF80C7|AE24F15B-5038-4A15-8607-1DB2A7A0B7DE|22|22|22|22|1|2017
E3CDC578-37BA-4CDB-B150-DAB0409270CD|C1F2964E-9DD5-4B7A-86BD-E7FCAFB9D9D9|66027e51-b1ad-4b10-8250-63af64d23323|46398A47-93F2-4591-B36F-1C28B03CC2F3|A4BFC2BD-262F-4207-99C8-057D6ADF80C7|AE24F15B-5038-4A15-8607-1DB2A7A0B7DE|33|23|23|23|1|2017
E3CDC578-37BA-4CDB-B150-DAB0409270CD|E4D9BF24-8574-463D-A816-A21CEC6CD548|66027e51-b1ad-4b10-8250-63af64d23323|46398A47-93F2-4591-B36F-1C28B03CC2F3|A4BFC2BD-262F-4207-99C8-057D6ADF80C7|AE24F15B-5038-4A15-8607-1DB2A7A0B7DE|44|24|24|24|1|2017
E3CDC578-37BA-4CDB-B150-DAB0409270CD|40F82118-26E7-4CCC-8456-195B5F009478|66027e51-b1ad-4b10-8250-63af64d23323|46398A47-93F2-4591-B36F-1C28B03CC2F3|A4BFC2BD-262F-4207-99C8-057D6ADF80C7|AE24F15B-5038-4A15-8607-1DB2A7A0B7DE|54|25|25|25|1|2017
E3CDC578-37BA-4CDB-B150-DAB0409270CD|0420916C-304D-4EB8-A847-8B4729E915C1|66027e51-b1ad-4b10-8250-63af64d23323|46398A47-93F2-4591-B36F-1C28B03CC2F3|A4BFC2BD-262F-4207-99C8-057D6ADF80C7|AE24F15B-5038-4A15-8607-1DB2A7A0B7DE|34|26|26|26|1|2017
E3CDC578-37BA-4CDB-B150-DAB0409270CD|199C78A9-4708-451E-8C87-8E6B4F47AAD9|66027e51-b1ad-4b10-8250-63af64d23323|46398A47-93F2-4591-B36F-1C28B03CC2F3|A4BFC2BD-262F-4207-99C8-057D6ADF80C7|AE24F15B-5038-4A15-8607-1DB2A7A0B7DE|54|27|27|14|1|2017
E3CDC578-37BA-4CDB-B150-DAB0409270CD|B404AA65-25A3-40B0-8462-D377A926354F|66027e51-b1ad-4b10-8250-63af64d23323|46398A47-93F2-4591-B36F-1C28B03CC2F3|A4BFC2BD-262F-4207-99C8-057D6ADF80C7|AE24F15B-5038-4A15-8607-1DB2A7A0B7DE|43|28|28|15|1|2017
E3CDC578-37BA-4CDB-B150-DAB0409270CD|B7B6D6E6-84B1-47F6-AA1B-AA34AEB7D236|66027e51-b1ad-4b10-8250-63af64d23323|46398A47-93F2-4591-B36F-1C28B03CC2F3|A4BFC2BD-262F-4207-99C8-057D6ADF80C7|AE24F15B-5038-4A15-8607-1DB2A7A0B7DE|33|29|29|16|1|2017
E3CDC578-37BA-4CDB-B150-DAB0409270CD|7559C867-A833-4DA2-816B-51D4636033A3|66027e51-b1ad-4b10-8250-63af64d23323|46398A47-93F2-4591-B36F-1C28B03CC2F3|A4BFC2BD-262F-4207-99C8-057D6ADF80C7|AE24F15B-5038-4A15-8607-1DB2A7A0B7DE|30|30|30|17|1|2017
E3CDC578-37BA-4CDB-B150-DAB0409270CD|7FC3A038-C5DE-4DEE-AE2D-E2ED230AB328|66027e51-b1ad-4b10-8250-63af64d23323|46398A47-93F2-4591-B36F-1C28B03CC2F3|A4BFC2BD-262F-4207-99C8-057D6ADF80C7|AE24F15B-5038-4A15-8607-1DB2A7A0B7DE|44|31|31|18|1|2017
E3CDC578-37BA-4CDB-B150-DAB0409270CD|4A4D0394-0FBD-4014-98A5-D3CE9161A568|66027e51-b1ad-4b10-8250-63af64d23323|46398A47-93F2-4591-B36F-1C28B03CC2F3|A4BFC2BD-262F-4207-99C8-057D6ADF80C7|AE24F15B-5038-4A15-8607-1DB2A7A0B7DE|45|32|32|19|1|2017
E3CDC578-37BA-4CDB-B150-DAB0409270CD|CB0EF175-8A57-49D7-A1D4-89D0C6E3A497|66027e51-b1ad-4b10-8250-63af64d23323|46398A47-93F2-4591-B36F-1C28B03CC2F3|A4BFC2BD-262F-4207-99C8-057D6ADF80C7|AE24F15B-5038-4A15-8607-1DB2A7A0B7DE|46|33|33|20|1|2017
E3CDC578-37BA-4CDB-B150-DAB0409270CD|309B97E9-72AB-4FD0-A282-8410413ACE46|66027e51-b1ad-4b10-8250-63af64d23323|46398A47-93F2-4591-B36F-1C28B03CC2F3|A4BFC2BD-262F-4207-99C8-057D6ADF80C7|AE24F15B-5038-4A15-8607-1DB2A7A0B7DE|54|34|34|21|1|2017
E3CDC578-37BA-4CDB-B150-DAB0409270CD|307ED34F-D6B5-4EE8-AB44-543305B12085|66027e51-b1ad-4b10-8250-63af64d23323|46398A47-93F2-4591-B36F-1C28B03CC2F3|A4BFC2BD-262F-4207-99C8-057D6ADF80C7|AE24F15B-5038-4A15-8607-1DB2A7A0B7DE|32|35|35|22|1|2017
E3CDC578-37BA-4CDB-B150-DAB0409270CD|97BAC717-C0A7-47F7-9918-C56658E6D792|66027e51-b1ad-4b10-8250-63af64d23323|46398A47-93F2-4591-B36F-1C28B03CC2F3|A4BFC2BD-262F-4207-99C8-057D6ADF80C7|AE24F15B-5038-4A15-8607-1DB2A7A0B7DE|34|36|36|23|1|2017
E3CDC578-37BA-4CDB-B150-DAB0409270CD|466D93AD-B0D7-4B29-89C0-569A421763D6|66027e51-b1ad-4b10-8250-63af64d23323|46398A47-93F2-4591-B36F-1C28B03CC2F3|A4BFC2BD-262F-4207-99C8-057D6ADF80C7|AE24F15B-5038-4A15-8607-1DB2A7A0B7DE|33|37|37|24|1|2017
E3CDC578-37BA-4CDB-B150-DAB0409270CD|41C68FA5-4A98-4BB2-B702-68DD844F92B0|66027e51-b1ad-4b10-8250-63af64d23323|46398A47-93F2-4591-B36F-1C28B03CC2F3|A4BFC2BD-262F-4207-99C8-057D6ADF80C7|AE24F15B-5038-4A15-8607-1DB2A7A0B7DE|5|38|38|25|1|2017
E3CDC578-37BA-4CDB-B150-DAB0409270CD|9208D11F-98E8-47B8-8DFC-4215FC2EF127|66027e51-b1ad-4b10-8250-63af64d23323|46398A47-93F2-4591-B36F-1C28B03CC2F3|A4BFC2BD-262F-4207-99C8-057D6ADF80C7|AE24F15B-5038-4A15-8607-1DB2A7A0B7DE|54|39|39|26|1|2017
E3CDC578-37BA-4CDB-B150-DAB0409270CD|3013780A-61AD-4BAA-8666-C89CC1A555F8|66027e51-b1ad-4b10-8250-63af64d23323|46398A47-93F2-4591-B36F-1C28B03CC2F3|A4BFC2BD-262F-4207-99C8-057D6ADF80C7|AE24F15B-5038-4A15-8607-1DB2A7A0B7DE|50|40|40|14|1|2017
E3CDC578-37BA-4CDB-B150-DAB0409270CD|3C14C92D-9113-4289-8A69-564BF3F3D871|66027e51-b1ad-4b10-8250-63af64d23323|46398A47-93F2-4591-B36F-1C28B03CC2F3|A4BFC2BD-262F-4207-99C8-057D6ADF80C7|AE24F15B-5038-4A15-8607-1DB2A7A0B7DE|43|41|41|15|1|2017
E3CDC578-37BA-4CDB-B150-DAB0409270CD|E9888085-FD91-4551-9274-50BA485A9637|66027e51-b1ad-4b10-8250-63af64d23323|46398A47-93F2-4591-B36F-1C28B03CC2F3|A4BFC2BD-262F-4207-99C8-057D6ADF80C7|AE24F15B-5038-4A15-8607-1DB2A7A0B7DE|40|42|42|16|1|2017
E3CDC578-37BA-4CDB-B150-DAB0409270CD|DDAD0F9E-C85B-462D-8A57-FCE97AEE4EF0|66027e51-b1ad-4b10-8250-63af64d23323|46398A47-93F2-4591-B36F-1C28B03CC2F3|A4BFC2BD-262F-4207-99C8-057D6ADF80C7|AE24F15B-5038-4A15-8607-1DB2A7A0B7DE|47|43|43|17|1|2017
E3CDC578-37BA-4CDB-B150-DAB0409270CD|6799DC5E-5CEB-4D60-BD75-EAA9FFFDE30F|66027e51-b1ad-4b10-8250-63af64d23323|46398A47-93F2-4591-B36F-1C28B03CC2F3|A4BFC2BD-262F-4207-99C8-057D6ADF80C7|AE24F15B-5038-4A15-8607-1DB2A7A0B7DE|54|44|44|18|1|2017
E3CDC578-37BA-4CDB-B150-DAB0409270CD|85728858-0D2E-4DA6-9901-941B737421E5|66027e51-b1ad-4b10-8250-63af64d23323|46398A47-93F2-4591-B36F-1C28B03CC2F3|A4BFC2BD-262F-4207-99C8-057D6ADF80C7|AE24F15B-5038-4A15-8607-1DB2A7A0B7DE|33|45|45|19|1|2017
E3CDC578-37BA-4CDB-B150-DAB0409270CD|2A4FD176-029E-4DA0-A08A-036BF438EDE7|66027e51-b1ad-4b10-8250-63af64d23323|46398A47-93F2-4591-B36F-1C28B03CC2F3|A4BFC2BD-262F-4207-99C8-057D6ADF80C7|AE24F15B-5038-4A15-8607-1DB2A7A0B7DE|44|13|13|13|1|2017
E3CDC578-37BA-4CDB-B150-DAB0409270CD|1381D1CA-EB72-4D72-A793-D692BE1483C9|66027e51-b1ad-4b10-8250-63af64d23323|46398A47-93F2-4591-B36F-1C28B03CC2F3|A4BFC2BD-262F-4207-99C8-057D6ADF80C7|AE24F15B-5038-4A15-8607-1DB2A7A0B7DE|22|14|14|14|1|2017
E3CDC578-37BA-4CDB-B150-DAB0409270CD|81B20DD2-7462-47FB-B597-1BDAA8A9F0EF|66027e51-b1ad-4b10-8250-63af64d23323|46398A47-93F2-4591-B36F-1C28B03CC2F3|A4BFC2BD-262F-4207-99C8-057D6ADF80C7|AE24F15B-5038-4A15-8607-1DB2A7A0B7DE|33|15|15|15|1|2017
E3CDC578-37BA-4CDB-B150-DAB0409270CD|0BB327CC-1E4B-497E-9A77-7A49419D95C7|66027e51-b1ad-4b10-8250-63af64d23323|46398A47-93F2-4591-B36F-1C28B03CC2F3|A4BFC2BD-262F-4207-99C8-057D6ADF80C7|AE24F15B-5038-4A15-8607-1DB2A7A0B7DE|44|16|16|16|1|2017
E3CDC578-37BA-4CDB-B150-DAB0409270CD|AA1B14EB-5CA0-4FA1-B665-697342B2782D|66027e51-b1ad-4b10-8250-63af64d23323|46398A47-93F2-4591-B36F-1C28B03CC2F3|A4BFC2BD-262F-4207-99C8-057D6ADF80C7|AE24F15B-5038-4A15-8607-1DB2A7A0B7DE|54|17|17|17|1|2017
E3CDC578-37BA-4CDB-B150-DAB0409270CD|5B3BD314-7489-4F0E-8BD8-35DF4DF3FC5C|66027e51-b1ad-4b10-8250-63af64d23323|46398A47-93F2-4591-B36F-1C28B03CC2F3|A4BFC2BD-262F-4207-99C8-057D6ADF80C7|AE24F15B-5038-4A15-8607-1DB2A7A0B7DE|34|18|18|18|1|2017
E3CDC578-37BA-4CDB-B150-DAB0409270CD|89AE9658-3882-484D-B1D5-9E13F554DF2B|66027e51-b1ad-4b10-8250-63af64d23323|46398A47-93F2-4591-B36F-1C28B03CC2F3|A4BFC2BD-262F-4207-99C8-057D6ADF80C7|AE24F15B-5038-4A15-8607-1DB2A7A0B7DE|54|19|19|19|1|2017
E3CDC578-37BA-4CDB-B150-DAB0409270CD|87671173-70A4-435F-8C3F-14695782B8CF|66027e51-b1ad-4b10-8250-63af64d23323|46398A47-93F2-4591-B36F-1C28B03CC2F3|A4BFC2BD-262F-4207-99C8-057D6ADF80C7|AE24F15B-5038-4A15-8607-1DB2A7A0B7DE|43|20|20|20|1|2017
E3CDC578-37BA-4CDB-B150-DAB0409270CD|3AD1F311-C539-4FED-B840-6B6081BDB2E7|66027e51-b1ad-4b10-8250-63af64d23323|46398A47-93F2-4591-B36F-1C28B03CC2F3|A4BFC2BD-262F-4207-99C8-057D6ADF80C7|AE24F15B-5038-4A15-8607-1DB2A7A0B7DE|33|21|21|21|1|2017
E3CDC578-37BA-4CDB-B150-DAB0409270CD|90342A1E-0084-4EB2-9D11-2191B59FA1A6|66027e51-b1ad-4b10-8250-63af64d23323|46398A47-93F2-4591-B36F-1C28B03CC2F3|A4BFC2BD-262F-4207-99C8-057D6ADF80C7|AE24F15B-5038-4A15-8607-1DB2A7A0B7DE|30|22|22|22|1|2017
E3CDC578-37BA-4CDB-B150-DAB0409270CD|799CA5BA-3FA6-4773-BC2E-3C68E1213AC6|66027e51-b1ad-4b10-8250-63af64d23323|46398A47-93F2-4591-B36F-1C28B03CC2F3|A4BFC2BD-262F-4207-99C8-057D6ADF80C7|AE24F15B-5038-4A15-8607-1DB2A7A0B7DE|44|23|23|23|1|2017
E3CDC578-37BA-4CDB-B150-DAB0409270CD|91DA9E7C-CAA1-4438-A1D7-DD071CFAFF8F|66027e51-b1ad-4b10-8250-63af64d23323|46398A47-93F2-4591-B36F-1C28B03CC2F3|A4BFC2BD-262F-4207-99C8-057D6ADF80C7|AE24F15B-5038-4A15-8607-1DB2A7A0B7DE|45|24|24|24|1|2017
E3CDC578-37BA-4CDB-B150-DAB0409270CD|11FFC61B-DCDB-4DEE-B9C5-E9DD22B9E575|66027e51-b1ad-4b10-8250-63af64d23323|46398A47-93F2-4591-B36F-1C28B03CC2F3|A4BFC2BD-262F-4207-99C8-057D6ADF80C7|AE24F15B-5038-4A15-8607-1DB2A7A0B7DE|46|25|25|25|1|2017
E3CDC578-37BA-4CDB-B150-DAB0409270CD|91DAFF4B-C8B9-4B46-A971-E66955D66332|66027e51-b1ad-4b10-8250-63af64d23323|46398A47-93F2-4591-B36F-1C28B03CC2F3|A4BFC2BD-262F-4207-99C8-057D6ADF80C7|AE24F15B-5038-4A15-8607-1DB2A7A0B7DE|54|26|26|26|1|2017
E3CDC578-37BA-4CDB-B150-DAB0409270CD|F5B016C3-DE03-4097-B006-616E8EE832CE|66027e51-b1ad-4b10-8250-63af64d23323|46398A47-93F2-4591-B36F-1C28B03CC2F3|A4BFC2BD-262F-4207-99C8-057D6ADF80C7|AE24F15B-5038-4A15-8607-1DB2A7A0B7DE|32|27|27|14|1|2017
E3CDC578-37BA-4CDB-B150-DAB0409270CD|A2DA52F4-EDAE-4866-9228-634AFC4F5458|66027e51-b1ad-4b10-8250-63af64d23323|46398A47-93F2-4591-B36F-1C28B03CC2F3|A4BFC2BD-262F-4207-99C8-057D6ADF80C7|AE24F15B-5038-4A15-8607-1DB2A7A0B7DE|34|28|28|15|1|2017
E3CDC578-37BA-4CDB-B150-DAB0409270CD|BBE08494-134E-4E03-B8B6-44D2C9AFF521|66027e51-b1ad-4b10-8250-63af64d23323|46398A47-93F2-4591-B36F-1C28B03CC2F3|A4BFC2BD-262F-4207-99C8-057D6ADF80C7|AE24F15B-5038-4A15-8607-1DB2A7A0B7DE|33|29|29|16|1|2017
E3CDC578-37BA-4CDB-B150-DAB0409270CD|0DE968C9-7309-C481-58F7-AB6CDB1011EF|66027e51-b1ad-4b10-8250-63af64d23323|46398A47-93F2-4591-B36F-1C28B03CC2F3|A4BFC2BD-262F-4207-99C8-057D6ADF80C7|4531A31D-1F8A-40D7-BFE6-D3CB3D91951A|54|30|30|17|1|2017
E3CDC578-37BA-4CDB-B150-DAB0409270CD|C1F2964E-9DD5-4B7A-86BD-E7FCAFB9D9D9|66027e51-b1ad-4b10-8250-63af64d23323|46398A47-93F2-4591-B36F-1C28B03CC2F3|A4BFC2BD-262F-4207-99C8-057D6ADF80C7|4531A31D-1F8A-40D7-BFE6-D3CB3D91951A|50|31|31|18|1|2017
E3CDC578-37BA-4CDB-B150-DAB0409270CD|E4D9BF24-8574-463D-A816-A21CEC6CD548|66027e51-b1ad-4b10-8250-63af64d23323|46398A47-93F2-4591-B36F-1C28B03CC2F3|A4BFC2BD-262F-4207-99C8-057D6ADF80C7|4531A31D-1F8A-40D7-BFE6-D3CB3D91951A|54|32|32|19|1|2017
E3CDC578-37BA-4CDB-B150-DAB0409270CD|40F82118-26E7-4CCC-8456-195B5F009478|66027e51-b1ad-4b10-8250-63af64d23323|46398A47-93F2-4591-B36F-1C28B03CC2F3|A4BFC2BD-262F-4207-99C8-057D6ADF80C7|4531A31D-1F8A-40D7-BFE6-D3CB3D91951A|34|33|33|20|1|2017
E3CDC578-37BA-4CDB-B150-DAB0409270CD|0420916C-304D-4EB8-A847-8B4729E915C1|66027e51-b1ad-4b10-8250-63af64d23323|46398A47-93F2-4591-B36F-1C28B03CC2F3|A4BFC2BD-262F-4207-99C8-057D6ADF80C7|4531A31D-1F8A-40D7-BFE6-D3CB3D91951A|56|34|34|21|1|2017
E3CDC578-37BA-4CDB-B150-DAB0409270CD|199C78A9-4708-451E-8C87-8E6B4F47AAD9|66027e51-b1ad-4b10-8250-63af64d23323|46398A47-93F2-4591-B36F-1C28B03CC2F3|A4BFC2BD-262F-4207-99C8-057D6ADF80C7|4531A31D-1F8A-40D7-BFE6-D3CB3D91951A|65|35|35|22|1|2017
E3CDC578-37BA-4CDB-B150-DAB0409270CD|B404AA65-25A3-40B0-8462-D377A926354F|66027e51-b1ad-4b10-8250-63af64d23323|46398A47-93F2-4591-B36F-1C28B03CC2F3|A4BFC2BD-262F-4207-99C8-057D6ADF80C7|4531A31D-1F8A-40D7-BFE6-D3CB3D91951A|67|36|36|23|1|2017
E3CDC578-37BA-4CDB-B150-DAB0409270CD|B7B6D6E6-84B1-47F6-AA1B-AA34AEB7D236|66027e51-b1ad-4b10-8250-63af64d23323|46398A47-93F2-4591-B36F-1C28B03CC2F3|A4BFC2BD-262F-4207-99C8-057D6ADF80C7|4531A31D-1F8A-40D7-BFE6-D3CB3D91951A|76|37|37|24|1|2017
E3CDC578-37BA-4CDB-B150-DAB0409270CD|7559C867-A833-4DA2-816B-51D4636033A3|66027e51-b1ad-4b10-8250-63af64d23323|46398A47-93F2-4591-B36F-1C28B03CC2F3|A4BFC2BD-262F-4207-99C8-057D6ADF80C7|4531A31D-1F8A-40D7-BFE6-D3CB3D91951A|65|38|38|25|1|2017
E3CDC578-37BA-4CDB-B150-DAB0409270CD|7FC3A038-C5DE-4DEE-AE2D-E2ED230AB328|66027e51-b1ad-4b10-8250-63af64d23323|46398A47-93F2-4591-B36F-1C28B03CC2F3|A4BFC2BD-262F-4207-99C8-057D6ADF80C7|4531A31D-1F8A-40D7-BFE6-D3CB3D91951A|68|39|39|26|1|2017
E3CDC578-37BA-4CDB-B150-DAB0409270CD|4A4D0394-0FBD-4014-98A5-D3CE9161A568|66027e51-b1ad-4b10-8250-63af64d23323|46398A47-93F2-4591-B36F-1C28B03CC2F3|A4BFC2BD-262F-4207-99C8-057D6ADF80C7|4531A31D-1F8A-40D7-BFE6-D3CB3D91951A|78|40|40|14|1|2017
E3CDC578-37BA-4CDB-B150-DAB0409270CD|CB0EF175-8A57-49D7-A1D4-89D0C6E3A497|66027e51-b1ad-4b10-8250-63af64d23323|46398A47-93F2-4591-B36F-1C28B03CC2F3|A4BFC2BD-262F-4207-99C8-057D6ADF80C7|4531A31D-1F8A-40D7-BFE6-D3CB3D91951A|76|41|41|15|1|2017
E3CDC578-37BA-4CDB-B150-DAB0409270CD|309B97E9-72AB-4FD0-A282-8410413ACE46|66027e51-b1ad-4b10-8250-63af64d23323|46398A47-93F2-4591-B36F-1C28B03CC2F3|A4BFC2BD-262F-4207-99C8-057D6ADF80C7|4531A31D-1F8A-40D7-BFE6-D3CB3D91951A|66|42|42|16|1|2017
E3CDC578-37BA-4CDB-B150-DAB0409270CD|307ED34F-D6B5-4EE8-AB44-543305B12085|66027e51-b1ad-4b10-8250-63af64d23323|46398A47-93F2-4591-B36F-1C28B03CC2F3|A4BFC2BD-262F-4207-99C8-057D6ADF80C7|4531A31D-1F8A-40D7-BFE6-D3CB3D91951A|77|43|43|17|1|2017
E3CDC578-37BA-4CDB-B150-DAB0409270CD|97BAC717-C0A7-47F7-9918-C56658E6D792|66027e51-b1ad-4b10-8250-63af64d23323|46398A47-93F2-4591-B36F-1C28B03CC2F3|A4BFC2BD-262F-4207-99C8-057D6ADF80C7|4531A31D-1F8A-40D7-BFE6-D3CB3D91951A|55|44|44|18|1|2017
E3CDC578-37BA-4CDB-B150-DAB0409270CD|466D93AD-B0D7-4B29-89C0-569A421763D6|66027e51-b1ad-4b10-8250-63af64d23323|46398A47-93F2-4591-B36F-1C28B03CC2F3|A4BFC2BD-262F-4207-99C8-057D6ADF80C7|4531A31D-1F8A-40D7-BFE6-D3CB3D91951A|67|45|45|19|1|2017
E3CDC578-37BA-4CDB-B150-DAB0409270CD|41C68FA5-4A98-4BB2-B702-68DD844F92B0|66027e51-b1ad-4b10-8250-63af64d23323|46398A47-93F2-4591-B36F-1C28B03CC2F3|A4BFC2BD-262F-4207-99C8-057D6ADF80C7|4531A31D-1F8A-40D7-BFE6-D3CB3D91951A|65|13|13|13|1|2017
E3CDC578-37BA-4CDB-B150-DAB0409270CD|9208D11F-98E8-47B8-8DFC-4215FC2EF127|66027e51-b1ad-4b10-8250-63af64d23323|46398A47-93F2-4591-B36F-1C28B03CC2F3|A4BFC2BD-262F-4207-99C8-057D6ADF80C7|4531A31D-1F8A-40D7-BFE6-D3CB3D91951A|68|14|14|14|1|2017
E3CDC578-37BA-4CDB-B150-DAB0409270CD|3013780A-61AD-4BAA-8666-C89CC1A555F8|66027e51-b1ad-4b10-8250-63af64d23323|46398A47-93F2-4591-B36F-1C28B03CC2F3|A4BFC2BD-262F-4207-99C8-057D6ADF80C7|4531A31D-1F8A-40D7-BFE6-D3CB3D91951A|56|15|15|15|1|2017
E3CDC578-37BA-4CDB-B150-DAB0409270CD|3C14C92D-9113-4289-8A69-564BF3F3D871|66027e51-b1ad-4b10-8250-63af64d23323|46398A47-93F2-4591-B36F-1C28B03CC2F3|A4BFC2BD-262F-4207-99C8-057D6ADF80C7|4531A31D-1F8A-40D7-BFE6-D3CB3D91951A|65|16|16|16|1|2017
E3CDC578-37BA-4CDB-B150-DAB0409270CD|E9888085-FD91-4551-9274-50BA485A9637|66027e51-b1ad-4b10-8250-63af64d23323|46398A47-93F2-4591-B36F-1C28B03CC2F3|A4BFC2BD-262F-4207-99C8-057D6ADF80C7|4531A31D-1F8A-40D7-BFE6-D3CB3D91951A|67|17|17|17|1|2017
E3CDC578-37BA-4CDB-B150-DAB0409270CD|DDAD0F9E-C85B-462D-8A57-FCE97AEE4EF0|66027e51-b1ad-4b10-8250-63af64d23323|46398A47-93F2-4591-B36F-1C28B03CC2F3|A4BFC2BD-262F-4207-99C8-057D6ADF80C7|4531A31D-1F8A-40D7-BFE6-D3CB3D91951A|76|18|18|18|1|2017
E3CDC578-37BA-4CDB-B150-DAB0409270CD|6799DC5E-5CEB-4D60-BD75-EAA9FFFDE30F|66027e51-b1ad-4b10-8250-63af64d23323|46398A47-93F2-4591-B36F-1C28B03CC2F3|A4BFC2BD-262F-4207-99C8-057D6ADF80C7|4531A31D-1F8A-40D7-BFE6-D3CB3D91951A|65|19|19|19|1|2017
E3CDC578-37BA-4CDB-B150-DAB0409270CD|85728858-0D2E-4DA6-9901-941B737421E5|66027e51-b1ad-4b10-8250-63af64d23323|46398A47-93F2-4591-B36F-1C28B03CC2F3|A4BFC2BD-262F-4207-99C8-057D6ADF80C7|4531A31D-1F8A-40D7-BFE6-D3CB3D91951A|68|20|20|20|1|2017
E3CDC578-37BA-4CDB-B150-DAB0409270CD|2A4FD176-029E-4DA0-A08A-036BF438EDE7|66027e51-b1ad-4b10-8250-63af64d23323|46398A47-93F2-4591-B36F-1C28B03CC2F3|A4BFC2BD-262F-4207-99C8-057D6ADF80C7|4531A31D-1F8A-40D7-BFE6-D3CB3D91951A|78|21|21|21|1|2017
E3CDC578-37BA-4CDB-B150-DAB0409270CD|1381D1CA-EB72-4D72-A793-D692BE1483C9|66027e51-b1ad-4b10-8250-63af64d23323|46398A47-93F2-4591-B36F-1C28B03CC2F3|A4BFC2BD-262F-4207-99C8-057D6ADF80C7|4531A31D-1F8A-40D7-BFE6-D3CB3D91951A|76|22|22|22|1|2017
E3CDC578-37BA-4CDB-B150-DAB0409270CD|81B20DD2-7462-47FB-B597-1BDAA8A9F0EF|66027e51-b1ad-4b10-8250-63af64d23323|46398A47-93F2-4591-B36F-1C28B03CC2F3|A4BFC2BD-262F-4207-99C8-057D6ADF80C7|4531A31D-1F8A-40D7-BFE6-D3CB3D91951A|66|23|23|23|1|2017
E3CDC578-37BA-4CDB-B150-DAB0409270CD|0BB327CC-1E4B-497E-9A77-7A49419D95C7|66027e51-b1ad-4b10-8250-63af64d23323|46398A47-93F2-4591-B36F-1C28B03CC2F3|A4BFC2BD-262F-4207-99C8-057D6ADF80C7|4531A31D-1F8A-40D7-BFE6-D3CB3D91951A|77|24|24|24|1|2017
E3CDC578-37BA-4CDB-B150-DAB0409270CD|AA1B14EB-5CA0-4FA1-B665-697342B2782D|66027e51-b1ad-4b10-8250-63af64d23323|46398A47-93F2-4591-B36F-1C28B03CC2F3|A4BFC2BD-262F-4207-99C8-057D6ADF80C7|4531A31D-1F8A-40D7-BFE6-D3CB3D91951A|55|25|25|25|1|2017
E3CDC578-37BA-4CDB-B150-DAB0409270CD|5B3BD314-7489-4F0E-8BD8-35DF4DF3FC5C|66027e51-b1ad-4b10-8250-63af64d23323|46398A47-93F2-4591-B36F-1C28B03CC2F3|A4BFC2BD-262F-4207-99C8-057D6ADF80C7|4531A31D-1F8A-40D7-BFE6-D3CB3D91951A|56|26|26|26|1|2017
E3CDC578-37BA-4CDB-B150-DAB0409270CD|89AE9658-3882-484D-B1D5-9E13F554DF2B|66027e51-b1ad-4b10-8250-63af64d23323|46398A47-93F2-4591-B36F-1C28B03CC2F3|A4BFC2BD-262F-4207-99C8-057D6ADF80C7|4531A31D-1F8A-40D7-BFE6-D3CB3D91951A|65|27|27|14|1|2017
E3CDC578-37BA-4CDB-B150-DAB0409270CD|87671173-70A4-435F-8C3F-14695782B8CF|66027e51-b1ad-4b10-8250-63af64d23323|46398A47-93F2-4591-B36F-1C28B03CC2F3|A4BFC2BD-262F-4207-99C8-057D6ADF80C7|4531A31D-1F8A-40D7-BFE6-D3CB3D91951A|67|28|28|15|1|2017
E3CDC578-37BA-4CDB-B150-DAB0409270CD|3AD1F311-C539-4FED-B840-6B6081BDB2E7|66027e51-b1ad-4b10-8250-63af64d23323|46398A47-93F2-4591-B36F-1C28B03CC2F3|A4BFC2BD-262F-4207-99C8-057D6ADF80C7|4531A31D-1F8A-40D7-BFE6-D3CB3D91951A|76|29|29|16|1|2017
E3CDC578-37BA-4CDB-B150-DAB0409270CD|90342A1E-0084-4EB2-9D11-2191B59FA1A6|66027e51-b1ad-4b10-8250-63af64d23323|46398A47-93F2-4591-B36F-1C28B03CC2F3|A4BFC2BD-262F-4207-99C8-057D6ADF80C7|4531A31D-1F8A-40D7-BFE6-D3CB3D91951A|54|30|30|17|1|2017
E3CDC578-37BA-4CDB-B150-DAB0409270CD|799CA5BA-3FA6-4773-BC2E-3C68E1213AC6|66027e51-b1ad-4b10-8250-63af64d23323|46398A47-93F2-4591-B36F-1C28B03CC2F3|A4BFC2BD-262F-4207-99C8-057D6ADF80C7|4531A31D-1F8A-40D7-BFE6-D3CB3D91951A|50|31|31|18|1|2017
E3CDC578-37BA-4CDB-B150-DAB0409270CD|91DA9E7C-CAA1-4438-A1D7-DD071CFAFF8F|66027e51-b1ad-4b10-8250-63af64d23323|46398A47-93F2-4591-B36F-1C28B03CC2F3|A4BFC2BD-262F-4207-99C8-057D6ADF80C7|4531A31D-1F8A-40D7-BFE6-D3CB3D91951A|54|32|32|19|1|2017
E3CDC578-37BA-4CDB-B150-DAB0409270CD|11FFC61B-DCDB-4DEE-B9C5-E9DD22B9E575|66027e51-b1ad-4b10-8250-63af64d23323|46398A47-93F2-4591-B36F-1C28B03CC2F3|A4BFC2BD-262F-4207-99C8-057D6ADF80C7|4531A31D-1F8A-40D7-BFE6-D3CB3D91951A|34|33|33|20|1|2017
E3CDC578-37BA-4CDB-B150-DAB0409270CD|91DAFF4B-C8B9-4B46-A971-E66955D66332|66027e51-b1ad-4b10-8250-63af64d23323|46398A47-93F2-4591-B36F-1C28B03CC2F3|A4BFC2BD-262F-4207-99C8-057D6ADF80C7|4531A31D-1F8A-40D7-BFE6-D3CB3D91951A|56|34|34|21|1|2017
E3CDC578-37BA-4CDB-B150-DAB0409270CD|F5B016C3-DE03-4097-B006-616E8EE832CE|66027e51-b1ad-4b10-8250-63af64d23323|46398A47-93F2-4591-B36F-1C28B03CC2F3|A4BFC2BD-262F-4207-99C8-057D6ADF80C7|4531A31D-1F8A-40D7-BFE6-D3CB3D91951A|65|35|35|22|1|2017
E3CDC578-37BA-4CDB-B150-DAB0409270CD|A2DA52F4-EDAE-4866-9228-634AFC4F5458|66027e51-b1ad-4b10-8250-63af64d23323|46398A47-93F2-4591-B36F-1C28B03CC2F3|A4BFC2BD-262F-4207-99C8-057D6ADF80C7|4531A31D-1F8A-40D7-BFE6-D3CB3D91951A|67|36|36|23|1|2017
E3CDC578-37BA-4CDB-B150-DAB0409270CD|BBE08494-134E-4E03-B8B6-44D2C9AFF521|66027e51-b1ad-4b10-8250-63af64d23323|46398A47-93F2-4591-B36F-1C28B03CC2F3|A4BFC2BD-262F-4207-99C8-057D6ADF80C7|4531A31D-1F8A-40D7-BFE6-D3CB3D91951A|76|37|37|24|1|2017
E3CDC578-37BA-4CDB-B150-DAB0409270CD|0DE968C9-7309-C481-58F7-AB6CDB1011EF|66027e51-b1ad-4b10-8250-63af64d23323|46398A47-93F2-4591-B36F-1C28B03CC2F3|A4BFC2BD-262F-4207-99C8-057D6ADF80C7|69A569CA-1D4F-458E-99DD-FB2BE705BF5C|44|38|38|25|1|2017
E3CDC578-37BA-4CDB-B150-DAB0409270CD|C1F2964E-9DD5-4B7A-86BD-E7FCAFB9D9D9|66027e51-b1ad-4b10-8250-63af64d23323|46398A47-93F2-4591-B36F-1C28B03CC2F3|A4BFC2BD-262F-4207-99C8-057D6ADF80C7|69A569CA-1D4F-458E-99DD-FB2BE705BF5C|54|39|39|26|1|2017
E3CDC578-37BA-4CDB-B150-DAB0409270CD|E4D9BF24-8574-463D-A816-A21CEC6CD548|66027e51-b1ad-4b10-8250-63af64d23323|46398A47-93F2-4591-B36F-1C28B03CC2F3|A4BFC2BD-262F-4207-99C8-057D6ADF80C7|69A569CA-1D4F-458E-99DD-FB2BE705BF5C|34|40|40|14|1|2017
E3CDC578-37BA-4CDB-B150-DAB0409270CD|40F82118-26E7-4CCC-8456-195B5F009478|66027e51-b1ad-4b10-8250-63af64d23323|46398A47-93F2-4591-B36F-1C28B03CC2F3|A4BFC2BD-262F-4207-99C8-057D6ADF80C7|69A569CA-1D4F-458E-99DD-FB2BE705BF5C|54|41|41|15|1|2017
E3CDC578-37BA-4CDB-B150-DAB0409270CD|0420916C-304D-4EB8-A847-8B4729E915C1|66027e51-b1ad-4b10-8250-63af64d23323|46398A47-93F2-4591-B36F-1C28B03CC2F3|A4BFC2BD-262F-4207-99C8-057D6ADF80C7|69A569CA-1D4F-458E-99DD-FB2BE705BF5C|43|42|42|16|1|2017
E3CDC578-37BA-4CDB-B150-DAB0409270CD|199C78A9-4708-451E-8C87-8E6B4F47AAD9|66027e51-b1ad-4b10-8250-63af64d23323|46398A47-93F2-4591-B36F-1C28B03CC2F3|A4BFC2BD-262F-4207-99C8-057D6ADF80C7|69A569CA-1D4F-458E-99DD-FB2BE705BF5C|33|43|43|17|1|2017
E3CDC578-37BA-4CDB-B150-DAB0409270CD|B404AA65-25A3-40B0-8462-D377A926354F|66027e51-b1ad-4b10-8250-63af64d23323|46398A47-93F2-4591-B36F-1C28B03CC2F3|A4BFC2BD-262F-4207-99C8-057D6ADF80C7|69A569CA-1D4F-458E-99DD-FB2BE705BF5C|30|44|44|18|1|2017
E3CDC578-37BA-4CDB-B150-DAB0409270CD|B7B6D6E6-84B1-47F6-AA1B-AA34AEB7D236|66027e51-b1ad-4b10-8250-63af64d23323|46398A47-93F2-4591-B36F-1C28B03CC2F3|A4BFC2BD-262F-4207-99C8-057D6ADF80C7|69A569CA-1D4F-458E-99DD-FB2BE705BF5C|44|45|45|19|1|2017
E3CDC578-37BA-4CDB-B150-DAB0409270CD|7559C867-A833-4DA2-816B-51D4636033A3|66027e51-b1ad-4b10-8250-63af64d23323|46398A47-93F2-4591-B36F-1C28B03CC2F3|A4BFC2BD-262F-4207-99C8-057D6ADF80C7|69A569CA-1D4F-458E-99DD-FB2BE705BF5C|45|13|13|13|1|2017
E3CDC578-37BA-4CDB-B150-DAB0409270CD|7FC3A038-C5DE-4DEE-AE2D-E2ED230AB328|66027e51-b1ad-4b10-8250-63af64d23323|46398A47-93F2-4591-B36F-1C28B03CC2F3|A4BFC2BD-262F-4207-99C8-057D6ADF80C7|69A569CA-1D4F-458E-99DD-FB2BE705BF5C|46|14|14|14|1|2017
E3CDC578-37BA-4CDB-B150-DAB0409270CD|4A4D0394-0FBD-4014-98A5-D3CE9161A568|66027e51-b1ad-4b10-8250-63af64d23323|46398A47-93F2-4591-B36F-1C28B03CC2F3|A4BFC2BD-262F-4207-99C8-057D6ADF80C7|69A569CA-1D4F-458E-99DD-FB2BE705BF5C|54|15|15|15|1|2017
E3CDC578-37BA-4CDB-B150-DAB0409270CD|CB0EF175-8A57-49D7-A1D4-89D0C6E3A497|66027e51-b1ad-4b10-8250-63af64d23323|46398A47-93F2-4591-B36F-1C28B03CC2F3|A4BFC2BD-262F-4207-99C8-057D6ADF80C7|69A569CA-1D4F-458E-99DD-FB2BE705BF5C|32|16|16|16|1|2017
E3CDC578-37BA-4CDB-B150-DAB0409270CD|309B97E9-72AB-4FD0-A282-8410413ACE46|66027e51-b1ad-4b10-8250-63af64d23323|46398A47-93F2-4591-B36F-1C28B03CC2F3|A4BFC2BD-262F-4207-99C8-057D6ADF80C7|69A569CA-1D4F-458E-99DD-FB2BE705BF5C|34|17|17|17|1|2017
E3CDC578-37BA-4CDB-B150-DAB0409270CD|307ED34F-D6B5-4EE8-AB44-543305B12085|66027e51-b1ad-4b10-8250-63af64d23323|46398A47-93F2-4591-B36F-1C28B03CC2F3|A4BFC2BD-262F-4207-99C8-057D6ADF80C7|69A569CA-1D4F-458E-99DD-FB2BE705BF5C|33|18|18|18|1|2017
E3CDC578-37BA-4CDB-B150-DAB0409270CD|97BAC717-C0A7-47F7-9918-C56658E6D792|66027e51-b1ad-4b10-8250-63af64d23323|46398A47-93F2-4591-B36F-1C28B03CC2F3|A4BFC2BD-262F-4207-99C8-057D6ADF80C7|69A569CA-1D4F-458E-99DD-FB2BE705BF5C|44|19|19|19|1|2017
E3CDC578-37BA-4CDB-B150-DAB0409270CD|466D93AD-B0D7-4B29-89C0-569A421763D6|66027e51-b1ad-4b10-8250-63af64d23323|46398A47-93F2-4591-B36F-1C28B03CC2F3|A4BFC2BD-262F-4207-99C8-057D6ADF80C7|69A569CA-1D4F-458E-99DD-FB2BE705BF5C|54|20|20|20|1|2017
E3CDC578-37BA-4CDB-B150-DAB0409270CD|41C68FA5-4A98-4BB2-B702-68DD844F92B0|66027e51-b1ad-4b10-8250-63af64d23323|46398A47-93F2-4591-B36F-1C28B03CC2F3|A4BFC2BD-262F-4207-99C8-057D6ADF80C7|69A569CA-1D4F-458E-99DD-FB2BE705BF5C|34|21|21|21|1|2017
E3CDC578-37BA-4CDB-B150-DAB0409270CD|9208D11F-98E8-47B8-8DFC-4215FC2EF127|66027e51-b1ad-4b10-8250-63af64d23323|46398A47-93F2-4591-B36F-1C28B03CC2F3|A4BFC2BD-262F-4207-99C8-057D6ADF80C7|69A569CA-1D4F-458E-99DD-FB2BE705BF5C|54|22|22|22|1|2017
E3CDC578-37BA-4CDB-B150-DAB0409270CD|3013780A-61AD-4BAA-8666-C89CC1A555F8|66027e51-b1ad-4b10-8250-63af64d23323|46398A47-93F2-4591-B36F-1C28B03CC2F3|A4BFC2BD-262F-4207-99C8-057D6ADF80C7|69A569CA-1D4F-458E-99DD-FB2BE705BF5C|43|23|23|23|1|2017
E3CDC578-37BA-4CDB-B150-DAB0409270CD|3C14C92D-9113-4289-8A69-564BF3F3D871|66027e51-b1ad-4b10-8250-63af64d23323|46398A47-93F2-4591-B36F-1C28B03CC2F3|A4BFC2BD-262F-4207-99C8-057D6ADF80C7|69A569CA-1D4F-458E-99DD-FB2BE705BF5C|33|24|24|24|1|2017
E3CDC578-37BA-4CDB-B150-DAB0409270CD|E9888085-FD91-4551-9274-50BA485A9637|66027e51-b1ad-4b10-8250-63af64d23323|46398A47-93F2-4591-B36F-1C28B03CC2F3|A4BFC2BD-262F-4207-99C8-057D6ADF80C7|69A569CA-1D4F-458E-99DD-FB2BE705BF5C|30|25|25|25|1|2017
E3CDC578-37BA-4CDB-B150-DAB0409270CD|DDAD0F9E-C85B-462D-8A57-FCE97AEE4EF0|66027e51-b1ad-4b10-8250-63af64d23323|46398A47-93F2-4591-B36F-1C28B03CC2F3|A4BFC2BD-262F-4207-99C8-057D6ADF80C7|69A569CA-1D4F-458E-99DD-FB2BE705BF5C|44|26|26|26|1|2017
E3CDC578-37BA-4CDB-B150-DAB0409270CD|6799DC5E-5CEB-4D60-BD75-EAA9FFFDE30F|66027e51-b1ad-4b10-8250-63af64d23323|46398A47-93F2-4591-B36F-1C28B03CC2F3|A4BFC2BD-262F-4207-99C8-057D6ADF80C7|69A569CA-1D4F-458E-99DD-FB2BE705BF5C|45|27|27|14|1|2017
E3CDC578-37BA-4CDB-B150-DAB0409270CD|85728858-0D2E-4DA6-9901-941B737421E5|66027e51-b1ad-4b10-8250-63af64d23323|46398A47-93F2-4591-B36F-1C28B03CC2F3|A4BFC2BD-262F-4207-99C8-057D6ADF80C7|69A569CA-1D4F-458E-99DD-FB2BE705BF5C|46|28|28|15|1|2017
E3CDC578-37BA-4CDB-B150-DAB0409270CD|2A4FD176-029E-4DA0-A08A-036BF438EDE7|66027e51-b1ad-4b10-8250-63af64d23323|46398A47-93F2-4591-B36F-1C28B03CC2F3|A4BFC2BD-262F-4207-99C8-057D6ADF80C7|69A569CA-1D4F-458E-99DD-FB2BE705BF5C|54|29|29|16|1|2017
E3CDC578-37BA-4CDB-B150-DAB0409270CD|1381D1CA-EB72-4D72-A793-D692BE1483C9|66027e51-b1ad-4b10-8250-63af64d23323|46398A47-93F2-4591-B36F-1C28B03CC2F3|A4BFC2BD-262F-4207-99C8-057D6ADF80C7|69A569CA-1D4F-458E-99DD-FB2BE705BF5C|32|30|30|17|1|2017
E3CDC578-37BA-4CDB-B150-DAB0409270CD|81B20DD2-7462-47FB-B597-1BDAA8A9F0EF|66027e51-b1ad-4b10-8250-63af64d23323|46398A47-93F2-4591-B36F-1C28B03CC2F3|A4BFC2BD-262F-4207-99C8-057D6ADF80C7|69A569CA-1D4F-458E-99DD-FB2BE705BF5C|34|31|31|18|1|2017
E3CDC578-37BA-4CDB-B150-DAB0409270CD|0BB327CC-1E4B-497E-9A77-7A49419D95C7|66027e51-b1ad-4b10-8250-63af64d23323|46398A47-93F2-4591-B36F-1C28B03CC2F3|A4BFC2BD-262F-4207-99C8-057D6ADF80C7|69A569CA-1D4F-458E-99DD-FB2BE705BF5C|33|32|32|19|1|2017
E3CDC578-37BA-4CDB-B150-DAB0409270CD|AA1B14EB-5CA0-4FA1-B665-697342B2782D|66027e51-b1ad-4b10-8250-63af64d23323|46398A47-93F2-4591-B36F-1C28B03CC2F3|A4BFC2BD-262F-4207-99C8-057D6ADF80C7|69A569CA-1D4F-458E-99DD-FB2BE705BF5C|44|33|33|20|1|2017
E3CDC578-37BA-4CDB-B150-DAB0409270CD|5B3BD314-7489-4F0E-8BD8-35DF4DF3FC5C|66027e51-b1ad-4b10-8250-63af64d23323|46398A47-93F2-4591-B36F-1C28B03CC2F3|A4BFC2BD-262F-4207-99C8-057D6ADF80C7|69A569CA-1D4F-458E-99DD-FB2BE705BF5C|54|34|34|21|1|2017
E3CDC578-37BA-4CDB-B150-DAB0409270CD|89AE9658-3882-484D-B1D5-9E13F554DF2B|66027e51-b1ad-4b10-8250-63af64d23323|46398A47-93F2-4591-B36F-1C28B03CC2F3|A4BFC2BD-262F-4207-99C8-057D6ADF80C7|69A569CA-1D4F-458E-99DD-FB2BE705BF5C|34|35|35|22|1|2017
E3CDC578-37BA-4CDB-B150-DAB0409270CD|87671173-70A4-435F-8C3F-14695782B8CF|66027e51-b1ad-4b10-8250-63af64d23323|46398A47-93F2-4591-B36F-1C28B03CC2F3|A4BFC2BD-262F-4207-99C8-057D6ADF80C7|69A569CA-1D4F-458E-99DD-FB2BE705BF5C|54|36|36|23|1|2017
E3CDC578-37BA-4CDB-B150-DAB0409270CD|3AD1F311-C539-4FED-B840-6B6081BDB2E7|66027e51-b1ad-4b10-8250-63af64d23323|46398A47-93F2-4591-B36F-1C28B03CC2F3|A4BFC2BD-262F-4207-99C8-057D6ADF80C7|69A569CA-1D4F-458E-99DD-FB2BE705BF5C|43|37|37|24|1|2017
E3CDC578-37BA-4CDB-B150-DAB0409270CD|90342A1E-0084-4EB2-9D11-2191B59FA1A6|66027e51-b1ad-4b10-8250-63af64d23323|46398A47-93F2-4591-B36F-1C28B03CC2F3|A4BFC2BD-262F-4207-99C8-057D6ADF80C7|69A569CA-1D4F-458E-99DD-FB2BE705BF5C|33|38|38|25|1|2017
E3CDC578-37BA-4CDB-B150-DAB0409270CD|799CA5BA-3FA6-4773-BC2E-3C68E1213AC6|66027e51-b1ad-4b10-8250-63af64d23323|46398A47-93F2-4591-B36F-1C28B03CC2F3|A4BFC2BD-262F-4207-99C8-057D6ADF80C7|69A569CA-1D4F-458E-99DD-FB2BE705BF5C|30|39|39|26|1|2017
E3CDC578-37BA-4CDB-B150-DAB0409270CD|91DA9E7C-CAA1-4438-A1D7-DD071CFAFF8F|66027e51-b1ad-4b10-8250-63af64d23323|46398A47-93F2-4591-B36F-1C28B03CC2F3|A4BFC2BD-262F-4207-99C8-057D6ADF80C7|69A569CA-1D4F-458E-99DD-FB2BE705BF5C|44|40|40|14|1|2017
E3CDC578-37BA-4CDB-B150-DAB0409270CD|11FFC61B-DCDB-4DEE-B9C5-E9DD22B9E575|66027e51-b1ad-4b10-8250-63af64d23323|46398A47-93F2-4591-B36F-1C28B03CC2F3|A4BFC2BD-262F-4207-99C8-057D6ADF80C7|69A569CA-1D4F-458E-99DD-FB2BE705BF5C|45|41|41|15|1|2017
E3CDC578-37BA-4CDB-B150-DAB0409270CD|91DAFF4B-C8B9-4B46-A971-E66955D66332|66027e51-b1ad-4b10-8250-63af64d23323|46398A47-93F2-4591-B36F-1C28B03CC2F3|A4BFC2BD-262F-4207-99C8-057D6ADF80C7|69A569CA-1D4F-458E-99DD-FB2BE705BF5C|46|42|42|16|1|2017
E3CDC578-37BA-4CDB-B150-DAB0409270CD|F5B016C3-DE03-4097-B006-616E8EE832CE|66027e51-b1ad-4b10-8250-63af64d23323|46398A47-93F2-4591-B36F-1C28B03CC2F3|A4BFC2BD-262F-4207-99C8-057D6ADF80C7|69A569CA-1D4F-458E-99DD-FB2BE705BF5C|54|43|43|17|1|2017
E3CDC578-37BA-4CDB-B150-DAB0409270CD|A2DA52F4-EDAE-4866-9228-634AFC4F5458|66027e51-b1ad-4b10-8250-63af64d23323|46398A47-93F2-4591-B36F-1C28B03CC2F3|A4BFC2BD-262F-4207-99C8-057D6ADF80C7|69A569CA-1D4F-458E-99DD-FB2BE705BF5C|32|44|44|18|1|2017
E3CDC578-37BA-4CDB-B150-DAB0409270CD|BBE08494-134E-4E03-B8B6-44D2C9AFF521|66027e51-b1ad-4b10-8250-63af64d23323|46398A47-93F2-4591-B36F-1C28B03CC2F3|A4BFC2BD-262F-4207-99C8-057D6ADF80C7|69A569CA-1D4F-458E-99DD-FB2BE705BF5C|34|45|45|19|1|2017
E3CDC578-37BA-4CDB-B150-DAB0409270CD|0DE968C9-7309-C481-58F7-AB6CDB1011EF|4f59580d-1a16-4669-9ed5-4b89615d6903|46398A47-93F2-4591-B36F-1C28B03CC2F3|A4BFC2BD-262F-4207-99C8-057D6ADF80C7|AE24F15B-5038-4A15-8607-1DB2A7A0B7DE|65|13|13|13|1|2017
E3CDC578-37BA-4CDB-B150-DAB0409270CD|C1F2964E-9DD5-4B7A-86BD-E7FCAFB9D9D9|4f59580d-1a16-4669-9ed5-4b89615d6903|46398A47-93F2-4591-B36F-1C28B03CC2F3|A4BFC2BD-262F-4207-99C8-057D6ADF80C7|AE24F15B-5038-4A15-8607-1DB2A7A0B7DE|68|14|14|14|1|2017
E3CDC578-37BA-4CDB-B150-DAB0409270CD|E4D9BF24-8574-463D-A816-A21CEC6CD548|4f59580d-1a16-4669-9ed5-4b89615d6903|46398A47-93F2-4591-B36F-1C28B03CC2F3|A4BFC2BD-262F-4207-99C8-057D6ADF80C7|AE24F15B-5038-4A15-8607-1DB2A7A0B7DE|78|15|15|15|1|2017
E3CDC578-37BA-4CDB-B150-DAB0409270CD|40F82118-26E7-4CCC-8456-195B5F009478|4f59580d-1a16-4669-9ed5-4b89615d6903|46398A47-93F2-4591-B36F-1C28B03CC2F3|A4BFC2BD-262F-4207-99C8-057D6ADF80C7|AE24F15B-5038-4A15-8607-1DB2A7A0B7DE|76|16|16|16|1|2017
E3CDC578-37BA-4CDB-B150-DAB0409270CD|0420916C-304D-4EB8-A847-8B4729E915C1|4f59580d-1a16-4669-9ed5-4b89615d6903|46398A47-93F2-4591-B36F-1C28B03CC2F3|A4BFC2BD-262F-4207-99C8-057D6ADF80C7|AE24F15B-5038-4A15-8607-1DB2A7A0B7DE|66|17|17|17|1|2017
E3CDC578-37BA-4CDB-B150-DAB0409270CD|199C78A9-4708-451E-8C87-8E6B4F47AAD9|4f59580d-1a16-4669-9ed5-4b89615d6903|46398A47-93F2-4591-B36F-1C28B03CC2F3|A4BFC2BD-262F-4207-99C8-057D6ADF80C7|AE24F15B-5038-4A15-8607-1DB2A7A0B7DE|77|18|18|18|1|2017
E3CDC578-37BA-4CDB-B150-DAB0409270CD|B404AA65-25A3-40B0-8462-D377A926354F|4f59580d-1a16-4669-9ed5-4b89615d6903|46398A47-93F2-4591-B36F-1C28B03CC2F3|A4BFC2BD-262F-4207-99C8-057D6ADF80C7|AE24F15B-5038-4A15-8607-1DB2A7A0B7DE|55|19|19|19|1|2017
E3CDC578-37BA-4CDB-B150-DAB0409270CD|B7B6D6E6-84B1-47F6-AA1B-AA34AEB7D236|4f59580d-1a16-4669-9ed5-4b89615d6903|46398A47-93F2-4591-B36F-1C28B03CC2F3|A4BFC2BD-262F-4207-99C8-057D6ADF80C7|AE24F15B-5038-4A15-8607-1DB2A7A0B7DE|56|20|20|20|1|2017
E3CDC578-37BA-4CDB-B150-DAB0409270CD|7559C867-A833-4DA2-816B-51D4636033A3|4f59580d-1a16-4669-9ed5-4b89615d6903|46398A47-93F2-4591-B36F-1C28B03CC2F3|A4BFC2BD-262F-4207-99C8-057D6ADF80C7|AE24F15B-5038-4A15-8607-1DB2A7A0B7DE|65|21|21|21|1|2017
E3CDC578-37BA-4CDB-B150-DAB0409270CD|7FC3A038-C5DE-4DEE-AE2D-E2ED230AB328|4f59580d-1a16-4669-9ed5-4b89615d6903|46398A47-93F2-4591-B36F-1C28B03CC2F3|A4BFC2BD-262F-4207-99C8-057D6ADF80C7|AE24F15B-5038-4A15-8607-1DB2A7A0B7DE|67|22|22|22|1|2017
E3CDC578-37BA-4CDB-B150-DAB0409270CD|4A4D0394-0FBD-4014-98A5-D3CE9161A568|4f59580d-1a16-4669-9ed5-4b89615d6903|46398A47-93F2-4591-B36F-1C28B03CC2F3|A4BFC2BD-262F-4207-99C8-057D6ADF80C7|AE24F15B-5038-4A15-8607-1DB2A7A0B7DE|76|23|23|23|1|2017
E3CDC578-37BA-4CDB-B150-DAB0409270CD|CB0EF175-8A57-49D7-A1D4-89D0C6E3A497|4f59580d-1a16-4669-9ed5-4b89615d6903|46398A47-93F2-4591-B36F-1C28B03CC2F3|A4BFC2BD-262F-4207-99C8-057D6ADF80C7|AE24F15B-5038-4A15-8607-1DB2A7A0B7DE|54|24|24|24|1|2017
E3CDC578-37BA-4CDB-B150-DAB0409270CD|309B97E9-72AB-4FD0-A282-8410413ACE46|4f59580d-1a16-4669-9ed5-4b89615d6903|46398A47-93F2-4591-B36F-1C28B03CC2F3|A4BFC2BD-262F-4207-99C8-057D6ADF80C7|AE24F15B-5038-4A15-8607-1DB2A7A0B7DE|50|25|25|25|1|2017
E3CDC578-37BA-4CDB-B150-DAB0409270CD|307ED34F-D6B5-4EE8-AB44-543305B12085|4f59580d-1a16-4669-9ed5-4b89615d6903|46398A47-93F2-4591-B36F-1C28B03CC2F3|A4BFC2BD-262F-4207-99C8-057D6ADF80C7|AE24F15B-5038-4A15-8607-1DB2A7A0B7DE|54|26|26|26|1|2017
E3CDC578-37BA-4CDB-B150-DAB0409270CD|97BAC717-C0A7-47F7-9918-C56658E6D792|4f59580d-1a16-4669-9ed5-4b89615d6903|46398A47-93F2-4591-B36F-1C28B03CC2F3|A4BFC2BD-262F-4207-99C8-057D6ADF80C7|AE24F15B-5038-4A15-8607-1DB2A7A0B7DE|34|27|27|14|1|2017
E3CDC578-37BA-4CDB-B150-DAB0409270CD|466D93AD-B0D7-4B29-89C0-569A421763D6|4f59580d-1a16-4669-9ed5-4b89615d6903|46398A47-93F2-4591-B36F-1C28B03CC2F3|A4BFC2BD-262F-4207-99C8-057D6ADF80C7|AE24F15B-5038-4A15-8607-1DB2A7A0B7DE|56|28|28|15|1|2017
E3CDC578-37BA-4CDB-B150-DAB0409270CD|41C68FA5-4A98-4BB2-B702-68DD844F92B0|4f59580d-1a16-4669-9ed5-4b89615d6903|46398A47-93F2-4591-B36F-1C28B03CC2F3|A4BFC2BD-262F-4207-99C8-057D6ADF80C7|AE24F15B-5038-4A15-8607-1DB2A7A0B7DE|65|29|29|16|1|2017
E3CDC578-37BA-4CDB-B150-DAB0409270CD|9208D11F-98E8-47B8-8DFC-4215FC2EF127|4f59580d-1a16-4669-9ed5-4b89615d6903|46398A47-93F2-4591-B36F-1C28B03CC2F3|A4BFC2BD-262F-4207-99C8-057D6ADF80C7|AE24F15B-5038-4A15-8607-1DB2A7A0B7DE|67|30|30|17|1|2017
E3CDC578-37BA-4CDB-B150-DAB0409270CD|3013780A-61AD-4BAA-8666-C89CC1A555F8|4f59580d-1a16-4669-9ed5-4b89615d6903|46398A47-93F2-4591-B36F-1C28B03CC2F3|A4BFC2BD-262F-4207-99C8-057D6ADF80C7|AE24F15B-5038-4A15-8607-1DB2A7A0B7DE|65|31|31|18|1|2017
E3CDC578-37BA-4CDB-B150-DAB0409270CD|3C14C92D-9113-4289-8A69-564BF3F3D871|4f59580d-1a16-4669-9ed5-4b89615d6903|46398A47-93F2-4591-B36F-1C28B03CC2F3|A4BFC2BD-262F-4207-99C8-057D6ADF80C7|AE24F15B-5038-4A15-8607-1DB2A7A0B7DE|68|32|32|19|1|2017
E3CDC578-37BA-4CDB-B150-DAB0409270CD|E9888085-FD91-4551-9274-50BA485A9637|4f59580d-1a16-4669-9ed5-4b89615d6903|46398A47-93F2-4591-B36F-1C28B03CC2F3|A4BFC2BD-262F-4207-99C8-057D6ADF80C7|AE24F15B-5038-4A15-8607-1DB2A7A0B7DE|78|33|33|20|1|2017
E3CDC578-37BA-4CDB-B150-DAB0409270CD|DDAD0F9E-C85B-462D-8A57-FCE97AEE4EF0|4f59580d-1a16-4669-9ed5-4b89615d6903|46398A47-93F2-4591-B36F-1C28B03CC2F3|A4BFC2BD-262F-4207-99C8-057D6ADF80C7|AE24F15B-5038-4A15-8607-1DB2A7A0B7DE|76|34|34|21|1|2017
E3CDC578-37BA-4CDB-B150-DAB0409270CD|6799DC5E-5CEB-4D60-BD75-EAA9FFFDE30F|4f59580d-1a16-4669-9ed5-4b89615d6903|46398A47-93F2-4591-B36F-1C28B03CC2F3|A4BFC2BD-262F-4207-99C8-057D6ADF80C7|AE24F15B-5038-4A15-8607-1DB2A7A0B7DE|66|35|35|22|1|2017
E3CDC578-37BA-4CDB-B150-DAB0409270CD|85728858-0D2E-4DA6-9901-941B737421E5|4f59580d-1a16-4669-9ed5-4b89615d6903|46398A47-93F2-4591-B36F-1C28B03CC2F3|A4BFC2BD-262F-4207-99C8-057D6ADF80C7|AE24F15B-5038-4A15-8607-1DB2A7A0B7DE|77|36|36|23|1|2017
E3CDC578-37BA-4CDB-B150-DAB0409270CD|2A4FD176-029E-4DA0-A08A-036BF438EDE7|4f59580d-1a16-4669-9ed5-4b89615d6903|46398A47-93F2-4591-B36F-1C28B03CC2F3|A4BFC2BD-262F-4207-99C8-057D6ADF80C7|AE24F15B-5038-4A15-8607-1DB2A7A0B7DE|55|37|37|24|1|2017
E3CDC578-37BA-4CDB-B150-DAB0409270CD|1381D1CA-EB72-4D72-A793-D692BE1483C9|4f59580d-1a16-4669-9ed5-4b89615d6903|46398A47-93F2-4591-B36F-1C28B03CC2F3|A4BFC2BD-262F-4207-99C8-057D6ADF80C7|AE24F15B-5038-4A15-8607-1DB2A7A0B7DE|56|38|38|25|1|2017
E3CDC578-37BA-4CDB-B150-DAB0409270CD|81B20DD2-7462-47FB-B597-1BDAA8A9F0EF|4f59580d-1a16-4669-9ed5-4b89615d6903|46398A47-93F2-4591-B36F-1C28B03CC2F3|A4BFC2BD-262F-4207-99C8-057D6ADF80C7|AE24F15B-5038-4A15-8607-1DB2A7A0B7DE|65|39|39|26|1|2017
E3CDC578-37BA-4CDB-B150-DAB0409270CD|0BB327CC-1E4B-497E-9A77-7A49419D95C7|4f59580d-1a16-4669-9ed5-4b89615d6903|46398A47-93F2-4591-B36F-1C28B03CC2F3|A4BFC2BD-262F-4207-99C8-057D6ADF80C7|AE24F15B-5038-4A15-8607-1DB2A7A0B7DE|67|40|40|14|1|2017
E3CDC578-37BA-4CDB-B150-DAB0409270CD|AA1B14EB-5CA0-4FA1-B665-697342B2782D|4f59580d-1a16-4669-9ed5-4b89615d6903|46398A47-93F2-4591-B36F-1C28B03CC2F3|A4BFC2BD-262F-4207-99C8-057D6ADF80C7|AE24F15B-5038-4A15-8607-1DB2A7A0B7DE|76|41|41|15|1|2017
E3CDC578-37BA-4CDB-B150-DAB0409270CD|5B3BD314-7489-4F0E-8BD8-35DF4DF3FC5C|4f59580d-1a16-4669-9ed5-4b89615d6903|46398A47-93F2-4591-B36F-1C28B03CC2F3|A4BFC2BD-262F-4207-99C8-057D6ADF80C7|AE24F15B-5038-4A15-8607-1DB2A7A0B7DE|54|42|42|16|1|2017
E3CDC578-37BA-4CDB-B150-DAB0409270CD|89AE9658-3882-484D-B1D5-9E13F554DF2B|4f59580d-1a16-4669-9ed5-4b89615d6903|46398A47-93F2-4591-B36F-1C28B03CC2F3|A4BFC2BD-262F-4207-99C8-057D6ADF80C7|AE24F15B-5038-4A15-8607-1DB2A7A0B7DE|50|43|43|17|1|2017
E3CDC578-37BA-4CDB-B150-DAB0409270CD|87671173-70A4-435F-8C3F-14695782B8CF|4f59580d-1a16-4669-9ed5-4b89615d6903|46398A47-93F2-4591-B36F-1C28B03CC2F3|A4BFC2BD-262F-4207-99C8-057D6ADF80C7|AE24F15B-5038-4A15-8607-1DB2A7A0B7DE|54|44|44|18|1|2017
E3CDC578-37BA-4CDB-B150-DAB0409270CD|3AD1F311-C539-4FED-B840-6B6081BDB2E7|4f59580d-1a16-4669-9ed5-4b89615d6903|46398A47-93F2-4591-B36F-1C28B03CC2F3|A4BFC2BD-262F-4207-99C8-057D6ADF80C7|AE24F15B-5038-4A15-8607-1DB2A7A0B7DE|34|45|45|19|1|2017
E3CDC578-37BA-4CDB-B150-DAB0409270CD|90342A1E-0084-4EB2-9D11-2191B59FA1A6|4f59580d-1a16-4669-9ed5-4b89615d6903|46398A47-93F2-4591-B36F-1C28B03CC2F3|A4BFC2BD-262F-4207-99C8-057D6ADF80C7|AE24F15B-5038-4A15-8607-1DB2A7A0B7DE|56|13|13|13|1|2017
E3CDC578-37BA-4CDB-B150-DAB0409270CD|799CA5BA-3FA6-4773-BC2E-3C68E1213AC6|4f59580d-1a16-4669-9ed5-4b89615d6903|46398A47-93F2-4591-B36F-1C28B03CC2F3|A4BFC2BD-262F-4207-99C8-057D6ADF80C7|AE24F15B-5038-4A15-8607-1DB2A7A0B7DE|65|14|14|14|1|2017
E3CDC578-37BA-4CDB-B150-DAB0409270CD|91DA9E7C-CAA1-4438-A1D7-DD071CFAFF8F|4f59580d-1a16-4669-9ed5-4b89615d6903|46398A47-93F2-4591-B36F-1C28B03CC2F3|A4BFC2BD-262F-4207-99C8-057D6ADF80C7|AE24F15B-5038-4A15-8607-1DB2A7A0B7DE|67|15|15|15|1|2017
E3CDC578-37BA-4CDB-B150-DAB0409270CD|11FFC61B-DCDB-4DEE-B9C5-E9DD22B9E575|4f59580d-1a16-4669-9ed5-4b89615d6903|46398A47-93F2-4591-B36F-1C28B03CC2F3|A4BFC2BD-262F-4207-99C8-057D6ADF80C7|AE24F15B-5038-4A15-8607-1DB2A7A0B7DE|65|16|16|16|1|2017
E3CDC578-37BA-4CDB-B150-DAB0409270CD|91DAFF4B-C8B9-4B46-A971-E66955D66332|4f59580d-1a16-4669-9ed5-4b89615d6903|46398A47-93F2-4591-B36F-1C28B03CC2F3|A4BFC2BD-262F-4207-99C8-057D6ADF80C7|AE24F15B-5038-4A15-8607-1DB2A7A0B7DE|68|17|17|17|1|2017
E3CDC578-37BA-4CDB-B150-DAB0409270CD|F5B016C3-DE03-4097-B006-616E8EE832CE|4f59580d-1a16-4669-9ed5-4b89615d6903|46398A47-93F2-4591-B36F-1C28B03CC2F3|A4BFC2BD-262F-4207-99C8-057D6ADF80C7|AE24F15B-5038-4A15-8607-1DB2A7A0B7DE|78|18|18|18|1|2017
E3CDC578-37BA-4CDB-B150-DAB0409270CD|A2DA52F4-EDAE-4866-9228-634AFC4F5458|4f59580d-1a16-4669-9ed5-4b89615d6903|46398A47-93F2-4591-B36F-1C28B03CC2F3|A4BFC2BD-262F-4207-99C8-057D6ADF80C7|AE24F15B-5038-4A15-8607-1DB2A7A0B7DE|76|19|19|19|1|2017
E3CDC578-37BA-4CDB-B150-DAB0409270CD|BBE08494-134E-4E03-B8B6-44D2C9AFF521|4f59580d-1a16-4669-9ed5-4b89615d6903|46398A47-93F2-4591-B36F-1C28B03CC2F3|A4BFC2BD-262F-4207-99C8-057D6ADF80C7|AE24F15B-5038-4A15-8607-1DB2A7A0B7DE|66|20|20|20|1|2017
E3CDC578-37BA-4CDB-B150-DAB0409270CD|0DE968C9-7309-C481-58F7-AB6CDB1011EF|4f59580d-1a16-4669-9ed5-4b89615d6903|46398A47-93F2-4591-B36F-1C28B03CC2F3|A4BFC2BD-262F-4207-99C8-057D6ADF80C7|4531A31D-1F8A-40D7-BFE6-D3CB3D91951A|77|21|21|21|1|2017
E3CDC578-37BA-4CDB-B150-DAB0409270CD|C1F2964E-9DD5-4B7A-86BD-E7FCAFB9D9D9|4f59580d-1a16-4669-9ed5-4b89615d6903|46398A47-93F2-4591-B36F-1C28B03CC2F3|A4BFC2BD-262F-4207-99C8-057D6ADF80C7|4531A31D-1F8A-40D7-BFE6-D3CB3D91951A|55|22|22|22|1|2017
E3CDC578-37BA-4CDB-B150-DAB0409270CD|E4D9BF24-8574-463D-A816-A21CEC6CD548|4f59580d-1a16-4669-9ed5-4b89615d6903|46398A47-93F2-4591-B36F-1C28B03CC2F3|A4BFC2BD-262F-4207-99C8-057D6ADF80C7|4531A31D-1F8A-40D7-BFE6-D3CB3D91951A|56|23|23|23|1|2017
E3CDC578-37BA-4CDB-B150-DAB0409270CD|40F82118-26E7-4CCC-8456-195B5F009478|4f59580d-1a16-4669-9ed5-4b89615d6903|46398A47-93F2-4591-B36F-1C28B03CC2F3|A4BFC2BD-262F-4207-99C8-057D6ADF80C7|4531A31D-1F8A-40D7-BFE6-D3CB3D91951A|65|24|24|24|1|2017
E3CDC578-37BA-4CDB-B150-DAB0409270CD|0420916C-304D-4EB8-A847-8B4729E915C1|4f59580d-1a16-4669-9ed5-4b89615d6903|46398A47-93F2-4591-B36F-1C28B03CC2F3|A4BFC2BD-262F-4207-99C8-057D6ADF80C7|4531A31D-1F8A-40D7-BFE6-D3CB3D91951A|67|25|25|25|1|2017
E3CDC578-37BA-4CDB-B150-DAB0409270CD|199C78A9-4708-451E-8C87-8E6B4F47AAD9|4f59580d-1a16-4669-9ed5-4b89615d6903|46398A47-93F2-4591-B36F-1C28B03CC2F3|A4BFC2BD-262F-4207-99C8-057D6ADF80C7|4531A31D-1F8A-40D7-BFE6-D3CB3D91951A|76|26|26|26|1|2017
E3CDC578-37BA-4CDB-B150-DAB0409270CD|B404AA65-25A3-40B0-8462-D377A926354F|4f59580d-1a16-4669-9ed5-4b89615d6903|46398A47-93F2-4591-B36F-1C28B03CC2F3|A4BFC2BD-262F-4207-99C8-057D6ADF80C7|4531A31D-1F8A-40D7-BFE6-D3CB3D91951A|54|27|27|14|1|2017
E3CDC578-37BA-4CDB-B150-DAB0409270CD|B7B6D6E6-84B1-47F6-AA1B-AA34AEB7D236|4f59580d-1a16-4669-9ed5-4b89615d6903|46398A47-93F2-4591-B36F-1C28B03CC2F3|A4BFC2BD-262F-4207-99C8-057D6ADF80C7|4531A31D-1F8A-40D7-BFE6-D3CB3D91951A|50|28|28|15|1|2017
E3CDC578-37BA-4CDB-B150-DAB0409270CD|7559C867-A833-4DA2-816B-51D4636033A3|4f59580d-1a16-4669-9ed5-4b89615d6903|46398A47-93F2-4591-B36F-1C28B03CC2F3|A4BFC2BD-262F-4207-99C8-057D6ADF80C7|4531A31D-1F8A-40D7-BFE6-D3CB3D91951A|54|29|29|16|1|2017
E3CDC578-37BA-4CDB-B150-DAB0409270CD|7FC3A038-C5DE-4DEE-AE2D-E2ED230AB328|4f59580d-1a16-4669-9ed5-4b89615d6903|46398A47-93F2-4591-B36F-1C28B03CC2F3|A4BFC2BD-262F-4207-99C8-057D6ADF80C7|4531A31D-1F8A-40D7-BFE6-D3CB3D91951A|34|30|30|17|1|2017
E3CDC578-37BA-4CDB-B150-DAB0409270CD|4A4D0394-0FBD-4014-98A5-D3CE9161A568|4f59580d-1a16-4669-9ed5-4b89615d6903|46398A47-93F2-4591-B36F-1C28B03CC2F3|A4BFC2BD-262F-4207-99C8-057D6ADF80C7|4531A31D-1F8A-40D7-BFE6-D3CB3D91951A|56|31|31|18|1|2017
E3CDC578-37BA-4CDB-B150-DAB0409270CD|CB0EF175-8A57-49D7-A1D4-89D0C6E3A497|4f59580d-1a16-4669-9ed5-4b89615d6903|46398A47-93F2-4591-B36F-1C28B03CC2F3|A4BFC2BD-262F-4207-99C8-057D6ADF80C7|4531A31D-1F8A-40D7-BFE6-D3CB3D91951A|65|32|32|19|1|2017
E3CDC578-37BA-4CDB-B150-DAB0409270CD|309B97E9-72AB-4FD0-A282-8410413ACE46|4f59580d-1a16-4669-9ed5-4b89615d6903|46398A47-93F2-4591-B36F-1C28B03CC2F3|A4BFC2BD-262F-4207-99C8-057D6ADF80C7|4531A31D-1F8A-40D7-BFE6-D3CB3D91951A|67|33|33|20|1|2017
E3CDC578-37BA-4CDB-B150-DAB0409270CD|307ED34F-D6B5-4EE8-AB44-543305B12085|4f59580d-1a16-4669-9ed5-4b89615d6903|46398A47-93F2-4591-B36F-1C28B03CC2F3|A4BFC2BD-262F-4207-99C8-057D6ADF80C7|4531A31D-1F8A-40D7-BFE6-D3CB3D91951A|65|34|34|21|1|2017
E3CDC578-37BA-4CDB-B150-DAB0409270CD|97BAC717-C0A7-47F7-9918-C56658E6D792|4f59580d-1a16-4669-9ed5-4b89615d6903|46398A47-93F2-4591-B36F-1C28B03CC2F3|A4BFC2BD-262F-4207-99C8-057D6ADF80C7|4531A31D-1F8A-40D7-BFE6-D3CB3D91951A|68|35|35|22|1|2017
E3CDC578-37BA-4CDB-B150-DAB0409270CD|466D93AD-B0D7-4B29-89C0-569A421763D6|4f59580d-1a16-4669-9ed5-4b89615d6903|46398A47-93F2-4591-B36F-1C28B03CC2F3|A4BFC2BD-262F-4207-99C8-057D6ADF80C7|4531A31D-1F8A-40D7-BFE6-D3CB3D91951A|78|36|36|23|1|2017
E3CDC578-37BA-4CDB-B150-DAB0409270CD|41C68FA5-4A98-4BB2-B702-68DD844F92B0|4f59580d-1a16-4669-9ed5-4b89615d6903|46398A47-93F2-4591-B36F-1C28B03CC2F3|A4BFC2BD-262F-4207-99C8-057D6ADF80C7|4531A31D-1F8A-40D7-BFE6-D3CB3D91951A|76|37|37|24|1|2017
E3CDC578-37BA-4CDB-B150-DAB0409270CD|9208D11F-98E8-47B8-8DFC-4215FC2EF127|4f59580d-1a16-4669-9ed5-4b89615d6903|46398A47-93F2-4591-B36F-1C28B03CC2F3|A4BFC2BD-262F-4207-99C8-057D6ADF80C7|4531A31D-1F8A-40D7-BFE6-D3CB3D91951A|66|38|38|25|1|2017
E3CDC578-37BA-4CDB-B150-DAB0409270CD|3013780A-61AD-4BAA-8666-C89CC1A555F8|4f59580d-1a16-4669-9ed5-4b89615d6903|46398A47-93F2-4591-B36F-1C28B03CC2F3|A4BFC2BD-262F-4207-99C8-057D6ADF80C7|4531A31D-1F8A-40D7-BFE6-D3CB3D91951A|77|39|39|26|1|2017
E3CDC578-37BA-4CDB-B150-DAB0409270CD|3C14C92D-9113-4289-8A69-564BF3F3D871|4f59580d-1a16-4669-9ed5-4b89615d6903|46398A47-93F2-4591-B36F-1C28B03CC2F3|A4BFC2BD-262F-4207-99C8-057D6ADF80C7|4531A31D-1F8A-40D7-BFE6-D3CB3D91951A|55|40|40|14|1|2017
E3CDC578-37BA-4CDB-B150-DAB0409270CD|E9888085-FD91-4551-9274-50BA485A9637|4f59580d-1a16-4669-9ed5-4b89615d6903|46398A47-93F2-4591-B36F-1C28B03CC2F3|A4BFC2BD-262F-4207-99C8-057D6ADF80C7|4531A31D-1F8A-40D7-BFE6-D3CB3D91951A|56|41|41|15|1|2017
E3CDC578-37BA-4CDB-B150-DAB0409270CD|DDAD0F9E-C85B-462D-8A57-FCE97AEE4EF0|4f59580d-1a16-4669-9ed5-4b89615d6903|46398A47-93F2-4591-B36F-1C28B03CC2F3|A4BFC2BD-262F-4207-99C8-057D6ADF80C7|4531A31D-1F8A-40D7-BFE6-D3CB3D91951A|65|42|42|16|1|2017
E3CDC578-37BA-4CDB-B150-DAB0409270CD|6799DC5E-5CEB-4D60-BD75-EAA9FFFDE30F|4f59580d-1a16-4669-9ed5-4b89615d6903|46398A47-93F2-4591-B36F-1C28B03CC2F3|A4BFC2BD-262F-4207-99C8-057D6ADF80C7|4531A31D-1F8A-40D7-BFE6-D3CB3D91951A|67|43|43|17|1|2017
E3CDC578-37BA-4CDB-B150-DAB0409270CD|85728858-0D2E-4DA6-9901-941B737421E5|4f59580d-1a16-4669-9ed5-4b89615d6903|46398A47-93F2-4591-B36F-1C28B03CC2F3|A4BFC2BD-262F-4207-99C8-057D6ADF80C7|4531A31D-1F8A-40D7-BFE6-D3CB3D91951A|76|44|44|18|1|2017
E3CDC578-37BA-4CDB-B150-DAB0409270CD|2A4FD176-029E-4DA0-A08A-036BF438EDE7|4f59580d-1a16-4669-9ed5-4b89615d6903|46398A47-93F2-4591-B36F-1C28B03CC2F3|A4BFC2BD-262F-4207-99C8-057D6ADF80C7|4531A31D-1F8A-40D7-BFE6-D3CB3D91951A|54|45|45|19|1|2017
E3CDC578-37BA-4CDB-B150-DAB0409270CD|1381D1CA-EB72-4D72-A793-D692BE1483C9|4f59580d-1a16-4669-9ed5-4b89615d6903|46398A47-93F2-4591-B36F-1C28B03CC2F3|A4BFC2BD-262F-4207-99C8-057D6ADF80C7|4531A31D-1F8A-40D7-BFE6-D3CB3D91951A|50|13|13|13|1|2017
E3CDC578-37BA-4CDB-B150-DAB0409270CD|81B20DD2-7462-47FB-B597-1BDAA8A9F0EF|4f59580d-1a16-4669-9ed5-4b89615d6903|46398A47-93F2-4591-B36F-1C28B03CC2F3|A4BFC2BD-262F-4207-99C8-057D6ADF80C7|4531A31D-1F8A-40D7-BFE6-D3CB3D91951A|54|14|14|14|1|2017
E3CDC578-37BA-4CDB-B150-DAB0409270CD|0BB327CC-1E4B-497E-9A77-7A49419D95C7|4f59580d-1a16-4669-9ed5-4b89615d6903|46398A47-93F2-4591-B36F-1C28B03CC2F3|A4BFC2BD-262F-4207-99C8-057D6ADF80C7|4531A31D-1F8A-40D7-BFE6-D3CB3D91951A|34|15|15|15|1|2017
E3CDC578-37BA-4CDB-B150-DAB0409270CD|AA1B14EB-5CA0-4FA1-B665-697342B2782D|4f59580d-1a16-4669-9ed5-4b89615d6903|46398A47-93F2-4591-B36F-1C28B03CC2F3|A4BFC2BD-262F-4207-99C8-057D6ADF80C7|4531A31D-1F8A-40D7-BFE6-D3CB3D91951A|56|16|16|16|1|2017
E3CDC578-37BA-4CDB-B150-DAB0409270CD|5B3BD314-7489-4F0E-8BD8-35DF4DF3FC5C|4f59580d-1a16-4669-9ed5-4b89615d6903|46398A47-93F2-4591-B36F-1C28B03CC2F3|A4BFC2BD-262F-4207-99C8-057D6ADF80C7|4531A31D-1F8A-40D7-BFE6-D3CB3D91951A|65|17|17|17|1|2017
E3CDC578-37BA-4CDB-B150-DAB0409270CD|89AE9658-3882-484D-B1D5-9E13F554DF2B|4f59580d-1a16-4669-9ed5-4b89615d6903|46398A47-93F2-4591-B36F-1C28B03CC2F3|A4BFC2BD-262F-4207-99C8-057D6ADF80C7|4531A31D-1F8A-40D7-BFE6-D3CB3D91951A|67|18|18|18|1|2017
E3CDC578-37BA-4CDB-B150-DAB0409270CD|87671173-70A4-435F-8C3F-14695782B8CF|4f59580d-1a16-4669-9ed5-4b89615d6903|46398A47-93F2-4591-B36F-1C28B03CC2F3|A4BFC2BD-262F-4207-99C8-057D6ADF80C7|4531A31D-1F8A-40D7-BFE6-D3CB3D91951A|65|19|19|19|1|2017
E3CDC578-37BA-4CDB-B150-DAB0409270CD|3AD1F311-C539-4FED-B840-6B6081BDB2E7|4f59580d-1a16-4669-9ed5-4b89615d6903|46398A47-93F2-4591-B36F-1C28B03CC2F3|A4BFC2BD-262F-4207-99C8-057D6ADF80C7|4531A31D-1F8A-40D7-BFE6-D3CB3D91951A|68|20|20|20|1|2017
E3CDC578-37BA-4CDB-B150-DAB0409270CD|90342A1E-0084-4EB2-9D11-2191B59FA1A6|4f59580d-1a16-4669-9ed5-4b89615d6903|46398A47-93F2-4591-B36F-1C28B03CC2F3|A4BFC2BD-262F-4207-99C8-057D6ADF80C7|4531A31D-1F8A-40D7-BFE6-D3CB3D91951A|78|21|21|21|1|2017
E3CDC578-37BA-4CDB-B150-DAB0409270CD|799CA5BA-3FA6-4773-BC2E-3C68E1213AC6|4f59580d-1a16-4669-9ed5-4b89615d6903|46398A47-93F2-4591-B36F-1C28B03CC2F3|A4BFC2BD-262F-4207-99C8-057D6ADF80C7|4531A31D-1F8A-40D7-BFE6-D3CB3D91951A|76|22|22|22|1|2017
E3CDC578-37BA-4CDB-B150-DAB0409270CD|91DA9E7C-CAA1-4438-A1D7-DD071CFAFF8F|4f59580d-1a16-4669-9ed5-4b89615d6903|46398A47-93F2-4591-B36F-1C28B03CC2F3|A4BFC2BD-262F-4207-99C8-057D6ADF80C7|4531A31D-1F8A-40D7-BFE6-D3CB3D91951A|66|23|23|23|1|2017
E3CDC578-37BA-4CDB-B150-DAB0409270CD|11FFC61B-DCDB-4DEE-B9C5-E9DD22B9E575|4f59580d-1a16-4669-9ed5-4b89615d6903|46398A47-93F2-4591-B36F-1C28B03CC2F3|A4BFC2BD-262F-4207-99C8-057D6ADF80C7|4531A31D-1F8A-40D7-BFE6-D3CB3D91951A|77|24|24|24|1|2017
E3CDC578-37BA-4CDB-B150-DAB0409270CD|91DAFF4B-C8B9-4B46-A971-E66955D66332|4f59580d-1a16-4669-9ed5-4b89615d6903|46398A47-93F2-4591-B36F-1C28B03CC2F3|A4BFC2BD-262F-4207-99C8-057D6ADF80C7|4531A31D-1F8A-40D7-BFE6-D3CB3D91951A|55|25|25|25|1|2017
E3CDC578-37BA-4CDB-B150-DAB0409270CD|F5B016C3-DE03-4097-B006-616E8EE832CE|4f59580d-1a16-4669-9ed5-4b89615d6903|46398A47-93F2-4591-B36F-1C28B03CC2F3|A4BFC2BD-262F-4207-99C8-057D6ADF80C7|4531A31D-1F8A-40D7-BFE6-D3CB3D91951A|56|26|26|26|1|2017
E3CDC578-37BA-4CDB-B150-DAB0409270CD|A2DA52F4-EDAE-4866-9228-634AFC4F5458|4f59580d-1a16-4669-9ed5-4b89615d6903|46398A47-93F2-4591-B36F-1C28B03CC2F3|A4BFC2BD-262F-4207-99C8-057D6ADF80C7|4531A31D-1F8A-40D7-BFE6-D3CB3D91951A|65|27|27|14|1|2017
E3CDC578-37BA-4CDB-B150-DAB0409270CD|BBE08494-134E-4E03-B8B6-44D2C9AFF521|4f59580d-1a16-4669-9ed5-4b89615d6903|46398A47-93F2-4591-B36F-1C28B03CC2F3|A4BFC2BD-262F-4207-99C8-057D6ADF80C7|4531A31D-1F8A-40D7-BFE6-D3CB3D91951A|67|28|28|15|1|2017
E3CDC578-37BA-4CDB-B150-DAB0409270CD|0DE968C9-7309-C481-58F7-AB6CDB1011EF|552c0a24-6038-440f-add5-2dadfb9a23bd|46398A47-93F2-4591-B36F-1C28B03CC2F3|A4BFC2BD-262F-4207-99C8-057D6ADF80C7|AE24F15B-5038-4A15-8607-1DB2A7A0B7DE|78|29|29|16|1|2017
E3CDC578-37BA-4CDB-B150-DAB0409270CD|C1F2964E-9DD5-4B7A-86BD-E7FCAFB9D9D9|552c0a24-6038-440f-add5-2dadfb9a23bd|46398A47-93F2-4591-B36F-1C28B03CC2F3|A4BFC2BD-262F-4207-99C8-057D6ADF80C7|AE24F15B-5038-4A15-8607-1DB2A7A0B7DE|76|30|30|17|1|2017
E3CDC578-37BA-4CDB-B150-DAB0409270CD|E4D9BF24-8574-463D-A816-A21CEC6CD548|552c0a24-6038-440f-add5-2dadfb9a23bd|46398A47-93F2-4591-B36F-1C28B03CC2F3|A4BFC2BD-262F-4207-99C8-057D6ADF80C7|AE24F15B-5038-4A15-8607-1DB2A7A0B7DE|66|31|31|18|1|2017
E3CDC578-37BA-4CDB-B150-DAB0409270CD|40F82118-26E7-4CCC-8456-195B5F009478|552c0a24-6038-440f-add5-2dadfb9a23bd|46398A47-93F2-4591-B36F-1C28B03CC2F3|A4BFC2BD-262F-4207-99C8-057D6ADF80C7|AE24F15B-5038-4A15-8607-1DB2A7A0B7DE|77|32|32|19|1|2017
E3CDC578-37BA-4CDB-B150-DAB0409270CD|0420916C-304D-4EB8-A847-8B4729E915C1|552c0a24-6038-440f-add5-2dadfb9a23bd|46398A47-93F2-4591-B36F-1C28B03CC2F3|A4BFC2BD-262F-4207-99C8-057D6ADF80C7|AE24F15B-5038-4A15-8607-1DB2A7A0B7DE|55|33|33|20|1|2017
E3CDC578-37BA-4CDB-B150-DAB0409270CD|199C78A9-4708-451E-8C87-8E6B4F47AAD9|552c0a24-6038-440f-add5-2dadfb9a23bd|46398A47-93F2-4591-B36F-1C28B03CC2F3|A4BFC2BD-262F-4207-99C8-057D6ADF80C7|AE24F15B-5038-4A15-8607-1DB2A7A0B7DE|56|34|34|21|1|2017
E3CDC578-37BA-4CDB-B150-DAB0409270CD|B404AA65-25A3-40B0-8462-D377A926354F|552c0a24-6038-440f-add5-2dadfb9a23bd|46398A47-93F2-4591-B36F-1C28B03CC2F3|A4BFC2BD-262F-4207-99C8-057D6ADF80C7|AE24F15B-5038-4A15-8607-1DB2A7A0B7DE|65|35|35|22|1|2017
E3CDC578-37BA-4CDB-B150-DAB0409270CD|B7B6D6E6-84B1-47F6-AA1B-AA34AEB7D236|552c0a24-6038-440f-add5-2dadfb9a23bd|46398A47-93F2-4591-B36F-1C28B03CC2F3|A4BFC2BD-262F-4207-99C8-057D6ADF80C7|AE24F15B-5038-4A15-8607-1DB2A7A0B7DE|67|36|36|23|1|2017
E3CDC578-37BA-4CDB-B150-DAB0409270CD|7559C867-A833-4DA2-816B-51D4636033A3|552c0a24-6038-440f-add5-2dadfb9a23bd|46398A47-93F2-4591-B36F-1C28B03CC2F3|A4BFC2BD-262F-4207-99C8-057D6ADF80C7|AE24F15B-5038-4A15-8607-1DB2A7A0B7DE|76|37|37|24|1|2017
E3CDC578-37BA-4CDB-B150-DAB0409270CD|7FC3A038-C5DE-4DEE-AE2D-E2ED230AB328|552c0a24-6038-440f-add5-2dadfb9a23bd|46398A47-93F2-4591-B36F-1C28B03CC2F3|A4BFC2BD-262F-4207-99C8-057D6ADF80C7|AE24F15B-5038-4A15-8607-1DB2A7A0B7DE|54|38|38|25|1|2017
E3CDC578-37BA-4CDB-B150-DAB0409270CD|4A4D0394-0FBD-4014-98A5-D3CE9161A568|552c0a24-6038-440f-add5-2dadfb9a23bd|46398A47-93F2-4591-B36F-1C28B03CC2F3|A4BFC2BD-262F-4207-99C8-057D6ADF80C7|AE24F15B-5038-4A15-8607-1DB2A7A0B7DE|50|39|39|26|1|2017
E3CDC578-37BA-4CDB-B150-DAB0409270CD|CB0EF175-8A57-49D7-A1D4-89D0C6E3A497|552c0a24-6038-440f-add5-2dadfb9a23bd|46398A47-93F2-4591-B36F-1C28B03CC2F3|A4BFC2BD-262F-4207-99C8-057D6ADF80C7|AE24F15B-5038-4A15-8607-1DB2A7A0B7DE|54|40|40|14|1|2017
E3CDC578-37BA-4CDB-B150-DAB0409270CD|309B97E9-72AB-4FD0-A282-8410413ACE46|552c0a24-6038-440f-add5-2dadfb9a23bd|46398A47-93F2-4591-B36F-1C28B03CC2F3|A4BFC2BD-262F-4207-99C8-057D6ADF80C7|AE24F15B-5038-4A15-8607-1DB2A7A0B7DE|34|41|41|15|1|2017
E3CDC578-37BA-4CDB-B150-DAB0409270CD|307ED34F-D6B5-4EE8-AB44-543305B12085|552c0a24-6038-440f-add5-2dadfb9a23bd|46398A47-93F2-4591-B36F-1C28B03CC2F3|A4BFC2BD-262F-4207-99C8-057D6ADF80C7|AE24F15B-5038-4A15-8607-1DB2A7A0B7DE|56|42|42|16|1|2017
E3CDC578-37BA-4CDB-B150-DAB0409270CD|97BAC717-C0A7-47F7-9918-C56658E6D792|552c0a24-6038-440f-add5-2dadfb9a23bd|46398A47-93F2-4591-B36F-1C28B03CC2F3|A4BFC2BD-262F-4207-99C8-057D6ADF80C7|AE24F15B-5038-4A15-8607-1DB2A7A0B7DE|65|43|43|17|1|2017
E3CDC578-37BA-4CDB-B150-DAB0409270CD|466D93AD-B0D7-4B29-89C0-569A421763D6|552c0a24-6038-440f-add5-2dadfb9a23bd|46398A47-93F2-4591-B36F-1C28B03CC2F3|A4BFC2BD-262F-4207-99C8-057D6ADF80C7|AE24F15B-5038-4A15-8607-1DB2A7A0B7DE|67|44|44|18|1|2017
E3CDC578-37BA-4CDB-B150-DAB0409270CD|41C68FA5-4A98-4BB2-B702-68DD844F92B0|552c0a24-6038-440f-add5-2dadfb9a23bd|46398A47-93F2-4591-B36F-1C28B03CC2F3|A4BFC2BD-262F-4207-99C8-057D6ADF80C7|AE24F15B-5038-4A15-8607-1DB2A7A0B7DE|65|45|45|19|1|2017
E3CDC578-37BA-4CDB-B150-DAB0409270CD|9208D11F-98E8-47B8-8DFC-4215FC2EF127|552c0a24-6038-440f-add5-2dadfb9a23bd|46398A47-93F2-4591-B36F-1C28B03CC2F3|A4BFC2BD-262F-4207-99C8-057D6ADF80C7|AE24F15B-5038-4A15-8607-1DB2A7A0B7DE|68|13|13|13|1|2017
E3CDC578-37BA-4CDB-B150-DAB0409270CD|3013780A-61AD-4BAA-8666-C89CC1A555F8|de0c86be-9bcb-4d3b-8098-b06687536c1f|46398A47-93F2-4591-B36F-1C28B03CC2F3|A4BFC2BD-262F-4207-99C8-057D6ADF80C7|AE24F15B-5038-4A15-8607-1DB2A7A0B7DE|78|14|14|14|1|2017
E3CDC578-37BA-4CDB-B150-DAB0409270CD|3C14C92D-9113-4289-8A69-564BF3F3D871|de0c86be-9bcb-4d3b-8098-b06687536c1f|46398A47-93F2-4591-B36F-1C28B03CC2F3|A4BFC2BD-262F-4207-99C8-057D6ADF80C7|AE24F15B-5038-4A15-8607-1DB2A7A0B7DE|76|15|15|15|1|2017
E3CDC578-37BA-4CDB-B150-DAB0409270CD|E9888085-FD91-4551-9274-50BA485A9637|de0c86be-9bcb-4d3b-8098-b06687536c1f|46398A47-93F2-4591-B36F-1C28B03CC2F3|A4BFC2BD-262F-4207-99C8-057D6ADF80C7|AE24F15B-5038-4A15-8607-1DB2A7A0B7DE|66|16|16|16|1|2017
E3CDC578-37BA-4CDB-B150-DAB0409270CD|DDAD0F9E-C85B-462D-8A57-FCE97AEE4EF0|de0c86be-9bcb-4d3b-8098-b06687536c1f|46398A47-93F2-4591-B36F-1C28B03CC2F3|A4BFC2BD-262F-4207-99C8-057D6ADF80C7|AE24F15B-5038-4A15-8607-1DB2A7A0B7DE|77|17|17|17|1|2017
E3CDC578-37BA-4CDB-B150-DAB0409270CD|6799DC5E-5CEB-4D60-BD75-EAA9FFFDE30F|de0c86be-9bcb-4d3b-8098-b06687536c1f|46398A47-93F2-4591-B36F-1C28B03CC2F3|A4BFC2BD-262F-4207-99C8-057D6ADF80C7|AE24F15B-5038-4A15-8607-1DB2A7A0B7DE|55|18|18|18|1|2017
E3CDC578-37BA-4CDB-B150-DAB0409270CD|85728858-0D2E-4DA6-9901-941B737421E5|de0c86be-9bcb-4d3b-8098-b06687536c1f|46398A47-93F2-4591-B36F-1C28B03CC2F3|A4BFC2BD-262F-4207-99C8-057D6ADF80C7|AE24F15B-5038-4A15-8607-1DB2A7A0B7DE|56|19|19|19|1|2017
E3CDC578-37BA-4CDB-B150-DAB0409270CD|2A4FD176-029E-4DA0-A08A-036BF438EDE7|de0c86be-9bcb-4d3b-8098-b06687536c1f|46398A47-93F2-4591-B36F-1C28B03CC2F3|A4BFC2BD-262F-4207-99C8-057D6ADF80C7|AE24F15B-5038-4A15-8607-1DB2A7A0B7DE|78|20|20|20|1|2017
E3CDC578-37BA-4CDB-B150-DAB0409270CD|1381D1CA-EB72-4D72-A793-D692BE1483C9|de0c86be-9bcb-4d3b-8098-b06687536c1f|46398A47-93F2-4591-B36F-1C28B03CC2F3|A4BFC2BD-262F-4207-99C8-057D6ADF80C7|AE24F15B-5038-4A15-8607-1DB2A7A0B7DE|76|21|21|21|1|2017
E3CDC578-37BA-4CDB-B150-DAB0409270CD|81B20DD2-7462-47FB-B597-1BDAA8A9F0EF|de0c86be-9bcb-4d3b-8098-b06687536c1f|46398A47-93F2-4591-B36F-1C28B03CC2F3|A4BFC2BD-262F-4207-99C8-057D6ADF80C7|AE24F15B-5038-4A15-8607-1DB2A7A0B7DE|66|22|22|22|1|2017
E3CDC578-37BA-4CDB-B150-DAB0409270CD|0BB327CC-1E4B-497E-9A77-7A49419D95C7|de0c86be-9bcb-4d3b-8098-b06687536c1f|46398A47-93F2-4591-B36F-1C28B03CC2F3|A4BFC2BD-262F-4207-99C8-057D6ADF80C7|AE24F15B-5038-4A15-8607-1DB2A7A0B7DE|77|23|23|23|1|2017
E3CDC578-37BA-4CDB-B150-DAB0409270CD|AA1B14EB-5CA0-4FA1-B665-697342B2782D|de0c86be-9bcb-4d3b-8098-b06687536c1f|46398A47-93F2-4591-B36F-1C28B03CC2F3|A4BFC2BD-262F-4207-99C8-057D6ADF80C7|AE24F15B-5038-4A15-8607-1DB2A7A0B7DE|55|24|24|24|1|2017
E3CDC578-37BA-4CDB-B150-DAB0409270CD|5B3BD314-7489-4F0E-8BD8-35DF4DF3FC5C|de0c86be-9bcb-4d3b-8098-b06687536c1f|46398A47-93F2-4591-B36F-1C28B03CC2F3|A4BFC2BD-262F-4207-99C8-057D6ADF80C7|AE24F15B-5038-4A15-8607-1DB2A7A0B7DE|56|25|25|25|1|2017
E3CDC578-37BA-4CDB-B150-DAB0409270CD|89AE9658-3882-484D-B1D5-9E13F554DF2B|44f23b3c-e066-4b45-931c-0e8073d3a93a|46398A47-93F2-4591-B36F-1C28B03CC2F3|A4BFC2BD-262F-4207-99C8-057D6ADF80C7|AE24F15B-5038-4A15-8607-1DB2A7A0B7DE|65|26|26|26|1|2017
E3CDC578-37BA-4CDB-B150-DAB0409270CD|87671173-70A4-435F-8C3F-14695782B8CF|44f23b3c-e066-4b45-931c-0e8073d3a93a|46398A47-93F2-4591-B36F-1C28B03CC2F3|A4BFC2BD-262F-4207-99C8-057D6ADF80C7|AE24F15B-5038-4A15-8607-1DB2A7A0B7DE|67|27|27|14|1|2017
E3CDC578-37BA-4CDB-B150-DAB0409270CD|3AD1F311-C539-4FED-B840-6B6081BDB2E7|44f23b3c-e066-4b45-931c-0e8073d3a93a|46398A47-93F2-4591-B36F-1C28B03CC2F3|A4BFC2BD-262F-4207-99C8-057D6ADF80C7|AE24F15B-5038-4A15-8607-1DB2A7A0B7DE|76|28|28|15|1|2017
E3CDC578-37BA-4CDB-B150-DAB0409270CD|90342A1E-0084-4EB2-9D11-2191B59FA1A6|44f23b3c-e066-4b45-931c-0e8073d3a93a|46398A47-93F2-4591-B36F-1C28B03CC2F3|A4BFC2BD-262F-4207-99C8-057D6ADF80C7|AE24F15B-5038-4A15-8607-1DB2A7A0B7DE|54|29|29|16|1|2017
E3CDC578-37BA-4CDB-B150-DAB0409270CD|799CA5BA-3FA6-4773-BC2E-3C68E1213AC6|44f23b3c-e066-4b45-931c-0e8073d3a93a|46398A47-93F2-4591-B36F-1C28B03CC2F3|A4BFC2BD-262F-4207-99C8-057D6ADF80C7|AE24F15B-5038-4A15-8607-1DB2A7A0B7DE|50|30|30|17|1|2017
E3CDC578-37BA-4CDB-B150-DAB0409270CD|91DA9E7C-CAA1-4438-A1D7-DD071CFAFF8F|44f23b3c-e066-4b45-931c-0e8073d3a93a|46398A47-93F2-4591-B36F-1C28B03CC2F3|A4BFC2BD-262F-4207-99C8-057D6ADF80C7|AE24F15B-5038-4A15-8607-1DB2A7A0B7DE|54|31|31|18|1|2017
E3CDC578-37BA-4CDB-B150-DAB0409270CD|11FFC61B-DCDB-4DEE-B9C5-E9DD22B9E575|44f23b3c-e066-4b45-931c-0e8073d3a93a|46398A47-93F2-4591-B36F-1C28B03CC2F3|A4BFC2BD-262F-4207-99C8-057D6ADF80C7|AE24F15B-5038-4A15-8607-1DB2A7A0B7DE|34|32|32|19|1|2017
E3CDC578-37BA-4CDB-B150-DAB0409270CD|91DAFF4B-C8B9-4B46-A971-E66955D66332|44f23b3c-e066-4b45-931c-0e8073d3a93a|46398A47-93F2-4591-B36F-1C28B03CC2F3|A4BFC2BD-262F-4207-99C8-057D6ADF80C7|AE24F15B-5038-4A15-8607-1DB2A7A0B7DE|56|33|33|20|1|2017
E3CDC578-37BA-4CDB-B150-DAB0409270CD|F5B016C3-DE03-4097-B006-616E8EE832CE|44f23b3c-e066-4b45-931c-0e8073d3a93a|46398A47-93F2-4591-B36F-1C28B03CC2F3|A4BFC2BD-262F-4207-99C8-057D6ADF80C7|AE24F15B-5038-4A15-8607-1DB2A7A0B7DE|65|34|34|21|1|2017
E3CDC578-37BA-4CDB-B150-DAB0409270CD|A2DA52F4-EDAE-4866-9228-634AFC4F5458|44f23b3c-e066-4b45-931c-0e8073d3a93a|46398A47-93F2-4591-B36F-1C28B03CC2F3|A4BFC2BD-262F-4207-99C8-057D6ADF80C7|AE24F15B-5038-4A15-8607-1DB2A7A0B7DE|67|35|35|22|1|2017
E3CDC578-37BA-4CDB-B150-DAB0409270CD|BBE08494-134E-4E03-B8B6-44D2C9AFF521|44f23b3c-e066-4b45-931c-0e8073d3a93a|46398A47-93F2-4591-B36F-1C28B03CC2F3|A4BFC2BD-262F-4207-99C8-057D6ADF80C7|AE24F15B-5038-4A15-8607-1DB2A7A0B7DE|65|36|36|23|1|2017
E3CDC578-37BA-4CDB-B150-DAB0409270CD|0DE968C9-7309-C481-58F7-AB6CDB1011EF|552c0a24-6038-440f-add5-2dadfb9a23bd|46398A47-93F2-4591-B36F-1C28B03CC2F3|A4BFC2BD-262F-4207-99C8-057D6ADF80C7|4531A31D-1F8A-40D7-BFE6-D3CB3D91951A|68|37|37|24|1|2017
E3CDC578-37BA-4CDB-B150-DAB0409270CD|C1F2964E-9DD5-4B7A-86BD-E7FCAFB9D9D9|552c0a24-6038-440f-add5-2dadfb9a23bd|46398A47-93F2-4591-B36F-1C28B03CC2F3|A4BFC2BD-262F-4207-99C8-057D6ADF80C7|4531A31D-1F8A-40D7-BFE6-D3CB3D91951A|78|38|38|25|1|2017
E3CDC578-37BA-4CDB-B150-DAB0409270CD|E4D9BF24-8574-463D-A816-A21CEC6CD548|552c0a24-6038-440f-add5-2dadfb9a23bd|46398A47-93F2-4591-B36F-1C28B03CC2F3|A4BFC2BD-262F-4207-99C8-057D6ADF80C7|4531A31D-1F8A-40D7-BFE6-D3CB3D91951A|76|39|39|26|1|2017
E3CDC578-37BA-4CDB-B150-DAB0409270CD|40F82118-26E7-4CCC-8456-195B5F009478|552c0a24-6038-440f-add5-2dadfb9a23bd|46398A47-93F2-4591-B36F-1C28B03CC2F3|A4BFC2BD-262F-4207-99C8-057D6ADF80C7|4531A31D-1F8A-40D7-BFE6-D3CB3D91951A|66|40|40|14|1|2017
E3CDC578-37BA-4CDB-B150-DAB0409270CD|0420916C-304D-4EB8-A847-8B4729E915C1|552c0a24-6038-440f-add5-2dadfb9a23bd|46398A47-93F2-4591-B36F-1C28B03CC2F3|A4BFC2BD-262F-4207-99C8-057D6ADF80C7|4531A31D-1F8A-40D7-BFE6-D3CB3D91951A|77|41|41|15|1|2017
E3CDC578-37BA-4CDB-B150-DAB0409270CD|199C78A9-4708-451E-8C87-8E6B4F47AAD9|552c0a24-6038-440f-add5-2dadfb9a23bd|46398A47-93F2-4591-B36F-1C28B03CC2F3|A4BFC2BD-262F-4207-99C8-057D6ADF80C7|4531A31D-1F8A-40D7-BFE6-D3CB3D91951A|55|42|42|16|1|2017
E3CDC578-37BA-4CDB-B150-DAB0409270CD|B404AA65-25A3-40B0-8462-D377A926354F|552c0a24-6038-440f-add5-2dadfb9a23bd|46398A47-93F2-4591-B36F-1C28B03CC2F3|A4BFC2BD-262F-4207-99C8-057D6ADF80C7|4531A31D-1F8A-40D7-BFE6-D3CB3D91951A|56|43|43|17|1|2017
E3CDC578-37BA-4CDB-B150-DAB0409270CD|B7B6D6E6-84B1-47F6-AA1B-AA34AEB7D236|552c0a24-6038-440f-add5-2dadfb9a23bd|46398A47-93F2-4591-B36F-1C28B03CC2F3|A4BFC2BD-262F-4207-99C8-057D6ADF80C7|4531A31D-1F8A-40D7-BFE6-D3CB3D91951A|78|44|44|18|1|2017
E3CDC578-37BA-4CDB-B150-DAB0409270CD|7559C867-A833-4DA2-816B-51D4636033A3|552c0a24-6038-440f-add5-2dadfb9a23bd|46398A47-93F2-4591-B36F-1C28B03CC2F3|A4BFC2BD-262F-4207-99C8-057D6ADF80C7|4531A31D-1F8A-40D7-BFE6-D3CB3D91951A|76|45|45|19|1|2017
E3CDC578-37BA-4CDB-B150-DAB0409270CD|7FC3A038-C5DE-4DEE-AE2D-E2ED230AB328|552c0a24-6038-440f-add5-2dadfb9a23bd|46398A47-93F2-4591-B36F-1C28B03CC2F3|A4BFC2BD-262F-4207-99C8-057D6ADF80C7|4531A31D-1F8A-40D7-BFE6-D3CB3D91951A|66|13|13|13|1|2017
E3CDC578-37BA-4CDB-B150-DAB0409270CD|4A4D0394-0FBD-4014-98A5-D3CE9161A568|552c0a24-6038-440f-add5-2dadfb9a23bd|46398A47-93F2-4591-B36F-1C28B03CC2F3|A4BFC2BD-262F-4207-99C8-057D6ADF80C7|4531A31D-1F8A-40D7-BFE6-D3CB3D91951A|77|14|14|14|1|2017
E3CDC578-37BA-4CDB-B150-DAB0409270CD|CB0EF175-8A57-49D7-A1D4-89D0C6E3A497|552c0a24-6038-440f-add5-2dadfb9a23bd|46398A47-93F2-4591-B36F-1C28B03CC2F3|A4BFC2BD-262F-4207-99C8-057D6ADF80C7|4531A31D-1F8A-40D7-BFE6-D3CB3D91951A|55|15|15|15|1|2017
E3CDC578-37BA-4CDB-B150-DAB0409270CD|309B97E9-72AB-4FD0-A282-8410413ACE46|552c0a24-6038-440f-add5-2dadfb9a23bd|46398A47-93F2-4591-B36F-1C28B03CC2F3|A4BFC2BD-262F-4207-99C8-057D6ADF80C7|4531A31D-1F8A-40D7-BFE6-D3CB3D91951A|56|16|16|16|1|2017
E3CDC578-37BA-4CDB-B150-DAB0409270CD|307ED34F-D6B5-4EE8-AB44-543305B12085|552c0a24-6038-440f-add5-2dadfb9a23bd|46398A47-93F2-4591-B36F-1C28B03CC2F3|A4BFC2BD-262F-4207-99C8-057D6ADF80C7|4531A31D-1F8A-40D7-BFE6-D3CB3D91951A|65|17|17|17|1|2017
E3CDC578-37BA-4CDB-B150-DAB0409270CD|97BAC717-C0A7-47F7-9918-C56658E6D792|552c0a24-6038-440f-add5-2dadfb9a23bd|46398A47-93F2-4591-B36F-1C28B03CC2F3|A4BFC2BD-262F-4207-99C8-057D6ADF80C7|4531A31D-1F8A-40D7-BFE6-D3CB3D91951A|67|18|18|18|1|2017
E3CDC578-37BA-4CDB-B150-DAB0409270CD|466D93AD-B0D7-4B29-89C0-569A421763D6|552c0a24-6038-440f-add5-2dadfb9a23bd|46398A47-93F2-4591-B36F-1C28B03CC2F3|A4BFC2BD-262F-4207-99C8-057D6ADF80C7|4531A31D-1F8A-40D7-BFE6-D3CB3D91951A|76|19|19|19|1|2017
E3CDC578-37BA-4CDB-B150-DAB0409270CD|41C68FA5-4A98-4BB2-B702-68DD844F92B0|552c0a24-6038-440f-add5-2dadfb9a23bd|46398A47-93F2-4591-B36F-1C28B03CC2F3|A4BFC2BD-262F-4207-99C8-057D6ADF80C7|4531A31D-1F8A-40D7-BFE6-D3CB3D91951A|54|20|20|20|1|2017
E3CDC578-37BA-4CDB-B150-DAB0409270CD|9208D11F-98E8-47B8-8DFC-4215FC2EF127|552c0a24-6038-440f-add5-2dadfb9a23bd|46398A47-93F2-4591-B36F-1C28B03CC2F3|A4BFC2BD-262F-4207-99C8-057D6ADF80C7|4531A31D-1F8A-40D7-BFE6-D3CB3D91951A|50|21|21|21|1|2017
E3CDC578-37BA-4CDB-B150-DAB0409270CD|3013780A-61AD-4BAA-8666-C89CC1A555F8|de0c86be-9bcb-4d3b-8098-b06687536c1f|46398A47-93F2-4591-B36F-1C28B03CC2F3|A4BFC2BD-262F-4207-99C8-057D6ADF80C7|4531A31D-1F8A-40D7-BFE6-D3CB3D91951A|54|22|22|22|1|2017
E3CDC578-37BA-4CDB-B150-DAB0409270CD|3C14C92D-9113-4289-8A69-564BF3F3D871|de0c86be-9bcb-4d3b-8098-b06687536c1f|46398A47-93F2-4591-B36F-1C28B03CC2F3|A4BFC2BD-262F-4207-99C8-057D6ADF80C7|4531A31D-1F8A-40D7-BFE6-D3CB3D91951A|34|23|23|23|1|2017
E3CDC578-37BA-4CDB-B150-DAB0409270CD|E9888085-FD91-4551-9274-50BA485A9637|de0c86be-9bcb-4d3b-8098-b06687536c1f|46398A47-93F2-4591-B36F-1C28B03CC2F3|A4BFC2BD-262F-4207-99C8-057D6ADF80C7|4531A31D-1F8A-40D7-BFE6-D3CB3D91951A|56|24|24|24|1|2017
E3CDC578-37BA-4CDB-B150-DAB0409270CD|DDAD0F9E-C85B-462D-8A57-FCE97AEE4EF0|de0c86be-9bcb-4d3b-8098-b06687536c1f|46398A47-93F2-4591-B36F-1C28B03CC2F3|A4BFC2BD-262F-4207-99C8-057D6ADF80C7|4531A31D-1F8A-40D7-BFE6-D3CB3D91951A|65|25|25|25|1|2017
E3CDC578-37BA-4CDB-B150-DAB0409270CD|6799DC5E-5CEB-4D60-BD75-EAA9FFFDE30F|de0c86be-9bcb-4d3b-8098-b06687536c1f|46398A47-93F2-4591-B36F-1C28B03CC2F3|A4BFC2BD-262F-4207-99C8-057D6ADF80C7|4531A31D-1F8A-40D7-BFE6-D3CB3D91951A|67|26|26|26|1|2017
E3CDC578-37BA-4CDB-B150-DAB0409270CD|85728858-0D2E-4DA6-9901-941B737421E5|de0c86be-9bcb-4d3b-8098-b06687536c1f|46398A47-93F2-4591-B36F-1C28B03CC2F3|A4BFC2BD-262F-4207-99C8-057D6ADF80C7|4531A31D-1F8A-40D7-BFE6-D3CB3D91951A|65|27|27|14|1|2017
E3CDC578-37BA-4CDB-B150-DAB0409270CD|2A4FD176-029E-4DA0-A08A-036BF438EDE7|de0c86be-9bcb-4d3b-8098-b06687536c1f|46398A47-93F2-4591-B36F-1C28B03CC2F3|A4BFC2BD-262F-4207-99C8-057D6ADF80C7|4531A31D-1F8A-40D7-BFE6-D3CB3D91951A|68|28|28|15|1|2017
E3CDC578-37BA-4CDB-B150-DAB0409270CD|1381D1CA-EB72-4D72-A793-D692BE1483C9|de0c86be-9bcb-4d3b-8098-b06687536c1f|46398A47-93F2-4591-B36F-1C28B03CC2F3|A4BFC2BD-262F-4207-99C8-057D6ADF80C7|4531A31D-1F8A-40D7-BFE6-D3CB3D91951A|78|29|29|16|1|2017
E3CDC578-37BA-4CDB-B150-DAB0409270CD|81B20DD2-7462-47FB-B597-1BDAA8A9F0EF|de0c86be-9bcb-4d3b-8098-b06687536c1f|46398A47-93F2-4591-B36F-1C28B03CC2F3|A4BFC2BD-262F-4207-99C8-057D6ADF80C7|4531A31D-1F8A-40D7-BFE6-D3CB3D91951A|76|30|30|17|1|2017
E3CDC578-37BA-4CDB-B150-DAB0409270CD|0BB327CC-1E4B-497E-9A77-7A49419D95C7|de0c86be-9bcb-4d3b-8098-b06687536c1f|46398A47-93F2-4591-B36F-1C28B03CC2F3|A4BFC2BD-262F-4207-99C8-057D6ADF80C7|4531A31D-1F8A-40D7-BFE6-D3CB3D91951A|66|31|31|18|1|2017
E3CDC578-37BA-4CDB-B150-DAB0409270CD|AA1B14EB-5CA0-4FA1-B665-697342B2782D|de0c86be-9bcb-4d3b-8098-b06687536c1f|46398A47-93F2-4591-B36F-1C28B03CC2F3|A4BFC2BD-262F-4207-99C8-057D6ADF80C7|4531A31D-1F8A-40D7-BFE6-D3CB3D91951A|77|32|32|19|1|2017
E3CDC578-37BA-4CDB-B150-DAB0409270CD|5B3BD314-7489-4F0E-8BD8-35DF4DF3FC5C|de0c86be-9bcb-4d3b-8098-b06687536c1f|46398A47-93F2-4591-B36F-1C28B03CC2F3|A4BFC2BD-262F-4207-99C8-057D6ADF80C7|4531A31D-1F8A-40D7-BFE6-D3CB3D91951A|55|33|33|20|1|2017
E3CDC578-37BA-4CDB-B150-DAB0409270CD|89AE9658-3882-484D-B1D5-9E13F554DF2B|44f23b3c-e066-4b45-931c-0e8073d3a93a|46398A47-93F2-4591-B36F-1C28B03CC2F3|A4BFC2BD-262F-4207-99C8-057D6ADF80C7|4531A31D-1F8A-40D7-BFE6-D3CB3D91951A|56|34|34|21|1|2017
E3CDC578-37BA-4CDB-B150-DAB0409270CD|87671173-70A4-435F-8C3F-14695782B8CF|44f23b3c-e066-4b45-931c-0e8073d3a93a|46398A47-93F2-4591-B36F-1C28B03CC2F3|A4BFC2BD-262F-4207-99C8-057D6ADF80C7|4531A31D-1F8A-40D7-BFE6-D3CB3D91951A|78|35|35|22|1|2017
E3CDC578-37BA-4CDB-B150-DAB0409270CD|3AD1F311-C539-4FED-B840-6B6081BDB2E7|44f23b3c-e066-4b45-931c-0e8073d3a93a|46398A47-93F2-4591-B36F-1C28B03CC2F3|A4BFC2BD-262F-4207-99C8-057D6ADF80C7|4531A31D-1F8A-40D7-BFE6-D3CB3D91951A|76|36|36|23|1|2017
E3CDC578-37BA-4CDB-B150-DAB0409270CD|90342A1E-0084-4EB2-9D11-2191B59FA1A6|44f23b3c-e066-4b45-931c-0e8073d3a93a|46398A47-93F2-4591-B36F-1C28B03CC2F3|A4BFC2BD-262F-4207-99C8-057D6ADF80C7|4531A31D-1F8A-40D7-BFE6-D3CB3D91951A|66|37|37|24|1|2017
E3CDC578-37BA-4CDB-B150-DAB0409270CD|799CA5BA-3FA6-4773-BC2E-3C68E1213AC6|44f23b3c-e066-4b45-931c-0e8073d3a93a|46398A47-93F2-4591-B36F-1C28B03CC2F3|A4BFC2BD-262F-4207-99C8-057D6ADF80C7|4531A31D-1F8A-40D7-BFE6-D3CB3D91951A|77|38|38|25|1|2017
E3CDC578-37BA-4CDB-B150-DAB0409270CD|91DA9E7C-CAA1-4438-A1D7-DD071CFAFF8F|44f23b3c-e066-4b45-931c-0e8073d3a93a|46398A47-93F2-4591-B36F-1C28B03CC2F3|A4BFC2BD-262F-4207-99C8-057D6ADF80C7|4531A31D-1F8A-40D7-BFE6-D3CB3D91951A|55|39|39|26|1|2017
E3CDC578-37BA-4CDB-B150-DAB0409270CD|11FFC61B-DCDB-4DEE-B9C5-E9DD22B9E575|44f23b3c-e066-4b45-931c-0e8073d3a93a|46398A47-93F2-4591-B36F-1C28B03CC2F3|A4BFC2BD-262F-4207-99C8-057D6ADF80C7|4531A31D-1F8A-40D7-BFE6-D3CB3D91951A|56|40|40|14|1|2017
E3CDC578-37BA-4CDB-B150-DAB0409270CD|91DAFF4B-C8B9-4B46-A971-E66955D66332|44f23b3c-e066-4b45-931c-0e8073d3a93a|46398A47-93F2-4591-B36F-1C28B03CC2F3|A4BFC2BD-262F-4207-99C8-057D6ADF80C7|4531A31D-1F8A-40D7-BFE6-D3CB3D91951A|65|41|41|15|1|2017
E3CDC578-37BA-4CDB-B150-DAB0409270CD|F5B016C3-DE03-4097-B006-616E8EE832CE|44f23b3c-e066-4b45-931c-0e8073d3a93a|46398A47-93F2-4591-B36F-1C28B03CC2F3|A4BFC2BD-262F-4207-99C8-057D6ADF80C7|4531A31D-1F8A-40D7-BFE6-D3CB3D91951A|67|42|42|16|1|2017
E3CDC578-37BA-4CDB-B150-DAB0409270CD|A2DA52F4-EDAE-4866-9228-634AFC4F5458|44f23b3c-e066-4b45-931c-0e8073d3a93a|46398A47-93F2-4591-B36F-1C28B03CC2F3|A4BFC2BD-262F-4207-99C8-057D6ADF80C7|4531A31D-1F8A-40D7-BFE6-D3CB3D91951A|76|43|43|17|1|2017
E3CDC578-37BA-4CDB-B150-DAB0409270CD|BBE08494-134E-4E03-B8B6-44D2C9AFF521|44f23b3c-e066-4b45-931c-0e8073d3a93a|46398A47-93F2-4591-B36F-1C28B03CC2F3|A4BFC2BD-262F-4207-99C8-057D6ADF80C7|4531A31D-1F8A-40D7-BFE6-D3CB3D91951A|54|44|44|18|1|2017
E3CDC578-37BA-4CDB-B150-DAB0409270CD|0DE968C9-7309-C481-58F7-AB6CDB1011EF|552c0a24-6038-440f-add5-2dadfb9a23bd|46398A47-93F2-4591-B36F-1C28B03CC2F3|A4BFC2BD-262F-4207-99C8-057D6ADF80C7|69A569CA-1D4F-458E-99DD-FB2BE705BF5C|23|45|45|19|1|2017
E3CDC578-37BA-4CDB-B150-DAB0409270CD|C1F2964E-9DD5-4B7A-86BD-E7FCAFB9D9D9|552c0a24-6038-440f-add5-2dadfb9a23bd|46398A47-93F2-4591-B36F-1C28B03CC2F3|A4BFC2BD-262F-4207-99C8-057D6ADF80C7|69A569CA-1D4F-458E-99DD-FB2BE705BF5C|22|13|13|13|1|2017
E3CDC578-37BA-4CDB-B150-DAB0409270CD|E4D9BF24-8574-463D-A816-A21CEC6CD548|552c0a24-6038-440f-add5-2dadfb9a23bd|46398A47-93F2-4591-B36F-1C28B03CC2F3|A4BFC2BD-262F-4207-99C8-057D6ADF80C7|69A569CA-1D4F-458E-99DD-FB2BE705BF5C|11|14|14|14|1|2017
E3CDC578-37BA-4CDB-B150-DAB0409270CD|40F82118-26E7-4CCC-8456-195B5F009478|552c0a24-6038-440f-add5-2dadfb9a23bd|46398A47-93F2-4591-B36F-1C28B03CC2F3|A4BFC2BD-262F-4207-99C8-057D6ADF80C7|69A569CA-1D4F-458E-99DD-FB2BE705BF5C|23|15|15|15|1|2017
E3CDC578-37BA-4CDB-B150-DAB0409270CD|0420916C-304D-4EB8-A847-8B4729E915C1|552c0a24-6038-440f-add5-2dadfb9a23bd|46398A47-93F2-4591-B36F-1C28B03CC2F3|A4BFC2BD-262F-4207-99C8-057D6ADF80C7|69A569CA-1D4F-458E-99DD-FB2BE705BF5C|9|16|16|16|1|2017
E3CDC578-37BA-4CDB-B150-DAB0409270CD|199C78A9-4708-451E-8C87-8E6B4F47AAD9|552c0a24-6038-440f-add5-2dadfb9a23bd|46398A47-93F2-4591-B36F-1C28B03CC2F3|A4BFC2BD-262F-4207-99C8-057D6ADF80C7|69A569CA-1D4F-458E-99DD-FB2BE705BF5C|7|17|17|17|1|2017
E3CDC578-37BA-4CDB-B150-DAB0409270CD|B404AA65-25A3-40B0-8462-D377A926354F|552c0a24-6038-440f-add5-2dadfb9a23bd|46398A47-93F2-4591-B36F-1C28B03CC2F3|A4BFC2BD-262F-4207-99C8-057D6ADF80C7|69A569CA-1D4F-458E-99DD-FB2BE705BF5C|23|18|18|18|1|2017
E3CDC578-37BA-4CDB-B150-DAB0409270CD|B7B6D6E6-84B1-47F6-AA1B-AA34AEB7D236|552c0a24-6038-440f-add5-2dadfb9a23bd|46398A47-93F2-4591-B36F-1C28B03CC2F3|A4BFC2BD-262F-4207-99C8-057D6ADF80C7|69A569CA-1D4F-458E-99DD-FB2BE705BF5C|22|19|19|19|1|2017
E3CDC578-37BA-4CDB-B150-DAB0409270CD|7559C867-A833-4DA2-816B-51D4636033A3|552c0a24-6038-440f-add5-2dadfb9a23bd|46398A47-93F2-4591-B36F-1C28B03CC2F3|A4BFC2BD-262F-4207-99C8-057D6ADF80C7|69A569CA-1D4F-458E-99DD-FB2BE705BF5C|23|20|20|20|1|2017
E3CDC578-37BA-4CDB-B150-DAB0409270CD|7FC3A038-C5DE-4DEE-AE2D-E2ED230AB328|552c0a24-6038-440f-add5-2dadfb9a23bd|46398A47-93F2-4591-B36F-1C28B03CC2F3|A4BFC2BD-262F-4207-99C8-057D6ADF80C7|69A569CA-1D4F-458E-99DD-FB2BE705BF5C|24|21|21|21|1|2017
E3CDC578-37BA-4CDB-B150-DAB0409270CD|4A4D0394-0FBD-4014-98A5-D3CE9161A568|552c0a24-6038-440f-add5-2dadfb9a23bd|46398A47-93F2-4591-B36F-1C28B03CC2F3|A4BFC2BD-262F-4207-99C8-057D6ADF80C7|69A569CA-1D4F-458E-99DD-FB2BE705BF5C|12|22|22|22|1|2017
E3CDC578-37BA-4CDB-B150-DAB0409270CD|CB0EF175-8A57-49D7-A1D4-89D0C6E3A497|552c0a24-6038-440f-add5-2dadfb9a23bd|46398A47-93F2-4591-B36F-1C28B03CC2F3|A4BFC2BD-262F-4207-99C8-057D6ADF80C7|69A569CA-1D4F-458E-99DD-FB2BE705BF5C|16|23|23|23|1|2017
E3CDC578-37BA-4CDB-B150-DAB0409270CD|309B97E9-72AB-4FD0-A282-8410413ACE46|552c0a24-6038-440f-add5-2dadfb9a23bd|46398A47-93F2-4591-B36F-1C28B03CC2F3|A4BFC2BD-262F-4207-99C8-057D6ADF80C7|69A569CA-1D4F-458E-99DD-FB2BE705BF5C|17|24|24|24|1|2017
E3CDC578-37BA-4CDB-B150-DAB0409270CD|307ED34F-D6B5-4EE8-AB44-543305B12085|552c0a24-6038-440f-add5-2dadfb9a23bd|46398A47-93F2-4591-B36F-1C28B03CC2F3|A4BFC2BD-262F-4207-99C8-057D6ADF80C7|69A569CA-1D4F-458E-99DD-FB2BE705BF5C|17|25|25|25|1|2017
E3CDC578-37BA-4CDB-B150-DAB0409270CD|97BAC717-C0A7-47F7-9918-C56658E6D792|552c0a24-6038-440f-add5-2dadfb9a23bd|46398A47-93F2-4591-B36F-1C28B03CC2F3|A4BFC2BD-262F-4207-99C8-057D6ADF80C7|69A569CA-1D4F-458E-99DD-FB2BE705BF5C|21|26|26|26|1|2017
E3CDC578-37BA-4CDB-B150-DAB0409270CD|466D93AD-B0D7-4B29-89C0-569A421763D6|552c0a24-6038-440f-add5-2dadfb9a23bd|46398A47-93F2-4591-B36F-1C28B03CC2F3|A4BFC2BD-262F-4207-99C8-057D6ADF80C7|69A569CA-1D4F-458E-99DD-FB2BE705BF5C|20|27|27|14|1|2017
E3CDC578-37BA-4CDB-B150-DAB0409270CD|41C68FA5-4A98-4BB2-B702-68DD844F92B0|552c0a24-6038-440f-add5-2dadfb9a23bd|46398A47-93F2-4591-B36F-1C28B03CC2F3|A4BFC2BD-262F-4207-99C8-057D6ADF80C7|69A569CA-1D4F-458E-99DD-FB2BE705BF5C|22|28|28|15|1|2017
E3CDC578-37BA-4CDB-B150-DAB0409270CD|9208D11F-98E8-47B8-8DFC-4215FC2EF127|552c0a24-6038-440f-add5-2dadfb9a23bd|46398A47-93F2-4591-B36F-1C28B03CC2F3|A4BFC2BD-262F-4207-99C8-057D6ADF80C7|69A569CA-1D4F-458E-99DD-FB2BE705BF5C|26|29|29|16|1|2017
E3CDC578-37BA-4CDB-B150-DAB0409270CD|3013780A-61AD-4BAA-8666-C89CC1A555F8|de0c86be-9bcb-4d3b-8098-b06687536c1f|46398A47-93F2-4591-B36F-1C28B03CC2F3|A4BFC2BD-262F-4207-99C8-057D6ADF80C7|69A569CA-1D4F-458E-99DD-FB2BE705BF5C|27|30|30|17|1|2017
E3CDC578-37BA-4CDB-B150-DAB0409270CD|3C14C92D-9113-4289-8A69-564BF3F3D871|de0c86be-9bcb-4d3b-8098-b06687536c1f|46398A47-93F2-4591-B36F-1C28B03CC2F3|A4BFC2BD-262F-4207-99C8-057D6ADF80C7|69A569CA-1D4F-458E-99DD-FB2BE705BF5C|11|31|31|18|1|2017
E3CDC578-37BA-4CDB-B150-DAB0409270CD|E9888085-FD91-4551-9274-50BA485A9637|de0c86be-9bcb-4d3b-8098-b06687536c1f|46398A47-93F2-4591-B36F-1C28B03CC2F3|A4BFC2BD-262F-4207-99C8-057D6ADF80C7|69A569CA-1D4F-458E-99DD-FB2BE705BF5C|13|32|32|19|1|2017
E3CDC578-37BA-4CDB-B150-DAB0409270CD|DDAD0F9E-C85B-462D-8A57-FCE97AEE4EF0|de0c86be-9bcb-4d3b-8098-b06687536c1f|46398A47-93F2-4591-B36F-1C28B03CC2F3|A4BFC2BD-262F-4207-99C8-057D6ADF80C7|69A569CA-1D4F-458E-99DD-FB2BE705BF5C|12|33|33|20|1|2017
E3CDC578-37BA-4CDB-B150-DAB0409270CD|6799DC5E-5CEB-4D60-BD75-EAA9FFFDE30F|de0c86be-9bcb-4d3b-8098-b06687536c1f|46398A47-93F2-4591-B36F-1C28B03CC2F3|A4BFC2BD-262F-4207-99C8-057D6ADF80C7|69A569CA-1D4F-458E-99DD-FB2BE705BF5C|14|34|34|21|1|2017
E3CDC578-37BA-4CDB-B150-DAB0409270CD|85728858-0D2E-4DA6-9901-941B737421E5|de0c86be-9bcb-4d3b-8098-b06687536c1f|46398A47-93F2-4591-B36F-1C28B03CC2F3|A4BFC2BD-262F-4207-99C8-057D6ADF80C7|69A569CA-1D4F-458E-99DD-FB2BE705BF5C|16|35|35|22|1|2017
E3CDC578-37BA-4CDB-B150-DAB0409270CD|2A4FD176-029E-4DA0-A08A-036BF438EDE7|de0c86be-9bcb-4d3b-8098-b06687536c1f|46398A47-93F2-4591-B36F-1C28B03CC2F3|A4BFC2BD-262F-4207-99C8-057D6ADF80C7|69A569CA-1D4F-458E-99DD-FB2BE705BF5C|26|36|36|23|1|2017
E3CDC578-37BA-4CDB-B150-DAB0409270CD|1381D1CA-EB72-4D72-A793-D692BE1483C9|de0c86be-9bcb-4d3b-8098-b06687536c1f|46398A47-93F2-4591-B36F-1C28B03CC2F3|A4BFC2BD-262F-4207-99C8-057D6ADF80C7|69A569CA-1D4F-458E-99DD-FB2BE705BF5C|27|37|37|24|1|2017
E3CDC578-37BA-4CDB-B150-DAB0409270CD|81B20DD2-7462-47FB-B597-1BDAA8A9F0EF|de0c86be-9bcb-4d3b-8098-b06687536c1f|46398A47-93F2-4591-B36F-1C28B03CC2F3|A4BFC2BD-262F-4207-99C8-057D6ADF80C7|69A569CA-1D4F-458E-99DD-FB2BE705BF5C|11|38|38|25|1|2017
E3CDC578-37BA-4CDB-B150-DAB0409270CD|0BB327CC-1E4B-497E-9A77-7A49419D95C7|de0c86be-9bcb-4d3b-8098-b06687536c1f|46398A47-93F2-4591-B36F-1C28B03CC2F3|A4BFC2BD-262F-4207-99C8-057D6ADF80C7|69A569CA-1D4F-458E-99DD-FB2BE705BF5C|13|39|39|26|1|2017
E3CDC578-37BA-4CDB-B150-DAB0409270CD|AA1B14EB-5CA0-4FA1-B665-697342B2782D|de0c86be-9bcb-4d3b-8098-b06687536c1f|46398A47-93F2-4591-B36F-1C28B03CC2F3|A4BFC2BD-262F-4207-99C8-057D6ADF80C7|69A569CA-1D4F-458E-99DD-FB2BE705BF5C|12|40|40|14|1|2017
E3CDC578-37BA-4CDB-B150-DAB0409270CD|5B3BD314-7489-4F0E-8BD8-35DF4DF3FC5C|de0c86be-9bcb-4d3b-8098-b06687536c1f|46398A47-93F2-4591-B36F-1C28B03CC2F3|A4BFC2BD-262F-4207-99C8-057D6ADF80C7|69A569CA-1D4F-458E-99DD-FB2BE705BF5C|26|41|41|15|1|2017
E3CDC578-37BA-4CDB-B150-DAB0409270CD|89AE9658-3882-484D-B1D5-9E13F554DF2B|44f23b3c-e066-4b45-931c-0e8073d3a93a|46398A47-93F2-4591-B36F-1C28B03CC2F3|A4BFC2BD-262F-4207-99C8-057D6ADF80C7|69A569CA-1D4F-458E-99DD-FB2BE705BF5C|27|42|42|16|1|2017
E3CDC578-37BA-4CDB-B150-DAB0409270CD|87671173-70A4-435F-8C3F-14695782B8CF|44f23b3c-e066-4b45-931c-0e8073d3a93a|46398A47-93F2-4591-B36F-1C28B03CC2F3|A4BFC2BD-262F-4207-99C8-057D6ADF80C7|69A569CA-1D4F-458E-99DD-FB2BE705BF5C|11|43|43|17|1|2017
E3CDC578-37BA-4CDB-B150-DAB0409270CD|3AD1F311-C539-4FED-B840-6B6081BDB2E7|44f23b3c-e066-4b45-931c-0e8073d3a93a|46398A47-93F2-4591-B36F-1C28B03CC2F3|A4BFC2BD-262F-4207-99C8-057D6ADF80C7|69A569CA-1D4F-458E-99DD-FB2BE705BF5C|13|44|44|18|1|2017
E3CDC578-37BA-4CDB-B150-DAB0409270CD|90342A1E-0084-4EB2-9D11-2191B59FA1A6|44f23b3c-e066-4b45-931c-0e8073d3a93a|46398A47-93F2-4591-B36F-1C28B03CC2F3|A4BFC2BD-262F-4207-99C8-057D6ADF80C7|69A569CA-1D4F-458E-99DD-FB2BE705BF5C|12|45|45|19|1|2017
E3CDC578-37BA-4CDB-B150-DAB0409270CD|799CA5BA-3FA6-4773-BC2E-3C68E1213AC6|44f23b3c-e066-4b45-931c-0e8073d3a93a|46398A47-93F2-4591-B36F-1C28B03CC2F3|A4BFC2BD-262F-4207-99C8-057D6ADF80C7|69A569CA-1D4F-458E-99DD-FB2BE705BF5C|26|13|13|13|1|2017
E3CDC578-37BA-4CDB-B150-DAB0409270CD|91DA9E7C-CAA1-4438-A1D7-DD071CFAFF8F|44f23b3c-e066-4b45-931c-0e8073d3a93a|46398A47-93F2-4591-B36F-1C28B03CC2F3|A4BFC2BD-262F-4207-99C8-057D6ADF80C7|69A569CA-1D4F-458E-99DD-FB2BE705BF5C|27|14|14|14|1|2017
E3CDC578-37BA-4CDB-B150-DAB0409270CD|11FFC61B-DCDB-4DEE-B9C5-E9DD22B9E575|44f23b3c-e066-4b45-931c-0e8073d3a93a|46398A47-93F2-4591-B36F-1C28B03CC2F3|A4BFC2BD-262F-4207-99C8-057D6ADF80C7|69A569CA-1D4F-458E-99DD-FB2BE705BF5C|11|15|15|15|1|2017
E3CDC578-37BA-4CDB-B150-DAB0409270CD|91DAFF4B-C8B9-4B46-A971-E66955D66332|44f23b3c-e066-4b45-931c-0e8073d3a93a|46398A47-93F2-4591-B36F-1C28B03CC2F3|A4BFC2BD-262F-4207-99C8-057D6ADF80C7|69A569CA-1D4F-458E-99DD-FB2BE705BF5C|13|16|16|16|1|2017
E3CDC578-37BA-4CDB-B150-DAB0409270CD|F5B016C3-DE03-4097-B006-616E8EE832CE|44f23b3c-e066-4b45-931c-0e8073d3a93a|46398A47-93F2-4591-B36F-1C28B03CC2F3|A4BFC2BD-262F-4207-99C8-057D6ADF80C7|69A569CA-1D4F-458E-99DD-FB2BE705BF5C|12|17|17|17|1|2017
E3CDC578-37BA-4CDB-B150-DAB0409270CD|A2DA52F4-EDAE-4866-9228-634AFC4F5458|44f23b3c-e066-4b45-931c-0e8073d3a93a|46398A47-93F2-4591-B36F-1C28B03CC2F3|A4BFC2BD-262F-4207-99C8-057D6ADF80C7|69A569CA-1D4F-458E-99DD-FB2BE705BF5C|13|18|18|18|1|2017
E3CDC578-37BA-4CDB-B150-DAB0409270CD|BBE08494-134E-4E03-B8B6-44D2C9AFF521|44f23b3c-e066-4b45-931c-0e8073d3a93a|46398A47-93F2-4591-B36F-1C28B03CC2F3|A4BFC2BD-262F-4207-99C8-057D6ADF80C7|69A569CA-1D4F-458E-99DD-FB2BE705BF5C|11|19|19|19|1|2017
E3CDC578-37BA-4CDB-B150-DAB0409270CD|0DE968C9-7309-C481-58F7-AB6CDB1011EF|c9caf109-c27d-4062-9b9f-ac4268629e27|46398A47-93F2-4591-B36F-1C28B03CC2F3|A4BFC2BD-262F-4207-99C8-057D6ADF80C7|AE24F15B-5038-4A15-8607-1DB2A7A0B7DE|76|20|20|20|1|2017
E3CDC578-37BA-4CDB-B150-DAB0409270CD|C1F2964E-9DD5-4B7A-86BD-E7FCAFB9D9D9|c9caf109-c27d-4062-9b9f-ac4268629e27|46398A47-93F2-4591-B36F-1C28B03CC2F3|A4BFC2BD-262F-4207-99C8-057D6ADF80C7|AE24F15B-5038-4A15-8607-1DB2A7A0B7DE|66|21|21|21|1|2017
E3CDC578-37BA-4CDB-B150-DAB0409270CD|E4D9BF24-8574-463D-A816-A21CEC6CD548|c9caf109-c27d-4062-9b9f-ac4268629e27|46398A47-93F2-4591-B36F-1C28B03CC2F3|A4BFC2BD-262F-4207-99C8-057D6ADF80C7|AE24F15B-5038-4A15-8607-1DB2A7A0B7DE|77|22|22|22|1|2017
E3CDC578-37BA-4CDB-B150-DAB0409270CD|40F82118-26E7-4CCC-8456-195B5F009478|c9caf109-c27d-4062-9b9f-ac4268629e27|46398A47-93F2-4591-B36F-1C28B03CC2F3|A4BFC2BD-262F-4207-99C8-057D6ADF80C7|AE24F15B-5038-4A15-8607-1DB2A7A0B7DE|55|23|23|23|1|2017
E3CDC578-37BA-4CDB-B150-DAB0409270CD|0420916C-304D-4EB8-A847-8B4729E915C1|c9caf109-c27d-4062-9b9f-ac4268629e27|46398A47-93F2-4591-B36F-1C28B03CC2F3|A4BFC2BD-262F-4207-99C8-057D6ADF80C7|AE24F15B-5038-4A15-8607-1DB2A7A0B7DE|56|24|24|24|1|2017
E3CDC578-37BA-4CDB-B150-DAB0409270CD|199C78A9-4708-451E-8C87-8E6B4F47AAD9|c9caf109-c27d-4062-9b9f-ac4268629e27|46398A47-93F2-4591-B36F-1C28B03CC2F3|A4BFC2BD-262F-4207-99C8-057D6ADF80C7|AE24F15B-5038-4A15-8607-1DB2A7A0B7DE|65|25|25|25|1|2017
E3CDC578-37BA-4CDB-B150-DAB0409270CD|B404AA65-25A3-40B0-8462-D377A926354F|c9caf109-c27d-4062-9b9f-ac4268629e27|46398A47-93F2-4591-B36F-1C28B03CC2F3|A4BFC2BD-262F-4207-99C8-057D6ADF80C7|AE24F15B-5038-4A15-8607-1DB2A7A0B7DE|67|26|26|26|1|2017
E3CDC578-37BA-4CDB-B150-DAB0409270CD|B7B6D6E6-84B1-47F6-AA1B-AA34AEB7D236|f098e943-26fd-4dc0-b6a0-2d02477004a4|46398A47-93F2-4591-B36F-1C28B03CC2F3|A4BFC2BD-262F-4207-99C8-057D6ADF80C7|AE24F15B-5038-4A15-8607-1DB2A7A0B7DE|76|27|27|14|1|2017
E3CDC578-37BA-4CDB-B150-DAB0409270CD|7559C867-A833-4DA2-816B-51D4636033A3|f098e943-26fd-4dc0-b6a0-2d02477004a4|46398A47-93F2-4591-B36F-1C28B03CC2F3|A4BFC2BD-262F-4207-99C8-057D6ADF80C7|AE24F15B-5038-4A15-8607-1DB2A7A0B7DE|54|28|28|15|1|2017
E3CDC578-37BA-4CDB-B150-DAB0409270CD|7FC3A038-C5DE-4DEE-AE2D-E2ED230AB328|f098e943-26fd-4dc0-b6a0-2d02477004a4|46398A47-93F2-4591-B36F-1C28B03CC2F3|A4BFC2BD-262F-4207-99C8-057D6ADF80C7|AE24F15B-5038-4A15-8607-1DB2A7A0B7DE|50|29|29|16|1|2017
E3CDC578-37BA-4CDB-B150-DAB0409270CD|4A4D0394-0FBD-4014-98A5-D3CE9161A568|f098e943-26fd-4dc0-b6a0-2d02477004a4|46398A47-93F2-4591-B36F-1C28B03CC2F3|A4BFC2BD-262F-4207-99C8-057D6ADF80C7|AE24F15B-5038-4A15-8607-1DB2A7A0B7DE|54|30|30|17|1|2017
E3CDC578-37BA-4CDB-B150-DAB0409270CD|CB0EF175-8A57-49D7-A1D4-89D0C6E3A497|f098e943-26fd-4dc0-b6a0-2d02477004a4|46398A47-93F2-4591-B36F-1C28B03CC2F3|A4BFC2BD-262F-4207-99C8-057D6ADF80C7|AE24F15B-5038-4A15-8607-1DB2A7A0B7DE|34|31|31|18|1|2017
E3CDC578-37BA-4CDB-B150-DAB0409270CD|309B97E9-72AB-4FD0-A282-8410413ACE46|f098e943-26fd-4dc0-b6a0-2d02477004a4|46398A47-93F2-4591-B36F-1C28B03CC2F3|A4BFC2BD-262F-4207-99C8-057D6ADF80C7|AE24F15B-5038-4A15-8607-1DB2A7A0B7DE|56|32|32|19|1|2017
E3CDC578-37BA-4CDB-B150-DAB0409270CD|307ED34F-D6B5-4EE8-AB44-543305B12085|f098e943-26fd-4dc0-b6a0-2d02477004a4|46398A47-93F2-4591-B36F-1C28B03CC2F3|A4BFC2BD-262F-4207-99C8-057D6ADF80C7|AE24F15B-5038-4A15-8607-1DB2A7A0B7DE|65|33|33|20|1|2017
E3CDC578-37BA-4CDB-B150-DAB0409270CD|97BAC717-C0A7-47F7-9918-C56658E6D792|f098e943-26fd-4dc0-b6a0-2d02477004a4|46398A47-93F2-4591-B36F-1C28B03CC2F3|A4BFC2BD-262F-4207-99C8-057D6ADF80C7|AE24F15B-5038-4A15-8607-1DB2A7A0B7DE|67|34|34|21|1|2017
E3CDC578-37BA-4CDB-B150-DAB0409270CD|466D93AD-B0D7-4B29-89C0-569A421763D6|f098e943-26fd-4dc0-b6a0-2d02477004a4|46398A47-93F2-4591-B36F-1C28B03CC2F3|A4BFC2BD-262F-4207-99C8-057D6ADF80C7|AE24F15B-5038-4A15-8607-1DB2A7A0B7DE|65|35|35|22|1|2017
E3CDC578-37BA-4CDB-B150-DAB0409270CD|41C68FA5-4A98-4BB2-B702-68DD844F92B0|f098e943-26fd-4dc0-b6a0-2d02477004a4|46398A47-93F2-4591-B36F-1C28B03CC2F3|A4BFC2BD-262F-4207-99C8-057D6ADF80C7|AE24F15B-5038-4A15-8607-1DB2A7A0B7DE|68|36|36|23|1|2017
E3CDC578-37BA-4CDB-B150-DAB0409270CD|9208D11F-98E8-47B8-8DFC-4215FC2EF127|f098e943-26fd-4dc0-b6a0-2d02477004a4|46398A47-93F2-4591-B36F-1C28B03CC2F3|A4BFC2BD-262F-4207-99C8-057D6ADF80C7|AE24F15B-5038-4A15-8607-1DB2A7A0B7DE|78|37|37|24|1|2017
E3CDC578-37BA-4CDB-B150-DAB0409270CD|3013780A-61AD-4BAA-8666-C89CC1A555F8|f098e943-26fd-4dc0-b6a0-2d02477004a4|46398A47-93F2-4591-B36F-1C28B03CC2F3|A4BFC2BD-262F-4207-99C8-057D6ADF80C7|AE24F15B-5038-4A15-8607-1DB2A7A0B7DE|76|38|38|25|1|2017
E3CDC578-37BA-4CDB-B150-DAB0409270CD|3C14C92D-9113-4289-8A69-564BF3F3D871|f098e943-26fd-4dc0-b6a0-2d02477004a4|46398A47-93F2-4591-B36F-1C28B03CC2F3|A4BFC2BD-262F-4207-99C8-057D6ADF80C7|AE24F15B-5038-4A15-8607-1DB2A7A0B7DE|66|39|39|26|1|2017
E3CDC578-37BA-4CDB-B150-DAB0409270CD|E9888085-FD91-4551-9274-50BA485A9637|f098e943-26fd-4dc0-b6a0-2d02477004a4|46398A47-93F2-4591-B36F-1C28B03CC2F3|A4BFC2BD-262F-4207-99C8-057D6ADF80C7|AE24F15B-5038-4A15-8607-1DB2A7A0B7DE|77|40|40|14|1|2017
E3CDC578-37BA-4CDB-B150-DAB0409270CD|DDAD0F9E-C85B-462D-8A57-FCE97AEE4EF0|f098e943-26fd-4dc0-b6a0-2d02477004a4|46398A47-93F2-4591-B36F-1C28B03CC2F3|A4BFC2BD-262F-4207-99C8-057D6ADF80C7|AE24F15B-5038-4A15-8607-1DB2A7A0B7DE|55|41|41|15|1|2017
E3CDC578-37BA-4CDB-B150-DAB0409270CD|6799DC5E-5CEB-4D60-BD75-EAA9FFFDE30F|f098e943-26fd-4dc0-b6a0-2d02477004a4|46398A47-93F2-4591-B36F-1C28B03CC2F3|A4BFC2BD-262F-4207-99C8-057D6ADF80C7|AE24F15B-5038-4A15-8607-1DB2A7A0B7DE|56|42|42|16|1|2017
E3CDC578-37BA-4CDB-B150-DAB0409270CD|85728858-0D2E-4DA6-9901-941B737421E5|f098e943-26fd-4dc0-b6a0-2d02477004a4|46398A47-93F2-4591-B36F-1C28B03CC2F3|A4BFC2BD-262F-4207-99C8-057D6ADF80C7|AE24F15B-5038-4A15-8607-1DB2A7A0B7DE|65|43|43|17|1|2017
E3CDC578-37BA-4CDB-B150-DAB0409270CD|2A4FD176-029E-4DA0-A08A-036BF438EDE7|f098e943-26fd-4dc0-b6a0-2d02477004a4|46398A47-93F2-4591-B36F-1C28B03CC2F3|A4BFC2BD-262F-4207-99C8-057D6ADF80C7|AE24F15B-5038-4A15-8607-1DB2A7A0B7DE|67|44|44|18|1|2017
E3CDC578-37BA-4CDB-B150-DAB0409270CD|1381D1CA-EB72-4D72-A793-D692BE1483C9|f098e943-26fd-4dc0-b6a0-2d02477004a4|46398A47-93F2-4591-B36F-1C28B03CC2F3|A4BFC2BD-262F-4207-99C8-057D6ADF80C7|AE24F15B-5038-4A15-8607-1DB2A7A0B7DE|76|45|45|19|1|2017
E3CDC578-37BA-4CDB-B150-DAB0409270CD|81B20DD2-7462-47FB-B597-1BDAA8A9F0EF|f098e943-26fd-4dc0-b6a0-2d02477004a4|46398A47-93F2-4591-B36F-1C28B03CC2F3|A4BFC2BD-262F-4207-99C8-057D6ADF80C7|AE24F15B-5038-4A15-8607-1DB2A7A0B7DE|66|13|13|13|1|2017
E3CDC578-37BA-4CDB-B150-DAB0409270CD|0BB327CC-1E4B-497E-9A77-7A49419D95C7|f098e943-26fd-4dc0-b6a0-2d02477004a4|46398A47-93F2-4591-B36F-1C28B03CC2F3|A4BFC2BD-262F-4207-99C8-057D6ADF80C7|AE24F15B-5038-4A15-8607-1DB2A7A0B7DE|77|14|14|14|1|2017
E3CDC578-37BA-4CDB-B150-DAB0409270CD|AA1B14EB-5CA0-4FA1-B665-697342B2782D|f098e943-26fd-4dc0-b6a0-2d02477004a4|46398A47-93F2-4591-B36F-1C28B03CC2F3|A4BFC2BD-262F-4207-99C8-057D6ADF80C7|AE24F15B-5038-4A15-8607-1DB2A7A0B7DE|55|15|15|15|1|2017
E3CDC578-37BA-4CDB-B150-DAB0409270CD|5B3BD314-7489-4F0E-8BD8-35DF4DF3FC5C|0e5dc1c6-f62f-4a36-a1ec-064173332694|46398A47-93F2-4591-B36F-1C28B03CC2F3|A4BFC2BD-262F-4207-99C8-057D6ADF80C7|AE24F15B-5038-4A15-8607-1DB2A7A0B7DE|56|16|16|16|1|2017
E3CDC578-37BA-4CDB-B150-DAB0409270CD|89AE9658-3882-484D-B1D5-9E13F554DF2B|0e5dc1c6-f62f-4a36-a1ec-064173332694|46398A47-93F2-4591-B36F-1C28B03CC2F3|A4BFC2BD-262F-4207-99C8-057D6ADF80C7|AE24F15B-5038-4A15-8607-1DB2A7A0B7DE|65|17|17|17|1|2017
E3CDC578-37BA-4CDB-B150-DAB0409270CD|87671173-70A4-435F-8C3F-14695782B8CF|0e5dc1c6-f62f-4a36-a1ec-064173332694|46398A47-93F2-4591-B36F-1C28B03CC2F3|A4BFC2BD-262F-4207-99C8-057D6ADF80C7|AE24F15B-5038-4A15-8607-1DB2A7A0B7DE|67|18|18|18|1|2017
E3CDC578-37BA-4CDB-B150-DAB0409270CD|3AD1F311-C539-4FED-B840-6B6081BDB2E7|0e5dc1c6-f62f-4a36-a1ec-064173332694|46398A47-93F2-4591-B36F-1C28B03CC2F3|A4BFC2BD-262F-4207-99C8-057D6ADF80C7|AE24F15B-5038-4A15-8607-1DB2A7A0B7DE|76|19|19|19|1|2017
E3CDC578-37BA-4CDB-B150-DAB0409270CD|90342A1E-0084-4EB2-9D11-2191B59FA1A6|0e5dc1c6-f62f-4a36-a1ec-064173332694|46398A47-93F2-4591-B36F-1C28B03CC2F3|A4BFC2BD-262F-4207-99C8-057D6ADF80C7|AE24F15B-5038-4A15-8607-1DB2A7A0B7DE|54|20|20|20|1|2017
E3CDC578-37BA-4CDB-B150-DAB0409270CD|799CA5BA-3FA6-4773-BC2E-3C68E1213AC6|0e5dc1c6-f62f-4a36-a1ec-064173332694|46398A47-93F2-4591-B36F-1C28B03CC2F3|A4BFC2BD-262F-4207-99C8-057D6ADF80C7|AE24F15B-5038-4A15-8607-1DB2A7A0B7DE|50|21|21|21|1|2017
E3CDC578-37BA-4CDB-B150-DAB0409270CD|91DA9E7C-CAA1-4438-A1D7-DD071CFAFF8F|0e5dc1c6-f62f-4a36-a1ec-064173332694|46398A47-93F2-4591-B36F-1C28B03CC2F3|A4BFC2BD-262F-4207-99C8-057D6ADF80C7|AE24F15B-5038-4A15-8607-1DB2A7A0B7DE|54|22|22|22|1|2017
E3CDC578-37BA-4CDB-B150-DAB0409270CD|11FFC61B-DCDB-4DEE-B9C5-E9DD22B9E575|0e5dc1c6-f62f-4a36-a1ec-064173332694|46398A47-93F2-4591-B36F-1C28B03CC2F3|A4BFC2BD-262F-4207-99C8-057D6ADF80C7|AE24F15B-5038-4A15-8607-1DB2A7A0B7DE|34|23|23|23|1|2017
E3CDC578-37BA-4CDB-B150-DAB0409270CD|91DAFF4B-C8B9-4B46-A971-E66955D66332|0e5dc1c6-f62f-4a36-a1ec-064173332694|46398A47-93F2-4591-B36F-1C28B03CC2F3|A4BFC2BD-262F-4207-99C8-057D6ADF80C7|AE24F15B-5038-4A15-8607-1DB2A7A0B7DE|56|24|24|24|1|2017
E3CDC578-37BA-4CDB-B150-DAB0409270CD|F5B016C3-DE03-4097-B006-616E8EE832CE|0e5dc1c6-f62f-4a36-a1ec-064173332694|46398A47-93F2-4591-B36F-1C28B03CC2F3|A4BFC2BD-262F-4207-99C8-057D6ADF80C7|AE24F15B-5038-4A15-8607-1DB2A7A0B7DE|65|25|25|25|1|2017
E3CDC578-37BA-4CDB-B150-DAB0409270CD|A2DA52F4-EDAE-4866-9228-634AFC4F5458|0e5dc1c6-f62f-4a36-a1ec-064173332694|46398A47-93F2-4591-B36F-1C28B03CC2F3|A4BFC2BD-262F-4207-99C8-057D6ADF80C7|AE24F15B-5038-4A15-8607-1DB2A7A0B7DE|67|26|26|26|1|2017
E3CDC578-37BA-4CDB-B150-DAB0409270CD|BBE08494-134E-4E03-B8B6-44D2C9AFF521|0e5dc1c6-f62f-4a36-a1ec-064173332694|46398A47-93F2-4591-B36F-1C28B03CC2F3|A4BFC2BD-262F-4207-99C8-057D6ADF80C7|AE24F15B-5038-4A15-8607-1DB2A7A0B7DE|65|27|27|14|1|2017
E3CDC578-37BA-4CDB-B150-DAB0409270CD|0DE968C9-7309-C481-58F7-AB6CDB1011EF|c9caf109-c27d-4062-9b9f-ac4268629e27|46398A47-93F2-4591-B36F-1C28B03CC2F3|A4BFC2BD-262F-4207-99C8-057D6ADF80C7|4531A31D-1F8A-40D7-BFE6-D3CB3D91951A|68|28|28|15|1|2017
E3CDC578-37BA-4CDB-B150-DAB0409270CD|C1F2964E-9DD5-4B7A-86BD-E7FCAFB9D9D9|c9caf109-c27d-4062-9b9f-ac4268629e27|46398A47-93F2-4591-B36F-1C28B03CC2F3|A4BFC2BD-262F-4207-99C8-057D6ADF80C7|4531A31D-1F8A-40D7-BFE6-D3CB3D91951A|78|29|29|16|1|2017
E3CDC578-37BA-4CDB-B150-DAB0409270CD|E4D9BF24-8574-463D-A816-A21CEC6CD548|c9caf109-c27d-4062-9b9f-ac4268629e27|46398A47-93F2-4591-B36F-1C28B03CC2F3|A4BFC2BD-262F-4207-99C8-057D6ADF80C7|4531A31D-1F8A-40D7-BFE6-D3CB3D91951A|76|30|30|17|1|2017
E3CDC578-37BA-4CDB-B150-DAB0409270CD|40F82118-26E7-4CCC-8456-195B5F009478|c9caf109-c27d-4062-9b9f-ac4268629e27|46398A47-93F2-4591-B36F-1C28B03CC2F3|A4BFC2BD-262F-4207-99C8-057D6ADF80C7|4531A31D-1F8A-40D7-BFE6-D3CB3D91951A|66|31|31|18|1|2017
E3CDC578-37BA-4CDB-B150-DAB0409270CD|0420916C-304D-4EB8-A847-8B4729E915C1|c9caf109-c27d-4062-9b9f-ac4268629e27|46398A47-93F2-4591-B36F-1C28B03CC2F3|A4BFC2BD-262F-4207-99C8-057D6ADF80C7|4531A31D-1F8A-40D7-BFE6-D3CB3D91951A|77|32|32|19|1|2017
E3CDC578-37BA-4CDB-B150-DAB0409270CD|199C78A9-4708-451E-8C87-8E6B4F47AAD9|c9caf109-c27d-4062-9b9f-ac4268629e27|46398A47-93F2-4591-B36F-1C28B03CC2F3|A4BFC2BD-262F-4207-99C8-057D6ADF80C7|4531A31D-1F8A-40D7-BFE6-D3CB3D91951A|55|33|33|20|1|2017
E3CDC578-37BA-4CDB-B150-DAB0409270CD|B404AA65-25A3-40B0-8462-D377A926354F|c9caf109-c27d-4062-9b9f-ac4268629e27|46398A47-93F2-4591-B36F-1C28B03CC2F3|A4BFC2BD-262F-4207-99C8-057D6ADF80C7|4531A31D-1F8A-40D7-BFE6-D3CB3D91951A|56|34|34|21|1|2017
E3CDC578-37BA-4CDB-B150-DAB0409270CD|B7B6D6E6-84B1-47F6-AA1B-AA34AEB7D236|f098e943-26fd-4dc0-b6a0-2d02477004a4|46398A47-93F2-4591-B36F-1C28B03CC2F3|A4BFC2BD-262F-4207-99C8-057D6ADF80C7|4531A31D-1F8A-40D7-BFE6-D3CB3D91951A|65|35|35|22|1|2017
E3CDC578-37BA-4CDB-B150-DAB0409270CD|7559C867-A833-4DA2-816B-51D4636033A3|f098e943-26fd-4dc0-b6a0-2d02477004a4|46398A47-93F2-4591-B36F-1C28B03CC2F3|A4BFC2BD-262F-4207-99C8-057D6ADF80C7|4531A31D-1F8A-40D7-BFE6-D3CB3D91951A|67|36|36|23|1|2017
E3CDC578-37BA-4CDB-B150-DAB0409270CD|7FC3A038-C5DE-4DEE-AE2D-E2ED230AB328|f098e943-26fd-4dc0-b6a0-2d02477004a4|46398A47-93F2-4591-B36F-1C28B03CC2F3|A4BFC2BD-262F-4207-99C8-057D6ADF80C7|4531A31D-1F8A-40D7-BFE6-D3CB3D91951A|76|37|37|24|1|2017
E3CDC578-37BA-4CDB-B150-DAB0409270CD|4A4D0394-0FBD-4014-98A5-D3CE9161A568|f098e943-26fd-4dc0-b6a0-2d02477004a4|46398A47-93F2-4591-B36F-1C28B03CC2F3|A4BFC2BD-262F-4207-99C8-057D6ADF80C7|4531A31D-1F8A-40D7-BFE6-D3CB3D91951A|66|38|38|25|1|2017
E3CDC578-37BA-4CDB-B150-DAB0409270CD|CB0EF175-8A57-49D7-A1D4-89D0C6E3A497|f098e943-26fd-4dc0-b6a0-2d02477004a4|46398A47-93F2-4591-B36F-1C28B03CC2F3|A4BFC2BD-262F-4207-99C8-057D6ADF80C7|4531A31D-1F8A-40D7-BFE6-D3CB3D91951A|77|39|39|26|1|2017
E3CDC578-37BA-4CDB-B150-DAB0409270CD|309B97E9-72AB-4FD0-A282-8410413ACE46|f098e943-26fd-4dc0-b6a0-2d02477004a4|46398A47-93F2-4591-B36F-1C28B03CC2F3|A4BFC2BD-262F-4207-99C8-057D6ADF80C7|4531A31D-1F8A-40D7-BFE6-D3CB3D91951A|55|40|40|14|1|2017
E3CDC578-37BA-4CDB-B150-DAB0409270CD|307ED34F-D6B5-4EE8-AB44-543305B12085|f098e943-26fd-4dc0-b6a0-2d02477004a4|46398A47-93F2-4591-B36F-1C28B03CC2F3|A4BFC2BD-262F-4207-99C8-057D6ADF80C7|4531A31D-1F8A-40D7-BFE6-D3CB3D91951A|56|41|41|15|1|2017
E3CDC578-37BA-4CDB-B150-DAB0409270CD|97BAC717-C0A7-47F7-9918-C56658E6D792|f098e943-26fd-4dc0-b6a0-2d02477004a4|46398A47-93F2-4591-B36F-1C28B03CC2F3|A4BFC2BD-262F-4207-99C8-057D6ADF80C7|4531A31D-1F8A-40D7-BFE6-D3CB3D91951A|65|42|42|16|1|2017
E3CDC578-37BA-4CDB-B150-DAB0409270CD|466D93AD-B0D7-4B29-89C0-569A421763D6|f098e943-26fd-4dc0-b6a0-2d02477004a4|46398A47-93F2-4591-B36F-1C28B03CC2F3|A4BFC2BD-262F-4207-99C8-057D6ADF80C7|4531A31D-1F8A-40D7-BFE6-D3CB3D91951A|67|43|43|17|1|2017
E3CDC578-37BA-4CDB-B150-DAB0409270CD|41C68FA5-4A98-4BB2-B702-68DD844F92B0|f098e943-26fd-4dc0-b6a0-2d02477004a4|46398A47-93F2-4591-B36F-1C28B03CC2F3|A4BFC2BD-262F-4207-99C8-057D6ADF80C7|4531A31D-1F8A-40D7-BFE6-D3CB3D91951A|76|44|44|18|1|2017
E3CDC578-37BA-4CDB-B150-DAB0409270CD|9208D11F-98E8-47B8-8DFC-4215FC2EF127|f098e943-26fd-4dc0-b6a0-2d02477004a4|46398A47-93F2-4591-B36F-1C28B03CC2F3|A4BFC2BD-262F-4207-99C8-057D6ADF80C7|4531A31D-1F8A-40D7-BFE6-D3CB3D91951A|54|45|45|19|1|2017
E3CDC578-37BA-4CDB-B150-DAB0409270CD|3013780A-61AD-4BAA-8666-C89CC1A555F8|f098e943-26fd-4dc0-b6a0-2d02477004a4|46398A47-93F2-4591-B36F-1C28B03CC2F3|A4BFC2BD-262F-4207-99C8-057D6ADF80C7|4531A31D-1F8A-40D7-BFE6-D3CB3D91951A|50|13|13|13|1|2017
E3CDC578-37BA-4CDB-B150-DAB0409270CD|3C14C92D-9113-4289-8A69-564BF3F3D871|f098e943-26fd-4dc0-b6a0-2d02477004a4|46398A47-93F2-4591-B36F-1C28B03CC2F3|A4BFC2BD-262F-4207-99C8-057D6ADF80C7|4531A31D-1F8A-40D7-BFE6-D3CB3D91951A|54|14|14|14|1|2017
E3CDC578-37BA-4CDB-B150-DAB0409270CD|E9888085-FD91-4551-9274-50BA485A9637|f098e943-26fd-4dc0-b6a0-2d02477004a4|46398A47-93F2-4591-B36F-1C28B03CC2F3|A4BFC2BD-262F-4207-99C8-057D6ADF80C7|4531A31D-1F8A-40D7-BFE6-D3CB3D91951A|34|15|15|15|1|2017
E3CDC578-37BA-4CDB-B150-DAB0409270CD|DDAD0F9E-C85B-462D-8A57-FCE97AEE4EF0|f098e943-26fd-4dc0-b6a0-2d02477004a4|46398A47-93F2-4591-B36F-1C28B03CC2F3|A4BFC2BD-262F-4207-99C8-057D6ADF80C7|4531A31D-1F8A-40D7-BFE6-D3CB3D91951A|56|16|16|16|1|2017
E3CDC578-37BA-4CDB-B150-DAB0409270CD|6799DC5E-5CEB-4D60-BD75-EAA9FFFDE30F|f098e943-26fd-4dc0-b6a0-2d02477004a4|46398A47-93F2-4591-B36F-1C28B03CC2F3|A4BFC2BD-262F-4207-99C8-057D6ADF80C7|4531A31D-1F8A-40D7-BFE6-D3CB3D91951A|65|17|17|17|1|2017
E3CDC578-37BA-4CDB-B150-DAB0409270CD|85728858-0D2E-4DA6-9901-941B737421E5|f098e943-26fd-4dc0-b6a0-2d02477004a4|46398A47-93F2-4591-B36F-1C28B03CC2F3|A4BFC2BD-262F-4207-99C8-057D6ADF80C7|4531A31D-1F8A-40D7-BFE6-D3CB3D91951A|67|18|18|18|1|2017
E3CDC578-37BA-4CDB-B150-DAB0409270CD|2A4FD176-029E-4DA0-A08A-036BF438EDE7|f098e943-26fd-4dc0-b6a0-2d02477004a4|46398A47-93F2-4591-B36F-1C28B03CC2F3|A4BFC2BD-262F-4207-99C8-057D6ADF80C7|4531A31D-1F8A-40D7-BFE6-D3CB3D91951A|65|19|19|19|1|2017
E3CDC578-37BA-4CDB-B150-DAB0409270CD|1381D1CA-EB72-4D72-A793-D692BE1483C9|f098e943-26fd-4dc0-b6a0-2d02477004a4|46398A47-93F2-4591-B36F-1C28B03CC2F3|A4BFC2BD-262F-4207-99C8-057D6ADF80C7|4531A31D-1F8A-40D7-BFE6-D3CB3D91951A|68|20|20|20|1|2017
E3CDC578-37BA-4CDB-B150-DAB0409270CD|81B20DD2-7462-47FB-B597-1BDAA8A9F0EF|f098e943-26fd-4dc0-b6a0-2d02477004a4|46398A47-93F2-4591-B36F-1C28B03CC2F3|A4BFC2BD-262F-4207-99C8-057D6ADF80C7|4531A31D-1F8A-40D7-BFE6-D3CB3D91951A|78|21|21|21|1|2017
E3CDC578-37BA-4CDB-B150-DAB0409270CD|0BB327CC-1E4B-497E-9A77-7A49419D95C7|f098e943-26fd-4dc0-b6a0-2d02477004a4|46398A47-93F2-4591-B36F-1C28B03CC2F3|A4BFC2BD-262F-4207-99C8-057D6ADF80C7|4531A31D-1F8A-40D7-BFE6-D3CB3D91951A|76|22|22|22|1|2017
E3CDC578-37BA-4CDB-B150-DAB0409270CD|AA1B14EB-5CA0-4FA1-B665-697342B2782D|f098e943-26fd-4dc0-b6a0-2d02477004a4|46398A47-93F2-4591-B36F-1C28B03CC2F3|A4BFC2BD-262F-4207-99C8-057D6ADF80C7|4531A31D-1F8A-40D7-BFE6-D3CB3D91951A|66|23|23|23|1|2017
E3CDC578-37BA-4CDB-B150-DAB0409270CD|5B3BD314-7489-4F0E-8BD8-35DF4DF3FC5C|0e5dc1c6-f62f-4a36-a1ec-064173332694|46398A47-93F2-4591-B36F-1C28B03CC2F3|A4BFC2BD-262F-4207-99C8-057D6ADF80C7|4531A31D-1F8A-40D7-BFE6-D3CB3D91951A|77|24|24|24|1|2017
E3CDC578-37BA-4CDB-B150-DAB0409270CD|89AE9658-3882-484D-B1D5-9E13F554DF2B|0e5dc1c6-f62f-4a36-a1ec-064173332694|46398A47-93F2-4591-B36F-1C28B03CC2F3|A4BFC2BD-262F-4207-99C8-057D6ADF80C7|4531A31D-1F8A-40D7-BFE6-D3CB3D91951A|55|25|25|25|1|2017
E3CDC578-37BA-4CDB-B150-DAB0409270CD|87671173-70A4-435F-8C3F-14695782B8CF|0e5dc1c6-f62f-4a36-a1ec-064173332694|46398A47-93F2-4591-B36F-1C28B03CC2F3|A4BFC2BD-262F-4207-99C8-057D6ADF80C7|4531A31D-1F8A-40D7-BFE6-D3CB3D91951A|56|26|26|26|1|2017
E3CDC578-37BA-4CDB-B150-DAB0409270CD|3AD1F311-C539-4FED-B840-6B6081BDB2E7|0e5dc1c6-f62f-4a36-a1ec-064173332694|46398A47-93F2-4591-B36F-1C28B03CC2F3|A4BFC2BD-262F-4207-99C8-057D6ADF80C7|4531A31D-1F8A-40D7-BFE6-D3CB3D91951A|65|27|27|14|1|2017
E3CDC578-37BA-4CDB-B150-DAB0409270CD|90342A1E-0084-4EB2-9D11-2191B59FA1A6|0e5dc1c6-f62f-4a36-a1ec-064173332694|46398A47-93F2-4591-B36F-1C28B03CC2F3|A4BFC2BD-262F-4207-99C8-057D6ADF80C7|4531A31D-1F8A-40D7-BFE6-D3CB3D91951A|67|28|28|15|1|2017
E3CDC578-37BA-4CDB-B150-DAB0409270CD|799CA5BA-3FA6-4773-BC2E-3C68E1213AC6|0e5dc1c6-f62f-4a36-a1ec-064173332694|46398A47-93F2-4591-B36F-1C28B03CC2F3|A4BFC2BD-262F-4207-99C8-057D6ADF80C7|4531A31D-1F8A-40D7-BFE6-D3CB3D91951A|76|29|29|16|1|2017
E3CDC578-37BA-4CDB-B150-DAB0409270CD|91DA9E7C-CAA1-4438-A1D7-DD071CFAFF8F|0e5dc1c6-f62f-4a36-a1ec-064173332694|46398A47-93F2-4591-B36F-1C28B03CC2F3|A4BFC2BD-262F-4207-99C8-057D6ADF80C7|4531A31D-1F8A-40D7-BFE6-D3CB3D91951A|66|30|30|17|1|2017
E3CDC578-37BA-4CDB-B150-DAB0409270CD|11FFC61B-DCDB-4DEE-B9C5-E9DD22B9E575|0e5dc1c6-f62f-4a36-a1ec-064173332694|46398A47-93F2-4591-B36F-1C28B03CC2F3|A4BFC2BD-262F-4207-99C8-057D6ADF80C7|4531A31D-1F8A-40D7-BFE6-D3CB3D91951A|77|31|31|18|1|2017
E3CDC578-37BA-4CDB-B150-DAB0409270CD|91DAFF4B-C8B9-4B46-A971-E66955D66332|0e5dc1c6-f62f-4a36-a1ec-064173332694|46398A47-93F2-4591-B36F-1C28B03CC2F3|A4BFC2BD-262F-4207-99C8-057D6ADF80C7|4531A31D-1F8A-40D7-BFE6-D3CB3D91951A|55|32|32|19|1|2017
E3CDC578-37BA-4CDB-B150-DAB0409270CD|F5B016C3-DE03-4097-B006-616E8EE832CE|0e5dc1c6-f62f-4a36-a1ec-064173332694|46398A47-93F2-4591-B36F-1C28B03CC2F3|A4BFC2BD-262F-4207-99C8-057D6ADF80C7|4531A31D-1F8A-40D7-BFE6-D3CB3D91951A|56|33|33|20|1|2017
E3CDC578-37BA-4CDB-B150-DAB0409270CD|A2DA52F4-EDAE-4866-9228-634AFC4F5458|0e5dc1c6-f62f-4a36-a1ec-064173332694|46398A47-93F2-4591-B36F-1C28B03CC2F3|A4BFC2BD-262F-4207-99C8-057D6ADF80C7|4531A31D-1F8A-40D7-BFE6-D3CB3D91951A|65|34|34|21|1|2017
E3CDC578-37BA-4CDB-B150-DAB0409270CD|BBE08494-134E-4E03-B8B6-44D2C9AFF521|0e5dc1c6-f62f-4a36-a1ec-064173332694|46398A47-93F2-4591-B36F-1C28B03CC2F3|A4BFC2BD-262F-4207-99C8-057D6ADF80C7|4531A31D-1F8A-40D7-BFE6-D3CB3D91951A|67|35|35|22|1|2017
E3CDC578-37BA-4CDB-B150-DAB0409270CD|0DE968C9-7309-C481-58F7-AB6CDB1011EF|e1729cc2-524a-4069-b4a4-be5aec8473fe|46398A47-93F2-4591-B36F-1C28B03CC2F3|A4BFC2BD-262F-4207-99C8-057D6ADF80C7|AE24F15B-5038-4A15-8607-1DB2A7A0B7DE|76|36|36|23|1|2017
E3CDC578-37BA-4CDB-B150-DAB0409270CD|C1F2964E-9DD5-4B7A-86BD-E7FCAFB9D9D9|e1729cc2-524a-4069-b4a4-be5aec8473fe|46398A47-93F2-4591-B36F-1C28B03CC2F3|A4BFC2BD-262F-4207-99C8-057D6ADF80C7|AE24F15B-5038-4A15-8607-1DB2A7A0B7DE|66|37|37|24|1|2017
E3CDC578-37BA-4CDB-B150-DAB0409270CD|E4D9BF24-8574-463D-A816-A21CEC6CD548|e1729cc2-524a-4069-b4a4-be5aec8473fe|46398A47-93F2-4591-B36F-1C28B03CC2F3|A4BFC2BD-262F-4207-99C8-057D6ADF80C7|AE24F15B-5038-4A15-8607-1DB2A7A0B7DE|77|38|38|25|1|2017
E3CDC578-37BA-4CDB-B150-DAB0409270CD|40F82118-26E7-4CCC-8456-195B5F009478|e1729cc2-524a-4069-b4a4-be5aec8473fe|46398A47-93F2-4591-B36F-1C28B03CC2F3|A4BFC2BD-262F-4207-99C8-057D6ADF80C7|AE24F15B-5038-4A15-8607-1DB2A7A0B7DE|55|39|39|26|1|2017
E3CDC578-37BA-4CDB-B150-DAB0409270CD|0420916C-304D-4EB8-A847-8B4729E915C1|e1729cc2-524a-4069-b4a4-be5aec8473fe|46398A47-93F2-4591-B36F-1C28B03CC2F3|A4BFC2BD-262F-4207-99C8-057D6ADF80C7|AE24F15B-5038-4A15-8607-1DB2A7A0B7DE|56|40|40|14|1|2017
E3CDC578-37BA-4CDB-B150-DAB0409270CD|199C78A9-4708-451E-8C87-8E6B4F47AAD9|e1729cc2-524a-4069-b4a4-be5aec8473fe|46398A47-93F2-4591-B36F-1C28B03CC2F3|A4BFC2BD-262F-4207-99C8-057D6ADF80C7|AE24F15B-5038-4A15-8607-1DB2A7A0B7DE|65|41|41|15|1|2017
E3CDC578-37BA-4CDB-B150-DAB0409270CD|B404AA65-25A3-40B0-8462-D377A926354F|e1729cc2-524a-4069-b4a4-be5aec8473fe|46398A47-93F2-4591-B36F-1C28B03CC2F3|A4BFC2BD-262F-4207-99C8-057D6ADF80C7|AE24F15B-5038-4A15-8607-1DB2A7A0B7DE|67|42|42|16|1|2017
E3CDC578-37BA-4CDB-B150-DAB0409270CD|B7B6D6E6-84B1-47F6-AA1B-AA34AEB7D236|e1729cc2-524a-4069-b4a4-be5aec8473fe|46398A47-93F2-4591-B36F-1C28B03CC2F3|A4BFC2BD-262F-4207-99C8-057D6ADF80C7|AE24F15B-5038-4A15-8607-1DB2A7A0B7DE|76|43|43|17|1|2017
E3CDC578-37BA-4CDB-B150-DAB0409270CD|7559C867-A833-4DA2-816B-51D4636033A3|e1729cc2-524a-4069-b4a4-be5aec8473fe|46398A47-93F2-4591-B36F-1C28B03CC2F3|A4BFC2BD-262F-4207-99C8-057D6ADF80C7|AE24F15B-5038-4A15-8607-1DB2A7A0B7DE|54|44|44|18|1|2017
E3CDC578-37BA-4CDB-B150-DAB0409270CD|7FC3A038-C5DE-4DEE-AE2D-E2ED230AB328|e1729cc2-524a-4069-b4a4-be5aec8473fe|46398A47-93F2-4591-B36F-1C28B03CC2F3|A4BFC2BD-262F-4207-99C8-057D6ADF80C7|AE24F15B-5038-4A15-8607-1DB2A7A0B7DE|50|45|45|19|1|2017
E3CDC578-37BA-4CDB-B150-DAB0409270CD|4A4D0394-0FBD-4014-98A5-D3CE9161A568|e1729cc2-524a-4069-b4a4-be5aec8473fe|46398A47-93F2-4591-B36F-1C28B03CC2F3|A4BFC2BD-262F-4207-99C8-057D6ADF80C7|AE24F15B-5038-4A15-8607-1DB2A7A0B7DE|54|13|13|13|1|2017
E3CDC578-37BA-4CDB-B150-DAB0409270CD|CB0EF175-8A57-49D7-A1D4-89D0C6E3A497|e1729cc2-524a-4069-b4a4-be5aec8473fe|46398A47-93F2-4591-B36F-1C28B03CC2F3|A4BFC2BD-262F-4207-99C8-057D6ADF80C7|AE24F15B-5038-4A15-8607-1DB2A7A0B7DE|34|14|14|14|1|2017
E3CDC578-37BA-4CDB-B150-DAB0409270CD|309B97E9-72AB-4FD0-A282-8410413ACE46|e1729cc2-524a-4069-b4a4-be5aec8473fe|46398A47-93F2-4591-B36F-1C28B03CC2F3|A4BFC2BD-262F-4207-99C8-057D6ADF80C7|AE24F15B-5038-4A15-8607-1DB2A7A0B7DE|56|15|15|15|1|2017
E3CDC578-37BA-4CDB-B150-DAB0409270CD|307ED34F-D6B5-4EE8-AB44-543305B12085|e1729cc2-524a-4069-b4a4-be5aec8473fe|46398A47-93F2-4591-B36F-1C28B03CC2F3|A4BFC2BD-262F-4207-99C8-057D6ADF80C7|AE24F15B-5038-4A15-8607-1DB2A7A0B7DE|65|16|16|16|1|2017
E3CDC578-37BA-4CDB-B150-DAB0409270CD|97BAC717-C0A7-47F7-9918-C56658E6D792|e1729cc2-524a-4069-b4a4-be5aec8473fe|46398A47-93F2-4591-B36F-1C28B03CC2F3|A4BFC2BD-262F-4207-99C8-057D6ADF80C7|AE24F15B-5038-4A15-8607-1DB2A7A0B7DE|67|17|17|17|1|2017
E3CDC578-37BA-4CDB-B150-DAB0409270CD|466D93AD-B0D7-4B29-89C0-569A421763D6|e1729cc2-524a-4069-b4a4-be5aec8473fe|46398A47-93F2-4591-B36F-1C28B03CC2F3|A4BFC2BD-262F-4207-99C8-057D6ADF80C7|AE24F15B-5038-4A15-8607-1DB2A7A0B7DE|65|18|18|18|1|2017
E3CDC578-37BA-4CDB-B150-DAB0409270CD|41C68FA5-4A98-4BB2-B702-68DD844F92B0|e1729cc2-524a-4069-b4a4-be5aec8473fe|46398A47-93F2-4591-B36F-1C28B03CC2F3|A4BFC2BD-262F-4207-99C8-057D6ADF80C7|AE24F15B-5038-4A15-8607-1DB2A7A0B7DE|68|19|19|19|1|2017
E3CDC578-37BA-4CDB-B150-DAB0409270CD|9208D11F-98E8-47B8-8DFC-4215FC2EF127|e1729cc2-524a-4069-b4a4-be5aec8473fe|46398A47-93F2-4591-B36F-1C28B03CC2F3|A4BFC2BD-262F-4207-99C8-057D6ADF80C7|AE24F15B-5038-4A15-8607-1DB2A7A0B7DE|78|20|20|20|1|2017
E3CDC578-37BA-4CDB-B150-DAB0409270CD|3013780A-61AD-4BAA-8666-C89CC1A555F8|e1729cc2-524a-4069-b4a4-be5aec8473fe|46398A47-93F2-4591-B36F-1C28B03CC2F3|A4BFC2BD-262F-4207-99C8-057D6ADF80C7|AE24F15B-5038-4A15-8607-1DB2A7A0B7DE|76|21|21|21|1|2017
E3CDC578-37BA-4CDB-B150-DAB0409270CD|3C14C92D-9113-4289-8A69-564BF3F3D871|e1729cc2-524a-4069-b4a4-be5aec8473fe|46398A47-93F2-4591-B36F-1C28B03CC2F3|A4BFC2BD-262F-4207-99C8-057D6ADF80C7|AE24F15B-5038-4A15-8607-1DB2A7A0B7DE|66|22|22|22|1|2017
E3CDC578-37BA-4CDB-B150-DAB0409270CD|E9888085-FD91-4551-9274-50BA485A9637|e1729cc2-524a-4069-b4a4-be5aec8473fe|46398A47-93F2-4591-B36F-1C28B03CC2F3|A4BFC2BD-262F-4207-99C8-057D6ADF80C7|AE24F15B-5038-4A15-8607-1DB2A7A0B7DE|77|23|23|23|1|2017
E3CDC578-37BA-4CDB-B150-DAB0409270CD|DDAD0F9E-C85B-462D-8A57-FCE97AEE4EF0|e1729cc2-524a-4069-b4a4-be5aec8473fe|46398A47-93F2-4591-B36F-1C28B03CC2F3|A4BFC2BD-262F-4207-99C8-057D6ADF80C7|AE24F15B-5038-4A15-8607-1DB2A7A0B7DE|55|24|24|24|1|2017
E3CDC578-37BA-4CDB-B150-DAB0409270CD|6799DC5E-5CEB-4D60-BD75-EAA9FFFDE30F|e1729cc2-524a-4069-b4a4-be5aec8473fe|46398A47-93F2-4591-B36F-1C28B03CC2F3|A4BFC2BD-262F-4207-99C8-057D6ADF80C7|AE24F15B-5038-4A15-8607-1DB2A7A0B7DE|56|25|25|25|1|2017
E3CDC578-37BA-4CDB-B150-DAB0409270CD|85728858-0D2E-4DA6-9901-941B737421E5|b9bbd718-b32f-4466-ab34-42f544ff900e|46398A47-93F2-4591-B36F-1C28B03CC2F3|A4BFC2BD-262F-4207-99C8-057D6ADF80C7|AE24F15B-5038-4A15-8607-1DB2A7A0B7DE|65|26|26|26|1|2017
E3CDC578-37BA-4CDB-B150-DAB0409270CD|2A4FD176-029E-4DA0-A08A-036BF438EDE7|b9bbd718-b32f-4466-ab34-42f544ff900e|46398A47-93F2-4591-B36F-1C28B03CC2F3|A4BFC2BD-262F-4207-99C8-057D6ADF80C7|AE24F15B-5038-4A15-8607-1DB2A7A0B7DE|67|27|27|14|1|2017
E3CDC578-37BA-4CDB-B150-DAB0409270CD|1381D1CA-EB72-4D72-A793-D692BE1483C9|b9bbd718-b32f-4466-ab34-42f544ff900e|46398A47-93F2-4591-B36F-1C28B03CC2F3|A4BFC2BD-262F-4207-99C8-057D6ADF80C7|AE24F15B-5038-4A15-8607-1DB2A7A0B7DE|76|28|28|15|1|2017
E3CDC578-37BA-4CDB-B150-DAB0409270CD|81B20DD2-7462-47FB-B597-1BDAA8A9F0EF|b9bbd718-b32f-4466-ab34-42f544ff900e|46398A47-93F2-4591-B36F-1C28B03CC2F3|A4BFC2BD-262F-4207-99C8-057D6ADF80C7|AE24F15B-5038-4A15-8607-1DB2A7A0B7DE|66|29|29|16|1|2017
E3CDC578-37BA-4CDB-B150-DAB0409270CD|0BB327CC-1E4B-497E-9A77-7A49419D95C7|b9bbd718-b32f-4466-ab34-42f544ff900e|46398A47-93F2-4591-B36F-1C28B03CC2F3|A4BFC2BD-262F-4207-99C8-057D6ADF80C7|AE24F15B-5038-4A15-8607-1DB2A7A0B7DE|77|30|30|17|1|2017
E3CDC578-37BA-4CDB-B150-DAB0409270CD|AA1B14EB-5CA0-4FA1-B665-697342B2782D|b9bbd718-b32f-4466-ab34-42f544ff900e|46398A47-93F2-4591-B36F-1C28B03CC2F3|A4BFC2BD-262F-4207-99C8-057D6ADF80C7|AE24F15B-5038-4A15-8607-1DB2A7A0B7DE|55|31|31|18|1|2017
E3CDC578-37BA-4CDB-B150-DAB0409270CD|5B3BD314-7489-4F0E-8BD8-35DF4DF3FC5C|b9bbd718-b32f-4466-ab34-42f544ff900e|46398A47-93F2-4591-B36F-1C28B03CC2F3|A4BFC2BD-262F-4207-99C8-057D6ADF80C7|AE24F15B-5038-4A15-8607-1DB2A7A0B7DE|56|32|32|19|1|2017
E3CDC578-37BA-4CDB-B150-DAB0409270CD|89AE9658-3882-484D-B1D5-9E13F554DF2B|b9bbd718-b32f-4466-ab34-42f544ff900e|46398A47-93F2-4591-B36F-1C28B03CC2F3|A4BFC2BD-262F-4207-99C8-057D6ADF80C7|AE24F15B-5038-4A15-8607-1DB2A7A0B7DE|65|33|33|20|1|2017
E3CDC578-37BA-4CDB-B150-DAB0409270CD|87671173-70A4-435F-8C3F-14695782B8CF|b9bbd718-b32f-4466-ab34-42f544ff900e|46398A47-93F2-4591-B36F-1C28B03CC2F3|A4BFC2BD-262F-4207-99C8-057D6ADF80C7|AE24F15B-5038-4A15-8607-1DB2A7A0B7DE|67|34|34|21|1|2017
E3CDC578-37BA-4CDB-B150-DAB0409270CD|3AD1F311-C539-4FED-B840-6B6081BDB2E7|b9bbd718-b32f-4466-ab34-42f544ff900e|46398A47-93F2-4591-B36F-1C28B03CC2F3|A4BFC2BD-262F-4207-99C8-057D6ADF80C7|AE24F15B-5038-4A15-8607-1DB2A7A0B7DE|76|35|35|22|1|2017
E3CDC578-37BA-4CDB-B150-DAB0409270CD|90342A1E-0084-4EB2-9D11-2191B59FA1A6|b9bbd718-b32f-4466-ab34-42f544ff900e|46398A47-93F2-4591-B36F-1C28B03CC2F3|A4BFC2BD-262F-4207-99C8-057D6ADF80C7|AE24F15B-5038-4A15-8607-1DB2A7A0B7DE|54|36|36|23|1|2017
E3CDC578-37BA-4CDB-B150-DAB0409270CD|799CA5BA-3FA6-4773-BC2E-3C68E1213AC6|b9bbd718-b32f-4466-ab34-42f544ff900e|46398A47-93F2-4591-B36F-1C28B03CC2F3|A4BFC2BD-262F-4207-99C8-057D6ADF80C7|AE24F15B-5038-4A15-8607-1DB2A7A0B7DE|50|37|37|24|1|2017
E3CDC578-37BA-4CDB-B150-DAB0409270CD|91DA9E7C-CAA1-4438-A1D7-DD071CFAFF8F|b9bbd718-b32f-4466-ab34-42f544ff900e|46398A47-93F2-4591-B36F-1C28B03CC2F3|A4BFC2BD-262F-4207-99C8-057D6ADF80C7|AE24F15B-5038-4A15-8607-1DB2A7A0B7DE|54|38|38|25|1|2017
E3CDC578-37BA-4CDB-B150-DAB0409270CD|11FFC61B-DCDB-4DEE-B9C5-E9DD22B9E575|b9bbd718-b32f-4466-ab34-42f544ff900e|46398A47-93F2-4591-B36F-1C28B03CC2F3|A4BFC2BD-262F-4207-99C8-057D6ADF80C7|AE24F15B-5038-4A15-8607-1DB2A7A0B7DE|34|39|39|26|1|2017
E3CDC578-37BA-4CDB-B150-DAB0409270CD|91DAFF4B-C8B9-4B46-A971-E66955D66332|b9bbd718-b32f-4466-ab34-42f544ff900e|46398A47-93F2-4591-B36F-1C28B03CC2F3|A4BFC2BD-262F-4207-99C8-057D6ADF80C7|AE24F15B-5038-4A15-8607-1DB2A7A0B7DE|56|40|40|14|1|2017
E3CDC578-37BA-4CDB-B150-DAB0409270CD|F5B016C3-DE03-4097-B006-616E8EE832CE|b9bbd718-b32f-4466-ab34-42f544ff900e|46398A47-93F2-4591-B36F-1C28B03CC2F3|A4BFC2BD-262F-4207-99C8-057D6ADF80C7|AE24F15B-5038-4A15-8607-1DB2A7A0B7DE|65|41|41|15|1|2017
E3CDC578-37BA-4CDB-B150-DAB0409270CD|A2DA52F4-EDAE-4866-9228-634AFC4F5458|b9bbd718-b32f-4466-ab34-42f544ff900e|46398A47-93F2-4591-B36F-1C28B03CC2F3|A4BFC2BD-262F-4207-99C8-057D6ADF80C7|AE24F15B-5038-4A15-8607-1DB2A7A0B7DE|67|42|42|16|1|2017
E3CDC578-37BA-4CDB-B150-DAB0409270CD|BBE08494-134E-4E03-B8B6-44D2C9AFF521|b9bbd718-b32f-4466-ab34-42f544ff900e|46398A47-93F2-4591-B36F-1C28B03CC2F3|A4BFC2BD-262F-4207-99C8-057D6ADF80C7|AE24F15B-5038-4A15-8607-1DB2A7A0B7DE|65|43|43|17|1|2017
E3CDC578-37BA-4CDB-B150-DAB0409270CD|0DE968C9-7309-C481-58F7-AB6CDB1011EF|e1729cc2-524a-4069-b4a4-be5aec8473fe|46398A47-93F2-4591-B36F-1C28B03CC2F3|A4BFC2BD-262F-4207-99C8-057D6ADF80C7|4531A31D-1F8A-40D7-BFE6-D3CB3D91951A|68|44|44|18|1|2017
E3CDC578-37BA-4CDB-B150-DAB0409270CD|C1F2964E-9DD5-4B7A-86BD-E7FCAFB9D9D9|e1729cc2-524a-4069-b4a4-be5aec8473fe|46398A47-93F2-4591-B36F-1C28B03CC2F3|A4BFC2BD-262F-4207-99C8-057D6ADF80C7|4531A31D-1F8A-40D7-BFE6-D3CB3D91951A|78|45|45|19|1|2017
E3CDC578-37BA-4CDB-B150-DAB0409270CD|E4D9BF24-8574-463D-A816-A21CEC6CD548|e1729cc2-524a-4069-b4a4-be5aec8473fe|46398A47-93F2-4591-B36F-1C28B03CC2F3|A4BFC2BD-262F-4207-99C8-057D6ADF80C7|4531A31D-1F8A-40D7-BFE6-D3CB3D91951A|76|13|13|13|1|2017
E3CDC578-37BA-4CDB-B150-DAB0409270CD|40F82118-26E7-4CCC-8456-195B5F009478|e1729cc2-524a-4069-b4a4-be5aec8473fe|46398A47-93F2-4591-B36F-1C28B03CC2F3|A4BFC2BD-262F-4207-99C8-057D6ADF80C7|4531A31D-1F8A-40D7-BFE6-D3CB3D91951A|66|14|14|14|1|2017
E3CDC578-37BA-4CDB-B150-DAB0409270CD|0420916C-304D-4EB8-A847-8B4729E915C1|e1729cc2-524a-4069-b4a4-be5aec8473fe|46398A47-93F2-4591-B36F-1C28B03CC2F3|A4BFC2BD-262F-4207-99C8-057D6ADF80C7|4531A31D-1F8A-40D7-BFE6-D3CB3D91951A|77|15|15|15|1|2017
E3CDC578-37BA-4CDB-B150-DAB0409270CD|199C78A9-4708-451E-8C87-8E6B4F47AAD9|e1729cc2-524a-4069-b4a4-be5aec8473fe|46398A47-93F2-4591-B36F-1C28B03CC2F3|A4BFC2BD-262F-4207-99C8-057D6ADF80C7|4531A31D-1F8A-40D7-BFE6-D3CB3D91951A|55|16|16|16|1|2017
E3CDC578-37BA-4CDB-B150-DAB0409270CD|B404AA65-25A3-40B0-8462-D377A926354F|e1729cc2-524a-4069-b4a4-be5aec8473fe|46398A47-93F2-4591-B36F-1C28B03CC2F3|A4BFC2BD-262F-4207-99C8-057D6ADF80C7|4531A31D-1F8A-40D7-BFE6-D3CB3D91951A|56|17|17|17|1|2017
E3CDC578-37BA-4CDB-B150-DAB0409270CD|B7B6D6E6-84B1-47F6-AA1B-AA34AEB7D236|e1729cc2-524a-4069-b4a4-be5aec8473fe|46398A47-93F2-4591-B36F-1C28B03CC2F3|A4BFC2BD-262F-4207-99C8-057D6ADF80C7|4531A31D-1F8A-40D7-BFE6-D3CB3D91951A|65|18|18|18|1|2017
E3CDC578-37BA-4CDB-B150-DAB0409270CD|7559C867-A833-4DA2-816B-51D4636033A3|e1729cc2-524a-4069-b4a4-be5aec8473fe|46398A47-93F2-4591-B36F-1C28B03CC2F3|A4BFC2BD-262F-4207-99C8-057D6ADF80C7|4531A31D-1F8A-40D7-BFE6-D3CB3D91951A|67|19|19|19|1|2017
E3CDC578-37BA-4CDB-B150-DAB0409270CD|7FC3A038-C5DE-4DEE-AE2D-E2ED230AB328|e1729cc2-524a-4069-b4a4-be5aec8473fe|46398A47-93F2-4591-B36F-1C28B03CC2F3|A4BFC2BD-262F-4207-99C8-057D6ADF80C7|4531A31D-1F8A-40D7-BFE6-D3CB3D91951A|76|20|20|20|1|2017
E3CDC578-37BA-4CDB-B150-DAB0409270CD|4A4D0394-0FBD-4014-98A5-D3CE9161A568|e1729cc2-524a-4069-b4a4-be5aec8473fe|46398A47-93F2-4591-B36F-1C28B03CC2F3|A4BFC2BD-262F-4207-99C8-057D6ADF80C7|4531A31D-1F8A-40D7-BFE6-D3CB3D91951A|66|21|21|21|1|2017
E3CDC578-37BA-4CDB-B150-DAB0409270CD|CB0EF175-8A57-49D7-A1D4-89D0C6E3A497|e1729cc2-524a-4069-b4a4-be5aec8473fe|46398A47-93F2-4591-B36F-1C28B03CC2F3|A4BFC2BD-262F-4207-99C8-057D6ADF80C7|4531A31D-1F8A-40D7-BFE6-D3CB3D91951A|77|22|22|22|1|2017
E3CDC578-37BA-4CDB-B150-DAB0409270CD|309B97E9-72AB-4FD0-A282-8410413ACE46|e1729cc2-524a-4069-b4a4-be5aec8473fe|46398A47-93F2-4591-B36F-1C28B03CC2F3|A4BFC2BD-262F-4207-99C8-057D6ADF80C7|4531A31D-1F8A-40D7-BFE6-D3CB3D91951A|55|23|23|23|1|2017
E3CDC578-37BA-4CDB-B150-DAB0409270CD|307ED34F-D6B5-4EE8-AB44-543305B12085|e1729cc2-524a-4069-b4a4-be5aec8473fe|46398A47-93F2-4591-B36F-1C28B03CC2F3|A4BFC2BD-262F-4207-99C8-057D6ADF80C7|4531A31D-1F8A-40D7-BFE6-D3CB3D91951A|56|24|24|24|1|2017
E3CDC578-37BA-4CDB-B150-DAB0409270CD|97BAC717-C0A7-47F7-9918-C56658E6D792|e1729cc2-524a-4069-b4a4-be5aec8473fe|46398A47-93F2-4591-B36F-1C28B03CC2F3|A4BFC2BD-262F-4207-99C8-057D6ADF80C7|4531A31D-1F8A-40D7-BFE6-D3CB3D91951A|65|25|25|25|1|2017
E3CDC578-37BA-4CDB-B150-DAB0409270CD|466D93AD-B0D7-4B29-89C0-569A421763D6|e1729cc2-524a-4069-b4a4-be5aec8473fe|46398A47-93F2-4591-B36F-1C28B03CC2F3|A4BFC2BD-262F-4207-99C8-057D6ADF80C7|4531A31D-1F8A-40D7-BFE6-D3CB3D91951A|67|26|26|26|1|2017
E3CDC578-37BA-4CDB-B150-DAB0409270CD|41C68FA5-4A98-4BB2-B702-68DD844F92B0|e1729cc2-524a-4069-b4a4-be5aec8473fe|46398A47-93F2-4591-B36F-1C28B03CC2F3|A4BFC2BD-262F-4207-99C8-057D6ADF80C7|4531A31D-1F8A-40D7-BFE6-D3CB3D91951A|76|27|27|14|1|2017
E3CDC578-37BA-4CDB-B150-DAB0409270CD|9208D11F-98E8-47B8-8DFC-4215FC2EF127|e1729cc2-524a-4069-b4a4-be5aec8473fe|46398A47-93F2-4591-B36F-1C28B03CC2F3|A4BFC2BD-262F-4207-99C8-057D6ADF80C7|4531A31D-1F8A-40D7-BFE6-D3CB3D91951A|54|28|28|15|1|2017
E3CDC578-37BA-4CDB-B150-DAB0409270CD|3013780A-61AD-4BAA-8666-C89CC1A555F8|e1729cc2-524a-4069-b4a4-be5aec8473fe|46398A47-93F2-4591-B36F-1C28B03CC2F3|A4BFC2BD-262F-4207-99C8-057D6ADF80C7|4531A31D-1F8A-40D7-BFE6-D3CB3D91951A|50|29|29|16|1|2017
E3CDC578-37BA-4CDB-B150-DAB0409270CD|3C14C92D-9113-4289-8A69-564BF3F3D871|e1729cc2-524a-4069-b4a4-be5aec8473fe|46398A47-93F2-4591-B36F-1C28B03CC2F3|A4BFC2BD-262F-4207-99C8-057D6ADF80C7|4531A31D-1F8A-40D7-BFE6-D3CB3D91951A|54|30|30|17|1|2017
E3CDC578-37BA-4CDB-B150-DAB0409270CD|E9888085-FD91-4551-9274-50BA485A9637|e1729cc2-524a-4069-b4a4-be5aec8473fe|46398A47-93F2-4591-B36F-1C28B03CC2F3|A4BFC2BD-262F-4207-99C8-057D6ADF80C7|4531A31D-1F8A-40D7-BFE6-D3CB3D91951A|34|31|31|18|1|2017
E3CDC578-37BA-4CDB-B150-DAB0409270CD|DDAD0F9E-C85B-462D-8A57-FCE97AEE4EF0|e1729cc2-524a-4069-b4a4-be5aec8473fe|46398A47-93F2-4591-B36F-1C28B03CC2F3|A4BFC2BD-262F-4207-99C8-057D6ADF80C7|4531A31D-1F8A-40D7-BFE6-D3CB3D91951A|56|32|32|19|1|2017
E3CDC578-37BA-4CDB-B150-DAB0409270CD|6799DC5E-5CEB-4D60-BD75-EAA9FFFDE30F|e1729cc2-524a-4069-b4a4-be5aec8473fe|46398A47-93F2-4591-B36F-1C28B03CC2F3|A4BFC2BD-262F-4207-99C8-057D6ADF80C7|4531A31D-1F8A-40D7-BFE6-D3CB3D91951A|65|33|33|20|1|2017
E3CDC578-37BA-4CDB-B150-DAB0409270CD|85728858-0D2E-4DA6-9901-941B737421E5|b9bbd718-b32f-4466-ab34-42f544ff900e|46398A47-93F2-4591-B36F-1C28B03CC2F3|A4BFC2BD-262F-4207-99C8-057D6ADF80C7|4531A31D-1F8A-40D7-BFE6-D3CB3D91951A|67|34|34|21|1|2017
E3CDC578-37BA-4CDB-B150-DAB0409270CD|2A4FD176-029E-4DA0-A08A-036BF438EDE7|b9bbd718-b32f-4466-ab34-42f544ff900e|46398A47-93F2-4591-B36F-1C28B03CC2F3|A4BFC2BD-262F-4207-99C8-057D6ADF80C7|4531A31D-1F8A-40D7-BFE6-D3CB3D91951A|65|35|35|22|1|2017
E3CDC578-37BA-4CDB-B150-DAB0409270CD|1381D1CA-EB72-4D72-A793-D692BE1483C9|b9bbd718-b32f-4466-ab34-42f544ff900e|46398A47-93F2-4591-B36F-1C28B03CC2F3|A4BFC2BD-262F-4207-99C8-057D6ADF80C7|4531A31D-1F8A-40D7-BFE6-D3CB3D91951A|68|36|36|23|1|2017
E3CDC578-37BA-4CDB-B150-DAB0409270CD|81B20DD2-7462-47FB-B597-1BDAA8A9F0EF|b9bbd718-b32f-4466-ab34-42f544ff900e|46398A47-93F2-4591-B36F-1C28B03CC2F3|A4BFC2BD-262F-4207-99C8-057D6ADF80C7|4531A31D-1F8A-40D7-BFE6-D3CB3D91951A|78|37|37|24|1|2017
E3CDC578-37BA-4CDB-B150-DAB0409270CD|0BB327CC-1E4B-497E-9A77-7A49419D95C7|b9bbd718-b32f-4466-ab34-42f544ff900e|46398A47-93F2-4591-B36F-1C28B03CC2F3|A4BFC2BD-262F-4207-99C8-057D6ADF80C7|4531A31D-1F8A-40D7-BFE6-D3CB3D91951A|76|38|38|25|1|2017
E3CDC578-37BA-4CDB-B150-DAB0409270CD|AA1B14EB-5CA0-4FA1-B665-697342B2782D|b9bbd718-b32f-4466-ab34-42f544ff900e|46398A47-93F2-4591-B36F-1C28B03CC2F3|A4BFC2BD-262F-4207-99C8-057D6ADF80C7|4531A31D-1F8A-40D7-BFE6-D3CB3D91951A|66|39|39|26|1|2017
E3CDC578-37BA-4CDB-B150-DAB0409270CD|5B3BD314-7489-4F0E-8BD8-35DF4DF3FC5C|b9bbd718-b32f-4466-ab34-42f544ff900e|46398A47-93F2-4591-B36F-1C28B03CC2F3|A4BFC2BD-262F-4207-99C8-057D6ADF80C7|4531A31D-1F8A-40D7-BFE6-D3CB3D91951A|77|40|40|14|1|2017
E3CDC578-37BA-4CDB-B150-DAB0409270CD|89AE9658-3882-484D-B1D5-9E13F554DF2B|b9bbd718-b32f-4466-ab34-42f544ff900e|46398A47-93F2-4591-B36F-1C28B03CC2F3|A4BFC2BD-262F-4207-99C8-057D6ADF80C7|4531A31D-1F8A-40D7-BFE6-D3CB3D91951A|55|41|41|15|1|2017
E3CDC578-37BA-4CDB-B150-DAB0409270CD|87671173-70A4-435F-8C3F-14695782B8CF|b9bbd718-b32f-4466-ab34-42f544ff900e|46398A47-93F2-4591-B36F-1C28B03CC2F3|A4BFC2BD-262F-4207-99C8-057D6ADF80C7|4531A31D-1F8A-40D7-BFE6-D3CB3D91951A|56|42|42|16|1|2017
E3CDC578-37BA-4CDB-B150-DAB0409270CD|3AD1F311-C539-4FED-B840-6B6081BDB2E7|b9bbd718-b32f-4466-ab34-42f544ff900e|46398A47-93F2-4591-B36F-1C28B03CC2F3|A4BFC2BD-262F-4207-99C8-057D6ADF80C7|4531A31D-1F8A-40D7-BFE6-D3CB3D91951A|65|43|43|17|1|2017
E3CDC578-37BA-4CDB-B150-DAB0409270CD|90342A1E-0084-4EB2-9D11-2191B59FA1A6|b9bbd718-b32f-4466-ab34-42f544ff900e|46398A47-93F2-4591-B36F-1C28B03CC2F3|A4BFC2BD-262F-4207-99C8-057D6ADF80C7|4531A31D-1F8A-40D7-BFE6-D3CB3D91951A|67|44|44|18|1|2017
E3CDC578-37BA-4CDB-B150-DAB0409270CD|799CA5BA-3FA6-4773-BC2E-3C68E1213AC6|b9bbd718-b32f-4466-ab34-42f544ff900e|46398A47-93F2-4591-B36F-1C28B03CC2F3|A4BFC2BD-262F-4207-99C8-057D6ADF80C7|4531A31D-1F8A-40D7-BFE6-D3CB3D91951A|76|45|45|19|1|2017
E3CDC578-37BA-4CDB-B150-DAB0409270CD|91DA9E7C-CAA1-4438-A1D7-DD071CFAFF8F|b9bbd718-b32f-4466-ab34-42f544ff900e|46398A47-93F2-4591-B36F-1C28B03CC2F3|A4BFC2BD-262F-4207-99C8-057D6ADF80C7|4531A31D-1F8A-40D7-BFE6-D3CB3D91951A|66|13|13|13|1|2017
E3CDC578-37BA-4CDB-B150-DAB0409270CD|11FFC61B-DCDB-4DEE-B9C5-E9DD22B9E575|b9bbd718-b32f-4466-ab34-42f544ff900e|46398A47-93F2-4591-B36F-1C28B03CC2F3|A4BFC2BD-262F-4207-99C8-057D6ADF80C7|4531A31D-1F8A-40D7-BFE6-D3CB3D91951A|77|14|14|14|1|2017
E3CDC578-37BA-4CDB-B150-DAB0409270CD|91DAFF4B-C8B9-4B46-A971-E66955D66332|b9bbd718-b32f-4466-ab34-42f544ff900e|46398A47-93F2-4591-B36F-1C28B03CC2F3|A4BFC2BD-262F-4207-99C8-057D6ADF80C7|4531A31D-1F8A-40D7-BFE6-D3CB3D91951A|55|15|15|15|1|2017
E3CDC578-37BA-4CDB-B150-DAB0409270CD|F5B016C3-DE03-4097-B006-616E8EE832CE|b9bbd718-b32f-4466-ab34-42f544ff900e|46398A47-93F2-4591-B36F-1C28B03CC2F3|A4BFC2BD-262F-4207-99C8-057D6ADF80C7|4531A31D-1F8A-40D7-BFE6-D3CB3D91951A|56|16|16|16|1|2017
E3CDC578-37BA-4CDB-B150-DAB0409270CD|A2DA52F4-EDAE-4866-9228-634AFC4F5458|b9bbd718-b32f-4466-ab34-42f544ff900e|46398A47-93F2-4591-B36F-1C28B03CC2F3|A4BFC2BD-262F-4207-99C8-057D6ADF80C7|4531A31D-1F8A-40D7-BFE6-D3CB3D91951A|65|17|17|17|1|2017
E3CDC578-37BA-4CDB-B150-DAB0409270CD|BBE08494-134E-4E03-B8B6-44D2C9AFF521|b9bbd718-b32f-4466-ab34-42f544ff900e|46398A47-93F2-4591-B36F-1C28B03CC2F3|A4BFC2BD-262F-4207-99C8-057D6ADF80C7|4531A31D-1F8A-40D7-BFE6-D3CB3D91951A|67|18|18|18|1|2017
E3CDC578-37BA-4CDB-B150-DAB0409270CD|85728858-0D2E-4DA6-9901-941B737421E5|b9bbd718-b32f-4466-ab34-42f544ff900e|46398A47-93F2-4591-B36F-1C28B03CC2F3|A4BFC2BD-262F-4207-99C8-057D6ADF80C7|69A569CA-1D4F-458E-99DD-FB2BE705BF5C|12|19|19|19|1|2017
E3CDC578-37BA-4CDB-B150-DAB0409270CD|2A4FD176-029E-4DA0-A08A-036BF438EDE7|b9bbd718-b32f-4466-ab34-42f544ff900e|46398A47-93F2-4591-B36F-1C28B03CC2F3|A4BFC2BD-262F-4207-99C8-057D6ADF80C7|69A569CA-1D4F-458E-99DD-FB2BE705BF5C|13|20|20|20|1|2017
E3CDC578-37BA-4CDB-B150-DAB0409270CD|1381D1CA-EB72-4D72-A793-D692BE1483C9|b9bbd718-b32f-4466-ab34-42f544ff900e|46398A47-93F2-4591-B36F-1C28B03CC2F3|A4BFC2BD-262F-4207-99C8-057D6ADF80C7|69A569CA-1D4F-458E-99DD-FB2BE705BF5C|6|21|21|21|1|2017
E3CDC578-37BA-4CDB-B150-DAB0409270CD|81B20DD2-7462-47FB-B597-1BDAA8A9F0EF|b9bbd718-b32f-4466-ab34-42f544ff900e|46398A47-93F2-4591-B36F-1C28B03CC2F3|A4BFC2BD-262F-4207-99C8-057D6ADF80C7|69A569CA-1D4F-458E-99DD-FB2BE705BF5C|9|22|22|22|1|2017
E3CDC578-37BA-4CDB-B150-DAB0409270CD|0BB327CC-1E4B-497E-9A77-7A49419D95C7|b9bbd718-b32f-4466-ab34-42f544ff900e|46398A47-93F2-4591-B36F-1C28B03CC2F3|A4BFC2BD-262F-4207-99C8-057D6ADF80C7|69A569CA-1D4F-458E-99DD-FB2BE705BF5C|10|23|23|23|1|2017
E3CDC578-37BA-4CDB-B150-DAB0409270CD|AA1B14EB-5CA0-4FA1-B665-697342B2782D|b9bbd718-b32f-4466-ab34-42f544ff900e|46398A47-93F2-4591-B36F-1C28B03CC2F3|A4BFC2BD-262F-4207-99C8-057D6ADF80C7|69A569CA-1D4F-458E-99DD-FB2BE705BF5C|11|24|24|24|1|2017
E3CDC578-37BA-4CDB-B150-DAB0409270CD|5B3BD314-7489-4F0E-8BD8-35DF4DF3FC5C|b9bbd718-b32f-4466-ab34-42f544ff900e|46398A47-93F2-4591-B36F-1C28B03CC2F3|A4BFC2BD-262F-4207-99C8-057D6ADF80C7|69A569CA-1D4F-458E-99DD-FB2BE705BF5C|12|25|25|25|1|2017
E3CDC578-37BA-4CDB-B150-DAB0409270CD|89AE9658-3882-484D-B1D5-9E13F554DF2B|b9bbd718-b32f-4466-ab34-42f544ff900e|46398A47-93F2-4591-B36F-1C28B03CC2F3|A4BFC2BD-262F-4207-99C8-057D6ADF80C7|69A569CA-1D4F-458E-99DD-FB2BE705BF5C|13|26|26|26|1|2017
E3CDC578-37BA-4CDB-B150-DAB0409270CD|87671173-70A4-435F-8C3F-14695782B8CF|b9bbd718-b32f-4466-ab34-42f544ff900e|46398A47-93F2-4591-B36F-1C28B03CC2F3|A4BFC2BD-262F-4207-99C8-057D6ADF80C7|69A569CA-1D4F-458E-99DD-FB2BE705BF5C|17|27|27|14|1|2017
E3CDC578-37BA-4CDB-B150-DAB0409270CD|3AD1F311-C539-4FED-B840-6B6081BDB2E7|b9bbd718-b32f-4466-ab34-42f544ff900e|46398A47-93F2-4591-B36F-1C28B03CC2F3|A4BFC2BD-262F-4207-99C8-057D6ADF80C7|69A569CA-1D4F-458E-99DD-FB2BE705BF5C|19|28|28|15|1|2017
E3CDC578-37BA-4CDB-B150-DAB0409270CD|90342A1E-0084-4EB2-9D11-2191B59FA1A6|b9bbd718-b32f-4466-ab34-42f544ff900e|46398A47-93F2-4591-B36F-1C28B03CC2F3|A4BFC2BD-262F-4207-99C8-057D6ADF80C7|69A569CA-1D4F-458E-99DD-FB2BE705BF5C|12|29|29|16|1|2017
E3CDC578-37BA-4CDB-B150-DAB0409270CD|799CA5BA-3FA6-4773-BC2E-3C68E1213AC6|b9bbd718-b32f-4466-ab34-42f544ff900e|46398A47-93F2-4591-B36F-1C28B03CC2F3|A4BFC2BD-262F-4207-99C8-057D6ADF80C7|69A569CA-1D4F-458E-99DD-FB2BE705BF5C|19|30|30|17|1|2017
E3CDC578-37BA-4CDB-B150-DAB0409270CD|91DA9E7C-CAA1-4438-A1D7-DD071CFAFF8F|b9bbd718-b32f-4466-ab34-42f544ff900e|46398A47-93F2-4591-B36F-1C28B03CC2F3|A4BFC2BD-262F-4207-99C8-057D6ADF80C7|69A569CA-1D4F-458E-99DD-FB2BE705BF5C|20|31|31|18|1|2017
E3CDC578-37BA-4CDB-B150-DAB0409270CD|11FFC61B-DCDB-4DEE-B9C5-E9DD22B9E575|b9bbd718-b32f-4466-ab34-42f544ff900e|46398A47-93F2-4591-B36F-1C28B03CC2F3|A4BFC2BD-262F-4207-99C8-057D6ADF80C7|69A569CA-1D4F-458E-99DD-FB2BE705BF5C|12|32|32|19|1|2017
E3CDC578-37BA-4CDB-B150-DAB0409270CD|91DAFF4B-C8B9-4B46-A971-E66955D66332|b9bbd718-b32f-4466-ab34-42f544ff900e|46398A47-93F2-4591-B36F-1C28B03CC2F3|A4BFC2BD-262F-4207-99C8-057D6ADF80C7|69A569CA-1D4F-458E-99DD-FB2BE705BF5C|14|33|33|20|1|2017
E3CDC578-37BA-4CDB-B150-DAB0409270CD|F5B016C3-DE03-4097-B006-616E8EE832CE|b9bbd718-b32f-4466-ab34-42f544ff900e|46398A47-93F2-4591-B36F-1C28B03CC2F3|A4BFC2BD-262F-4207-99C8-057D6ADF80C7|69A569CA-1D4F-458E-99DD-FB2BE705BF5C|16|34|34|21|1|2017
E3CDC578-37BA-4CDB-B150-DAB0409270CD|A2DA52F4-EDAE-4866-9228-634AFC4F5458|b9bbd718-b32f-4466-ab34-42f544ff900e|46398A47-93F2-4591-B36F-1C28B03CC2F3|A4BFC2BD-262F-4207-99C8-057D6ADF80C7|69A569CA-1D4F-458E-99DD-FB2BE705BF5C|11|35|35|22|1|2017
E3CDC578-37BA-4CDB-B150-DAB0409270CD|BBE08494-134E-4E03-B8B6-44D2C9AFF521|b9bbd718-b32f-4466-ab34-42f544ff900e|46398A47-93F2-4591-B36F-1C28B03CC2F3|A4BFC2BD-262F-4207-99C8-057D6ADF80C7|69A569CA-1D4F-458E-99DD-FB2BE705BF5C|16|36|36|23|1|2017
