uuid|accountId|studentId|subjectId
79B82D8A-34B1-4E18-B04D-010265997C1F|E3CDC578-37BA-4CDB-B150-DAB0409270CD|4F218688-6DE5-4E69-8690-66FBA2F0DC9F|D0F7EC32-EA25-7D32-8708-2CC132446
8389A747-CD93-4FE3-9795-043765A516F2|E3CDC578-37BA-4CDB-B150-DAB0409270CD|A195BAF6-D6E7-43A5-B7C9-D6C627A42815|D0F7EC32-EA25-7D32-8708-2CC132446
45A53613-F2F2-46EF-AE20-B4CFEEA62863|E3CDC578-37BA-4CDB-B150-DAB0409270CD|8A1B5BDB-9589-4207-8345-A811FC18B2C9|D0F7EC32-EA25-7D32-8708-2CC132446
839420BE-4CC9-422D-975B-20B944F0BB65|E3CDC578-37BA-4CDB-B150-DAB0409270CD|AEED7469-F7AF-41E6-B24C-13B1D74E1026|D0F7EC32-EA25-7D32-8708-2CC132446
E190FC59-B9D8-4B47-B637-CDEA60643326|E3CDC578-37BA-4CDB-B150-DAB0409270CD|CF64EBB2-BCC2-4EAA-B1C8-060EEE3284F3|D0F7EC32-EA25-7D32-8708-2CC132446
06505D4E-D48B-46D8-AEE2-BD4E05DD865C|E3CDC578-37BA-4CDB-B150-DAB0409270CD|7BF6983F-CF8D-4897-8122-7CCD0F778CAF|D0F7EC32-EA25-7D32-8708-2CC132446
3E269B67-2FA4-4B62-89CA-5FBC687DC6EC|E3CDC578-37BA-4CDB-B150-DAB0409270CD|87D0EA99-7042-4867-A4B7-C31E7665DE5E|D0F7EC32-EA25-7D32-8708-2CC132446
85E068CB-6E42-41DE-89E0-3790AAEA41DE|E3CDC578-37BA-4CDB-B150-DAB0409270CD|6912F4C6-9370-440A-BA87-11A8426BA92C|D0F7EC32-EA25-7D32-8708-2CC132446
148574D7-3C55-4D2A-B79C-FCAD5AA5FDAC|E3CDC578-37BA-4CDB-B150-DAB0409270CD|91318D8C-8150-49B4-A473-CF97F104F6B7|D0F7EC32-EA25-7D32-8708-2CC132446
64534EDB-717F-496D-8E4B-8812C6E41AC1|E3CDC578-37BA-4CDB-B150-DAB0409270CD|DD9AF1EF-EEEC-49D3-A43F-802D7028BFD7|D0F7EC32-EA25-7D32-8708-2CC132446
A375B84D-150D-47AD-B27B-3596E0051FA0|E3CDC578-37BA-4CDB-B150-DAB0409270CD|62BC85B5-306F-4740-A215-48470CA31288|D0F7EC32-EA25-7D32-8708-2CC132446
3754D94A-0190-4DA9-AAC1-2C5978BFBCAD|E3CDC578-37BA-4CDB-B150-DAB0409270CD|B2EEF18D-EE0A-4CA1-B6FE-B82F863D81B4|D0F7EC32-EA25-7D32-8708-2CC132446
07395C08-4FD0-4A4B-A291-121A47CE7052|E3CDC578-37BA-4CDB-B150-DAB0409270CD|29A012E5-CDE3-45D8-9BB0-A25D3DBF0A92|D0F7EC32-EA25-7D32-8708-2CC132446
43AF13BF-38DB-414D-A8AD-DBCAAC5F7F5D|E3CDC578-37BA-4CDB-B150-DAB0409270CD|423C391C-4944-43F4-9034-9C6818E9C1A2|D0F7EC32-EA25-7D32-8708-2CC132446
5623F6FB-ECBA-4993-9209-4669ED36E69E|E3CDC578-37BA-4CDB-B150-DAB0409270CD|F67E977A-0102-4758-91E8-9782A570E75D|D0F7EC32-EA25-7D32-8708-2CC132446
623847BE-BEE0-4D88-A4F0-021DCF341DD6|E3CDC578-37BA-4CDB-B150-DAB0409270CD|EF70C8D3-6866-4F6E-8FC2-10665A8D9B12|D0F7EC32-EA25-7D32-8708-2CC132446
566149F8-9737-4E22-823A-A48875BD49B6|E3CDC578-37BA-4CDB-B150-DAB0409270CD|123264D0-464E-4032-BEA5-CFECA81410C9|D0F7EC32-EA25-7D32-8708-2CC132446
F8063574-10EF-4C71-B39A-4EBAEC6E4570|E3CDC578-37BA-4CDB-B150-DAB0409270CD|CA1F032F-1CA2-4DCE-8AAA-CB284E167A3E|D0F7EC32-EA25-7D32-8708-2CC132446
8B194B3F-1068-4DB0-935D-A9859EE4F013|E3CDC578-37BA-4CDB-B150-DAB0409270CD|72A995F4-0C94-4FAA-8A43-2277B02B97D1|D0F7EC32-EA25-7D32-8708-2CC132446
46CA9E8F-F18A-44CD-BDB9-EF4504A0E9A1|E3CDC578-37BA-4CDB-B150-DAB0409270CD|0DE968C9-7309-C481-58F7-AB6CDB1011EF|D0F7EC32-EA25-7D32-8708-2CC132446
407889EF-08B1-4489-8601-0AFB6A36E68A|E3CDC578-37BA-4CDB-B150-DAB0409270CD|C1F2964E-9DD5-4B7A-86BD-E7FCAFB9D9D9|D0F7EC32-EA25-7D32-8708-2CC132446
7F714E46-CA82-4FDB-81EA-2DE23453D5E9|E3CDC578-37BA-4CDB-B150-DAB0409270CD|E4D9BF24-8574-463D-A816-A21CEC6CD548|D0F7EC32-EA25-7D32-8708-2CC132446
0BCD33F9-EFB3-44EF-9111-B57BA394AAC7|E3CDC578-37BA-4CDB-B150-DAB0409270CD|40F82118-26E7-4CCC-8456-195B5F009478|D0F7EC32-EA25-7D32-8708-2CC132446
0095B717-293F-4EC5-A484-9284D6D89C24|E3CDC578-37BA-4CDB-B150-DAB0409270CD|0420916C-304D-4EB8-A847-8B4729E915C1|D0F7EC32-EA25-7D32-8708-2CC132446
5BD401A3-361F-43AE-8DA5-74DA4DAD59D7|E3CDC578-37BA-4CDB-B150-DAB0409270CD|199C78A9-4708-451E-8C87-8E6B4F47AAD9|D0F7EC32-EA25-7D32-8708-2CC132446
587C5D75-0441-4BB7-B441-09CBD54BDDE5|E3CDC578-37BA-4CDB-B150-DAB0409270CD|B404AA65-25A3-40B0-8462-D377A926354F|D0F7EC32-EA25-7D32-8708-2CC132446
BD28A4D2-A8D6-4CD2-BBB3-47E6D3B6BBCE|E3CDC578-37BA-4CDB-B150-DAB0409270CD|B7B6D6E6-84B1-47F6-AA1B-AA34AEB7D236|D0F7EC32-EA25-7D32-8708-2CC132446
411108BD-4490-4FBF-BF02-B40BE35D7CDF|E3CDC578-37BA-4CDB-B150-DAB0409270CD|7559C867-A833-4DA2-816B-51D4636033A3|D0F7EC32-EA25-7D32-8708-2CC132446
583E6CC7-04F2-4D56-8A9B-4F4410209055|E3CDC578-37BA-4CDB-B150-DAB0409270CD|7FC3A038-C5DE-4DEE-AE2D-E2ED230AB328|D0F7EC32-EA25-7D32-8708-2CC132446
C374E5E7-B38E-443F-B0E4-68A3D0ADAD53|E3CDC578-37BA-4CDB-B150-DAB0409270CD|4A4D0394-0FBD-4014-98A5-D3CE9161A568|D0F7EC32-EA25-7D32-8708-2CC132446
64AF6E7D-E964-4B9D-8116-EDBCC3E56002|E3CDC578-37BA-4CDB-B150-DAB0409270CD|CB0EF175-8A57-49D7-A1D4-89D0C6E3A497|D0F7EC32-EA25-7D32-8708-2CC132446
62AEA988-42C0-416C-B842-D04A48C04965|E3CDC578-37BA-4CDB-B150-DAB0409270CD|309B97E9-72AB-4FD0-A282-8410413ACE46|D0F7EC32-EA25-7D32-8708-2CC132446
D06C6014-1B4A-48B3-AF58-771722B9AD18|E3CDC578-37BA-4CDB-B150-DAB0409270CD|307ED34F-D6B5-4EE8-AB44-543305B12085|D0F7EC32-EA25-7D32-8708-2CC132446
23E0BC6F-D08C-4301-8F10-CEC50CEF2D02|E3CDC578-37BA-4CDB-B150-DAB0409270CD|97BAC717-C0A7-47F7-9918-C56658E6D792|D0F7EC32-EA25-7D32-8708-2CC132446
9BB522C2-46A2-4067-9111-E1C05B32AA48|E3CDC578-37BA-4CDB-B150-DAB0409270CD|466D93AD-B0D7-4B29-89C0-569A421763D6|D0F7EC32-EA25-7D32-8708-2CC132446
7376D399-3A18-4BA8-B8AC-E85451290BBB|E3CDC578-37BA-4CDB-B150-DAB0409270CD|41C68FA5-4A98-4BB2-B702-68DD844F92B0|D0F7EC32-EA25-7D32-8708-2CC132446
F9F2B5C5-F673-42EA-8321-A2B45A18856F|E3CDC578-37BA-4CDB-B150-DAB0409270CD|9208D11F-98E8-47B8-8DFC-4215FC2EF127|D0F7EC32-EA25-7D32-8708-2CC132446
26ED7194-EBC2-4454-A5D5-82B35EBAA775|E3CDC578-37BA-4CDB-B150-DAB0409270CD|3013780A-61AD-4BAA-8666-C89CC1A555F8|D0F7EC32-EA25-7D32-8708-2CC132446
7D96B800-FA54-498A-858A-5550DCE63C99|E3CDC578-37BA-4CDB-B150-DAB0409270CD|3C14C92D-9113-4289-8A69-564BF3F3D871|D0F7EC32-EA25-7D32-8708-2CC132446
2CDF38CF-04FA-4266-8181-8E818D8AA2D2|E3CDC578-37BA-4CDB-B150-DAB0409270CD|E9888085-FD91-4551-9274-50BA485A9637|D0F7EC32-EA25-7D32-8708-2CC132446
A2A12528-387C-4C41-94FA-AA33F7124CC4|E3CDC578-37BA-4CDB-B150-DAB0409270CD|DDAD0F9E-C85B-462D-8A57-FCE97AEE4EF0|D0F7EC32-EA25-7D32-8708-2CC132446
0EBDFA00-6F10-4FF7-BAA8-57DA8BE3D3FC|E3CDC578-37BA-4CDB-B150-DAB0409270CD|6799DC5E-5CEB-4D60-BD75-EAA9FFFDE30F|D0F7EC32-EA25-7D32-8708-2CC132446
971892CA-69D9-4E69-934B-2EEED2D085A7|E3CDC578-37BA-4CDB-B150-DAB0409270CD|85728858-0D2E-4DA6-9901-941B737421E5|D0F7EC32-EA25-7D32-8708-2CC132446
2C43234F-E692-4DC7-BACC-C873E2D8D774|E3CDC578-37BA-4CDB-B150-DAB0409270CD|2A4FD176-029E-4DA0-A08A-036BF438EDE7|D0F7EC32-EA25-7D32-8708-2CC132446
F2713035-E535-457F-8852-F655166B61B8|E3CDC578-37BA-4CDB-B150-DAB0409270CD|1381D1CA-EB72-4D72-A793-D692BE1483C9|D0F7EC32-EA25-7D32-8708-2CC132446
8A129A3A-5650-41A2-B5ED-F9CC597BDF3F|E3CDC578-37BA-4CDB-B150-DAB0409270CD|81B20DD2-7462-47FB-B597-1BDAA8A9F0EF|D0F7EC32-EA25-7D32-8708-2CC132446
91AC2DFD-0B44-4E47-B013-4DC926D5C9A9|E3CDC578-37BA-4CDB-B150-DAB0409270CD|0BB327CC-1E4B-497E-9A77-7A49419D95C7|D0F7EC32-EA25-7D32-8708-2CC132446
37DE33D1-9E18-4377-87A6-FD8F8B2330D3|E3CDC578-37BA-4CDB-B150-DAB0409270CD|AA1B14EB-5CA0-4FA1-B665-697342B2782D|D0F7EC32-EA25-7D32-8708-2CC132446
F7352A4A-5BEF-4FC0-B58F-F22780B493AA|E3CDC578-37BA-4CDB-B150-DAB0409270CD|5B3BD314-7489-4F0E-8BD8-35DF4DF3FC5C|D0F7EC32-EA25-7D32-8708-2CC132446
17AB5D3A-E60A-44B9-AB57-2F0EE0F903DB|E3CDC578-37BA-4CDB-B150-DAB0409270CD|89AE9658-3882-484D-B1D5-9E13F554DF2B|D0F7EC32-EA25-7D32-8708-2CC132446
702DE254-FF13-4676-9C02-B1DF270FC23E|E3CDC578-37BA-4CDB-B150-DAB0409270CD|87671173-70A4-435F-8C3F-14695782B8CF|D0F7EC32-EA25-7D32-8708-2CC132446
65C1E1E3-C7D6-43A2-8ACF-DBE92F3F0007|E3CDC578-37BA-4CDB-B150-DAB0409270CD|3AD1F311-C539-4FED-B840-6B6081BDB2E7|D0F7EC32-EA25-7D32-8708-2CC132446
07B106ED-583E-4568-952F-5C8EC2BC2C15|E3CDC578-37BA-4CDB-B150-DAB0409270CD|90342A1E-0084-4EB2-9D11-2191B59FA1A6|D0F7EC32-EA25-7D32-8708-2CC132446
94608C2D-CB9A-4388-BE72-2334FB32C427|E3CDC578-37BA-4CDB-B150-DAB0409270CD|799CA5BA-3FA6-4773-BC2E-3C68E1213AC6|D0F7EC32-EA25-7D32-8708-2CC132446
C7F6A29A-0170-4181-A0AD-F95B7F406620|E3CDC578-37BA-4CDB-B150-DAB0409270CD|91DA9E7C-CAA1-4438-A1D7-DD071CFAFF8F|D0F7EC32-EA25-7D32-8708-2CC132446
438D720B-379C-40DB-B29C-12B4DFDD2828|E3CDC578-37BA-4CDB-B150-DAB0409270CD|11FFC61B-DCDB-4DEE-B9C5-E9DD22B9E575|D0F7EC32-EA25-7D32-8708-2CC132446
831E8C5C-3160-4555-A094-34EF48CA1D44|E3CDC578-37BA-4CDB-B150-DAB0409270CD|91DAFF4B-C8B9-4B46-A971-E66955D66332|D0F7EC32-EA25-7D32-8708-2CC132446
59F14005-2164-4349-A0FE-A3307F0F77C7|E3CDC578-37BA-4CDB-B150-DAB0409270CD|F5B016C3-DE03-4097-B006-616E8EE832CE|D0F7EC32-EA25-7D32-8708-2CC132446
5199D9C4-422A-4D7B-B8B8-7AC1CB288CC8|E3CDC578-37BA-4CDB-B150-DAB0409270CD|A2DA52F4-EDAE-4866-9228-634AFC4F5458|D0F7EC32-EA25-7D32-8708-2CC132446
5B83D37D-4527-4D12-925A-5B735F8EBBBF|E3CDC578-37BA-4CDB-B150-DAB0409270CD|BBE08494-134E-4E03-B8B6-44D2C9AFF521|D0F7EC32-EA25-7D32-8708-2CC132446
2417E4BD-DED2-4DF7-9EBC-DFFD741C7244|E3CDC578-37BA-4CDB-B150-DAB0409270CD|D28063C0-F2B8-4A47-9817-19656004C279|D0F7EC32-EA25-7D32-8708-2CC132446
56EF8E09-86CC-4380-8F90-1AA8318C39C4|E3CDC578-37BA-4CDB-B150-DAB0409270CD|C72A3B1C-A13C-462C-BDB7-AFDEFF5F2DA8|D0F7EC32-EA25-7D32-8708-2CC132446
C5E207FF-413D-4785-83EA-AC42AD6EAB9F|E3CDC578-37BA-4CDB-B150-DAB0409270CD|9F22612B-A69B-41D3-8819-F71420D6DF2F|D0F7EC32-EA25-7D32-8708-2CC132446
AEE7DC5D-2CD9-48F4-AAB5-382DD581B4E4|E3CDC578-37BA-4CDB-B150-DAB0409270CD|E4CBA165-C6EE-4B1D-ADC8-C327B77B6B13|D0F7EC32-EA25-7D32-8708-2CC132446
945A150C-B373-42CC-9A3E-6FE0D43971F5|E3CDC578-37BA-4CDB-B150-DAB0409270CD|F26BC70F-FDDC-4383-A8D9-E0E5457834D9|D0F7EC32-EA25-7D32-8708-2CC132446
1724698F-CD3F-4EB9-9FDE-45BA2DF32B50|E3CDC578-37BA-4CDB-B150-DAB0409270CD|BDBD35C0-F0A5-46F8-AFFF-5F2BBC182C25|D0F7EC32-EA25-7D32-8708-2CC132446
440BC1D0-B80D-4B67-B953-A1925B3AAAE0|E3CDC578-37BA-4CDB-B150-DAB0409270CD|31638728-0D17-4D23-B876-FF238D90B7F9|D0F7EC32-EA25-7D32-8708-2CC132446
82BE9F13-81CA-4A11-894A-2A3C4DBE18AD|E3CDC578-37BA-4CDB-B150-DAB0409270CD|172EE44D-088A-4766-A021-690628406CB9|D0F7EC32-EA25-7D32-8708-2CC132446
B380BF45-1F8D-46E9-8FF7-BF10DD637A7E|E3CDC578-37BA-4CDB-B150-DAB0409270CD|582A7D9B-1159-40C5-B8EF-21173770BFA3|D0F7EC32-EA25-7D32-8708-2CC132446
DB8FBA58-76CC-4422-9D1B-D3F121509242|E3CDC578-37BA-4CDB-B150-DAB0409270CD|777CE711-981A-4613-AAA3-99E1140E90E9|D0F7EC32-EA25-7D32-8708-2CC132446
3818905D-2552-4670-88BE-5055A8684210|E3CDC578-37BA-4CDB-B150-DAB0409270CD|289A87A1-3936-4012-9487-7B5598F672C9|D0F7EC32-EA25-7D32-8708-2CC132446
2BF25159-2DA1-4BFE-AC32-D32D0E86B680|E3CDC578-37BA-4CDB-B150-DAB0409270CD|F07D8FE7-DA87-40EB-A294-D06BDAC8F438|D0F7EC32-EA25-7D32-8708-2CC132446
51033D00-B9D4-4DF0-8663-410D3EECEE47|E3CDC578-37BA-4CDB-B150-DAB0409270CD|A2678067-A7A3-4D10-A30C-C3789B180A70|D0F7EC32-EA25-7D32-8708-2CC132446
0DBEF336-5058-42D5-AF71-E7275C03FC94|E3CDC578-37BA-4CDB-B150-DAB0409270CD|2F073061-C5C3-4359-B4DE-5E17D74D6620|D0F7EC32-EA25-7D32-8708-2CC132446
63E5733B-8450-40A5-81FB-FABFCE90055F|E3CDC578-37BA-4CDB-B150-DAB0409270CD|539D4A11-2C5B-40BC-91A2-44998747E8AD|D0F7EC32-EA25-7D32-8708-2CC132446
CEAE544F-6F2C-40E7-9B6B-1803C4A27543|E3CDC578-37BA-4CDB-B150-DAB0409270CD|EE943C52-EF11-4D6C-BEBF-CE5901394CB3|D0F7EC32-EA25-7D32-8708-2CC132446
313475A1-9DAE-4CEB-BE7C-C6D757618F8A|E3CDC578-37BA-4CDB-B150-DAB0409270CD|743DB4A9-876D-4148-828D-A0CC23B736CC|D0F7EC32-EA25-7D32-8708-2CC132446
0D0ECD19-5A1D-4844-9A84-26BEC9E56A9E|E3CDC578-37BA-4CDB-B150-DAB0409270CD|CE880C8E-C8D0-49A3-AA4A-8294F8F3F307|D0F7EC32-EA25-7D32-8708-2CC132446
B2FCC077-4CA5-40C2-82BF-1A6909B7C528|E3CDC578-37BA-4CDB-B150-DAB0409270CD|20CA9579-140F-4DAB-8587-30AEAD28B04E|D0F7EC32-EA25-7D32-8708-2CC132446
6E1F5D28-DE72-4D04-90B8-B479C3550281|E3CDC578-37BA-4CDB-B150-DAB0409270CD|505B0413-C444-4B53-99E2-BFA56F3F771A|D0F7EC32-EA25-7D32-8708-2CC132446
8A9697C1-53BD-433C-8E49-C33229F1E431|E3CDC578-37BA-4CDB-B150-DAB0409270CD|A48C8714-0012-4AF0-AE0F-0C3932980FC5|D0F7EC32-EA25-7D32-8708-2CC132446
AFF7A7BB-209E-446E-8081-B3A2997EB3CD|E3CDC578-37BA-4CDB-B150-DAB0409270CD|3DC2A34B-008C-4C2C-BD11-262FB0DA6BB3|D0F7EC32-EA25-7D32-8708-2CC132446
7BF53E02-0E90-4243-9709-DEC52F2643E0|E3CDC578-37BA-4CDB-B150-DAB0409270CD|5CF574B4-1464-4BEC-AD86-84639DE8EB1A|D0F7EC32-EA25-7D32-8708-2CC132446
9181DC76-2B9B-40C9-B00F-64C83950E570|E3CDC578-37BA-4CDB-B150-DAB0409270CD|7C3BAB0E-C09E-4238-B3C0-9FAF188A53B7|D0F7EC32-EA25-7D32-8708-2CC132446
9CDA2522-68F6-47BC-A521-01A512E8FEA2|E3CDC578-37BA-4CDB-B150-DAB0409270CD|CD23A751-4F7F-4CA4-9B98-CA509B1C9BE9|D0F7EC32-EA25-7D32-8708-2CC132446
79123A14-8D2D-4604-8D68-DA9357F60075|E3CDC578-37BA-4CDB-B150-DAB0409270CD|E3AC3BF6-7832-4CFA-A684-F866CFF1EC03|D0F7EC32-EA25-7D32-8708-2CC132446
6AD7BE85-3376-4D4B-9E51-FE893B7F4CC3|E3CDC578-37BA-4CDB-B150-DAB0409270CD|54A61629-5C00-42D7-9167-44AC3E6A1D49|D0F7EC32-EA25-7D32-8708-2CC132446
2BC69280-46D6-44FA-807B-C22716521A4A|E3CDC578-37BA-4CDB-B150-DAB0409270CD|2F1D0FF2-D63F-42EC-B26C-728328BD2D2E|D0F7EC32-EA25-7D32-8708-2CC132446
01FFCF65-F093-477B-A822-3CABFE43D664|E3CDC578-37BA-4CDB-B150-DAB0409270CD|6B6E166D-6F1C-4594-AC6F-220CC73C569A|D0F7EC32-EA25-7D32-8708-2CC132446
34C62DBF-11AA-4F16-849B-ECA4FB57FBF0|E3CDC578-37BA-4CDB-B150-DAB0409270CD|3F6F8ACF-477F-4E93-9099-524272131150|D0F7EC32-EA25-7D32-8708-2CC132446
4644B727-3E68-4C5C-A9EC-9B88C5BD7285|E3CDC578-37BA-4CDB-B150-DAB0409270CD|CEAECA2A-D0DE-4E78-B663-2C2265C56E5A|D0F7EC32-EA25-7D32-8708-2CC132446
8CDF5F18-DDE2-4DBF-AEDF-1BBBA7BD85A8|E3CDC578-37BA-4CDB-B150-DAB0409270CD|7193EB96-25D8-4FC0-AA1F-F76B0695AB1D|D0F7EC32-EA25-7D32-8708-2CC132446
F4CC24CC-EBF0-4BF7-8015-D610FA7FE192|E3CDC578-37BA-4CDB-B150-DAB0409270CD|9BDEB2F2-AE2F-4D41-95A7-075FE76077C9|D0F7EC32-EA25-7D32-8708-2CC132446
31493321-B6E7-44B0-9AFF-3CF8083ECB83|E3CDC578-37BA-4CDB-B150-DAB0409270CD|40CC3205-3CE2-4FB3-9331-5AC66B8FAA3D|D0F7EC32-EA25-7D32-8708-2CC132446
F922F01B-78AD-4FAB-AFDD-F6789F4073B6|E3CDC578-37BA-4CDB-B150-DAB0409270CD|0B19CA51-195B-4FF1-9BC0-2B75DA47A5B2|D0F7EC32-EA25-7D32-8708-2CC132446
6F1892C5-E119-4294-982E-0EE8B6EDC2C4|E3CDC578-37BA-4CDB-B150-DAB0409270CD|745823C6-C558-45D0-A477-B963799C8F28|D0F7EC32-EA25-7D32-8708-2CC132446
BF337617-02FF-470B-8F9F-A20877B5C9B2|E3CDC578-37BA-4CDB-B150-DAB0409270CD|9D3BEDC0-924F-434C-8CFE-4EF4EE2323C9|D0F7EC32-EA25-7D32-8708-2CC132446
3F4E0983-14EC-4A9C-8E0F-5D58276EAD62|E3CDC578-37BA-4CDB-B150-DAB0409270CD|CC6D62A0-5AA0-46CA-A0AA-C0A651021BDA|D0F7EC32-EA25-7D32-8708-2CC132446
4D71A026-F413-46CB-94F2-4785ACB5344C|E3CDC578-37BA-4CDB-B150-DAB0409270CD|E9E5C637-E205-4479-B0E8-4F547DEFE169|D0F7EC32-EA25-7D32-8708-2CC132446
31CD1BB4-0B2C-4A10-8D65-A6FBFB00E172|E3CDC578-37BA-4CDB-B150-DAB0409270CD|95251D87-568C-4B6B-9378-1018A934808A|D0F7EC32-EA25-7D32-8708-2CC132446
943FE1EE-B2F1-4EA8-B251-F504582C9A7B|E3CDC578-37BA-4CDB-B150-DAB0409270CD|3AA8BAE9-981D-406C-B388-81337EFB95C7|D0F7EC32-EA25-7D32-8708-2CC132446
492994C6-7D8A-43A4-8806-52A116D87B08|E3CDC578-37BA-4CDB-B150-DAB0409270CD|910AAFE9-54B0-42E3-8348-C1ADAA8EC4F6|D0F7EC32-EA25-7D32-8708-2CC132446
C8D335AE-17CD-4A89-B686-02DBF37D04D2|E3CDC578-37BA-4CDB-B150-DAB0409270CD|8297AE60-2986-4FEA-9ECD-253652CE5AAE|D0F7EC32-EA25-7D32-8708-2CC132446
3ED71164-A8F8-4A8E-B016-F2E45EAB18C3|E3CDC578-37BA-4CDB-B150-DAB0409270CD|19AA4B94-DFA8-46D9-9663-E84B2AEE6AAB|D0F7EC32-EA25-7D32-8708-2CC132446
6C77F4BF-FE8E-4DD1-87EB-13514B5567E6|E3CDC578-37BA-4CDB-B150-DAB0409270CD|B80DF118-2B28-4B7C-9B4F-0938CB025413|D0F7EC32-EA25-7D32-8708-2CC132446
E4D2578A-75A1-4642-A9A4-183FE62F549D|E3CDC578-37BA-4CDB-B150-DAB0409270CD|88598F8E-AFA3-40D3-A3AD-D4D7DE7DB538|D0F7EC32-EA25-7D32-8708-2CC132446
894691E8-0D6B-4483-9ACD-BAA35251DD2B|E3CDC578-37BA-4CDB-B150-DAB0409270CD|4643C0D8-5534-4BE8-AF1A-7C7DFD0BA5DB|D0F7EC32-EA25-7D32-8708-2CC132446
BD7E4CCE-5BB9-4C86-8C80-89656575CD5C|E3CDC578-37BA-4CDB-B150-DAB0409270CD|BC134D9A-C501-46EA-8578-AC197DC48A88|D0F7EC32-EA25-7D32-8708-2CC132446
5F32F4C8-9B43-4D3F-989E-7CFC18EA3C01|E3CDC578-37BA-4CDB-B150-DAB0409270CD|B208DFF0-E0DE-4EDD-8682-852408D7E031|D0F7EC32-EA25-7D32-8708-2CC132446
D21FA85F-8A2E-46CD-B388-922E4126EC98|E3CDC578-37BA-4CDB-B150-DAB0409270CD|1DFB8B07-F776-4A7A-9042-A1B6E0C3A970|D0F7EC32-EA25-7D32-8708-2CC132446
68B54094-B978-40C5-8821-1F5FC13E15D0|E3CDC578-37BA-4CDB-B150-DAB0409270CD|EA790CE4-0C54-4EEC-A6FA-F299E60517F5|D0F7EC32-EA25-7D32-8708-2CC132446
A6E0A10C-7B67-4353-827F-D27F584E5B34|E3CDC578-37BA-4CDB-B150-DAB0409270CD|12050094-A227-4531-BC57-F990E4285943|D0F7EC32-EA25-7D32-8708-2CC132446
04673EC6-E17B-40DF-9B48-25DE6E56CC10|E3CDC578-37BA-4CDB-B150-DAB0409270CD|9323CB91-A36D-460C-B5D0-2F440977CA44|D0F7EC32-EA25-7D32-8708-2CC132446
EEF87DB1-3FCE-454E-AEAF-0821EAE34123|E3CDC578-37BA-4CDB-B150-DAB0409270CD|0AF1C702-24AB-4024-B173-24C470078433|D0F7EC32-EA25-7D32-8708-2CC132446
6753651B-23AE-4338-9D75-E6645CD1B4E9|E3CDC578-37BA-4CDB-B150-DAB0409270CD|D3AAD922-38D5-46D1-A331-1BF46D629479|D0F7EC32-EA25-7D32-8708-2CC132446
0CAFC4BB-69A1-409C-B7F8-2D56DC52C8B8|E3CDC578-37BA-4CDB-B150-DAB0409270CD|4B55AA3A-1B40-431F-8658-2F2367F2AE8F|D0F7EC32-EA25-7D32-8708-2CC132446
B436F014-CDE7-472B-AAB8-1B03FADC79B3|E3CDC578-37BA-4CDB-B150-DAB0409270CD|81F2CC53-D7D2-44FC-922D-980D7DC11F37|D0F7EC32-EA25-7D32-8708-2CC132446
A9E2CA0E-7F06-419E-87C9-10B93FBE1397|E3CDC578-37BA-4CDB-B150-DAB0409270CD|3EB16048-5FE7-4FDB-952D-C156C395534C|D0F7EC32-EA25-7D32-8708-2CC132446
EB6D5FE6-13F5-46FD-886F-A29327E88BD2|E3CDC578-37BA-4CDB-B150-DAB0409270CD|8D0E34C2-E477-4CB8-8FBF-4D94EC4B043E|D0F7EC32-EA25-7D32-8708-2CC132446
1B9D35B9-AC24-4366-B662-B723719FC1C0|E3CDC578-37BA-4CDB-B150-DAB0409270CD|E2F64CC7-D0E4-421E-9FF4-3453624BE455|D0F7EC32-EA25-7D32-8708-2CC132446
A26E787C-272A-4901-8707-4334F33A7A27|E3CDC578-37BA-4CDB-B150-DAB0409270CD|C65A996F-D03D-4D96-9CE7-252175F01AFB|D0F7EC32-EA25-7D32-8708-2CC132446
EBC66A6A-1BEA-45A5-8AB9-506342F0C978|E3CDC578-37BA-4CDB-B150-DAB0409270CD|754C2BDA-35B5-4799-8A2C-94E7C57CA8AB|D0F7EC32-EA25-7D32-8708-2CC132446
93375DAF-ACB8-4DFF-98D5-8DFDAE980596|E3CDC578-37BA-4CDB-B150-DAB0409270CD|12C5CC17-8C11-4572-AAB2-20E9A063C699|D0F7EC32-EA25-7D32-8708-2CC132446
8E8BD2E6-6D25-42B8-8AB2-7F6ACE43E582|E3CDC578-37BA-4CDB-B150-DAB0409270CD|08F810FF-B734-48E0-A9C8-A5574F2AADA8|D0F7EC32-EA25-7D32-8708-2CC132446
D4607B50-AFBD-4B71-A479-CEC1BCF89A43|E3CDC578-37BA-4CDB-B150-DAB0409270CD|51CBE1C4-1CA5-45FC-B707-921D1B38F018|D0F7EC32-EA25-7D32-8708-2CC132446
91CF0081-3B01-4501-A0FC-FB01D4A4F4D4|E3CDC578-37BA-4CDB-B150-DAB0409270CD|4FD1738D-3A86-455A-B971-C371D658B926|D0F7EC32-EA25-7D32-8708-2CC132446
154BBD24-738A-4699-98D4-E02D7C6C2F4D|E3CDC578-37BA-4CDB-B150-DAB0409270CD|908375E6-8E8B-4339-A2E3-39E2A1BFEE43|D0F7EC32-EA25-7D32-8708-2CC132446
147E0B03-66A5-4D9B-AEDA-E8669B0AE158|E3CDC578-37BA-4CDB-B150-DAB0409270CD|83DA7896-B2F1-49A9-B75A-70CA04A97B68|D0F7EC32-EA25-7D32-8708-2CC132446
55CACEE5-D63D-4368-A7FC-6D576E2ACDC5|E3CDC578-37BA-4CDB-B150-DAB0409270CD|499ADCBF-9C19-4BE5-BA51-616B58BB05C3|D0F7EC32-EA25-7D32-8708-2CC132446
2391268A-4FA7-484C-9AD4-C33BBFB26C98|E3CDC578-37BA-4CDB-B150-DAB0409270CD|E59703FC-BA9B-4818-AD11-984D76210FE9|D0F7EC32-EA25-7D32-8708-2CC132446
9BA1739E-CBFD-48B9-8F7B-03758CACC035|E3CDC578-37BA-4CDB-B150-DAB0409270CD|66F6CF06-FACD-4A39-B5CF-5001F5D4194E|D0F7EC32-EA25-7D32-8708-2CC132446
8FB97ADD-087C-4A52-84A1-E3AF6E25BCC1|E3CDC578-37BA-4CDB-B150-DAB0409270CD|97F05ACC-2A03-4AA8-ACB8-3F9FADCC9486|D0F7EC32-EA25-7D32-8708-2CC132446
A0EF82BB-2F3C-4481-9931-E9058E8EF4DB|E3CDC578-37BA-4CDB-B150-DAB0409270CD|C7C8FA02-9451-47F9-95BF-4DDCBB60FFCF|D0F7EC32-EA25-7D32-8708-2CC132446
3737C72A-4A4A-4B9E-91FA-C986E45F447B|E3CDC578-37BA-4CDB-B150-DAB0409270CD|83FA197B-664B-4955-BD5E-8B074CBE63A3|D0F7EC32-EA25-7D32-8708-2CC132446
E893219A-8303-4E84-AF71-C9C5F9AB7AFD|E3CDC578-37BA-4CDB-B150-DAB0409270CD|794ABEAB-352A-4261-A218-EEF2EDFD5428|D0F7EC32-EA25-7D32-8708-2CC132446
95862DC8-75FC-4E06-95FE-E203E2765DC7|E3CDC578-37BA-4CDB-B150-DAB0409270CD|B5E2CA94-9BF5-47C4-B44E-36938F03EECC|D0F7EC32-EA25-7D32-8708-2CC132446
C8EC13EA-3962-434F-BAD2-B97D933BC101|E3CDC578-37BA-4CDB-B150-DAB0409270CD|01A330A1-EA96-4D4F-BADD-622010A5CF74|D0F7EC32-EA25-7D32-8708-2CC132446
D5D518F5-F88B-4BDF-982F-792571FA0FB3|E3CDC578-37BA-4CDB-B150-DAB0409270CD|989A7D0A-8D13-462D-AB3F-20FC93FC0610|D0F7EC32-EA25-7D32-8708-2CC132446
92CBBE0E-4EEF-494D-BC76-65034D5C8EF6|E3CDC578-37BA-4CDB-B150-DAB0409270CD|42A26815-CF73-4AFE-B336-B1DBFE4C5DE8|D0F7EC32-EA25-7D32-8708-2CC132446
2E72A3CD-5BCC-4656-A65B-4B3DCF1D90E5|E3CDC578-37BA-4CDB-B150-DAB0409270CD|6FB357B5-B6AB-4CBD-B717-47139C155C3A|D0F7EC32-EA25-7D32-8708-2CC132446
6C8FAB07-2A5E-45E5-86B1-8E0B97CB90B1|E3CDC578-37BA-4CDB-B150-DAB0409270CD|230FD046-73F1-4958-9A82-D801610E11FA|D0F7EC32-EA25-7D32-8708-2CC132446
9CA4C34C-93FC-4626-950D-3F8511A8977D|E3CDC578-37BA-4CDB-B150-DAB0409270CD|0FE377D0-F95C-422C-B029-E7E75BB06A4B|D0F7EC32-EA25-7D32-8708-2CC132446
DE7B967E-6D4B-4C8C-AFF6-4293845EE52A|E3CDC578-37BA-4CDB-B150-DAB0409270CD|F2E280C3-7CFA-4A6A-8598-B105812BD06F|D0F7EC32-EA25-7D32-8708-2CC132446
6CD31A0E-0357-4B54-A69A-83C0C7AA20BA|E3CDC578-37BA-4CDB-B150-DAB0409270CD|5C19B3DF-6F82-40B3-A11A-79FCCEE6B70B|D0F7EC32-EA25-7D32-8708-2CC132446
13B09E1F-085A-43AC-86E6-F963F3502149|E3CDC578-37BA-4CDB-B150-DAB0409270CD|9C80D7BE-52F5-4F72-8DE4-E37A0B7172F9|D0F7EC32-EA25-7D32-8708-2CC132446
5A7B795D-C43A-4EC8-8B8B-8F2567CC16DB|E3CDC578-37BA-4CDB-B150-DAB0409270CD|92D792CD-853C-4CCB-B423-CE6C620E65F4|D0F7EC32-EA25-7D32-8708-2CC132446
2D5C7277-6F0C-4A38-BF6A-62F2CEDFB942|E3CDC578-37BA-4CDB-B150-DAB0409270CD|B470F594-3E52-4B5A-ACF4-E3EE432714E5|D0F7EC32-EA25-7D32-8708-2CC132446
776C8D32-AE2A-42DC-B2E7-6B8DD39B83C4|E3CDC578-37BA-4CDB-B150-DAB0409270CD|B97BF159-E609-48CF-B3BD-F509E4A72043|D0F7EC32-EA25-7D32-8708-2CC132446
8BE50AFB-B05E-4F44-89EE-609950E25B41|E3CDC578-37BA-4CDB-B150-DAB0409270CD|04BB856A-856E-43AE-B305-FD85AFBD2FFF|D0F7EC32-EA25-7D32-8708-2CC132446
70209D39-B156-4D8C-8514-79A314354660|E3CDC578-37BA-4CDB-B150-DAB0409270CD|ADD9AA97-52E1-4117-92DE-DF1BFCAB00BC|D0F7EC32-EA25-7D32-8708-2CC132446
BF4FD94A-1B79-4B1D-B4B2-AE9A1B7695B9|E3CDC578-37BA-4CDB-B150-DAB0409270CD|6600539C-3A0B-45F8-A1B2-69F709D717D5|D0F7EC32-EA25-7D32-8708-2CC132446
DD6EEA21-3724-4DF9-BFD8-487EDD9521AF|E3CDC578-37BA-4CDB-B150-DAB0409270CD|D9D3AE3C-E591-45B9-8779-74B5BB832186|D0F7EC32-EA25-7D32-8708-2CC132446
92B53E3B-5BFA-4E02-93D6-903003CC9E54|E3CDC578-37BA-4CDB-B150-DAB0409270CD|25798F46-9001-4CA9-9CC1-5BBCD885465B|D0F7EC32-EA25-7D32-8708-2CC132446
2E44BE17-4B69-4885-9BC1-6AD9943A5027|E3CDC578-37BA-4CDB-B150-DAB0409270CD|0EABB394-4C93-47FC-A480-01F12E29BA27|D0F7EC32-EA25-7D32-8708-2CC132446
D15E3CE8-D68B-4061-9524-C5C73EE0CF02|E3CDC578-37BA-4CDB-B150-DAB0409270CD|0B084961-A64F-41A1-A154-EC39C9039D89|D0F7EC32-EA25-7D32-8708-2CC132446
09CDC50F-9F93-4E61-B7BD-678C10E20D89|E3CDC578-37BA-4CDB-B150-DAB0409270CD|2E696E43-12D8-4304-8E74-14C0F8239C8B|D0F7EC32-EA25-7D32-8708-2CC132446
EE37659F-8C6D-44D8-AA19-0A9B6040CD3E|E3CDC578-37BA-4CDB-B150-DAB0409270CD|DB4A113F-DD71-4D65-BDD6-140EE8CFA057|D0F7EC32-EA25-7D32-8708-2CC132446
4870F6D5-95C7-4B99-BDD4-7056A2EF08E2|E3CDC578-37BA-4CDB-B150-DAB0409270CD|A7BFB70C-1537-4543-818E-1A26631EB726|D0F7EC32-EA25-7D32-8708-2CC132446
A51659A5-6143-41D8-9208-67DAF7DEADC1|E3CDC578-37BA-4CDB-B150-DAB0409270CD|57B87F21-6FA6-4A6D-9B44-352C421399D2|D0F7EC32-EA25-7D32-8708-2CC132446
8B265579-D06E-42C1-916E-77C7C0D64ACF|E3CDC578-37BA-4CDB-B150-DAB0409270CD|3A5DAE15-6E75-49EB-A01E-BD0245CF5E49|D0F7EC32-EA25-7D32-8708-2CC132446
AC68E649-E908-4CE3-82B2-DD5DC5426A10|E3CDC578-37BA-4CDB-B150-DAB0409270CD|FB79819F-8376-4095-B7F7-AC1F0A0AC176|D0F7EC32-EA25-7D32-8708-2CC132446
4DCBDD8C-8B82-4E1E-8BE1-3B9B13FE8137|E3CDC578-37BA-4CDB-B150-DAB0409270CD|221BF4A4-CAF5-4DD2-AF83-A77E631EF111|D0F7EC32-EA25-7D32-8708-2CC132446
991DC7E3-32A3-4F8C-B80D-5814A9FEE940|E3CDC578-37BA-4CDB-B150-DAB0409270CD|7265407E-3324-4A80-846B-5C83BDFE24F1|D0F7EC32-EA25-7D32-8708-2CC132446
7AE6B492-1C33-4D17-A5CA-9B0B660D4EBF|E3CDC578-37BA-4CDB-B150-DAB0409270CD|6B7068BA-069E-4DBA-94FA-D79BC7EA1248|D0F7EC32-EA25-7D32-8708-2CC132446
20EFFBD5-CC1D-4D63-AEDD-B34FCDC7BDD0|E3CDC578-37BA-4CDB-B150-DAB0409270CD|D14B8BC3-9777-48D7-936C-376176C3BFE3|D0F7EC32-EA25-7D32-8708-2CC132446
2EE34BC6-583E-48D8-9863-FB688AC31444|E3CDC578-37BA-4CDB-B150-DAB0409270CD|5F43BD29-BE46-4C55-BA9E-0F195233EDED|D0F7EC32-EA25-7D32-8708-2CC132446
19BA5656-7408-40B9-B528-79188E7B663D|E3CDC578-37BA-4CDB-B150-DAB0409270CD|ACD7008B-EF21-483B-8379-54C8A4D3A866|D0F7EC32-EA25-7D32-8708-2CC132446
72E5F828-AE84-4661-AF7C-B7F9EDE2C32C|E3CDC578-37BA-4CDB-B150-DAB0409270CD|07F42ECC-7E24-4630-A5EC-4ED7FD3D9A0B|D0F7EC32-EA25-7D32-8708-2CC132446
5F062A1C-958E-46BC-8B88-041E5142DB9B|E3CDC578-37BA-4CDB-B150-DAB0409270CD|50B56335-DA2C-400C-8788-1F665E5704D3|D0F7EC32-EA25-7D32-8708-2CC132446
E6062DDD-5AD3-49EF-8878-7A4C89AB7C60|E3CDC578-37BA-4CDB-B150-DAB0409270CD|C4F52BB8-C0FB-400C-818B-1F4271249DE5|D0F7EC32-EA25-7D32-8708-2CC132446
94074891-054F-4A9F-ACA3-BB9C7151645B|E3CDC578-37BA-4CDB-B150-DAB0409270CD|5E08A40F-9427-424B-9C7C-0FE5FD2BED32|D0F7EC32-EA25-7D32-8708-2CC132446
C5C11190-AA7E-4A4A-B3D2-F710C93BD4F3|E3CDC578-37BA-4CDB-B150-DAB0409270CD|36ED94CB-08DF-48CF-8DA2-CA6365ACBB0B|D0F7EC32-EA25-7D32-8708-2CC132446
99A85501-4183-4FAC-B544-96A920DCAC7C|E3CDC578-37BA-4CDB-B150-DAB0409270CD|366D7C25-51C5-4A0B-9128-A3F52FE6D5EE|D0F7EC32-EA25-7D32-8708-2CC132446
7AE8901B-CB58-433B-9F99-60E7E3ABEEB1|E3CDC578-37BA-4CDB-B150-DAB0409270CD|B38A36EC-A66C-4738-9F86-56DECD1B160F|D0F7EC32-EA25-7D32-8708-2CC132446
41952F5F-0031-44F6-8420-A9808CBD3E99|E3CDC578-37BA-4CDB-B150-DAB0409270CD|27A748F4-C0CF-4BEF-821B-AB42D738622C|D0F7EC32-EA25-7D32-8708-2CC132446
EC93E6E8-3C64-46ED-85E1-014C8BD0800A|E3CDC578-37BA-4CDB-B150-DAB0409270CD|674E095E-B54C-4353-AC9E-BACE342C7D5B|D0F7EC32-EA25-7D32-8708-2CC132446
20363041-E692-4BFD-9F5C-902D93602987|E3CDC578-37BA-4CDB-B150-DAB0409270CD|20936997-90CE-4251-872B-AB9D91F71125|D0F7EC32-EA25-7D32-8708-2CC132446
CF44FB3A-945B-415A-A490-8D25AE28B310|E3CDC578-37BA-4CDB-B150-DAB0409270CD|0937EA44-F95B-4FF4-A4E0-2CA91CC60CAF|D0F7EC32-EA25-7D32-8708-2CC132446
73DD24F5-8BC3-453F-97AA-4392CE17169F|E3CDC578-37BA-4CDB-B150-DAB0409270CD|93338C52-D8D1-4021-B48B-19F0B0E9B21E|D0F7EC32-EA25-7D32-8708-2CC132446
67AF6E03-D16D-4516-805A-43B1369CD0CF|E3CDC578-37BA-4CDB-B150-DAB0409270CD|2AE44D35-CBC9-4442-B5BE-B8B0602657B2|D0F7EC32-EA25-7D32-8708-2CC132446
0AC6FD03-F7EF-41D3-B0F3-F3492B58E497|E3CDC578-37BA-4CDB-B150-DAB0409270CD|C25B83A9-792E-481E-BE0B-2C04DE97DE12|D0F7EC32-EA25-7D32-8708-2CC132446
847A72BE-52E2-486B-B749-ECE7766867A8|E3CDC578-37BA-4CDB-B150-DAB0409270CD|FC786FD1-9C26-4783-A0B8-2F250F806610|D0F7EC32-EA25-7D32-8708-2CC132446
976A8E60-986F-4BF2-8BDA-90BD4952C5BD|E3CDC578-37BA-4CDB-B150-DAB0409270CD|AE9ED18A-8761-40CE-BA1E-B4F3D4274504|D0F7EC32-EA25-7D32-8708-2CC132446
AF6E1840-DA8C-4D2F-8C3E-882ED8286A05|E3CDC578-37BA-4CDB-B150-DAB0409270CD|8AACF062-36FE-4D43-895B-E1CFDFA4EE93|D0F7EC32-EA25-7D32-8708-2CC132446
1F3E8B0D-BB8D-481F-80A7-3DCDD1CF75B8|E3CDC578-37BA-4CDB-B150-DAB0409270CD|F1D6D93A-51E3-4CEC-9470-A8941914E615|D0F7EC32-EA25-7D32-8708-2CC132446
1327B5C8-25C9-4CE3-89B4-383D65673679|E3CDC578-37BA-4CDB-B150-DAB0409270CD|C85DDFD1-62B2-4F6F-82D3-814EB99F49EE|D0F7EC32-EA25-7D32-8708-2CC132446
E1E02E98-8D85-4E45-9A1B-30885ED064E2|E3CDC578-37BA-4CDB-B150-DAB0409270CD|457FC285-C47F-4DD3-8238-0A7922D2C660|D0F7EC32-EA25-7D32-8708-2CC132446
F0B11430-7F57-4079-8B68-FC12BDEC446F|E3CDC578-37BA-4CDB-B150-DAB0409270CD|0B6858E0-B265-4B7E-8744-9902FB7EE70B|D0F7EC32-EA25-7D32-8708-2CC132446
669FB8CD-650A-4BD1-AE14-933081B990C1|E3CDC578-37BA-4CDB-B150-DAB0409270CD|8A3E4154-6C02-45D8-92BD-80D11EC9BC20|D0F7EC32-EA25-7D32-8708-2CC132446
474EFFAD-B07E-4A1E-AAA7-06530BEC7E00|E3CDC578-37BA-4CDB-B150-DAB0409270CD|C01FA99C-6A3E-4293-A462-E215F2FD1929|D0F7EC32-EA25-7D32-8708-2CC132446
8BC1CB94-A8D6-48A5-A63A-6ADAFAF9E267|E3CDC578-37BA-4CDB-B150-DAB0409270CD|FBE28CB8-6B4E-4F50-A95D-F8E1C733A159|D0F7EC32-EA25-7D32-8708-2CC132446
0BB43FEC-1C39-4512-935C-F5CFBCB83130|E3CDC578-37BA-4CDB-B150-DAB0409270CD|717FD680-3AF4-463E-8006-204A086F6F9D|D0F7EC32-EA25-7D32-8708-2CC132446
90F13460-3E69-4B0A-AC5C-8A1D184D6840|E3CDC578-37BA-4CDB-B150-DAB0409270CD|79C746EC-C513-44B0-852B-6871DE7E3FA5|D0F7EC32-EA25-7D32-8708-2CC132446
FB7909A8-6E32-4B34-84A8-645CFFEB31A4|E3CDC578-37BA-4CDB-B150-DAB0409270CD|C4201204-DF2C-4870-8567-DCFEA0580C7C|D0F7EC32-EA25-7D32-8708-2CC132446
2844841E-F2FA-46D5-9DA9-8374957F9194|E3CDC578-37BA-4CDB-B150-DAB0409270CD|1113FBB3-4FB1-42A5-9602-0F3E2B7799C7|D0F7EC32-EA25-7D32-8708-2CC132446
915D8F09-0BED-4C57-9F2F-8492120DE251|E3CDC578-37BA-4CDB-B150-DAB0409270CD|C6C426F3-4F3C-4DAD-9EC4-A119F1086984|D0F7EC32-EA25-7D32-8708-2CC132446
BD024B26-2FCA-422C-B190-350F1653D362|E3CDC578-37BA-4CDB-B150-DAB0409270CD|56BFD25E-DF52-4C85-B55D-EA3CE1EC8EF0|D0F7EC32-EA25-7D32-8708-2CC132446
EAAF89A6-724A-4700-A3FB-3ED5D0320828|E3CDC578-37BA-4CDB-B150-DAB0409270CD|5A283405-71D5-44EE-A8C2-CBB5820D9AC7|D0F7EC32-EA25-7D32-8708-2CC132446
8EF2656E-82F5-4DBA-AA78-570822E75379|E3CDC578-37BA-4CDB-B150-DAB0409270CD|B5C989AF-5853-4EF0-BDB8-6A9C7717644D|D0F7EC32-EA25-7D32-8708-2CC132446
5C3BF9F5-5C46-4C9C-8032-3A7516FFEAD0|E3CDC578-37BA-4CDB-B150-DAB0409270CD|6D4BF323-E228-4796-BBEE-639AA86A2528|D0F7EC32-EA25-7D32-8708-2CC132446
4353B9FB-AF39-478F-B212-585A64897912|E3CDC578-37BA-4CDB-B150-DAB0409270CD|991FD9DE-146D-495F-A8AA-603F5D269E7D|D0F7EC32-EA25-7D32-8708-2CC132446
9314C276-3C11-40EF-A7B9-3936D21E14B6|E3CDC578-37BA-4CDB-B150-DAB0409270CD|D3DB687E-FF09-4DFE-BC24-EF6747330FCA|D0F7EC32-EA25-7D32-8708-2CC132446
D6F6BAC7-5AA8-475B-BF24-9B24BB469D18|E3CDC578-37BA-4CDB-B150-DAB0409270CD|63D54CDE-47B6-4458-BC3F-F61BDC9D6A08|D0F7EC32-EA25-7D32-8708-2CC132446
68EAA180-E0F1-42D3-AC82-B2DA60BC9924|E3CDC578-37BA-4CDB-B150-DAB0409270CD|0D599C97-E6ED-46D9-A6AD-72005D67E856|D0F7EC32-EA25-7D32-8708-2CC132446
F0490FF9-4026-4C6F-A543-2C96AF7D5263|E3CDC578-37BA-4CDB-B150-DAB0409270CD|2AA629B7-CAC4-441A-911B-594218A3BF17|D0F7EC32-EA25-7D32-8708-2CC132446
A46192B5-83F3-4ACB-BD7C-ADBE10C4651E|E3CDC578-37BA-4CDB-B150-DAB0409270CD|4631F3CA-DBBC-4B5A-A3F5-25B224135395|D0F7EC32-EA25-7D32-8708-2CC132446
A16584C5-07AC-498E-9F9D-19DEE371772C|E3CDC578-37BA-4CDB-B150-DAB0409270CD|CE456104-4DED-4CE2-970A-CFB0B976E324|D0F7EC32-EA25-7D32-8708-2CC132446
C144B57E-D5E0-49C7-B3DE-D9EEB340028B|E3CDC578-37BA-4CDB-B150-DAB0409270CD|1D970206-0C82-4021-918D-0CE6DD0AC955|D0F7EC32-EA25-7D32-8708-2CC132446
7FE7AB39-8C2B-42E9-9D23-5B89B3E4ED8F|E3CDC578-37BA-4CDB-B150-DAB0409270CD|D961EF8B-1F5E-40BD-8F6B-3FD878C61691|D0F7EC32-EA25-7D32-8708-2CC132446
BED4D9F0-C802-4C0D-BA5B-8A69C5EB494C|E3CDC578-37BA-4CDB-B150-DAB0409270CD|7E158943-92DF-46E3-8B2E-7973EC929C6C|D0F7EC32-EA25-7D32-8708-2CC132446
5C7960AA-5D41-4666-9DCE-FD9204E525C3|E3CDC578-37BA-4CDB-B150-DAB0409270CD|F03AA506-8A07-4B79-9CE5-A9A987BD84FF|D0F7EC32-EA25-7D32-8708-2CC132446
16FA69D7-2EDA-469B-9458-38719C742B69|E3CDC578-37BA-4CDB-B150-DAB0409270CD|CDABD353-BB34-43A1-8615-94D111E520FB|D0F7EC32-EA25-7D32-8708-2CC132446
7CD205C0-AC54-43D6-9AF5-02685B7C8E67|E3CDC578-37BA-4CDB-B150-DAB0409270CD|CBE51DD4-DADD-4C8C-B3BE-5404DD97C63F|D0F7EC32-EA25-7D32-8708-2CC132446
27F48E89-A829-4474-A210-58D71153AF89|E3CDC578-37BA-4CDB-B150-DAB0409270CD|C75EFC69-08FD-445F-B51B-3395FDEF4A95|D0F7EC32-EA25-7D32-8708-2CC132446
C2D34C0D-8BAF-46FA-950F-B00776E6B5D6|E3CDC578-37BA-4CDB-B150-DAB0409270CD|ABAFB76A-8B72-4F60-849D-000245ADBA7F|D0F7EC32-EA25-7D32-8708-2CC132446
EDDF73EE-03C0-4713-B6AB-26B9A2525A4D|E3CDC578-37BA-4CDB-B150-DAB0409270CD|A6992B16-33F4-44EC-9B3E-C7E3E244A116|D0F7EC32-EA25-7D32-8708-2CC132446
CDE68784-746C-4847-A187-11943ECA9CEC|E3CDC578-37BA-4CDB-B150-DAB0409270CD|5558DF52-C470-46BD-A2B3-E9FFA52B4E70|D0F7EC32-EA25-7D32-8708-2CC132446
DED812A9-56C3-4BC7-BD09-E57DC2AB8FC4|E3CDC578-37BA-4CDB-B150-DAB0409270CD|0D45D7CB-1FB8-44F6-856F-9A60EE0E8620|D0F7EC32-EA25-7D32-8708-2CC132446
D23A47D3-F5E2-45E1-8B15-2525D3344841|E3CDC578-37BA-4CDB-B150-DAB0409270CD|532F2337-E49A-4804-9C6C-422271B46E36|D0F7EC32-EA25-7D32-8708-2CC132446
EBDC4944-82FC-41B0-8173-373923522F2E|E3CDC578-37BA-4CDB-B150-DAB0409270CD|B3D6957B-0DAE-4E1B-A244-09C33F6FEF80|D0F7EC32-EA25-7D32-8708-2CC132446
5AF43E2F-A3E1-4D13-B82D-EED3A014713F|E3CDC578-37BA-4CDB-B150-DAB0409270CD|4F218688-6DE5-4E69-8690-66FBA2F0DC9F|66027e51-b1ad-4b10-8250-63af64d23323
BA029FCC-84E0-4C3A-BEA2-5EB6EF59C6A7|E3CDC578-37BA-4CDB-B150-DAB0409270CD|A195BAF6-D6E7-43A5-B7C9-D6C627A42815|66027e51-b1ad-4b10-8250-63af64d23323
674A0BB4-993D-4795-A1F0-10811956D899|E3CDC578-37BA-4CDB-B150-DAB0409270CD|8A1B5BDB-9589-4207-8345-A811FC18B2C9|66027e51-b1ad-4b10-8250-63af64d23323
182AFAA8-813D-4D71-B348-A6ED5B284B4B|E3CDC578-37BA-4CDB-B150-DAB0409270CD|AEED7469-F7AF-41E6-B24C-13B1D74E1026|66027e51-b1ad-4b10-8250-63af64d23323
19DC5E49-E5FF-4B6F-8671-F0DBFF1CE38F|E3CDC578-37BA-4CDB-B150-DAB0409270CD|CF64EBB2-BCC2-4EAA-B1C8-060EEE3284F3|66027e51-b1ad-4b10-8250-63af64d23323
BEC2448B-6991-4987-B71F-B46E9D8C5171|E3CDC578-37BA-4CDB-B150-DAB0409270CD|7BF6983F-CF8D-4897-8122-7CCD0F778CAF|66027e51-b1ad-4b10-8250-63af64d23323
1F0A6321-963B-4B51-A12B-D4311BC7ADC2|E3CDC578-37BA-4CDB-B150-DAB0409270CD|87D0EA99-7042-4867-A4B7-C31E7665DE5E|66027e51-b1ad-4b10-8250-63af64d23323
5AC78726-616D-4E13-9955-7DC9C164D164|E3CDC578-37BA-4CDB-B150-DAB0409270CD|6912F4C6-9370-440A-BA87-11A8426BA92C|66027e51-b1ad-4b10-8250-63af64d23323
632DFB6E-1E5F-4618-8DFA-5A35D5C09E42|E3CDC578-37BA-4CDB-B150-DAB0409270CD|91318D8C-8150-49B4-A473-CF97F104F6B7|66027e51-b1ad-4b10-8250-63af64d23323
E7BAC5B9-05D5-4850-A2F9-55497B7D2E14|E3CDC578-37BA-4CDB-B150-DAB0409270CD|DD9AF1EF-EEEC-49D3-A43F-802D7028BFD7|66027e51-b1ad-4b10-8250-63af64d23323
39FB5192-CCEE-405C-88BB-A0A0BDB477F3|E3CDC578-37BA-4CDB-B150-DAB0409270CD|62BC85B5-306F-4740-A215-48470CA31288|66027e51-b1ad-4b10-8250-63af64d23323
EE6EADA4-C1EB-486B-B56D-0C739591B7A7|E3CDC578-37BA-4CDB-B150-DAB0409270CD|B2EEF18D-EE0A-4CA1-B6FE-B82F863D81B4|66027e51-b1ad-4b10-8250-63af64d23323
D43ABFDE-F68A-4C09-BA48-727D7EEACF4A|E3CDC578-37BA-4CDB-B150-DAB0409270CD|29A012E5-CDE3-45D8-9BB0-A25D3DBF0A92|66027e51-b1ad-4b10-8250-63af64d23323
7884D32D-1F74-46DF-B805-B28E7A682228|E3CDC578-37BA-4CDB-B150-DAB0409270CD|423C391C-4944-43F4-9034-9C6818E9C1A2|66027e51-b1ad-4b10-8250-63af64d23323
F6601E54-1D38-4F79-BE18-91DBF05B7CBB|E3CDC578-37BA-4CDB-B150-DAB0409270CD|F67E977A-0102-4758-91E8-9782A570E75D|66027e51-b1ad-4b10-8250-63af64d23323
DEC32C19-5FF9-49F3-8D0C-3EA8414B7823|E3CDC578-37BA-4CDB-B150-DAB0409270CD|EF70C8D3-6866-4F6E-8FC2-10665A8D9B12|66027e51-b1ad-4b10-8250-63af64d23323
DA6953B4-78BF-4590-9DEF-66BAD254C16C|E3CDC578-37BA-4CDB-B150-DAB0409270CD|123264D0-464E-4032-BEA5-CFECA81410C9|66027e51-b1ad-4b10-8250-63af64d23323
AEBCB425-299B-4A6E-91E9-986E579F4BD9|E3CDC578-37BA-4CDB-B150-DAB0409270CD|CA1F032F-1CA2-4DCE-8AAA-CB284E167A3E|66027e51-b1ad-4b10-8250-63af64d23323
AC9C8CF8-88AF-4DAD-BCFA-47EE76291C99|E3CDC578-37BA-4CDB-B150-DAB0409270CD|72A995F4-0C94-4FAA-8A43-2277B02B97D1|66027e51-b1ad-4b10-8250-63af64d23323
A88D1207-049C-4898-8383-3CC5B083AB04|E3CDC578-37BA-4CDB-B150-DAB0409270CD|0DE968C9-7309-C481-58F7-AB6CDB1011EF|66027e51-b1ad-4b10-8250-63af64d23323
6FD019C5-421F-48FE-AC5B-85BB6C17D9BC|E3CDC578-37BA-4CDB-B150-DAB0409270CD|C1F2964E-9DD5-4B7A-86BD-E7FCAFB9D9D9|66027e51-b1ad-4b10-8250-63af64d23323
852AED5C-CF16-4617-B2EF-1FC198764295|E3CDC578-37BA-4CDB-B150-DAB0409270CD|E4D9BF24-8574-463D-A816-A21CEC6CD548|66027e51-b1ad-4b10-8250-63af64d23323
7656E3A3-86F0-4C07-A29E-DA9C9D11CB18|E3CDC578-37BA-4CDB-B150-DAB0409270CD|40F82118-26E7-4CCC-8456-195B5F009478|66027e51-b1ad-4b10-8250-63af64d23323
2D575A06-D222-4A0E-9E5F-674D326AB34D|E3CDC578-37BA-4CDB-B150-DAB0409270CD|0420916C-304D-4EB8-A847-8B4729E915C1|66027e51-b1ad-4b10-8250-63af64d23323
C59BF4D6-E8F6-4A35-BEED-C7F2C32B04EE|E3CDC578-37BA-4CDB-B150-DAB0409270CD|199C78A9-4708-451E-8C87-8E6B4F47AAD9|66027e51-b1ad-4b10-8250-63af64d23323
002446F3-D4CC-467B-AC48-B47973EECA5F|E3CDC578-37BA-4CDB-B150-DAB0409270CD|B404AA65-25A3-40B0-8462-D377A926354F|66027e51-b1ad-4b10-8250-63af64d23323
2E51D51C-149C-4627-A502-62DF5216B9CB|E3CDC578-37BA-4CDB-B150-DAB0409270CD|B7B6D6E6-84B1-47F6-AA1B-AA34AEB7D236|66027e51-b1ad-4b10-8250-63af64d23323
2393FB34-C74F-4482-9940-8D46838625D6|E3CDC578-37BA-4CDB-B150-DAB0409270CD|7559C867-A833-4DA2-816B-51D4636033A3|66027e51-b1ad-4b10-8250-63af64d23323
BA515E5E-3292-41A9-9E6E-2B48E6FDDA65|E3CDC578-37BA-4CDB-B150-DAB0409270CD|7FC3A038-C5DE-4DEE-AE2D-E2ED230AB328|66027e51-b1ad-4b10-8250-63af64d23323
AFCD83DE-BFC0-4095-8FF4-810552C9E624|E3CDC578-37BA-4CDB-B150-DAB0409270CD|4A4D0394-0FBD-4014-98A5-D3CE9161A568|66027e51-b1ad-4b10-8250-63af64d23323
4BF27812-859F-4D1C-AFB8-1B741FB50952|E3CDC578-37BA-4CDB-B150-DAB0409270CD|CB0EF175-8A57-49D7-A1D4-89D0C6E3A497|66027e51-b1ad-4b10-8250-63af64d23323
F99988D1-A23C-4C52-B52D-23A9F6C0794F|E3CDC578-37BA-4CDB-B150-DAB0409270CD|309B97E9-72AB-4FD0-A282-8410413ACE46|66027e51-b1ad-4b10-8250-63af64d23323
9D44FA8C-6D08-452E-A31B-4A543091D118|E3CDC578-37BA-4CDB-B150-DAB0409270CD|307ED34F-D6B5-4EE8-AB44-543305B12085|66027e51-b1ad-4b10-8250-63af64d23323
AABB1D99-DF22-4091-9BFC-74429F12A5A3|E3CDC578-37BA-4CDB-B150-DAB0409270CD|97BAC717-C0A7-47F7-9918-C56658E6D792|66027e51-b1ad-4b10-8250-63af64d23323
510C4385-7C75-4C98-AC87-B590F8565F9C|E3CDC578-37BA-4CDB-B150-DAB0409270CD|466D93AD-B0D7-4B29-89C0-569A421763D6|66027e51-b1ad-4b10-8250-63af64d23323
AF350B6E-DE9D-4BC2-B5D4-4453E9DB43BE|E3CDC578-37BA-4CDB-B150-DAB0409270CD|41C68FA5-4A98-4BB2-B702-68DD844F92B0|66027e51-b1ad-4b10-8250-63af64d23323
30E038A6-6D16-4BE8-8AE4-1E4C17EDF2F6|E3CDC578-37BA-4CDB-B150-DAB0409270CD|9208D11F-98E8-47B8-8DFC-4215FC2EF127|66027e51-b1ad-4b10-8250-63af64d23323
771167B0-F190-4469-A8D9-F5A6F157F026|E3CDC578-37BA-4CDB-B150-DAB0409270CD|3013780A-61AD-4BAA-8666-C89CC1A555F8|66027e51-b1ad-4b10-8250-63af64d23323
C83A7B15-335D-41B6-8038-0F20D3AD0215|E3CDC578-37BA-4CDB-B150-DAB0409270CD|3C14C92D-9113-4289-8A69-564BF3F3D871|66027e51-b1ad-4b10-8250-63af64d23323
953EE842-C888-4D27-8A9B-95D09399F64A|E3CDC578-37BA-4CDB-B150-DAB0409270CD|E9888085-FD91-4551-9274-50BA485A9637|66027e51-b1ad-4b10-8250-63af64d23323
C2DD5968-FC79-4A30-AF93-393840AABB16|E3CDC578-37BA-4CDB-B150-DAB0409270CD|DDAD0F9E-C85B-462D-8A57-FCE97AEE4EF0|66027e51-b1ad-4b10-8250-63af64d23323
2519A69A-4E7B-426B-832E-E7D58B8A9C12|E3CDC578-37BA-4CDB-B150-DAB0409270CD|6799DC5E-5CEB-4D60-BD75-EAA9FFFDE30F|66027e51-b1ad-4b10-8250-63af64d23323
0C24B5BD-6D3B-4B07-B766-FF231B5993A1|E3CDC578-37BA-4CDB-B150-DAB0409270CD|85728858-0D2E-4DA6-9901-941B737421E5|66027e51-b1ad-4b10-8250-63af64d23323
B11E171C-16D9-4220-9799-27F1C4421A05|E3CDC578-37BA-4CDB-B150-DAB0409270CD|2A4FD176-029E-4DA0-A08A-036BF438EDE7|66027e51-b1ad-4b10-8250-63af64d23323
F5AC8ACE-1CEB-4A4C-A17D-56C2164AE0C4|E3CDC578-37BA-4CDB-B150-DAB0409270CD|1381D1CA-EB72-4D72-A793-D692BE1483C9|66027e51-b1ad-4b10-8250-63af64d23323
CDD242F0-D86F-43B9-842A-C1E449540C88|E3CDC578-37BA-4CDB-B150-DAB0409270CD|81B20DD2-7462-47FB-B597-1BDAA8A9F0EF|66027e51-b1ad-4b10-8250-63af64d23323
DC01694E-2D2B-4BA6-9EBE-09E45A3ED7A0|E3CDC578-37BA-4CDB-B150-DAB0409270CD|0BB327CC-1E4B-497E-9A77-7A49419D95C7|66027e51-b1ad-4b10-8250-63af64d23323
E73E028D-524F-4AD2-A25E-98F916658A23|E3CDC578-37BA-4CDB-B150-DAB0409270CD|AA1B14EB-5CA0-4FA1-B665-697342B2782D|66027e51-b1ad-4b10-8250-63af64d23323
A7D29D8A-2827-4D49-A956-6EB47563A7E2|E3CDC578-37BA-4CDB-B150-DAB0409270CD|5B3BD314-7489-4F0E-8BD8-35DF4DF3FC5C|66027e51-b1ad-4b10-8250-63af64d23323
AB95F996-5D7A-4577-9449-77AAC5C23054|E3CDC578-37BA-4CDB-B150-DAB0409270CD|89AE9658-3882-484D-B1D5-9E13F554DF2B|66027e51-b1ad-4b10-8250-63af64d23323
6DF0CB41-190F-4455-9484-0D2375147F40|E3CDC578-37BA-4CDB-B150-DAB0409270CD|87671173-70A4-435F-8C3F-14695782B8CF|66027e51-b1ad-4b10-8250-63af64d23323
DC27F1F3-3172-46F6-9E97-E756D752F0DB|E3CDC578-37BA-4CDB-B150-DAB0409270CD|3AD1F311-C539-4FED-B840-6B6081BDB2E7|66027e51-b1ad-4b10-8250-63af64d23323
D4436A31-B77B-43E0-BDBA-8C3AD06526F6|E3CDC578-37BA-4CDB-B150-DAB0409270CD|90342A1E-0084-4EB2-9D11-2191B59FA1A6|66027e51-b1ad-4b10-8250-63af64d23323
82556994-5157-4BC3-B6E8-9059BAC76830|E3CDC578-37BA-4CDB-B150-DAB0409270CD|799CA5BA-3FA6-4773-BC2E-3C68E1213AC6|66027e51-b1ad-4b10-8250-63af64d23323
87A65A9D-6E67-4FA6-BC70-372877F9201E|E3CDC578-37BA-4CDB-B150-DAB0409270CD|91DA9E7C-CAA1-4438-A1D7-DD071CFAFF8F|66027e51-b1ad-4b10-8250-63af64d23323
19E16C76-0BDC-4B18-A2E8-3D5D7A039DB2|E3CDC578-37BA-4CDB-B150-DAB0409270CD|11FFC61B-DCDB-4DEE-B9C5-E9DD22B9E575|66027e51-b1ad-4b10-8250-63af64d23323
E478883A-070B-4801-B558-8901867E1FC3|E3CDC578-37BA-4CDB-B150-DAB0409270CD|91DAFF4B-C8B9-4B46-A971-E66955D66332|66027e51-b1ad-4b10-8250-63af64d23323
1CA847A5-D0F2-4220-B29A-0B7BE18EDB69|E3CDC578-37BA-4CDB-B150-DAB0409270CD|F5B016C3-DE03-4097-B006-616E8EE832CE|66027e51-b1ad-4b10-8250-63af64d23323
6F4248F3-9BA0-430E-ADA3-F5DE56306F18|E3CDC578-37BA-4CDB-B150-DAB0409270CD|A2DA52F4-EDAE-4866-9228-634AFC4F5458|66027e51-b1ad-4b10-8250-63af64d23323
33141900-F932-4A29-B4DC-C44F330AC492|E3CDC578-37BA-4CDB-B150-DAB0409270CD|BBE08494-134E-4E03-B8B6-44D2C9AFF521|66027e51-b1ad-4b10-8250-63af64d23323
CB6D1E59-7C4E-4202-A073-00DDD00291D4|E3CDC578-37BA-4CDB-B150-DAB0409270CD|D28063C0-F2B8-4A47-9817-19656004C279|66027e51-b1ad-4b10-8250-63af64d23323
86C6A3E6-0A1E-410F-95F1-1D6BB48487DD|E3CDC578-37BA-4CDB-B150-DAB0409270CD|C72A3B1C-A13C-462C-BDB7-AFDEFF5F2DA8|66027e51-b1ad-4b10-8250-63af64d23323
7636A30E-AD9E-4B31-B405-B27157940C9B|E3CDC578-37BA-4CDB-B150-DAB0409270CD|9F22612B-A69B-41D3-8819-F71420D6DF2F|66027e51-b1ad-4b10-8250-63af64d23323
5A47E6A2-A138-4C73-92E2-F493085C056A|E3CDC578-37BA-4CDB-B150-DAB0409270CD|E4CBA165-C6EE-4B1D-ADC8-C327B77B6B13|66027e51-b1ad-4b10-8250-63af64d23323
BE3AB506-901C-47EB-8732-06A517F4608F|E3CDC578-37BA-4CDB-B150-DAB0409270CD|F26BC70F-FDDC-4383-A8D9-E0E5457834D9|66027e51-b1ad-4b10-8250-63af64d23323
EEEF25EC-DA06-4824-A55E-506BA29CDED4|E3CDC578-37BA-4CDB-B150-DAB0409270CD|BDBD35C0-F0A5-46F8-AFFF-5F2BBC182C25|66027e51-b1ad-4b10-8250-63af64d23323
61A14060-3DEA-4BFB-B2E7-BEF16849B8D1|E3CDC578-37BA-4CDB-B150-DAB0409270CD|31638728-0D17-4D23-B876-FF238D90B7F9|66027e51-b1ad-4b10-8250-63af64d23323
557362FD-999D-470B-A284-9D84795113A3|E3CDC578-37BA-4CDB-B150-DAB0409270CD|172EE44D-088A-4766-A021-690628406CB9|66027e51-b1ad-4b10-8250-63af64d23323
C12E6D18-DA13-4B42-BE0E-12DE6BD21602|E3CDC578-37BA-4CDB-B150-DAB0409270CD|582A7D9B-1159-40C5-B8EF-21173770BFA3|66027e51-b1ad-4b10-8250-63af64d23323
52D3C4B9-E8E1-492E-9F0C-56C3AD690F05|E3CDC578-37BA-4CDB-B150-DAB0409270CD|777CE711-981A-4613-AAA3-99E1140E90E9|66027e51-b1ad-4b10-8250-63af64d23323
1D999301-D3D9-4409-90E4-7B08870DA578|E3CDC578-37BA-4CDB-B150-DAB0409270CD|289A87A1-3936-4012-9487-7B5598F672C9|66027e51-b1ad-4b10-8250-63af64d23323
2BD9896B-9F1F-4D0B-BD39-DF0A78437D5A|E3CDC578-37BA-4CDB-B150-DAB0409270CD|F07D8FE7-DA87-40EB-A294-D06BDAC8F438|66027e51-b1ad-4b10-8250-63af64d23323
B1D3498C-165B-412D-99FD-8D21C23AB95C|E3CDC578-37BA-4CDB-B150-DAB0409270CD|A2678067-A7A3-4D10-A30C-C3789B180A70|66027e51-b1ad-4b10-8250-63af64d23323
B8007BE2-17E0-40DA-895F-735F04F1B4F3|E3CDC578-37BA-4CDB-B150-DAB0409270CD|2F073061-C5C3-4359-B4DE-5E17D74D6620|66027e51-b1ad-4b10-8250-63af64d23323
4F2362A4-2C09-4125-AA50-A143A74FDF04|E3CDC578-37BA-4CDB-B150-DAB0409270CD|539D4A11-2C5B-40BC-91A2-44998747E8AD|66027e51-b1ad-4b10-8250-63af64d23323
1DA903EB-BB2A-4F64-84E1-68246423AF95|E3CDC578-37BA-4CDB-B150-DAB0409270CD|EE943C52-EF11-4D6C-BEBF-CE5901394CB3|66027e51-b1ad-4b10-8250-63af64d23323
E1F5A18D-9BE6-42A5-839A-2FCDD8FD906E|E3CDC578-37BA-4CDB-B150-DAB0409270CD|743DB4A9-876D-4148-828D-A0CC23B736CC|66027e51-b1ad-4b10-8250-63af64d23323
F6DE5015-113D-4344-9AAE-A0616520EBFA|E3CDC578-37BA-4CDB-B150-DAB0409270CD|CE880C8E-C8D0-49A3-AA4A-8294F8F3F307|66027e51-b1ad-4b10-8250-63af64d23323
601C6DA1-B3FE-4406-9E9B-6ADBF4507DEF|E3CDC578-37BA-4CDB-B150-DAB0409270CD|20CA9579-140F-4DAB-8587-30AEAD28B04E|66027e51-b1ad-4b10-8250-63af64d23323
10752732-C52E-49C5-BE2F-1373BFD5AF4D|E3CDC578-37BA-4CDB-B150-DAB0409270CD|505B0413-C444-4B53-99E2-BFA56F3F771A|66027e51-b1ad-4b10-8250-63af64d23323
AB93C4B3-F6E7-4F24-8FE1-AFDF5430C3BC|E3CDC578-37BA-4CDB-B150-DAB0409270CD|A48C8714-0012-4AF0-AE0F-0C3932980FC5|66027e51-b1ad-4b10-8250-63af64d23323
843C0C0E-06AC-459B-8C67-F12A9BE85C01|E3CDC578-37BA-4CDB-B150-DAB0409270CD|3DC2A34B-008C-4C2C-BD11-262FB0DA6BB3|66027e51-b1ad-4b10-8250-63af64d23323
FDDB7FB2-6C58-41E5-802E-417BED4F958B|E3CDC578-37BA-4CDB-B150-DAB0409270CD|5CF574B4-1464-4BEC-AD86-84639DE8EB1A|66027e51-b1ad-4b10-8250-63af64d23323
D463CD50-2CF8-4C99-911D-8998A6C313EC|E3CDC578-37BA-4CDB-B150-DAB0409270CD|7C3BAB0E-C09E-4238-B3C0-9FAF188A53B7|66027e51-b1ad-4b10-8250-63af64d23323
EBEC524E-FD83-4D77-801E-8F43824B0A0F|E3CDC578-37BA-4CDB-B150-DAB0409270CD|CD23A751-4F7F-4CA4-9B98-CA509B1C9BE9|66027e51-b1ad-4b10-8250-63af64d23323
FA659C3A-1E18-4EB0-BC23-3159B0A550E7|E3CDC578-37BA-4CDB-B150-DAB0409270CD|E3AC3BF6-7832-4CFA-A684-F866CFF1EC03|66027e51-b1ad-4b10-8250-63af64d23323
95AC35F3-EE75-4FED-BA5C-11FA04ADBC8E|E3CDC578-37BA-4CDB-B150-DAB0409270CD|54A61629-5C00-42D7-9167-44AC3E6A1D49|66027e51-b1ad-4b10-8250-63af64d23323
6C91E0D7-6FA5-475B-8C46-E370603F03C7|E3CDC578-37BA-4CDB-B150-DAB0409270CD|2F1D0FF2-D63F-42EC-B26C-728328BD2D2E|66027e51-b1ad-4b10-8250-63af64d23323
6ADE996B-1812-40CB-9CD7-BDE1F61017F3|E3CDC578-37BA-4CDB-B150-DAB0409270CD|6B6E166D-6F1C-4594-AC6F-220CC73C569A|66027e51-b1ad-4b10-8250-63af64d23323
F9A14120-B7F3-4182-84BC-690DAC3EDC19|E3CDC578-37BA-4CDB-B150-DAB0409270CD|3F6F8ACF-477F-4E93-9099-524272131150|66027e51-b1ad-4b10-8250-63af64d23323
BFC3B723-F67B-4D64-9CAF-DB05BD774E1C|E3CDC578-37BA-4CDB-B150-DAB0409270CD|CEAECA2A-D0DE-4E78-B663-2C2265C56E5A|66027e51-b1ad-4b10-8250-63af64d23323
407253C7-41C4-4190-9325-E3F6B83EC2F3|E3CDC578-37BA-4CDB-B150-DAB0409270CD|7193EB96-25D8-4FC0-AA1F-F76B0695AB1D|66027e51-b1ad-4b10-8250-63af64d23323
4F910E69-4410-442F-A412-4B74A324F4DB|E3CDC578-37BA-4CDB-B150-DAB0409270CD|9BDEB2F2-AE2F-4D41-95A7-075FE76077C9|66027e51-b1ad-4b10-8250-63af64d23323
51C78E8F-12FF-4DD1-9624-A5E4F5B73497|E3CDC578-37BA-4CDB-B150-DAB0409270CD|40CC3205-3CE2-4FB3-9331-5AC66B8FAA3D|66027e51-b1ad-4b10-8250-63af64d23323
613EDAB3-A06B-48DC-953B-2AB1966D72A4|E3CDC578-37BA-4CDB-B150-DAB0409270CD|0B19CA51-195B-4FF1-9BC0-2B75DA47A5B2|66027e51-b1ad-4b10-8250-63af64d23323
CB1E66CA-2A78-4A9F-82CD-77E1ED29AD06|E3CDC578-37BA-4CDB-B150-DAB0409270CD|745823C6-C558-45D0-A477-B963799C8F28|66027e51-b1ad-4b10-8250-63af64d23323
0214E492-6AE2-40BB-90E7-1716638F627B|E3CDC578-37BA-4CDB-B150-DAB0409270CD|9D3BEDC0-924F-434C-8CFE-4EF4EE2323C9|66027e51-b1ad-4b10-8250-63af64d23323
A2BDB5B9-A81B-421A-9B71-EC080BBEEB5B|E3CDC578-37BA-4CDB-B150-DAB0409270CD|CC6D62A0-5AA0-46CA-A0AA-C0A651021BDA|66027e51-b1ad-4b10-8250-63af64d23323
96103253-5F67-4C68-9503-19C20315F6DA|E3CDC578-37BA-4CDB-B150-DAB0409270CD|E9E5C637-E205-4479-B0E8-4F547DEFE169|66027e51-b1ad-4b10-8250-63af64d23323
010623F4-1046-4803-8EB2-A90248F59282|E3CDC578-37BA-4CDB-B150-DAB0409270CD|95251D87-568C-4B6B-9378-1018A934808A|66027e51-b1ad-4b10-8250-63af64d23323
3559DF47-7438-4D41-BC24-6FA334FA918E|E3CDC578-37BA-4CDB-B150-DAB0409270CD|3AA8BAE9-981D-406C-B388-81337EFB95C7|66027e51-b1ad-4b10-8250-63af64d23323
7F3E5B74-44F6-4D12-A75A-F8CEC7B5780C|E3CDC578-37BA-4CDB-B150-DAB0409270CD|910AAFE9-54B0-42E3-8348-C1ADAA8EC4F6|66027e51-b1ad-4b10-8250-63af64d23323
411A02FA-A318-4395-8AA4-A0CBEAEAA0E1|E3CDC578-37BA-4CDB-B150-DAB0409270CD|8297AE60-2986-4FEA-9ECD-253652CE5AAE|66027e51-b1ad-4b10-8250-63af64d23323
2AB3E71B-FD31-49FB-94DF-9195E5486B82|E3CDC578-37BA-4CDB-B150-DAB0409270CD|19AA4B94-DFA8-46D9-9663-E84B2AEE6AAB|66027e51-b1ad-4b10-8250-63af64d23323
B3ABE408-1709-498F-BAC7-7CC3B6BF48E9|E3CDC578-37BA-4CDB-B150-DAB0409270CD|B80DF118-2B28-4B7C-9B4F-0938CB025413|66027e51-b1ad-4b10-8250-63af64d23323
144085BD-F90D-4BEC-B975-4D9EE398B145|E3CDC578-37BA-4CDB-B150-DAB0409270CD|88598F8E-AFA3-40D3-A3AD-D4D7DE7DB538|66027e51-b1ad-4b10-8250-63af64d23323
BD64BCFE-D7A9-4D7F-AB13-C82CB34A08A6|E3CDC578-37BA-4CDB-B150-DAB0409270CD|4643C0D8-5534-4BE8-AF1A-7C7DFD0BA5DB|66027e51-b1ad-4b10-8250-63af64d23323
97A88ADF-68A7-43C5-AF7D-ACC40DE3D391|E3CDC578-37BA-4CDB-B150-DAB0409270CD|BC134D9A-C501-46EA-8578-AC197DC48A88|66027e51-b1ad-4b10-8250-63af64d23323
AA9DFA45-D886-41DC-A7CD-7E251AD5B043|E3CDC578-37BA-4CDB-B150-DAB0409270CD|B208DFF0-E0DE-4EDD-8682-852408D7E031|66027e51-b1ad-4b10-8250-63af64d23323
1F4398E6-3CD3-416B-846A-8C3EEDD2FFC9|E3CDC578-37BA-4CDB-B150-DAB0409270CD|1DFB8B07-F776-4A7A-9042-A1B6E0C3A970|66027e51-b1ad-4b10-8250-63af64d23323
67E54668-7892-46E4-A64A-F420DF5E5E4A|E3CDC578-37BA-4CDB-B150-DAB0409270CD|EA790CE4-0C54-4EEC-A6FA-F299E60517F5|66027e51-b1ad-4b10-8250-63af64d23323
126BF8EA-7BDD-466F-B394-87D20431B8C8|E3CDC578-37BA-4CDB-B150-DAB0409270CD|12050094-A227-4531-BC57-F990E4285943|66027e51-b1ad-4b10-8250-63af64d23323
DE9F305E-E33A-4059-A737-A20B7DC031BD|E3CDC578-37BA-4CDB-B150-DAB0409270CD|9323CB91-A36D-460C-B5D0-2F440977CA44|66027e51-b1ad-4b10-8250-63af64d23323
B970A4EC-28C8-4125-8B7D-4933445E6590|E3CDC578-37BA-4CDB-B150-DAB0409270CD|0AF1C702-24AB-4024-B173-24C470078433|66027e51-b1ad-4b10-8250-63af64d23323
B4C89DD4-8AE4-4504-B29B-272C19328FCA|E3CDC578-37BA-4CDB-B150-DAB0409270CD|D3AAD922-38D5-46D1-A331-1BF46D629479|66027e51-b1ad-4b10-8250-63af64d23323
B93892DF-89B3-4C32-A414-E6FEE543AB6E|E3CDC578-37BA-4CDB-B150-DAB0409270CD|4B55AA3A-1B40-431F-8658-2F2367F2AE8F|66027e51-b1ad-4b10-8250-63af64d23323
43C07F14-92C9-4C97-A2FF-6D43C1B339D0|E3CDC578-37BA-4CDB-B150-DAB0409270CD|81F2CC53-D7D2-44FC-922D-980D7DC11F37|66027e51-b1ad-4b10-8250-63af64d23323
B961D035-053E-48C0-93CA-E66B00B98D8B|E3CDC578-37BA-4CDB-B150-DAB0409270CD|3EB16048-5FE7-4FDB-952D-C156C395534C|66027e51-b1ad-4b10-8250-63af64d23323
F9AFCB58-DFBD-4C9E-8D23-44981DC0EEF4|E3CDC578-37BA-4CDB-B150-DAB0409270CD|8D0E34C2-E477-4CB8-8FBF-4D94EC4B043E|66027e51-b1ad-4b10-8250-63af64d23323
3818E878-C9B3-4C17-8D4A-CDA2BDD9B54B|E3CDC578-37BA-4CDB-B150-DAB0409270CD|E2F64CC7-D0E4-421E-9FF4-3453624BE455|66027e51-b1ad-4b10-8250-63af64d23323
29F936D5-8179-4FF5-A081-12270102245C|E3CDC578-37BA-4CDB-B150-DAB0409270CD|C65A996F-D03D-4D96-9CE7-252175F01AFB|66027e51-b1ad-4b10-8250-63af64d23323
E7B7A422-2C51-420A-9AF0-68E735996B17|E3CDC578-37BA-4CDB-B150-DAB0409270CD|754C2BDA-35B5-4799-8A2C-94E7C57CA8AB|66027e51-b1ad-4b10-8250-63af64d23323
EF048B55-56BF-4245-8534-C979B7409231|E3CDC578-37BA-4CDB-B150-DAB0409270CD|12C5CC17-8C11-4572-AAB2-20E9A063C699|66027e51-b1ad-4b10-8250-63af64d23323
9E495125-5734-462E-A01E-263B6163EBB9|E3CDC578-37BA-4CDB-B150-DAB0409270CD|08F810FF-B734-48E0-A9C8-A5574F2AADA8|66027e51-b1ad-4b10-8250-63af64d23323
534B6B8A-08A4-41AB-A071-C218934F2AF4|E3CDC578-37BA-4CDB-B150-DAB0409270CD|51CBE1C4-1CA5-45FC-B707-921D1B38F018|66027e51-b1ad-4b10-8250-63af64d23323
58C780FD-CF71-4F8F-A657-674455FC76D1|E3CDC578-37BA-4CDB-B150-DAB0409270CD|4FD1738D-3A86-455A-B971-C371D658B926|66027e51-b1ad-4b10-8250-63af64d23323
B4A91C14-72BB-4AF5-A533-9FAD34913BCC|E3CDC578-37BA-4CDB-B150-DAB0409270CD|908375E6-8E8B-4339-A2E3-39E2A1BFEE43|66027e51-b1ad-4b10-8250-63af64d23323
46B2BBCA-8C3E-41D6-BE2C-4EE55BB29580|E3CDC578-37BA-4CDB-B150-DAB0409270CD|83DA7896-B2F1-49A9-B75A-70CA04A97B68|66027e51-b1ad-4b10-8250-63af64d23323
05EE67B6-C27A-47AC-97A3-3D18F49398C7|E3CDC578-37BA-4CDB-B150-DAB0409270CD|499ADCBF-9C19-4BE5-BA51-616B58BB05C3|66027e51-b1ad-4b10-8250-63af64d23323
97A6F585-8AD5-4471-B5C7-2C043FFB3E99|E3CDC578-37BA-4CDB-B150-DAB0409270CD|E59703FC-BA9B-4818-AD11-984D76210FE9|66027e51-b1ad-4b10-8250-63af64d23323
13E318D7-07F0-47F6-AE64-6AD2183FC47E|E3CDC578-37BA-4CDB-B150-DAB0409270CD|66F6CF06-FACD-4A39-B5CF-5001F5D4194E|66027e51-b1ad-4b10-8250-63af64d23323
2896FE5F-E59E-4C8A-89A7-C65D70E24E9C|E3CDC578-37BA-4CDB-B150-DAB0409270CD|97F05ACC-2A03-4AA8-ACB8-3F9FADCC9486|66027e51-b1ad-4b10-8250-63af64d23323
3BB334AF-E175-4162-A04A-733B9D4202C6|E3CDC578-37BA-4CDB-B150-DAB0409270CD|C7C8FA02-9451-47F9-95BF-4DDCBB60FFCF|66027e51-b1ad-4b10-8250-63af64d23323
523683DC-8B9A-481A-8C8D-A42CC5E318DB|E3CDC578-37BA-4CDB-B150-DAB0409270CD|83FA197B-664B-4955-BD5E-8B074CBE63A3|66027e51-b1ad-4b10-8250-63af64d23323
15105012-B43F-419D-B13C-A654E5A80E70|E3CDC578-37BA-4CDB-B150-DAB0409270CD|794ABEAB-352A-4261-A218-EEF2EDFD5428|66027e51-b1ad-4b10-8250-63af64d23323
30CA58A7-5F59-4EF6-86F3-0A837DA7F282|E3CDC578-37BA-4CDB-B150-DAB0409270CD|B5E2CA94-9BF5-47C4-B44E-36938F03EECC|66027e51-b1ad-4b10-8250-63af64d23323
00414CCF-4FAD-4AF2-8928-621BEBC4F4A3|E3CDC578-37BA-4CDB-B150-DAB0409270CD|01A330A1-EA96-4D4F-BADD-622010A5CF74|66027e51-b1ad-4b10-8250-63af64d23323
64130A58-F7F8-452C-A959-360B1D71B130|E3CDC578-37BA-4CDB-B150-DAB0409270CD|989A7D0A-8D13-462D-AB3F-20FC93FC0610|66027e51-b1ad-4b10-8250-63af64d23323
BDC8DE84-1025-4AD5-933F-6A429FE14F46|E3CDC578-37BA-4CDB-B150-DAB0409270CD|42A26815-CF73-4AFE-B336-B1DBFE4C5DE8|66027e51-b1ad-4b10-8250-63af64d23323
A5138AB6-38C5-4193-AA88-64EC5B0ABDA5|E3CDC578-37BA-4CDB-B150-DAB0409270CD|6FB357B5-B6AB-4CBD-B717-47139C155C3A|66027e51-b1ad-4b10-8250-63af64d23323
6CDD08CF-8FC7-4499-AD92-543D15BDEDAA|E3CDC578-37BA-4CDB-B150-DAB0409270CD|230FD046-73F1-4958-9A82-D801610E11FA|66027e51-b1ad-4b10-8250-63af64d23323
F3048A1E-A4A6-4392-95DC-328D1C32FACD|E3CDC578-37BA-4CDB-B150-DAB0409270CD|0FE377D0-F95C-422C-B029-E7E75BB06A4B|66027e51-b1ad-4b10-8250-63af64d23323
7EEC577E-C09B-4342-8F4B-EE534B705E11|E3CDC578-37BA-4CDB-B150-DAB0409270CD|F2E280C3-7CFA-4A6A-8598-B105812BD06F|66027e51-b1ad-4b10-8250-63af64d23323
A94C3A79-58AC-4624-813E-D0D974BF663D|E3CDC578-37BA-4CDB-B150-DAB0409270CD|5C19B3DF-6F82-40B3-A11A-79FCCEE6B70B|66027e51-b1ad-4b10-8250-63af64d23323
A9AA5D1D-044F-4473-81D8-C13632E08854|E3CDC578-37BA-4CDB-B150-DAB0409270CD|9C80D7BE-52F5-4F72-8DE4-E37A0B7172F9|66027e51-b1ad-4b10-8250-63af64d23323
3BA627BC-1BCB-4E48-B709-58BF5198B273|E3CDC578-37BA-4CDB-B150-DAB0409270CD|92D792CD-853C-4CCB-B423-CE6C620E65F4|66027e51-b1ad-4b10-8250-63af64d23323
20902E09-9268-46C4-9234-22D19825A450|E3CDC578-37BA-4CDB-B150-DAB0409270CD|B470F594-3E52-4B5A-ACF4-E3EE432714E5|66027e51-b1ad-4b10-8250-63af64d23323
6AEEF3AA-27B1-4BFE-82C7-722A0219BAD9|E3CDC578-37BA-4CDB-B150-DAB0409270CD|B97BF159-E609-48CF-B3BD-F509E4A72043|66027e51-b1ad-4b10-8250-63af64d23323
E98DED9D-5B71-4237-8FED-9CA0AA3789DF|E3CDC578-37BA-4CDB-B150-DAB0409270CD|04BB856A-856E-43AE-B305-FD85AFBD2FFF|66027e51-b1ad-4b10-8250-63af64d23323
D60FA504-D6C1-466B-B2B8-D4FC88001142|E3CDC578-37BA-4CDB-B150-DAB0409270CD|ADD9AA97-52E1-4117-92DE-DF1BFCAB00BC|66027e51-b1ad-4b10-8250-63af64d23323
3DC79D06-184F-4475-AAFC-1CB62DF0CD93|E3CDC578-37BA-4CDB-B150-DAB0409270CD|6600539C-3A0B-45F8-A1B2-69F709D717D5|66027e51-b1ad-4b10-8250-63af64d23323
0259CD4D-6CEC-41F4-8202-379FF6A2ABBB|E3CDC578-37BA-4CDB-B150-DAB0409270CD|D9D3AE3C-E591-45B9-8779-74B5BB832186|66027e51-b1ad-4b10-8250-63af64d23323
052C85C4-55CE-45A7-BDC5-ADB483EE9B2E|E3CDC578-37BA-4CDB-B150-DAB0409270CD|25798F46-9001-4CA9-9CC1-5BBCD885465B|66027e51-b1ad-4b10-8250-63af64d23323
7EFC279C-BD26-4B28-BFC1-64A4DC1C6B37|E3CDC578-37BA-4CDB-B150-DAB0409270CD|0EABB394-4C93-47FC-A480-01F12E29BA27|66027e51-b1ad-4b10-8250-63af64d23323
268804B2-A1B3-4D37-B355-BBAC38883EE2|E3CDC578-37BA-4CDB-B150-DAB0409270CD|0B084961-A64F-41A1-A154-EC39C9039D89|66027e51-b1ad-4b10-8250-63af64d23323
AE1E08A2-BFED-42F8-9C60-C872252DA894|E3CDC578-37BA-4CDB-B150-DAB0409270CD|2E696E43-12D8-4304-8E74-14C0F8239C8B|66027e51-b1ad-4b10-8250-63af64d23323
E5D39ACE-389E-4DCF-995B-64671EE2DBE4|E3CDC578-37BA-4CDB-B150-DAB0409270CD|DB4A113F-DD71-4D65-BDD6-140EE8CFA057|66027e51-b1ad-4b10-8250-63af64d23323
85F3F6BA-F140-4225-BD0F-10F6F7E3034B|E3CDC578-37BA-4CDB-B150-DAB0409270CD|A7BFB70C-1537-4543-818E-1A26631EB726|66027e51-b1ad-4b10-8250-63af64d23323
BAEF13C0-73E8-4821-9084-A02599C3303A|E3CDC578-37BA-4CDB-B150-DAB0409270CD|57B87F21-6FA6-4A6D-9B44-352C421399D2|66027e51-b1ad-4b10-8250-63af64d23323
E0231312-CE91-4B9B-B13F-1A14EF0CE4DA|E3CDC578-37BA-4CDB-B150-DAB0409270CD|3A5DAE15-6E75-49EB-A01E-BD0245CF5E49|66027e51-b1ad-4b10-8250-63af64d23323
8FFDC949-85CE-447D-9095-9DB46EC69682|E3CDC578-37BA-4CDB-B150-DAB0409270CD|FB79819F-8376-4095-B7F7-AC1F0A0AC176|66027e51-b1ad-4b10-8250-63af64d23323
4F40E4AE-CA32-4D63-AB1A-61C7BE9BDE72|E3CDC578-37BA-4CDB-B150-DAB0409270CD|221BF4A4-CAF5-4DD2-AF83-A77E631EF111|66027e51-b1ad-4b10-8250-63af64d23323
F099730D-D16B-4479-A71C-A5ADC6DC744E|E3CDC578-37BA-4CDB-B150-DAB0409270CD|7265407E-3324-4A80-846B-5C83BDFE24F1|66027e51-b1ad-4b10-8250-63af64d23323
6FCA7545-C75F-42FA-8BFF-4C1EE9DC489A|E3CDC578-37BA-4CDB-B150-DAB0409270CD|6B7068BA-069E-4DBA-94FA-D79BC7EA1248|66027e51-b1ad-4b10-8250-63af64d23323
26D85878-C8FD-4FA7-8B33-4F9D070ED79F|E3CDC578-37BA-4CDB-B150-DAB0409270CD|D14B8BC3-9777-48D7-936C-376176C3BFE3|66027e51-b1ad-4b10-8250-63af64d23323
64DDDDEC-235D-46CA-AFDE-BC48AD51F69A|E3CDC578-37BA-4CDB-B150-DAB0409270CD|5F43BD29-BE46-4C55-BA9E-0F195233EDED|66027e51-b1ad-4b10-8250-63af64d23323
BE35CA63-1F15-4EA3-BDB2-61A751CBD874|E3CDC578-37BA-4CDB-B150-DAB0409270CD|ACD7008B-EF21-483B-8379-54C8A4D3A866|66027e51-b1ad-4b10-8250-63af64d23323
80A4AF3C-CF54-4D6F-8FC7-0DADEC4A3411|E3CDC578-37BA-4CDB-B150-DAB0409270CD|07F42ECC-7E24-4630-A5EC-4ED7FD3D9A0B|66027e51-b1ad-4b10-8250-63af64d23323
36F5130F-CFD4-4225-98CB-AD4D44FB88BF|E3CDC578-37BA-4CDB-B150-DAB0409270CD|50B56335-DA2C-400C-8788-1F665E5704D3|66027e51-b1ad-4b10-8250-63af64d23323
CA1F926A-376D-4933-AA9C-F19BF970A978|E3CDC578-37BA-4CDB-B150-DAB0409270CD|C4F52BB8-C0FB-400C-818B-1F4271249DE5|66027e51-b1ad-4b10-8250-63af64d23323
0BE1683C-7A83-4298-84E3-4D2D61385EE0|E3CDC578-37BA-4CDB-B150-DAB0409270CD|5E08A40F-9427-424B-9C7C-0FE5FD2BED32|66027e51-b1ad-4b10-8250-63af64d23323
45C43160-9D69-4711-82C0-5BC89C004EC9|E3CDC578-37BA-4CDB-B150-DAB0409270CD|36ED94CB-08DF-48CF-8DA2-CA6365ACBB0B|66027e51-b1ad-4b10-8250-63af64d23323
4EF2C33E-6382-4A0B-971C-BB03C71E9968|E3CDC578-37BA-4CDB-B150-DAB0409270CD|366D7C25-51C5-4A0B-9128-A3F52FE6D5EE|66027e51-b1ad-4b10-8250-63af64d23323
E29C56FA-8672-4594-BC2B-C12A1C786C68|E3CDC578-37BA-4CDB-B150-DAB0409270CD|B38A36EC-A66C-4738-9F86-56DECD1B160F|66027e51-b1ad-4b10-8250-63af64d23323
2306ED49-9F7E-4CEB-AFF1-97B82EC9FB52|E3CDC578-37BA-4CDB-B150-DAB0409270CD|27A748F4-C0CF-4BEF-821B-AB42D738622C|66027e51-b1ad-4b10-8250-63af64d23323
4739DA25-7351-45EB-958E-87EE40EF2AE1|E3CDC578-37BA-4CDB-B150-DAB0409270CD|674E095E-B54C-4353-AC9E-BACE342C7D5B|66027e51-b1ad-4b10-8250-63af64d23323
DBF1BF5B-89CF-4C2B-B26F-06EA105D2C6D|E3CDC578-37BA-4CDB-B150-DAB0409270CD|20936997-90CE-4251-872B-AB9D91F71125|66027e51-b1ad-4b10-8250-63af64d23323
C8D71C10-4BAB-4B39-AE55-9C2405DC85CB|E3CDC578-37BA-4CDB-B150-DAB0409270CD|0937EA44-F95B-4FF4-A4E0-2CA91CC60CAF|66027e51-b1ad-4b10-8250-63af64d23323
577D3929-4819-40A0-9E90-6C5FC5002336|E3CDC578-37BA-4CDB-B150-DAB0409270CD|93338C52-D8D1-4021-B48B-19F0B0E9B21E|66027e51-b1ad-4b10-8250-63af64d23323
D7CF32FD-A607-42E0-8C63-D1E4FAE50878|E3CDC578-37BA-4CDB-B150-DAB0409270CD|2AE44D35-CBC9-4442-B5BE-B8B0602657B2|66027e51-b1ad-4b10-8250-63af64d23323
56D2E27C-AC8A-48D0-A95F-0364FE30B81B|E3CDC578-37BA-4CDB-B150-DAB0409270CD|C25B83A9-792E-481E-BE0B-2C04DE97DE12|66027e51-b1ad-4b10-8250-63af64d23323
6F99ADC0-D3FF-41F6-8171-569399F4089B|E3CDC578-37BA-4CDB-B150-DAB0409270CD|FC786FD1-9C26-4783-A0B8-2F250F806610|66027e51-b1ad-4b10-8250-63af64d23323
F61E5741-A92E-41A2-8E83-8B24B0028475|E3CDC578-37BA-4CDB-B150-DAB0409270CD|AE9ED18A-8761-40CE-BA1E-B4F3D4274504|66027e51-b1ad-4b10-8250-63af64d23323
F939F7F0-D7B2-4BB5-9916-374DF6438A91|E3CDC578-37BA-4CDB-B150-DAB0409270CD|8AACF062-36FE-4D43-895B-E1CFDFA4EE93|66027e51-b1ad-4b10-8250-63af64d23323
5E442C7B-D2DB-41E6-A7B2-70910C4CEBEA|E3CDC578-37BA-4CDB-B150-DAB0409270CD|F1D6D93A-51E3-4CEC-9470-A8941914E615|66027e51-b1ad-4b10-8250-63af64d23323
4A1FA923-35F3-4F26-B8B1-E2DC81CEE804|E3CDC578-37BA-4CDB-B150-DAB0409270CD|C85DDFD1-62B2-4F6F-82D3-814EB99F49EE|66027e51-b1ad-4b10-8250-63af64d23323
512A53C4-DC1E-49FB-A48A-E0542547F4C4|E3CDC578-37BA-4CDB-B150-DAB0409270CD|457FC285-C47F-4DD3-8238-0A7922D2C660|66027e51-b1ad-4b10-8250-63af64d23323
B8AD9198-D7A2-4F3B-9FB9-26AC58D5C334|E3CDC578-37BA-4CDB-B150-DAB0409270CD|0B6858E0-B265-4B7E-8744-9902FB7EE70B|66027e51-b1ad-4b10-8250-63af64d23323
0CEA0FCE-B277-4745-BEF7-752DD795D99B|E3CDC578-37BA-4CDB-B150-DAB0409270CD|8A3E4154-6C02-45D8-92BD-80D11EC9BC20|66027e51-b1ad-4b10-8250-63af64d23323
C3158AEB-23AA-469F-A522-3B1161066446|E3CDC578-37BA-4CDB-B150-DAB0409270CD|C01FA99C-6A3E-4293-A462-E215F2FD1929|66027e51-b1ad-4b10-8250-63af64d23323
171DC2FA-6E24-4779-99D3-C7E22A940315|E3CDC578-37BA-4CDB-B150-DAB0409270CD|FBE28CB8-6B4E-4F50-A95D-F8E1C733A159|66027e51-b1ad-4b10-8250-63af64d23323
887B38F5-C068-424D-940E-A39F88CBA686|E3CDC578-37BA-4CDB-B150-DAB0409270CD|717FD680-3AF4-463E-8006-204A086F6F9D|66027e51-b1ad-4b10-8250-63af64d23323
793A72BA-40C8-4166-9339-398E6AFEA853|E3CDC578-37BA-4CDB-B150-DAB0409270CD|79C746EC-C513-44B0-852B-6871DE7E3FA5|66027e51-b1ad-4b10-8250-63af64d23323
8B6D3980-C843-4773-96C3-FAC09542CA4A|E3CDC578-37BA-4CDB-B150-DAB0409270CD|C4201204-DF2C-4870-8567-DCFEA0580C7C|66027e51-b1ad-4b10-8250-63af64d23323
B79BA35C-7CBD-494E-9482-09B29F848711|E3CDC578-37BA-4CDB-B150-DAB0409270CD|1113FBB3-4FB1-42A5-9602-0F3E2B7799C7|66027e51-b1ad-4b10-8250-63af64d23323
41C8C5C1-CE50-463C-AE11-7A15FB9BDAF7|E3CDC578-37BA-4CDB-B150-DAB0409270CD|C6C426F3-4F3C-4DAD-9EC4-A119F1086984|66027e51-b1ad-4b10-8250-63af64d23323
68D7FF0D-BA09-44AC-9A35-D6BDBB3C7621|E3CDC578-37BA-4CDB-B150-DAB0409270CD|56BFD25E-DF52-4C85-B55D-EA3CE1EC8EF0|66027e51-b1ad-4b10-8250-63af64d23323
6F6C5E48-D446-45B4-9037-518B0D5FC5B4|E3CDC578-37BA-4CDB-B150-DAB0409270CD|5A283405-71D5-44EE-A8C2-CBB5820D9AC7|66027e51-b1ad-4b10-8250-63af64d23323
DB31A52A-75A3-4777-AC27-482FEF719F66|E3CDC578-37BA-4CDB-B150-DAB0409270CD|B5C989AF-5853-4EF0-BDB8-6A9C7717644D|66027e51-b1ad-4b10-8250-63af64d23323
1A840133-02F1-4781-BBD6-1560FA6D18A9|E3CDC578-37BA-4CDB-B150-DAB0409270CD|6D4BF323-E228-4796-BBEE-639AA86A2528|66027e51-b1ad-4b10-8250-63af64d23323
CB45BD9E-4E8A-4E51-97A6-86FC0C3E5813|E3CDC578-37BA-4CDB-B150-DAB0409270CD|991FD9DE-146D-495F-A8AA-603F5D269E7D|66027e51-b1ad-4b10-8250-63af64d23323
BB75B5DF-E1EC-4C08-B0D6-E61096BDB80D|E3CDC578-37BA-4CDB-B150-DAB0409270CD|D3DB687E-FF09-4DFE-BC24-EF6747330FCA|66027e51-b1ad-4b10-8250-63af64d23323
6FB68661-1CA8-44D1-980F-05F1B6343C41|E3CDC578-37BA-4CDB-B150-DAB0409270CD|63D54CDE-47B6-4458-BC3F-F61BDC9D6A08|66027e51-b1ad-4b10-8250-63af64d23323
B54CB5A8-E632-4294-AE19-C76B563CB364|E3CDC578-37BA-4CDB-B150-DAB0409270CD|0D599C97-E6ED-46D9-A6AD-72005D67E856|66027e51-b1ad-4b10-8250-63af64d23323
26DBF437-7C03-41C9-87BA-FAE867340F34|E3CDC578-37BA-4CDB-B150-DAB0409270CD|2AA629B7-CAC4-441A-911B-594218A3BF17|66027e51-b1ad-4b10-8250-63af64d23323
8622B802-64FD-4632-9AF7-89D93EFC86A8|E3CDC578-37BA-4CDB-B150-DAB0409270CD|4631F3CA-DBBC-4B5A-A3F5-25B224135395|66027e51-b1ad-4b10-8250-63af64d23323
A37E4C9E-EA4D-4593-B267-F319329F434A|E3CDC578-37BA-4CDB-B150-DAB0409270CD|CE456104-4DED-4CE2-970A-CFB0B976E324|66027e51-b1ad-4b10-8250-63af64d23323
A1A1DBC3-0BFD-46B3-BE7B-E78743AF9457|E3CDC578-37BA-4CDB-B150-DAB0409270CD|1D970206-0C82-4021-918D-0CE6DD0AC955|66027e51-b1ad-4b10-8250-63af64d23323
CD188BF3-97BC-4B36-B41C-2F914DE703A9|E3CDC578-37BA-4CDB-B150-DAB0409270CD|D961EF8B-1F5E-40BD-8F6B-3FD878C61691|66027e51-b1ad-4b10-8250-63af64d23323
13A930DF-9FB9-49D3-90AB-6C42DD7186E6|E3CDC578-37BA-4CDB-B150-DAB0409270CD|7E158943-92DF-46E3-8B2E-7973EC929C6C|66027e51-b1ad-4b10-8250-63af64d23323
5DAA1ED6-00B2-4FB6-8DBA-9BE62544EFB5|E3CDC578-37BA-4CDB-B150-DAB0409270CD|F03AA506-8A07-4B79-9CE5-A9A987BD84FF|66027e51-b1ad-4b10-8250-63af64d23323
DFF43D7F-001D-4CCF-AC87-4C39CEB7062C|E3CDC578-37BA-4CDB-B150-DAB0409270CD|CDABD353-BB34-43A1-8615-94D111E520FB|66027e51-b1ad-4b10-8250-63af64d23323
B84CC06A-557E-4664-BC0D-CF063FA5C6B2|E3CDC578-37BA-4CDB-B150-DAB0409270CD|CBE51DD4-DADD-4C8C-B3BE-5404DD97C63F|66027e51-b1ad-4b10-8250-63af64d23323
D3240908-0DDC-41A1-8003-80E43AEA5369|E3CDC578-37BA-4CDB-B150-DAB0409270CD|C75EFC69-08FD-445F-B51B-3395FDEF4A95|66027e51-b1ad-4b10-8250-63af64d23323
9BDD35D6-2891-421D-855E-DE8EE7E131CE|E3CDC578-37BA-4CDB-B150-DAB0409270CD|ABAFB76A-8B72-4F60-849D-000245ADBA7F|66027e51-b1ad-4b10-8250-63af64d23323
91262AFF-BBE3-4464-B066-BC7D30FF2B44|E3CDC578-37BA-4CDB-B150-DAB0409270CD|A6992B16-33F4-44EC-9B3E-C7E3E244A116|66027e51-b1ad-4b10-8250-63af64d23323
F2CFC949-C740-4254-8585-37D9BB57EAF1|E3CDC578-37BA-4CDB-B150-DAB0409270CD|5558DF52-C470-46BD-A2B3-E9FFA52B4E70|66027e51-b1ad-4b10-8250-63af64d23323
5EE7F18A-7863-493F-A592-FB41FF1EF074|E3CDC578-37BA-4CDB-B150-DAB0409270CD|0D45D7CB-1FB8-44F6-856F-9A60EE0E8620|66027e51-b1ad-4b10-8250-63af64d23323
01DC097A-6860-481B-8988-B41B16D15716|E3CDC578-37BA-4CDB-B150-DAB0409270CD|532F2337-E49A-4804-9C6C-422271B46E36|66027e51-b1ad-4b10-8250-63af64d23323
9F7B3B32-93B0-4FF8-913C-F21C3FDEBC3C|E3CDC578-37BA-4CDB-B150-DAB0409270CD|B3D6957B-0DAE-4E1B-A244-09C33F6FEF80|66027e51-b1ad-4b10-8250-63af64d23323
2AD88975-EDE2-414C-BE91-2230324A00BB|E3CDC578-37BA-4CDB-B150-DAB0409270CD|4F218688-6DE5-4E69-8690-66FBA2F0DC9F|4f59580d-1a16-4669-9ed5-4b89615d6903
EDC2523A-4C8C-42D7-9A1D-9D9BF607BA9F|E3CDC578-37BA-4CDB-B150-DAB0409270CD|A195BAF6-D6E7-43A5-B7C9-D6C627A42815|4f59580d-1a16-4669-9ed5-4b89615d6903
23F04584-F799-4509-969E-CF3CC0FA5705|E3CDC578-37BA-4CDB-B150-DAB0409270CD|8A1B5BDB-9589-4207-8345-A811FC18B2C9|4f59580d-1a16-4669-9ed5-4b89615d6903
5AF4E06B-B214-42DA-9F40-F99300A1809B|E3CDC578-37BA-4CDB-B150-DAB0409270CD|AEED7469-F7AF-41E6-B24C-13B1D74E1026|4f59580d-1a16-4669-9ed5-4b89615d6903
7086A54C-6C9D-4478-B2C1-FA1A32C8CABA|E3CDC578-37BA-4CDB-B150-DAB0409270CD|CF64EBB2-BCC2-4EAA-B1C8-060EEE3284F3|4f59580d-1a16-4669-9ed5-4b89615d6903
45817086-36FE-4D5A-B343-B1D0FA4AEFB6|E3CDC578-37BA-4CDB-B150-DAB0409270CD|7BF6983F-CF8D-4897-8122-7CCD0F778CAF|4f59580d-1a16-4669-9ed5-4b89615d6903
B4D36C48-D7A0-4157-A305-1C1FB0192046|E3CDC578-37BA-4CDB-B150-DAB0409270CD|87D0EA99-7042-4867-A4B7-C31E7665DE5E|4f59580d-1a16-4669-9ed5-4b89615d6903
62994A84-87FC-429E-8FA3-AD4FA552FFAA|E3CDC578-37BA-4CDB-B150-DAB0409270CD|6912F4C6-9370-440A-BA87-11A8426BA92C|4f59580d-1a16-4669-9ed5-4b89615d6903
F67A9D86-343C-4E09-B63C-173104B6167D|E3CDC578-37BA-4CDB-B150-DAB0409270CD|91318D8C-8150-49B4-A473-CF97F104F6B7|4f59580d-1a16-4669-9ed5-4b89615d6903
4F0EE4A8-B463-4308-B641-E2E8B38ADB1A|E3CDC578-37BA-4CDB-B150-DAB0409270CD|DD9AF1EF-EEEC-49D3-A43F-802D7028BFD7|4f59580d-1a16-4669-9ed5-4b89615d6903
BFDD2202-B65C-4868-9D20-9B8991A416FD|E3CDC578-37BA-4CDB-B150-DAB0409270CD|62BC85B5-306F-4740-A215-48470CA31288|4f59580d-1a16-4669-9ed5-4b89615d6903
1C96DC51-F6A3-4206-B4B8-259FE313BD4D|E3CDC578-37BA-4CDB-B150-DAB0409270CD|B2EEF18D-EE0A-4CA1-B6FE-B82F863D81B4|4f59580d-1a16-4669-9ed5-4b89615d6903
019BE910-479E-4AFF-B1AA-2BB4B3465836|E3CDC578-37BA-4CDB-B150-DAB0409270CD|29A012E5-CDE3-45D8-9BB0-A25D3DBF0A92|4f59580d-1a16-4669-9ed5-4b89615d6903
C8D1F9C2-062A-43B2-B0CB-246C05883047|E3CDC578-37BA-4CDB-B150-DAB0409270CD|423C391C-4944-43F4-9034-9C6818E9C1A2|4f59580d-1a16-4669-9ed5-4b89615d6903
6245FAD6-9933-4A7A-8867-9830FAFF6B87|E3CDC578-37BA-4CDB-B150-DAB0409270CD|F67E977A-0102-4758-91E8-9782A570E75D|4f59580d-1a16-4669-9ed5-4b89615d6903
AF47D1C8-F23C-4D24-BB34-41E2DDCC50D5|E3CDC578-37BA-4CDB-B150-DAB0409270CD|EF70C8D3-6866-4F6E-8FC2-10665A8D9B12|4f59580d-1a16-4669-9ed5-4b89615d6903
01C2466F-F1F4-46D1-92CA-385D6513BA61|E3CDC578-37BA-4CDB-B150-DAB0409270CD|123264D0-464E-4032-BEA5-CFECA81410C9|4f59580d-1a16-4669-9ed5-4b89615d6903
A86BA68E-AEC3-4AD0-A9D8-C12F8BCF5CAF|E3CDC578-37BA-4CDB-B150-DAB0409270CD|CA1F032F-1CA2-4DCE-8AAA-CB284E167A3E|4f59580d-1a16-4669-9ed5-4b89615d6903
A8D0E0BF-59C8-4DD6-A96A-426F6BBA95EA|E3CDC578-37BA-4CDB-B150-DAB0409270CD|72A995F4-0C94-4FAA-8A43-2277B02B97D1|4f59580d-1a16-4669-9ed5-4b89615d6903
24F4EF1F-1171-4269-AE94-2B4465689968|E3CDC578-37BA-4CDB-B150-DAB0409270CD|0DE968C9-7309-C481-58F7-AB6CDB1011EF|4f59580d-1a16-4669-9ed5-4b89615d6903
3126E352-C177-4BDA-96AD-303F9609D5F8|E3CDC578-37BA-4CDB-B150-DAB0409270CD|C1F2964E-9DD5-4B7A-86BD-E7FCAFB9D9D9|4f59580d-1a16-4669-9ed5-4b89615d6903
E0E65F0D-565D-4C74-857B-00FA4FBF83ED|E3CDC578-37BA-4CDB-B150-DAB0409270CD|E4D9BF24-8574-463D-A816-A21CEC6CD548|4f59580d-1a16-4669-9ed5-4b89615d6903
79A9A793-23D8-42AC-9C22-0D6F40026000|E3CDC578-37BA-4CDB-B150-DAB0409270CD|40F82118-26E7-4CCC-8456-195B5F009478|4f59580d-1a16-4669-9ed5-4b89615d6903
2AE1FB76-0829-43BE-A3A8-EFF6E0E26371|E3CDC578-37BA-4CDB-B150-DAB0409270CD|0420916C-304D-4EB8-A847-8B4729E915C1|4f59580d-1a16-4669-9ed5-4b89615d6903
93FDFF4E-48F8-42C0-B695-9AAA52336E21|E3CDC578-37BA-4CDB-B150-DAB0409270CD|199C78A9-4708-451E-8C87-8E6B4F47AAD9|4f59580d-1a16-4669-9ed5-4b89615d6903
2F4BD479-0E87-4CE4-800C-969433811FF0|E3CDC578-37BA-4CDB-B150-DAB0409270CD|B404AA65-25A3-40B0-8462-D377A926354F|4f59580d-1a16-4669-9ed5-4b89615d6903
B0AC0DBF-2814-4F9E-A81C-7EEFF336DCF4|E3CDC578-37BA-4CDB-B150-DAB0409270CD|B7B6D6E6-84B1-47F6-AA1B-AA34AEB7D236|4f59580d-1a16-4669-9ed5-4b89615d6903
5A647EDE-6B4F-4E22-BCC5-EBF161A04A09|E3CDC578-37BA-4CDB-B150-DAB0409270CD|7559C867-A833-4DA2-816B-51D4636033A3|4f59580d-1a16-4669-9ed5-4b89615d6903
F79752D1-188B-4BA2-B991-25A8E8F46DAB|E3CDC578-37BA-4CDB-B150-DAB0409270CD|7FC3A038-C5DE-4DEE-AE2D-E2ED230AB328|4f59580d-1a16-4669-9ed5-4b89615d6903
EF48E5ED-9186-405D-96D6-3862E76FAB64|E3CDC578-37BA-4CDB-B150-DAB0409270CD|4A4D0394-0FBD-4014-98A5-D3CE9161A568|4f59580d-1a16-4669-9ed5-4b89615d6903
F8B1D7F5-492C-45BD-8804-CDEE38CE56F9|E3CDC578-37BA-4CDB-B150-DAB0409270CD|CB0EF175-8A57-49D7-A1D4-89D0C6E3A497|4f59580d-1a16-4669-9ed5-4b89615d6903
2A21B06A-8683-4784-91D1-A09B5169ED01|E3CDC578-37BA-4CDB-B150-DAB0409270CD|309B97E9-72AB-4FD0-A282-8410413ACE46|4f59580d-1a16-4669-9ed5-4b89615d6903
04CB91C0-4149-48D9-BC3F-1677FA7EB8C7|E3CDC578-37BA-4CDB-B150-DAB0409270CD|307ED34F-D6B5-4EE8-AB44-543305B12085|4f59580d-1a16-4669-9ed5-4b89615d6903
69DF9CB6-3BFB-4913-8CE7-DFA5C3979672|E3CDC578-37BA-4CDB-B150-DAB0409270CD|97BAC717-C0A7-47F7-9918-C56658E6D792|4f59580d-1a16-4669-9ed5-4b89615d6903
04A286A8-8567-49C0-9A0E-7446E2774E2C|E3CDC578-37BA-4CDB-B150-DAB0409270CD|466D93AD-B0D7-4B29-89C0-569A421763D6|4f59580d-1a16-4669-9ed5-4b89615d6903
DA53E295-D18B-4073-BDD0-93028E6BA181|E3CDC578-37BA-4CDB-B150-DAB0409270CD|41C68FA5-4A98-4BB2-B702-68DD844F92B0|4f59580d-1a16-4669-9ed5-4b89615d6903
2BE66F64-D909-4262-BC3D-F1AC4D11EAC7|E3CDC578-37BA-4CDB-B150-DAB0409270CD|9208D11F-98E8-47B8-8DFC-4215FC2EF127|4f59580d-1a16-4669-9ed5-4b89615d6903
916288EB-1CC2-49AC-B257-E52F21AC9A82|E3CDC578-37BA-4CDB-B150-DAB0409270CD|3013780A-61AD-4BAA-8666-C89CC1A555F8|4f59580d-1a16-4669-9ed5-4b89615d6903
BE65A9C0-4B68-4E3A-A589-5400DE22B31C|E3CDC578-37BA-4CDB-B150-DAB0409270CD|3C14C92D-9113-4289-8A69-564BF3F3D871|4f59580d-1a16-4669-9ed5-4b89615d6903
2D119D49-EE1C-49B3-B0E6-B790BE958A91|E3CDC578-37BA-4CDB-B150-DAB0409270CD|E9888085-FD91-4551-9274-50BA485A9637|4f59580d-1a16-4669-9ed5-4b89615d6903
BE0B855F-8D56-4941-9282-2783BDDA1846|E3CDC578-37BA-4CDB-B150-DAB0409270CD|DDAD0F9E-C85B-462D-8A57-FCE97AEE4EF0|4f59580d-1a16-4669-9ed5-4b89615d6903
FB856FB0-149C-4B99-BF9C-69B998C86A78|E3CDC578-37BA-4CDB-B150-DAB0409270CD|6799DC5E-5CEB-4D60-BD75-EAA9FFFDE30F|4f59580d-1a16-4669-9ed5-4b89615d6903
0EB8C9DF-A9A9-43BA-B8F9-B53672099FA5|E3CDC578-37BA-4CDB-B150-DAB0409270CD|85728858-0D2E-4DA6-9901-941B737421E5|4f59580d-1a16-4669-9ed5-4b89615d6903
0595855C-C289-4827-8721-F3300F357F8F|E3CDC578-37BA-4CDB-B150-DAB0409270CD|2A4FD176-029E-4DA0-A08A-036BF438EDE7|4f59580d-1a16-4669-9ed5-4b89615d6903
BD2B86AF-7B61-4D5D-BC66-CBA343E0E675|E3CDC578-37BA-4CDB-B150-DAB0409270CD|1381D1CA-EB72-4D72-A793-D692BE1483C9|4f59580d-1a16-4669-9ed5-4b89615d6903
7A38EE0B-3359-4A2B-A765-5B968ED5FBFD|E3CDC578-37BA-4CDB-B150-DAB0409270CD|81B20DD2-7462-47FB-B597-1BDAA8A9F0EF|4f59580d-1a16-4669-9ed5-4b89615d6903
15D3398A-3F54-40DE-B355-CB9C459388F1|E3CDC578-37BA-4CDB-B150-DAB0409270CD|0BB327CC-1E4B-497E-9A77-7A49419D95C7|4f59580d-1a16-4669-9ed5-4b89615d6903
544559C5-4580-43B1-8EEA-2BB551865C77|E3CDC578-37BA-4CDB-B150-DAB0409270CD|AA1B14EB-5CA0-4FA1-B665-697342B2782D|4f59580d-1a16-4669-9ed5-4b89615d6903
49C2C7D4-62DD-4701-B84D-CF96E8E09671|E3CDC578-37BA-4CDB-B150-DAB0409270CD|5B3BD314-7489-4F0E-8BD8-35DF4DF3FC5C|4f59580d-1a16-4669-9ed5-4b89615d6903
AC68E77F-1631-4829-ACEE-25BF15086710|E3CDC578-37BA-4CDB-B150-DAB0409270CD|89AE9658-3882-484D-B1D5-9E13F554DF2B|4f59580d-1a16-4669-9ed5-4b89615d6903
7128C066-EB9A-493D-A84E-A64506558943|E3CDC578-37BA-4CDB-B150-DAB0409270CD|87671173-70A4-435F-8C3F-14695782B8CF|4f59580d-1a16-4669-9ed5-4b89615d6903
CF2A9A05-91BD-4226-B11F-BC77EB32E995|E3CDC578-37BA-4CDB-B150-DAB0409270CD|3AD1F311-C539-4FED-B840-6B6081BDB2E7|4f59580d-1a16-4669-9ed5-4b89615d6903
EEE9E906-9D14-42C2-91D2-73871483AD30|E3CDC578-37BA-4CDB-B150-DAB0409270CD|90342A1E-0084-4EB2-9D11-2191B59FA1A6|4f59580d-1a16-4669-9ed5-4b89615d6903
0EE4CF59-3DC2-40A9-8E72-2D49CFEB201D|E3CDC578-37BA-4CDB-B150-DAB0409270CD|799CA5BA-3FA6-4773-BC2E-3C68E1213AC6|4f59580d-1a16-4669-9ed5-4b89615d6903
45BA7589-920C-43D8-A874-40D90CF40340|E3CDC578-37BA-4CDB-B150-DAB0409270CD|91DA9E7C-CAA1-4438-A1D7-DD071CFAFF8F|4f59580d-1a16-4669-9ed5-4b89615d6903
BB8BB4DC-03D3-4F53-9CC1-DD1A143D8761|E3CDC578-37BA-4CDB-B150-DAB0409270CD|11FFC61B-DCDB-4DEE-B9C5-E9DD22B9E575|4f59580d-1a16-4669-9ed5-4b89615d6903
C64B11B5-8397-4CB0-A1F9-51D1BE190BEF|E3CDC578-37BA-4CDB-B150-DAB0409270CD|91DAFF4B-C8B9-4B46-A971-E66955D66332|4f59580d-1a16-4669-9ed5-4b89615d6903
C69734B9-65CD-4FAE-B043-92CB950FA7B3|E3CDC578-37BA-4CDB-B150-DAB0409270CD|F5B016C3-DE03-4097-B006-616E8EE832CE|4f59580d-1a16-4669-9ed5-4b89615d6903
EB657D0C-5E19-41D8-BAF3-DB814D58B41F|E3CDC578-37BA-4CDB-B150-DAB0409270CD|A2DA52F4-EDAE-4866-9228-634AFC4F5458|4f59580d-1a16-4669-9ed5-4b89615d6903
6FC52D4F-B526-42DF-8875-9975D13B591B|E3CDC578-37BA-4CDB-B150-DAB0409270CD|BBE08494-134E-4E03-B8B6-44D2C9AFF521|4f59580d-1a16-4669-9ed5-4b89615d6903
2289BB34-47FB-474B-B196-DB211EF068B6|E3CDC578-37BA-4CDB-B150-DAB0409270CD|D28063C0-F2B8-4A47-9817-19656004C279|4f59580d-1a16-4669-9ed5-4b89615d6903
1793BC4B-E267-4487-B42B-E5D8CA89F596|E3CDC578-37BA-4CDB-B150-DAB0409270CD|C72A3B1C-A13C-462C-BDB7-AFDEFF5F2DA8|4f59580d-1a16-4669-9ed5-4b89615d6903
B895C114-5A15-4AE6-9402-C7C9341B391D|E3CDC578-37BA-4CDB-B150-DAB0409270CD|9F22612B-A69B-41D3-8819-F71420D6DF2F|4f59580d-1a16-4669-9ed5-4b89615d6903
5FC3F24B-B637-4B9B-87D0-10C9CC69E7DA|E3CDC578-37BA-4CDB-B150-DAB0409270CD|E4CBA165-C6EE-4B1D-ADC8-C327B77B6B13|4f59580d-1a16-4669-9ed5-4b89615d6903
E4A1EF76-835E-4F44-855C-496762BFCAFB|E3CDC578-37BA-4CDB-B150-DAB0409270CD|F26BC70F-FDDC-4383-A8D9-E0E5457834D9|4f59580d-1a16-4669-9ed5-4b89615d6903
6CF5427C-7A96-4E52-8A9E-09AD1AAFE8CB|E3CDC578-37BA-4CDB-B150-DAB0409270CD|BDBD35C0-F0A5-46F8-AFFF-5F2BBC182C25|4f59580d-1a16-4669-9ed5-4b89615d6903
DAEB18B4-682A-47D5-92BB-26754470F91B|E3CDC578-37BA-4CDB-B150-DAB0409270CD|31638728-0D17-4D23-B876-FF238D90B7F9|4f59580d-1a16-4669-9ed5-4b89615d6903
CDA4A699-7C77-40EB-AE7D-63844BBA3787|E3CDC578-37BA-4CDB-B150-DAB0409270CD|172EE44D-088A-4766-A021-690628406CB9|4f59580d-1a16-4669-9ed5-4b89615d6903
094BB0C6-30DC-4018-B38F-B978C6FE83BC|E3CDC578-37BA-4CDB-B150-DAB0409270CD|582A7D9B-1159-40C5-B8EF-21173770BFA3|4f59580d-1a16-4669-9ed5-4b89615d6903
8228A5C0-3AAA-489D-BA5C-70EC04CA32B4|E3CDC578-37BA-4CDB-B150-DAB0409270CD|777CE711-981A-4613-AAA3-99E1140E90E9|4f59580d-1a16-4669-9ed5-4b89615d6903
E65F5D24-445B-44BC-B188-3298C9A6F5D7|E3CDC578-37BA-4CDB-B150-DAB0409270CD|289A87A1-3936-4012-9487-7B5598F672C9|4f59580d-1a16-4669-9ed5-4b89615d6903
45D385A3-7842-41F2-B48D-C14BD62DB3FE|E3CDC578-37BA-4CDB-B150-DAB0409270CD|F07D8FE7-DA87-40EB-A294-D06BDAC8F438|4f59580d-1a16-4669-9ed5-4b89615d6903
75A100F1-3786-4EDA-8534-D8A69BB0271C|E3CDC578-37BA-4CDB-B150-DAB0409270CD|A2678067-A7A3-4D10-A30C-C3789B180A70|4f59580d-1a16-4669-9ed5-4b89615d6903
4A50F4DB-9A7C-47F9-B5DC-5890D6769263|E3CDC578-37BA-4CDB-B150-DAB0409270CD|2F073061-C5C3-4359-B4DE-5E17D74D6620|4f59580d-1a16-4669-9ed5-4b89615d6903
4DF92DD5-A8E5-40C9-8654-71ECB600B348|E3CDC578-37BA-4CDB-B150-DAB0409270CD|539D4A11-2C5B-40BC-91A2-44998747E8AD|4f59580d-1a16-4669-9ed5-4b89615d6903
636C14D0-D9B5-4B94-B6BA-8F0120A0C7B2|E3CDC578-37BA-4CDB-B150-DAB0409270CD|EE943C52-EF11-4D6C-BEBF-CE5901394CB3|4f59580d-1a16-4669-9ed5-4b89615d6903
08353D32-6FE5-4137-B207-B8AE3C6819EE|E3CDC578-37BA-4CDB-B150-DAB0409270CD|743DB4A9-876D-4148-828D-A0CC23B736CC|4f59580d-1a16-4669-9ed5-4b89615d6903
C0CE195C-5BA4-444D-A310-EF417169980F|E3CDC578-37BA-4CDB-B150-DAB0409270CD|CE880C8E-C8D0-49A3-AA4A-8294F8F3F307|4f59580d-1a16-4669-9ed5-4b89615d6903
2720E5E7-8DE7-4E84-9518-CBFD5040C1A6|E3CDC578-37BA-4CDB-B150-DAB0409270CD|20CA9579-140F-4DAB-8587-30AEAD28B04E|4f59580d-1a16-4669-9ed5-4b89615d6903
63AB6314-4A21-4E60-837E-083D3CB09E62|E3CDC578-37BA-4CDB-B150-DAB0409270CD|505B0413-C444-4B53-99E2-BFA56F3F771A|4f59580d-1a16-4669-9ed5-4b89615d6903
916C9281-A883-4E6E-B752-01F3847AF1CD|E3CDC578-37BA-4CDB-B150-DAB0409270CD|A48C8714-0012-4AF0-AE0F-0C3932980FC5|4f59580d-1a16-4669-9ed5-4b89615d6903
D4A36416-0155-4998-A59B-4E7F3EBD6664|E3CDC578-37BA-4CDB-B150-DAB0409270CD|3DC2A34B-008C-4C2C-BD11-262FB0DA6BB3|4f59580d-1a16-4669-9ed5-4b89615d6903
2D14C783-9E42-4C5E-8267-5E3AFC51326E|E3CDC578-37BA-4CDB-B150-DAB0409270CD|5CF574B4-1464-4BEC-AD86-84639DE8EB1A|4f59580d-1a16-4669-9ed5-4b89615d6903
8FDD6DDE-7534-4871-BA7E-8B0E229EA5BF|E3CDC578-37BA-4CDB-B150-DAB0409270CD|7C3BAB0E-C09E-4238-B3C0-9FAF188A53B7|4f59580d-1a16-4669-9ed5-4b89615d6903
F3464A4D-CBC5-497E-AA49-2D46FC887052|E3CDC578-37BA-4CDB-B150-DAB0409270CD|CD23A751-4F7F-4CA4-9B98-CA509B1C9BE9|4f59580d-1a16-4669-9ed5-4b89615d6903
0E168DB1-B039-42A2-8AA2-4D67E55CC3C1|E3CDC578-37BA-4CDB-B150-DAB0409270CD|E3AC3BF6-7832-4CFA-A684-F866CFF1EC03|4f59580d-1a16-4669-9ed5-4b89615d6903
A6AD3E1B-98BA-4956-B938-9988BA1F1A5F|E3CDC578-37BA-4CDB-B150-DAB0409270CD|54A61629-5C00-42D7-9167-44AC3E6A1D49|4f59580d-1a16-4669-9ed5-4b89615d6903
0F95DC04-0CDF-480B-9BCA-B6E5A4CC5330|E3CDC578-37BA-4CDB-B150-DAB0409270CD|2F1D0FF2-D63F-42EC-B26C-728328BD2D2E|4f59580d-1a16-4669-9ed5-4b89615d6903
C3EB22B1-7618-4972-832C-3F7AB59A6409|E3CDC578-37BA-4CDB-B150-DAB0409270CD|6B6E166D-6F1C-4594-AC6F-220CC73C569A|4f59580d-1a16-4669-9ed5-4b89615d6903
571618C2-84A8-409E-8B35-761043D3FB26|E3CDC578-37BA-4CDB-B150-DAB0409270CD|3F6F8ACF-477F-4E93-9099-524272131150|4f59580d-1a16-4669-9ed5-4b89615d6903
3F426886-16C7-47ED-997E-A7E78D4390C2|E3CDC578-37BA-4CDB-B150-DAB0409270CD|CEAECA2A-D0DE-4E78-B663-2C2265C56E5A|4f59580d-1a16-4669-9ed5-4b89615d6903
2EAA25C6-39A3-45E7-93F4-CC19BECB6B0B|E3CDC578-37BA-4CDB-B150-DAB0409270CD|7193EB96-25D8-4FC0-AA1F-F76B0695AB1D|4f59580d-1a16-4669-9ed5-4b89615d6903
DB62D593-A04C-401A-B697-7CC6A798FABE|E3CDC578-37BA-4CDB-B150-DAB0409270CD|9BDEB2F2-AE2F-4D41-95A7-075FE76077C9|4f59580d-1a16-4669-9ed5-4b89615d6903
4FD45434-1873-446B-921F-301446659DAD|E3CDC578-37BA-4CDB-B150-DAB0409270CD|40CC3205-3CE2-4FB3-9331-5AC66B8FAA3D|4f59580d-1a16-4669-9ed5-4b89615d6903
03EF1E41-B785-4192-AB18-011C9CC227C0|E3CDC578-37BA-4CDB-B150-DAB0409270CD|0B19CA51-195B-4FF1-9BC0-2B75DA47A5B2|4f59580d-1a16-4669-9ed5-4b89615d6903
B6B29B47-8126-430F-8E44-C2BC1E6C195E|E3CDC578-37BA-4CDB-B150-DAB0409270CD|745823C6-C558-45D0-A477-B963799C8F28|4f59580d-1a16-4669-9ed5-4b89615d6903
DCA7092A-9886-457F-A537-3C46FA0DA095|E3CDC578-37BA-4CDB-B150-DAB0409270CD|9D3BEDC0-924F-434C-8CFE-4EF4EE2323C9|4f59580d-1a16-4669-9ed5-4b89615d6903
64FF92E9-242E-472B-9E67-57CD89898D0B|E3CDC578-37BA-4CDB-B150-DAB0409270CD|CC6D62A0-5AA0-46CA-A0AA-C0A651021BDA|4f59580d-1a16-4669-9ed5-4b89615d6903
B3A0651C-5B77-4F79-8B94-C4F8CF9549DF|E3CDC578-37BA-4CDB-B150-DAB0409270CD|E9E5C637-E205-4479-B0E8-4F547DEFE169|4f59580d-1a16-4669-9ed5-4b89615d6903
8FB1F42A-28D1-4353-AC56-B4231E584902|E3CDC578-37BA-4CDB-B150-DAB0409270CD|95251D87-568C-4B6B-9378-1018A934808A|4f59580d-1a16-4669-9ed5-4b89615d6903
A90751E8-4A79-48E4-9CE3-FA1BE4501161|E3CDC578-37BA-4CDB-B150-DAB0409270CD|3AA8BAE9-981D-406C-B388-81337EFB95C7|4f59580d-1a16-4669-9ed5-4b89615d6903
100A92B2-FEAE-488E-A206-73E48F887815|E3CDC578-37BA-4CDB-B150-DAB0409270CD|910AAFE9-54B0-42E3-8348-C1ADAA8EC4F6|4f59580d-1a16-4669-9ed5-4b89615d6903
FC71FC26-DDC0-4673-B10E-57482BAC875C|E3CDC578-37BA-4CDB-B150-DAB0409270CD|8297AE60-2986-4FEA-9ECD-253652CE5AAE|4f59580d-1a16-4669-9ed5-4b89615d6903
E51BDDC4-76D0-444A-873A-E95759FD6F31|E3CDC578-37BA-4CDB-B150-DAB0409270CD|19AA4B94-DFA8-46D9-9663-E84B2AEE6AAB|4f59580d-1a16-4669-9ed5-4b89615d6903
301E558A-6296-4CD6-A7D3-726F9B79CB79|E3CDC578-37BA-4CDB-B150-DAB0409270CD|B80DF118-2B28-4B7C-9B4F-0938CB025413|4f59580d-1a16-4669-9ed5-4b89615d6903
17553501-ED08-4771-924A-CCC8B70DCBA9|E3CDC578-37BA-4CDB-B150-DAB0409270CD|88598F8E-AFA3-40D3-A3AD-D4D7DE7DB538|4f59580d-1a16-4669-9ed5-4b89615d6903
DF5DC946-46C6-4273-81CA-3A61D0985FF0|E3CDC578-37BA-4CDB-B150-DAB0409270CD|4643C0D8-5534-4BE8-AF1A-7C7DFD0BA5DB|4f59580d-1a16-4669-9ed5-4b89615d6903
091721C7-ED88-4135-97BD-D770CFFC7E24|E3CDC578-37BA-4CDB-B150-DAB0409270CD|BC134D9A-C501-46EA-8578-AC197DC48A88|4f59580d-1a16-4669-9ed5-4b89615d6903
695C117E-BB94-4F77-A928-721FFC907C4F|E3CDC578-37BA-4CDB-B150-DAB0409270CD|B208DFF0-E0DE-4EDD-8682-852408D7E031|4f59580d-1a16-4669-9ed5-4b89615d6903
DBAE70F2-1D8B-4965-A458-57D80D0C32F1|E3CDC578-37BA-4CDB-B150-DAB0409270CD|1DFB8B07-F776-4A7A-9042-A1B6E0C3A970|4f59580d-1a16-4669-9ed5-4b89615d6903
BC4EF24C-E320-4F38-92A0-16EC77BEA34F|E3CDC578-37BA-4CDB-B150-DAB0409270CD|EA790CE4-0C54-4EEC-A6FA-F299E60517F5|4f59580d-1a16-4669-9ed5-4b89615d6903
7981C888-E88A-4A49-A835-11F7EF41FC30|E3CDC578-37BA-4CDB-B150-DAB0409270CD|12050094-A227-4531-BC57-F990E4285943|4f59580d-1a16-4669-9ed5-4b89615d6903
2F635CBF-FBD6-44BA-9C26-8E073D667450|E3CDC578-37BA-4CDB-B150-DAB0409270CD|9323CB91-A36D-460C-B5D0-2F440977CA44|4f59580d-1a16-4669-9ed5-4b89615d6903
ED0C3F2E-220F-4F52-9C88-8F4B823DFB29|E3CDC578-37BA-4CDB-B150-DAB0409270CD|0AF1C702-24AB-4024-B173-24C470078433|4f59580d-1a16-4669-9ed5-4b89615d6903
3819477A-4190-46D5-B0AE-CBE2588E91E3|E3CDC578-37BA-4CDB-B150-DAB0409270CD|D3AAD922-38D5-46D1-A331-1BF46D629479|4f59580d-1a16-4669-9ed5-4b89615d6903
DC62B916-0ED0-4CAD-BE0A-F29229C59E31|E3CDC578-37BA-4CDB-B150-DAB0409270CD|4B55AA3A-1B40-431F-8658-2F2367F2AE8F|4f59580d-1a16-4669-9ed5-4b89615d6903
BFD01C30-881B-4DD5-8052-5D0AC0112A08|E3CDC578-37BA-4CDB-B150-DAB0409270CD|81F2CC53-D7D2-44FC-922D-980D7DC11F37|4f59580d-1a16-4669-9ed5-4b89615d6903
3E8150DE-4BC7-4F54-B129-55D0DA3B5619|E3CDC578-37BA-4CDB-B150-DAB0409270CD|3EB16048-5FE7-4FDB-952D-C156C395534C|4f59580d-1a16-4669-9ed5-4b89615d6903
C4323252-EFDE-4570-9C0E-BBF7766BA317|E3CDC578-37BA-4CDB-B150-DAB0409270CD|8D0E34C2-E477-4CB8-8FBF-4D94EC4B043E|4f59580d-1a16-4669-9ed5-4b89615d6903
834BA7B0-9A9A-4853-8D78-BCC6102ECFEE|E3CDC578-37BA-4CDB-B150-DAB0409270CD|E2F64CC7-D0E4-421E-9FF4-3453624BE455|4f59580d-1a16-4669-9ed5-4b89615d6903
EA92F6B3-70A7-49B4-87B6-0E12233A75ED|E3CDC578-37BA-4CDB-B150-DAB0409270CD|C65A996F-D03D-4D96-9CE7-252175F01AFB|4f59580d-1a16-4669-9ed5-4b89615d6903
51F1EA55-4128-4BDA-B56C-58AFCE436CFB|E3CDC578-37BA-4CDB-B150-DAB0409270CD|754C2BDA-35B5-4799-8A2C-94E7C57CA8AB|4f59580d-1a16-4669-9ed5-4b89615d6903
78E050FA-ABE8-4F7A-BE9F-46AE757E15F0|E3CDC578-37BA-4CDB-B150-DAB0409270CD|12C5CC17-8C11-4572-AAB2-20E9A063C699|4f59580d-1a16-4669-9ed5-4b89615d6903
3FC45318-3559-4B07-9249-07F544A8BA1A|E3CDC578-37BA-4CDB-B150-DAB0409270CD|08F810FF-B734-48E0-A9C8-A5574F2AADA8|4f59580d-1a16-4669-9ed5-4b89615d6903
64711C28-D77C-4C99-AE30-3CDF7AE58276|E3CDC578-37BA-4CDB-B150-DAB0409270CD|51CBE1C4-1CA5-45FC-B707-921D1B38F018|4f59580d-1a16-4669-9ed5-4b89615d6903
00018DAC-7B51-4AAB-B7E7-20EC97C9D2DF|E3CDC578-37BA-4CDB-B150-DAB0409270CD|4FD1738D-3A86-455A-B971-C371D658B926|4f59580d-1a16-4669-9ed5-4b89615d6903
383CAE8B-60AE-47C3-92DF-EFC3EF211D46|E3CDC578-37BA-4CDB-B150-DAB0409270CD|908375E6-8E8B-4339-A2E3-39E2A1BFEE43|4f59580d-1a16-4669-9ed5-4b89615d6903
593834AC-6F25-46A0-879D-631153C6FC2A|E3CDC578-37BA-4CDB-B150-DAB0409270CD|83DA7896-B2F1-49A9-B75A-70CA04A97B68|4f59580d-1a16-4669-9ed5-4b89615d6903
7B1E12B1-1DA8-429F-B245-B9B57161AEBB|E3CDC578-37BA-4CDB-B150-DAB0409270CD|499ADCBF-9C19-4BE5-BA51-616B58BB05C3|4f59580d-1a16-4669-9ed5-4b89615d6903
52F93285-5361-433B-9E96-2B84A694EEEA|E3CDC578-37BA-4CDB-B150-DAB0409270CD|E59703FC-BA9B-4818-AD11-984D76210FE9|4f59580d-1a16-4669-9ed5-4b89615d6903
6B87EFB5-B86B-4FD6-AE29-09A0B63FD59F|E3CDC578-37BA-4CDB-B150-DAB0409270CD|66F6CF06-FACD-4A39-B5CF-5001F5D4194E|4f59580d-1a16-4669-9ed5-4b89615d6903
EB93C67A-1A4F-4F70-8F36-423DCDD85B13|E3CDC578-37BA-4CDB-B150-DAB0409270CD|97F05ACC-2A03-4AA8-ACB8-3F9FADCC9486|4f59580d-1a16-4669-9ed5-4b89615d6903
447DF5F0-97D1-4D53-ADEA-95AFE9C57B24|E3CDC578-37BA-4CDB-B150-DAB0409270CD|C7C8FA02-9451-47F9-95BF-4DDCBB60FFCF|4f59580d-1a16-4669-9ed5-4b89615d6903
6C6B3DB5-CCAE-4F43-BB5B-2ED401D2F89A|E3CDC578-37BA-4CDB-B150-DAB0409270CD|83FA197B-664B-4955-BD5E-8B074CBE63A3|4f59580d-1a16-4669-9ed5-4b89615d6903
B0BD750C-F190-41CB-9BDC-F0EA2A4D4FE6|E3CDC578-37BA-4CDB-B150-DAB0409270CD|794ABEAB-352A-4261-A218-EEF2EDFD5428|4f59580d-1a16-4669-9ed5-4b89615d6903
57BD7AFC-47D4-40BF-B701-46B949128B18|E3CDC578-37BA-4CDB-B150-DAB0409270CD|B5E2CA94-9BF5-47C4-B44E-36938F03EECC|4f59580d-1a16-4669-9ed5-4b89615d6903
321E67B7-D40A-48DD-BCA4-45BFFAB95D83|E3CDC578-37BA-4CDB-B150-DAB0409270CD|01A330A1-EA96-4D4F-BADD-622010A5CF74|4f59580d-1a16-4669-9ed5-4b89615d6903
EB026CCC-A450-4A0B-962C-E8088AE60803|E3CDC578-37BA-4CDB-B150-DAB0409270CD|989A7D0A-8D13-462D-AB3F-20FC93FC0610|4f59580d-1a16-4669-9ed5-4b89615d6903
98AA6B9D-CE70-4A80-B11E-B64DD9829644|E3CDC578-37BA-4CDB-B150-DAB0409270CD|42A26815-CF73-4AFE-B336-B1DBFE4C5DE8|4f59580d-1a16-4669-9ed5-4b89615d6903
F547DDD6-F4D0-4D13-851F-9BB1A43A3B06|E3CDC578-37BA-4CDB-B150-DAB0409270CD|6FB357B5-B6AB-4CBD-B717-47139C155C3A|4f59580d-1a16-4669-9ed5-4b89615d6903
244FCA0D-3CF8-4A2B-A57F-7FEC4296968C|E3CDC578-37BA-4CDB-B150-DAB0409270CD|230FD046-73F1-4958-9A82-D801610E11FA|4f59580d-1a16-4669-9ed5-4b89615d6903
0A327A99-852C-4786-9AE8-C6C6EBA7A1D4|E3CDC578-37BA-4CDB-B150-DAB0409270CD|0FE377D0-F95C-422C-B029-E7E75BB06A4B|4f59580d-1a16-4669-9ed5-4b89615d6903
C0064ECA-6FF8-474C-BDD3-75EC2BDCB9E5|E3CDC578-37BA-4CDB-B150-DAB0409270CD|F2E280C3-7CFA-4A6A-8598-B105812BD06F|4f59580d-1a16-4669-9ed5-4b89615d6903
5A66C973-7E07-497F-BDC8-9E852678C077|E3CDC578-37BA-4CDB-B150-DAB0409270CD|5C19B3DF-6F82-40B3-A11A-79FCCEE6B70B|4f59580d-1a16-4669-9ed5-4b89615d6903
35CFD71C-9221-49C3-9F1B-CFEC639BFBC2|E3CDC578-37BA-4CDB-B150-DAB0409270CD|9C80D7BE-52F5-4F72-8DE4-E37A0B7172F9|4f59580d-1a16-4669-9ed5-4b89615d6903
F6D0F526-4B88-4389-AFEB-38994FF59783|E3CDC578-37BA-4CDB-B150-DAB0409270CD|92D792CD-853C-4CCB-B423-CE6C620E65F4|4f59580d-1a16-4669-9ed5-4b89615d6903
B825009B-959F-4DC3-AC9D-A53C9E39636F|E3CDC578-37BA-4CDB-B150-DAB0409270CD|B470F594-3E52-4B5A-ACF4-E3EE432714E5|4f59580d-1a16-4669-9ed5-4b89615d6903
62B606A9-5FD7-47E9-BFD7-F2323213D567|E3CDC578-37BA-4CDB-B150-DAB0409270CD|B97BF159-E609-48CF-B3BD-F509E4A72043|4f59580d-1a16-4669-9ed5-4b89615d6903
CAA92827-35B9-44A3-8733-9220FAA7D18D|E3CDC578-37BA-4CDB-B150-DAB0409270CD|04BB856A-856E-43AE-B305-FD85AFBD2FFF|4f59580d-1a16-4669-9ed5-4b89615d6903
494183E1-5E9D-4B6B-BB18-0EBC1B1372E8|E3CDC578-37BA-4CDB-B150-DAB0409270CD|ADD9AA97-52E1-4117-92DE-DF1BFCAB00BC|4f59580d-1a16-4669-9ed5-4b89615d6903
25E47865-BA25-4E2B-A9FA-93CB6081A12F|E3CDC578-37BA-4CDB-B150-DAB0409270CD|6600539C-3A0B-45F8-A1B2-69F709D717D5|4f59580d-1a16-4669-9ed5-4b89615d6903
D2605E88-6995-4999-8391-D05C1D7DA90A|E3CDC578-37BA-4CDB-B150-DAB0409270CD|D9D3AE3C-E591-45B9-8779-74B5BB832186|4f59580d-1a16-4669-9ed5-4b89615d6903
0E499B4C-AE0F-41F6-A27D-64C0E08EE2B7|E3CDC578-37BA-4CDB-B150-DAB0409270CD|25798F46-9001-4CA9-9CC1-5BBCD885465B|4f59580d-1a16-4669-9ed5-4b89615d6903
49569C38-981F-46D6-B629-5617AFCBB7E1|E3CDC578-37BA-4CDB-B150-DAB0409270CD|0EABB394-4C93-47FC-A480-01F12E29BA27|4f59580d-1a16-4669-9ed5-4b89615d6903
52BDE2F7-3A3D-4301-9A6D-BE0AC33D993A|E3CDC578-37BA-4CDB-B150-DAB0409270CD|0B084961-A64F-41A1-A154-EC39C9039D89|4f59580d-1a16-4669-9ed5-4b89615d6903
24B04BB0-650C-442B-BB50-55977E12B2DB|E3CDC578-37BA-4CDB-B150-DAB0409270CD|2E696E43-12D8-4304-8E74-14C0F8239C8B|4f59580d-1a16-4669-9ed5-4b89615d6903
23CA414C-3F7C-45E2-A1F8-6F0E3D09D5AF|E3CDC578-37BA-4CDB-B150-DAB0409270CD|DB4A113F-DD71-4D65-BDD6-140EE8CFA057|4f59580d-1a16-4669-9ed5-4b89615d6903
C87C7D14-13AC-431B-BA0F-5769BA18598C|E3CDC578-37BA-4CDB-B150-DAB0409270CD|A7BFB70C-1537-4543-818E-1A26631EB726|4f59580d-1a16-4669-9ed5-4b89615d6903
27807276-8ABF-4158-ABEA-0E5DC902FE44|E3CDC578-37BA-4CDB-B150-DAB0409270CD|57B87F21-6FA6-4A6D-9B44-352C421399D2|4f59580d-1a16-4669-9ed5-4b89615d6903
79846F1C-D55E-467B-8005-A9418FDCBD74|E3CDC578-37BA-4CDB-B150-DAB0409270CD|3A5DAE15-6E75-49EB-A01E-BD0245CF5E49|4f59580d-1a16-4669-9ed5-4b89615d6903
31490132-B6F0-461A-964E-8AA52F32F44D|E3CDC578-37BA-4CDB-B150-DAB0409270CD|FB79819F-8376-4095-B7F7-AC1F0A0AC176|4f59580d-1a16-4669-9ed5-4b89615d6903
CEC4E419-C73B-49C5-BE43-FC88533028F7|E3CDC578-37BA-4CDB-B150-DAB0409270CD|221BF4A4-CAF5-4DD2-AF83-A77E631EF111|4f59580d-1a16-4669-9ed5-4b89615d6903
BB9428F8-F15D-4E18-9D9F-CAE3B7A710C3|E3CDC578-37BA-4CDB-B150-DAB0409270CD|7265407E-3324-4A80-846B-5C83BDFE24F1|4f59580d-1a16-4669-9ed5-4b89615d6903
435047B0-11D8-4952-B4B1-89A91A0CA384|E3CDC578-37BA-4CDB-B150-DAB0409270CD|6B7068BA-069E-4DBA-94FA-D79BC7EA1248|4f59580d-1a16-4669-9ed5-4b89615d6903
B5BDA522-D0D7-464D-9D62-8B4AFF72A4B5|E3CDC578-37BA-4CDB-B150-DAB0409270CD|D14B8BC3-9777-48D7-936C-376176C3BFE3|4f59580d-1a16-4669-9ed5-4b89615d6903
D05BF327-46F5-41E8-9DE1-95659FDAD091|E3CDC578-37BA-4CDB-B150-DAB0409270CD|5F43BD29-BE46-4C55-BA9E-0F195233EDED|4f59580d-1a16-4669-9ed5-4b89615d6903
2F12A14D-3B50-46FE-A6C3-7FB4654C6164|E3CDC578-37BA-4CDB-B150-DAB0409270CD|ACD7008B-EF21-483B-8379-54C8A4D3A866|4f59580d-1a16-4669-9ed5-4b89615d6903
DAA33954-DF45-43F9-A374-8A4773E25DA7|E3CDC578-37BA-4CDB-B150-DAB0409270CD|07F42ECC-7E24-4630-A5EC-4ED7FD3D9A0B|4f59580d-1a16-4669-9ed5-4b89615d6903
8BB54E2D-0066-4866-9BF1-4ADA86326B4C|E3CDC578-37BA-4CDB-B150-DAB0409270CD|50B56335-DA2C-400C-8788-1F665E5704D3|4f59580d-1a16-4669-9ed5-4b89615d6903
45A10626-C85F-4A7F-A9EE-24170D6DDC51|E3CDC578-37BA-4CDB-B150-DAB0409270CD|C4F52BB8-C0FB-400C-818B-1F4271249DE5|4f59580d-1a16-4669-9ed5-4b89615d6903
3E6DF1A6-364A-4679-B647-6F0B57DBAEFC|E3CDC578-37BA-4CDB-B150-DAB0409270CD|5E08A40F-9427-424B-9C7C-0FE5FD2BED32|4f59580d-1a16-4669-9ed5-4b89615d6903
1CD5FEF5-063E-469B-BED1-11A3EE65E8EB|E3CDC578-37BA-4CDB-B150-DAB0409270CD|36ED94CB-08DF-48CF-8DA2-CA6365ACBB0B|4f59580d-1a16-4669-9ed5-4b89615d6903
9169DA4D-3056-41D0-AFDB-5C555D27C205|E3CDC578-37BA-4CDB-B150-DAB0409270CD|366D7C25-51C5-4A0B-9128-A3F52FE6D5EE|4f59580d-1a16-4669-9ed5-4b89615d6903
CC062CA4-38E6-4D8D-AA37-39B2D60B7B74|E3CDC578-37BA-4CDB-B150-DAB0409270CD|B38A36EC-A66C-4738-9F86-56DECD1B160F|4f59580d-1a16-4669-9ed5-4b89615d6903
43941F0D-A87B-4FEC-B9E3-125B842A740E|E3CDC578-37BA-4CDB-B150-DAB0409270CD|27A748F4-C0CF-4BEF-821B-AB42D738622C|4f59580d-1a16-4669-9ed5-4b89615d6903
C55CB52D-CACE-4C8B-8818-B12BC7CCBF89|E3CDC578-37BA-4CDB-B150-DAB0409270CD|674E095E-B54C-4353-AC9E-BACE342C7D5B|4f59580d-1a16-4669-9ed5-4b89615d6903
A43584D0-B648-48A0-9A53-42B936F1C38A|E3CDC578-37BA-4CDB-B150-DAB0409270CD|20936997-90CE-4251-872B-AB9D91F71125|4f59580d-1a16-4669-9ed5-4b89615d6903
1629A3F4-9982-4548-9FA5-73E23319E3B3|E3CDC578-37BA-4CDB-B150-DAB0409270CD|0937EA44-F95B-4FF4-A4E0-2CA91CC60CAF|4f59580d-1a16-4669-9ed5-4b89615d6903
74500AC7-EED5-4BAF-86AF-ADA91D1221AE|E3CDC578-37BA-4CDB-B150-DAB0409270CD|93338C52-D8D1-4021-B48B-19F0B0E9B21E|4f59580d-1a16-4669-9ed5-4b89615d6903
4DEA9850-5F68-4840-9724-FA2C51DF4893|E3CDC578-37BA-4CDB-B150-DAB0409270CD|2AE44D35-CBC9-4442-B5BE-B8B0602657B2|4f59580d-1a16-4669-9ed5-4b89615d6903
1C3F74DC-1790-4222-BF5C-FF903D39FFE9|E3CDC578-37BA-4CDB-B150-DAB0409270CD|C25B83A9-792E-481E-BE0B-2C04DE97DE12|4f59580d-1a16-4669-9ed5-4b89615d6903
877D70C9-CB94-4352-B740-CC419EE3F020|E3CDC578-37BA-4CDB-B150-DAB0409270CD|FC786FD1-9C26-4783-A0B8-2F250F806610|4f59580d-1a16-4669-9ed5-4b89615d6903
E187057A-AD88-4D2D-BE61-9AFCC6A14B7B|E3CDC578-37BA-4CDB-B150-DAB0409270CD|AE9ED18A-8761-40CE-BA1E-B4F3D4274504|4f59580d-1a16-4669-9ed5-4b89615d6903
A496884F-5907-44DD-A95F-98374454B25C|E3CDC578-37BA-4CDB-B150-DAB0409270CD|8AACF062-36FE-4D43-895B-E1CFDFA4EE93|4f59580d-1a16-4669-9ed5-4b89615d6903
443C2D09-ECFE-4EBA-A02A-C3EE9A6F914F|E3CDC578-37BA-4CDB-B150-DAB0409270CD|F1D6D93A-51E3-4CEC-9470-A8941914E615|4f59580d-1a16-4669-9ed5-4b89615d6903
D90C2802-BAB6-4944-97C3-525D737C5234|E3CDC578-37BA-4CDB-B150-DAB0409270CD|C85DDFD1-62B2-4F6F-82D3-814EB99F49EE|4f59580d-1a16-4669-9ed5-4b89615d6903
DF5BBCC6-6242-418D-B68C-FDE1CDECE08A|E3CDC578-37BA-4CDB-B150-DAB0409270CD|457FC285-C47F-4DD3-8238-0A7922D2C660|4f59580d-1a16-4669-9ed5-4b89615d6903
45DC80B2-10A7-4466-B42F-728FADDB3DF3|E3CDC578-37BA-4CDB-B150-DAB0409270CD|0B6858E0-B265-4B7E-8744-9902FB7EE70B|4f59580d-1a16-4669-9ed5-4b89615d6903
558855EB-E9CB-457C-8942-74A8DA50E990|E3CDC578-37BA-4CDB-B150-DAB0409270CD|8A3E4154-6C02-45D8-92BD-80D11EC9BC20|4f59580d-1a16-4669-9ed5-4b89615d6903
3FD5143A-1122-47E0-A5E1-189F485B6F0D|E3CDC578-37BA-4CDB-B150-DAB0409270CD|C01FA99C-6A3E-4293-A462-E215F2FD1929|4f59580d-1a16-4669-9ed5-4b89615d6903
47B95A62-BB84-4205-8FCB-34F0D91B9C63|E3CDC578-37BA-4CDB-B150-DAB0409270CD|FBE28CB8-6B4E-4F50-A95D-F8E1C733A159|4f59580d-1a16-4669-9ed5-4b89615d6903
B2CFEF67-6CC4-408E-958E-2C05853808EF|E3CDC578-37BA-4CDB-B150-DAB0409270CD|717FD680-3AF4-463E-8006-204A086F6F9D|4f59580d-1a16-4669-9ed5-4b89615d6903
6DAFA9D6-2B6A-4725-A7E4-DFDFF6DBFFB8|E3CDC578-37BA-4CDB-B150-DAB0409270CD|79C746EC-C513-44B0-852B-6871DE7E3FA5|4f59580d-1a16-4669-9ed5-4b89615d6903
811B49DE-3B44-4750-835C-097CAE10F5F1|E3CDC578-37BA-4CDB-B150-DAB0409270CD|C4201204-DF2C-4870-8567-DCFEA0580C7C|4f59580d-1a16-4669-9ed5-4b89615d6903
6A475B54-45D0-4059-A002-47411620EFCF|E3CDC578-37BA-4CDB-B150-DAB0409270CD|1113FBB3-4FB1-42A5-9602-0F3E2B7799C7|4f59580d-1a16-4669-9ed5-4b89615d6903
0A2BFD9D-A108-4297-A3B2-9E7CF8DFDFED|E3CDC578-37BA-4CDB-B150-DAB0409270CD|C6C426F3-4F3C-4DAD-9EC4-A119F1086984|4f59580d-1a16-4669-9ed5-4b89615d6903
09CB71FA-0838-4F08-8930-0C3D856F1ED2|E3CDC578-37BA-4CDB-B150-DAB0409270CD|56BFD25E-DF52-4C85-B55D-EA3CE1EC8EF0|4f59580d-1a16-4669-9ed5-4b89615d6903
4ED023F8-10AF-4D6E-9F44-5D450B21AC47|E3CDC578-37BA-4CDB-B150-DAB0409270CD|5A283405-71D5-44EE-A8C2-CBB5820D9AC7|4f59580d-1a16-4669-9ed5-4b89615d6903
A6C100A7-7833-45E7-9BD4-769BC00F1803|E3CDC578-37BA-4CDB-B150-DAB0409270CD|B5C989AF-5853-4EF0-BDB8-6A9C7717644D|4f59580d-1a16-4669-9ed5-4b89615d6903
0F68A0EA-C960-4F25-B114-C531ABD8BC78|E3CDC578-37BA-4CDB-B150-DAB0409270CD|6D4BF323-E228-4796-BBEE-639AA86A2528|4f59580d-1a16-4669-9ed5-4b89615d6903
8E0B0172-DA4F-4074-BE0E-177499D695B2|E3CDC578-37BA-4CDB-B150-DAB0409270CD|991FD9DE-146D-495F-A8AA-603F5D269E7D|4f59580d-1a16-4669-9ed5-4b89615d6903
DF9BE69F-CAA1-4852-8ABB-F3E16D38819C|E3CDC578-37BA-4CDB-B150-DAB0409270CD|D3DB687E-FF09-4DFE-BC24-EF6747330FCA|4f59580d-1a16-4669-9ed5-4b89615d6903
88098095-7F7D-491A-9668-6202B5D49841|E3CDC578-37BA-4CDB-B150-DAB0409270CD|63D54CDE-47B6-4458-BC3F-F61BDC9D6A08|4f59580d-1a16-4669-9ed5-4b89615d6903
46AEC9D5-A1B4-4B3D-8AAB-F7C7829B0AFE|E3CDC578-37BA-4CDB-B150-DAB0409270CD|0D599C97-E6ED-46D9-A6AD-72005D67E856|4f59580d-1a16-4669-9ed5-4b89615d6903
C0098805-70FF-48C6-8FAF-C404F91D7D96|E3CDC578-37BA-4CDB-B150-DAB0409270CD|2AA629B7-CAC4-441A-911B-594218A3BF17|4f59580d-1a16-4669-9ed5-4b89615d6903
67D0F3FD-E78B-45D1-A664-5415AC65C146|E3CDC578-37BA-4CDB-B150-DAB0409270CD|4631F3CA-DBBC-4B5A-A3F5-25B224135395|4f59580d-1a16-4669-9ed5-4b89615d6903
F6A190C4-BF9A-441B-8EF6-C8E4FB63D346|E3CDC578-37BA-4CDB-B150-DAB0409270CD|CE456104-4DED-4CE2-970A-CFB0B976E324|4f59580d-1a16-4669-9ed5-4b89615d6903
780575A6-3CD0-4C34-8EDB-A6401202F5F1|E3CDC578-37BA-4CDB-B150-DAB0409270CD|1D970206-0C82-4021-918D-0CE6DD0AC955|4f59580d-1a16-4669-9ed5-4b89615d6903
50ACDA80-5D78-4EDE-A902-27EB8FBA63B8|E3CDC578-37BA-4CDB-B150-DAB0409270CD|D961EF8B-1F5E-40BD-8F6B-3FD878C61691|4f59580d-1a16-4669-9ed5-4b89615d6903
4CF31694-FAF3-4C29-AA81-4C316845B1F3|E3CDC578-37BA-4CDB-B150-DAB0409270CD|7E158943-92DF-46E3-8B2E-7973EC929C6C|4f59580d-1a16-4669-9ed5-4b89615d6903
2DBD8815-0CCE-49ED-BCDA-A88BF50C572F|E3CDC578-37BA-4CDB-B150-DAB0409270CD|F03AA506-8A07-4B79-9CE5-A9A987BD84FF|4f59580d-1a16-4669-9ed5-4b89615d6903
BC051549-87E5-4311-9279-DC27FD14377E|E3CDC578-37BA-4CDB-B150-DAB0409270CD|CDABD353-BB34-43A1-8615-94D111E520FB|4f59580d-1a16-4669-9ed5-4b89615d6903
DE466E60-01FC-427F-A8F3-7F25AD7A3C39|E3CDC578-37BA-4CDB-B150-DAB0409270CD|CBE51DD4-DADD-4C8C-B3BE-5404DD97C63F|4f59580d-1a16-4669-9ed5-4b89615d6903
15284A5A-6823-4EC8-8A31-9ADBFEF9FF58|E3CDC578-37BA-4CDB-B150-DAB0409270CD|C75EFC69-08FD-445F-B51B-3395FDEF4A95|4f59580d-1a16-4669-9ed5-4b89615d6903
B60802A5-1478-4BB9-83EE-6E9D6266DA01|E3CDC578-37BA-4CDB-B150-DAB0409270CD|ABAFB76A-8B72-4F60-849D-000245ADBA7F|4f59580d-1a16-4669-9ed5-4b89615d6903
24059746-EC07-4D7D-9581-F8D4EDBE24A5|E3CDC578-37BA-4CDB-B150-DAB0409270CD|A6992B16-33F4-44EC-9B3E-C7E3E244A116|4f59580d-1a16-4669-9ed5-4b89615d6903
97CD0256-88E1-44BB-8E2B-6E4996ED289D|E3CDC578-37BA-4CDB-B150-DAB0409270CD|5558DF52-C470-46BD-A2B3-E9FFA52B4E70|4f59580d-1a16-4669-9ed5-4b89615d6903
18D5093E-0EAE-4FE5-8850-3FE75B6EE204|E3CDC578-37BA-4CDB-B150-DAB0409270CD|0D45D7CB-1FB8-44F6-856F-9A60EE0E8620|4f59580d-1a16-4669-9ed5-4b89615d6903
56E7BA8C-6B88-4EE7-AB7A-AD263EBB5D86|E3CDC578-37BA-4CDB-B150-DAB0409270CD|532F2337-E49A-4804-9C6C-422271B46E36|4f59580d-1a16-4669-9ed5-4b89615d6903
9015B61D-5D3D-4A8E-B929-6CF0AE2FAFA0|E3CDC578-37BA-4CDB-B150-DAB0409270CD|B3D6957B-0DAE-4E1B-A244-09C33F6FEF80|4f59580d-1a16-4669-9ed5-4b89615d6903
B3D63483-5F0D-4B19-B844-2E029434B47A|E3CDC578-37BA-4CDB-B150-DAB0409270CD|4F218688-6DE5-4E69-8690-66FBA2F0DC9F|552c0a24-6038-440f-add5-2dadfb9a23bd
7DE1E36A-0BC0-473D-923E-1368F511C86F|E3CDC578-37BA-4CDB-B150-DAB0409270CD|A195BAF6-D6E7-43A5-B7C9-D6C627A42815|552c0a24-6038-440f-add5-2dadfb9a23bd
0CC1941E-B59F-46DE-ABE3-060902C71D64|E3CDC578-37BA-4CDB-B150-DAB0409270CD|8A1B5BDB-9589-4207-8345-A811FC18B2C9|552c0a24-6038-440f-add5-2dadfb9a23bd
6F7E3FFC-9E68-4759-B78E-FC1F753E1D05|E3CDC578-37BA-4CDB-B150-DAB0409270CD|AEED7469-F7AF-41E6-B24C-13B1D74E1026|552c0a24-6038-440f-add5-2dadfb9a23bd
95FAB365-0E91-477E-910C-BC9E18BD9366|E3CDC578-37BA-4CDB-B150-DAB0409270CD|CF64EBB2-BCC2-4EAA-B1C8-060EEE3284F3|552c0a24-6038-440f-add5-2dadfb9a23bd
52C4379C-4A84-4A7A-BD68-FE46DE20E8D2|E3CDC578-37BA-4CDB-B150-DAB0409270CD|7BF6983F-CF8D-4897-8122-7CCD0F778CAF|552c0a24-6038-440f-add5-2dadfb9a23bd
72D0D7D8-78DD-4D67-9F04-7C43B52FD125|E3CDC578-37BA-4CDB-B150-DAB0409270CD|87D0EA99-7042-4867-A4B7-C31E7665DE5E|552c0a24-6038-440f-add5-2dadfb9a23bd
B71F9A3F-91D2-4634-A49C-BEB706F69469|E3CDC578-37BA-4CDB-B150-DAB0409270CD|6912F4C6-9370-440A-BA87-11A8426BA92C|552c0a24-6038-440f-add5-2dadfb9a23bd
48041CA1-0A2C-4628-8FBF-7FF19518353E|E3CDC578-37BA-4CDB-B150-DAB0409270CD|91318D8C-8150-49B4-A473-CF97F104F6B7|552c0a24-6038-440f-add5-2dadfb9a23bd
71AD4CD1-9570-4AF1-A2AD-2E8438BE8043|E3CDC578-37BA-4CDB-B150-DAB0409270CD|DD9AF1EF-EEEC-49D3-A43F-802D7028BFD7|552c0a24-6038-440f-add5-2dadfb9a23bd
0B43619B-55A2-455B-B1CC-052C9CAF8F0E|E3CDC578-37BA-4CDB-B150-DAB0409270CD|62BC85B5-306F-4740-A215-48470CA31288|552c0a24-6038-440f-add5-2dadfb9a23bd
CB7B4B2A-5BFF-4C7F-9861-C540FCCEBA1C|E3CDC578-37BA-4CDB-B150-DAB0409270CD|B2EEF18D-EE0A-4CA1-B6FE-B82F863D81B4|552c0a24-6038-440f-add5-2dadfb9a23bd
6FA2D867-E5F9-4F7B-8A2D-658A8225CF72|E3CDC578-37BA-4CDB-B150-DAB0409270CD|29A012E5-CDE3-45D8-9BB0-A25D3DBF0A92|552c0a24-6038-440f-add5-2dadfb9a23bd
F7DD0CD3-2FC0-4E86-B067-EC000AF3AB81|E3CDC578-37BA-4CDB-B150-DAB0409270CD|423C391C-4944-43F4-9034-9C6818E9C1A2|552c0a24-6038-440f-add5-2dadfb9a23bd
3D2411C6-58BC-4059-8F0C-A1E74735826B|E3CDC578-37BA-4CDB-B150-DAB0409270CD|F67E977A-0102-4758-91E8-9782A570E75D|552c0a24-6038-440f-add5-2dadfb9a23bd
84C551A6-7660-4B6A-8B16-F506F638444C|E3CDC578-37BA-4CDB-B150-DAB0409270CD|EF70C8D3-6866-4F6E-8FC2-10665A8D9B12|552c0a24-6038-440f-add5-2dadfb9a23bd
D9A525EE-5E57-4763-A82C-2708676CE6FA|E3CDC578-37BA-4CDB-B150-DAB0409270CD|123264D0-464E-4032-BEA5-CFECA81410C9|552c0a24-6038-440f-add5-2dadfb9a23bd
AD0E66CB-2DCC-4127-8F16-76F987E2CE48|E3CDC578-37BA-4CDB-B150-DAB0409270CD|CA1F032F-1CA2-4DCE-8AAA-CB284E167A3E|552c0a24-6038-440f-add5-2dadfb9a23bd
04EEDFCB-1186-4ACC-86CE-4213A510EF6C|E3CDC578-37BA-4CDB-B150-DAB0409270CD|72A995F4-0C94-4FAA-8A43-2277B02B97D1|552c0a24-6038-440f-add5-2dadfb9a23bd
6BE630C6-382C-44D5-9690-B70848675A64|E3CDC578-37BA-4CDB-B150-DAB0409270CD|0DE968C9-7309-C481-58F7-AB6CDB1011EF|552c0a24-6038-440f-add5-2dadfb9a23bd
6555511B-5D78-4EA7-9C2C-58A0B059D402|E3CDC578-37BA-4CDB-B150-DAB0409270CD|C1F2964E-9DD5-4B7A-86BD-E7FCAFB9D9D9|552c0a24-6038-440f-add5-2dadfb9a23bd
755284FA-A102-4119-AC40-8482849FD1E2|E3CDC578-37BA-4CDB-B150-DAB0409270CD|E4D9BF24-8574-463D-A816-A21CEC6CD548|552c0a24-6038-440f-add5-2dadfb9a23bd
DC8755E1-5A53-4043-AC6E-63CB5BD1DAB9|E3CDC578-37BA-4CDB-B150-DAB0409270CD|40F82118-26E7-4CCC-8456-195B5F009478|552c0a24-6038-440f-add5-2dadfb9a23bd
42525159-CAD4-4F61-A462-66634585E397|E3CDC578-37BA-4CDB-B150-DAB0409270CD|0420916C-304D-4EB8-A847-8B4729E915C1|552c0a24-6038-440f-add5-2dadfb9a23bd
0C5C1D1F-CF14-4970-BC68-E7D93E7C09BD|E3CDC578-37BA-4CDB-B150-DAB0409270CD|199C78A9-4708-451E-8C87-8E6B4F47AAD9|552c0a24-6038-440f-add5-2dadfb9a23bd
C9342462-6D46-4668-8A33-CEF088E34C78|E3CDC578-37BA-4CDB-B150-DAB0409270CD|B404AA65-25A3-40B0-8462-D377A926354F|552c0a24-6038-440f-add5-2dadfb9a23bd
321313C6-F016-4399-9858-1459F78AF13A|E3CDC578-37BA-4CDB-B150-DAB0409270CD|B7B6D6E6-84B1-47F6-AA1B-AA34AEB7D236|552c0a24-6038-440f-add5-2dadfb9a23bd
DD4EEC49-0FDB-4979-8810-B5A5EC9D116F|E3CDC578-37BA-4CDB-B150-DAB0409270CD|7559C867-A833-4DA2-816B-51D4636033A3|552c0a24-6038-440f-add5-2dadfb9a23bd
353D182C-0697-4D90-8408-7E818EFF84E7|E3CDC578-37BA-4CDB-B150-DAB0409270CD|7FC3A038-C5DE-4DEE-AE2D-E2ED230AB328|552c0a24-6038-440f-add5-2dadfb9a23bd
24C0C553-B6B2-4138-84F9-CB150404CF63|E3CDC578-37BA-4CDB-B150-DAB0409270CD|4A4D0394-0FBD-4014-98A5-D3CE9161A568|552c0a24-6038-440f-add5-2dadfb9a23bd
F74ECC46-1A3B-4843-93D4-AB7A81899CF3|E3CDC578-37BA-4CDB-B150-DAB0409270CD|CB0EF175-8A57-49D7-A1D4-89D0C6E3A497|552c0a24-6038-440f-add5-2dadfb9a23bd
892C80E3-5942-4EA5-B921-4A3258BA2488|E3CDC578-37BA-4CDB-B150-DAB0409270CD|309B97E9-72AB-4FD0-A282-8410413ACE46|552c0a24-6038-440f-add5-2dadfb9a23bd
867EF2D3-DC82-4A10-8957-994533E09D93|E3CDC578-37BA-4CDB-B150-DAB0409270CD|307ED34F-D6B5-4EE8-AB44-543305B12085|552c0a24-6038-440f-add5-2dadfb9a23bd
575E1443-C360-413E-A20F-2347F3CF187E|E3CDC578-37BA-4CDB-B150-DAB0409270CD|97BAC717-C0A7-47F7-9918-C56658E6D792|552c0a24-6038-440f-add5-2dadfb9a23bd
AE1A8B8D-CA1F-45EF-A2F2-E9CB796B2702|E3CDC578-37BA-4CDB-B150-DAB0409270CD|466D93AD-B0D7-4B29-89C0-569A421763D6|552c0a24-6038-440f-add5-2dadfb9a23bd
9B7A1E28-F9CD-4D75-8177-AAD36329FBAE|E3CDC578-37BA-4CDB-B150-DAB0409270CD|41C68FA5-4A98-4BB2-B702-68DD844F92B0|552c0a24-6038-440f-add5-2dadfb9a23bd
3661047A-4DDD-47E5-85C9-2B7F38FCB218|E3CDC578-37BA-4CDB-B150-DAB0409270CD|9208D11F-98E8-47B8-8DFC-4215FC2EF127|552c0a24-6038-440f-add5-2dadfb9a23bd
D7C389B8-F091-4A66-A981-1E0A4351862D|E3CDC578-37BA-4CDB-B150-DAB0409270CD|3013780A-61AD-4BAA-8666-C89CC1A555F8|552c0a24-6038-440f-add5-2dadfb9a23bd
79F5BDC2-2EAE-4CA7-9AEE-210876C3CBD7|E3CDC578-37BA-4CDB-B150-DAB0409270CD|3C14C92D-9113-4289-8A69-564BF3F3D871|552c0a24-6038-440f-add5-2dadfb9a23bd
227984F4-DDA0-4954-A1F3-3683D89B4B99|E3CDC578-37BA-4CDB-B150-DAB0409270CD|E9888085-FD91-4551-9274-50BA485A9637|552c0a24-6038-440f-add5-2dadfb9a23bd
49FD05DE-45F5-4A20-BD81-AE7FC05EE61F|E3CDC578-37BA-4CDB-B150-DAB0409270CD|DDAD0F9E-C85B-462D-8A57-FCE97AEE4EF0|552c0a24-6038-440f-add5-2dadfb9a23bd
5DA6DC99-CC74-4A6A-A0D5-80A9AC9D104F|E3CDC578-37BA-4CDB-B150-DAB0409270CD|6799DC5E-5CEB-4D60-BD75-EAA9FFFDE30F|552c0a24-6038-440f-add5-2dadfb9a23bd
EA4DAD5F-6834-44E4-AF79-68E1A692F0EE|E3CDC578-37BA-4CDB-B150-DAB0409270CD|85728858-0D2E-4DA6-9901-941B737421E5|552c0a24-6038-440f-add5-2dadfb9a23bd
5DFE269B-0E45-4F7F-B97C-48BD62F58615|E3CDC578-37BA-4CDB-B150-DAB0409270CD|2A4FD176-029E-4DA0-A08A-036BF438EDE7|552c0a24-6038-440f-add5-2dadfb9a23bd
18E07DBC-4F24-4C53-B774-9086DB3EDA95|E3CDC578-37BA-4CDB-B150-DAB0409270CD|1381D1CA-EB72-4D72-A793-D692BE1483C9|552c0a24-6038-440f-add5-2dadfb9a23bd
1212A320-ABC0-40E8-90AA-3C0922C05893|E3CDC578-37BA-4CDB-B150-DAB0409270CD|81B20DD2-7462-47FB-B597-1BDAA8A9F0EF|552c0a24-6038-440f-add5-2dadfb9a23bd
2737F14C-9C66-4FBB-9966-EA0399452112|E3CDC578-37BA-4CDB-B150-DAB0409270CD|0BB327CC-1E4B-497E-9A77-7A49419D95C7|552c0a24-6038-440f-add5-2dadfb9a23bd
6EC7A160-F4C8-4E23-A599-2D656FB81B07|E3CDC578-37BA-4CDB-B150-DAB0409270CD|AA1B14EB-5CA0-4FA1-B665-697342B2782D|552c0a24-6038-440f-add5-2dadfb9a23bd
69F139E8-BB71-4ED0-80E0-8DB978D3213D|E3CDC578-37BA-4CDB-B150-DAB0409270CD|5B3BD314-7489-4F0E-8BD8-35DF4DF3FC5C|552c0a24-6038-440f-add5-2dadfb9a23bd
0183F939-BEFC-4457-BD48-4A998214B2DF|E3CDC578-37BA-4CDB-B150-DAB0409270CD|89AE9658-3882-484D-B1D5-9E13F554DF2B|552c0a24-6038-440f-add5-2dadfb9a23bd
4F4AF622-DE25-44C1-9953-91400C5911B2|E3CDC578-37BA-4CDB-B150-DAB0409270CD|87671173-70A4-435F-8C3F-14695782B8CF|552c0a24-6038-440f-add5-2dadfb9a23bd
BE3439EA-CA5D-4CA8-81A2-F4B949A37390|E3CDC578-37BA-4CDB-B150-DAB0409270CD|3AD1F311-C539-4FED-B840-6B6081BDB2E7|552c0a24-6038-440f-add5-2dadfb9a23bd
13B0487F-A3B5-41CE-81E3-2177BE37C2D1|E3CDC578-37BA-4CDB-B150-DAB0409270CD|90342A1E-0084-4EB2-9D11-2191B59FA1A6|552c0a24-6038-440f-add5-2dadfb9a23bd
CBAD26DE-2CF2-4D05-B08B-AB4A8D6B14D0|E3CDC578-37BA-4CDB-B150-DAB0409270CD|799CA5BA-3FA6-4773-BC2E-3C68E1213AC6|552c0a24-6038-440f-add5-2dadfb9a23bd
0F1430B4-5E16-4142-93E2-467E7C841156|E3CDC578-37BA-4CDB-B150-DAB0409270CD|91DA9E7C-CAA1-4438-A1D7-DD071CFAFF8F|552c0a24-6038-440f-add5-2dadfb9a23bd
407F86BE-3F65-4513-972E-1B166CDF9775|E3CDC578-37BA-4CDB-B150-DAB0409270CD|11FFC61B-DCDB-4DEE-B9C5-E9DD22B9E575|552c0a24-6038-440f-add5-2dadfb9a23bd
D1C2EF4F-8994-44F0-B832-F22538DEFB05|E3CDC578-37BA-4CDB-B150-DAB0409270CD|91DAFF4B-C8B9-4B46-A971-E66955D66332|552c0a24-6038-440f-add5-2dadfb9a23bd
5418BDD2-5034-47E9-A25D-11C074C0636C|E3CDC578-37BA-4CDB-B150-DAB0409270CD|F5B016C3-DE03-4097-B006-616E8EE832CE|552c0a24-6038-440f-add5-2dadfb9a23bd
4C24F5B8-8A8C-4D15-92B9-3C7BC2CA6431|E3CDC578-37BA-4CDB-B150-DAB0409270CD|A2DA52F4-EDAE-4866-9228-634AFC4F5458|552c0a24-6038-440f-add5-2dadfb9a23bd
CF2D6939-9984-4932-91D1-3831670D83A4|E3CDC578-37BA-4CDB-B150-DAB0409270CD|BBE08494-134E-4E03-B8B6-44D2C9AFF521|552c0a24-6038-440f-add5-2dadfb9a23bd
99CC733B-9C87-4C38-8B4F-4190A3542A2B|E3CDC578-37BA-4CDB-B150-DAB0409270CD|D28063C0-F2B8-4A47-9817-19656004C279|552c0a24-6038-440f-add5-2dadfb9a23bd
F870CBA9-916D-4756-856B-F7929DF7D0CA|E3CDC578-37BA-4CDB-B150-DAB0409270CD|C72A3B1C-A13C-462C-BDB7-AFDEFF5F2DA8|552c0a24-6038-440f-add5-2dadfb9a23bd
0DB4F169-19BC-419F-9FA9-0E36A1436751|E3CDC578-37BA-4CDB-B150-DAB0409270CD|9F22612B-A69B-41D3-8819-F71420D6DF2F|552c0a24-6038-440f-add5-2dadfb9a23bd
5B8627B3-986D-462E-A490-03A13B2D0177|E3CDC578-37BA-4CDB-B150-DAB0409270CD|E4CBA165-C6EE-4B1D-ADC8-C327B77B6B13|552c0a24-6038-440f-add5-2dadfb9a23bd
B6FE7AF4-2D53-47A6-A391-768D82439E82|E3CDC578-37BA-4CDB-B150-DAB0409270CD|F26BC70F-FDDC-4383-A8D9-E0E5457834D9|552c0a24-6038-440f-add5-2dadfb9a23bd
2AF1862E-7965-4FB8-A427-F1AABEF9EA1B|E3CDC578-37BA-4CDB-B150-DAB0409270CD|BDBD35C0-F0A5-46F8-AFFF-5F2BBC182C25|552c0a24-6038-440f-add5-2dadfb9a23bd
AB3A71F4-8E1E-4F69-A284-E2D8322F10DA|E3CDC578-37BA-4CDB-B150-DAB0409270CD|31638728-0D17-4D23-B876-FF238D90B7F9|552c0a24-6038-440f-add5-2dadfb9a23bd
440D97C2-5469-4F0D-BB44-7622F4737612|E3CDC578-37BA-4CDB-B150-DAB0409270CD|172EE44D-088A-4766-A021-690628406CB9|552c0a24-6038-440f-add5-2dadfb9a23bd
25F0E41D-9F4A-4837-BBDF-9B1A128086CC|E3CDC578-37BA-4CDB-B150-DAB0409270CD|582A7D9B-1159-40C5-B8EF-21173770BFA3|552c0a24-6038-440f-add5-2dadfb9a23bd
920C231B-7FD1-4F76-9CA1-8F39B3AD5DC9|E3CDC578-37BA-4CDB-B150-DAB0409270CD|777CE711-981A-4613-AAA3-99E1140E90E9|552c0a24-6038-440f-add5-2dadfb9a23bd
0A483C1F-4464-443D-9AF3-3BDD8659CA49|E3CDC578-37BA-4CDB-B150-DAB0409270CD|289A87A1-3936-4012-9487-7B5598F672C9|552c0a24-6038-440f-add5-2dadfb9a23bd
6D312ABA-330B-49D5-B8B3-A84A8CBABD4A|E3CDC578-37BA-4CDB-B150-DAB0409270CD|F07D8FE7-DA87-40EB-A294-D06BDAC8F438|552c0a24-6038-440f-add5-2dadfb9a23bd
90C3049B-CBB8-48D1-8588-52D5EFF505F8|E3CDC578-37BA-4CDB-B150-DAB0409270CD|A2678067-A7A3-4D10-A30C-C3789B180A70|552c0a24-6038-440f-add5-2dadfb9a23bd
DA2F2FCF-C145-4C04-9E2C-26F53CE8346A|E3CDC578-37BA-4CDB-B150-DAB0409270CD|2F073061-C5C3-4359-B4DE-5E17D74D6620|552c0a24-6038-440f-add5-2dadfb9a23bd
2AE353CF-3595-4162-A90E-0FEF25835CFE|E3CDC578-37BA-4CDB-B150-DAB0409270CD|539D4A11-2C5B-40BC-91A2-44998747E8AD|552c0a24-6038-440f-add5-2dadfb9a23bd
ACEA9A6E-99B3-49EF-B2B9-1C19DF9CE9A6|E3CDC578-37BA-4CDB-B150-DAB0409270CD|EE943C52-EF11-4D6C-BEBF-CE5901394CB3|552c0a24-6038-440f-add5-2dadfb9a23bd
E076DA1C-1FB1-45B5-BFF1-028BBCB6805D|E3CDC578-37BA-4CDB-B150-DAB0409270CD|743DB4A9-876D-4148-828D-A0CC23B736CC|552c0a24-6038-440f-add5-2dadfb9a23bd
BBA9AAC5-3513-45DA-97ED-A3EBAF25D137|E3CDC578-37BA-4CDB-B150-DAB0409270CD|CE880C8E-C8D0-49A3-AA4A-8294F8F3F307|552c0a24-6038-440f-add5-2dadfb9a23bd
3A588C54-1993-4799-AA01-545940CF49AD|E3CDC578-37BA-4CDB-B150-DAB0409270CD|20CA9579-140F-4DAB-8587-30AEAD28B04E|552c0a24-6038-440f-add5-2dadfb9a23bd
DD2632F8-B23B-4B8F-B6FB-DCBD05F25C97|E3CDC578-37BA-4CDB-B150-DAB0409270CD|505B0413-C444-4B53-99E2-BFA56F3F771A|552c0a24-6038-440f-add5-2dadfb9a23bd
B8B0E75B-469F-4034-83D2-B2305EC8D0DD|E3CDC578-37BA-4CDB-B150-DAB0409270CD|A48C8714-0012-4AF0-AE0F-0C3932980FC5|552c0a24-6038-440f-add5-2dadfb9a23bd
DC9A067E-BC64-405A-9008-EBE79C58FF22|E3CDC578-37BA-4CDB-B150-DAB0409270CD|3DC2A34B-008C-4C2C-BD11-262FB0DA6BB3|552c0a24-6038-440f-add5-2dadfb9a23bd
16964B72-C35C-40D9-842D-C6EC1AB4E8B4|E3CDC578-37BA-4CDB-B150-DAB0409270CD|5CF574B4-1464-4BEC-AD86-84639DE8EB1A|552c0a24-6038-440f-add5-2dadfb9a23bd
ADDB1D51-37A0-4A1D-8D06-E6D1BB48D79A|E3CDC578-37BA-4CDB-B150-DAB0409270CD|7C3BAB0E-C09E-4238-B3C0-9FAF188A53B7|552c0a24-6038-440f-add5-2dadfb9a23bd
1BF18E9C-AA23-4DB3-B684-DFA9177714E5|E3CDC578-37BA-4CDB-B150-DAB0409270CD|CD23A751-4F7F-4CA4-9B98-CA509B1C9BE9|552c0a24-6038-440f-add5-2dadfb9a23bd
FB8834C9-488E-47CC-83C5-A1BA7954B28D|E3CDC578-37BA-4CDB-B150-DAB0409270CD|E3AC3BF6-7832-4CFA-A684-F866CFF1EC03|552c0a24-6038-440f-add5-2dadfb9a23bd
1FDEC18B-97B1-4E86-953F-AA139C52D657|E3CDC578-37BA-4CDB-B150-DAB0409270CD|54A61629-5C00-42D7-9167-44AC3E6A1D49|552c0a24-6038-440f-add5-2dadfb9a23bd
1E2EEC26-8802-4CE4-AB0C-2FE02FE4FF7C|E3CDC578-37BA-4CDB-B150-DAB0409270CD|2F1D0FF2-D63F-42EC-B26C-728328BD2D2E|552c0a24-6038-440f-add5-2dadfb9a23bd
C71BDB19-E2D3-4118-AA55-05D606F8C55F|E3CDC578-37BA-4CDB-B150-DAB0409270CD|6B6E166D-6F1C-4594-AC6F-220CC73C569A|552c0a24-6038-440f-add5-2dadfb9a23bd
336A7C96-4F1B-42CC-B54B-6469E3F9455D|E3CDC578-37BA-4CDB-B150-DAB0409270CD|3F6F8ACF-477F-4E93-9099-524272131150|552c0a24-6038-440f-add5-2dadfb9a23bd
5B90BC96-CF3D-429C-A5B1-DACA5A85A9E4|E3CDC578-37BA-4CDB-B150-DAB0409270CD|CEAECA2A-D0DE-4E78-B663-2C2265C56E5A|552c0a24-6038-440f-add5-2dadfb9a23bd
0696B98B-34BA-4DA5-8C1A-4D62C6C7AE2A|E3CDC578-37BA-4CDB-B150-DAB0409270CD|7193EB96-25D8-4FC0-AA1F-F76B0695AB1D|552c0a24-6038-440f-add5-2dadfb9a23bd
47F34C35-C3CE-469C-97E0-17B426395035|E3CDC578-37BA-4CDB-B150-DAB0409270CD|9BDEB2F2-AE2F-4D41-95A7-075FE76077C9|552c0a24-6038-440f-add5-2dadfb9a23bd
5C730B05-DC07-42EA-8516-FDEDD9045B2E|E3CDC578-37BA-4CDB-B150-DAB0409270CD|40CC3205-3CE2-4FB3-9331-5AC66B8FAA3D|552c0a24-6038-440f-add5-2dadfb9a23bd
0E989A99-8BFA-4C51-8140-52DECA1133E3|E3CDC578-37BA-4CDB-B150-DAB0409270CD|0B19CA51-195B-4FF1-9BC0-2B75DA47A5B2|552c0a24-6038-440f-add5-2dadfb9a23bd
21BA8711-5683-4D98-9CA3-6C8FFD714352|E3CDC578-37BA-4CDB-B150-DAB0409270CD|745823C6-C558-45D0-A477-B963799C8F28|552c0a24-6038-440f-add5-2dadfb9a23bd
3EC5B754-3D96-4727-87E2-917173D2A6AD|E3CDC578-37BA-4CDB-B150-DAB0409270CD|9D3BEDC0-924F-434C-8CFE-4EF4EE2323C9|552c0a24-6038-440f-add5-2dadfb9a23bd
8BA1D652-2B2D-4081-BB7F-E6B15DFAC7E3|E3CDC578-37BA-4CDB-B150-DAB0409270CD|CC6D62A0-5AA0-46CA-A0AA-C0A651021BDA|552c0a24-6038-440f-add5-2dadfb9a23bd
36AF592A-9263-4DC9-B288-47E781299336|E3CDC578-37BA-4CDB-B150-DAB0409270CD|E9E5C637-E205-4479-B0E8-4F547DEFE169|552c0a24-6038-440f-add5-2dadfb9a23bd
098F23FC-A704-4620-91A4-97E35B388ADB|E3CDC578-37BA-4CDB-B150-DAB0409270CD|95251D87-568C-4B6B-9378-1018A934808A|552c0a24-6038-440f-add5-2dadfb9a23bd
4C4F0F7F-38E5-48DB-9FD4-7F66F921A945|E3CDC578-37BA-4CDB-B150-DAB0409270CD|3AA8BAE9-981D-406C-B388-81337EFB95C7|552c0a24-6038-440f-add5-2dadfb9a23bd
F51E8C5D-0BFA-4B21-8129-05663B47F033|E3CDC578-37BA-4CDB-B150-DAB0409270CD|910AAFE9-54B0-42E3-8348-C1ADAA8EC4F6|552c0a24-6038-440f-add5-2dadfb9a23bd
2DBD2039-C2F4-4D4C-9D40-92D3C3E2D59C|E3CDC578-37BA-4CDB-B150-DAB0409270CD|8297AE60-2986-4FEA-9ECD-253652CE5AAE|552c0a24-6038-440f-add5-2dadfb9a23bd
65C2D95D-80C8-4A6D-8E31-DC6274F6F3DD|E3CDC578-37BA-4CDB-B150-DAB0409270CD|19AA4B94-DFA8-46D9-9663-E84B2AEE6AAB|552c0a24-6038-440f-add5-2dadfb9a23bd
01EB8120-A5F8-4742-82CC-6D0D695D845E|E3CDC578-37BA-4CDB-B150-DAB0409270CD|B80DF118-2B28-4B7C-9B4F-0938CB025413|552c0a24-6038-440f-add5-2dadfb9a23bd
8B4A2C27-7300-433A-AC62-5E44F8F40EAF|E3CDC578-37BA-4CDB-B150-DAB0409270CD|88598F8E-AFA3-40D3-A3AD-D4D7DE7DB538|552c0a24-6038-440f-add5-2dadfb9a23bd
24D58324-50B3-4537-98CD-5DD4141F995E|E3CDC578-37BA-4CDB-B150-DAB0409270CD|4643C0D8-5534-4BE8-AF1A-7C7DFD0BA5DB|552c0a24-6038-440f-add5-2dadfb9a23bd
025B95F8-D2D8-499D-B395-1663FDE1B99C|E3CDC578-37BA-4CDB-B150-DAB0409270CD|BC134D9A-C501-46EA-8578-AC197DC48A88|552c0a24-6038-440f-add5-2dadfb9a23bd
C3C4C18F-9998-405F-8B23-9BEAACA959AE|E3CDC578-37BA-4CDB-B150-DAB0409270CD|B208DFF0-E0DE-4EDD-8682-852408D7E031|552c0a24-6038-440f-add5-2dadfb9a23bd
0A5158AE-CFD5-4DFC-A969-2A3667D9AF55|E3CDC578-37BA-4CDB-B150-DAB0409270CD|1DFB8B07-F776-4A7A-9042-A1B6E0C3A970|552c0a24-6038-440f-add5-2dadfb9a23bd
8BFAF5EA-12D6-4F8D-9E3F-BF085211EC83|E3CDC578-37BA-4CDB-B150-DAB0409270CD|EA790CE4-0C54-4EEC-A6FA-F299E60517F5|552c0a24-6038-440f-add5-2dadfb9a23bd
84A31034-BFE3-4749-A22C-EEB9EA9D3617|E3CDC578-37BA-4CDB-B150-DAB0409270CD|12050094-A227-4531-BC57-F990E4285943|552c0a24-6038-440f-add5-2dadfb9a23bd
7ED2C12A-1F39-406A-A95D-9DDFBC492821|E3CDC578-37BA-4CDB-B150-DAB0409270CD|9323CB91-A36D-460C-B5D0-2F440977CA44|552c0a24-6038-440f-add5-2dadfb9a23bd
DA30B829-5D59-403C-9000-7AA754AF654F|E3CDC578-37BA-4CDB-B150-DAB0409270CD|0AF1C702-24AB-4024-B173-24C470078433|552c0a24-6038-440f-add5-2dadfb9a23bd
A7DF8B49-CDDD-4CE5-B6DA-8DB634FDCD09|E3CDC578-37BA-4CDB-B150-DAB0409270CD|D3AAD922-38D5-46D1-A331-1BF46D629479|552c0a24-6038-440f-add5-2dadfb9a23bd
ECE79674-5B96-4848-8B46-18952F8EF515|E3CDC578-37BA-4CDB-B150-DAB0409270CD|4B55AA3A-1B40-431F-8658-2F2367F2AE8F|552c0a24-6038-440f-add5-2dadfb9a23bd
CA8E40A7-0609-4D77-8FE4-528A64989316|E3CDC578-37BA-4CDB-B150-DAB0409270CD|81F2CC53-D7D2-44FC-922D-980D7DC11F37|552c0a24-6038-440f-add5-2dadfb9a23bd
6E8726E2-61EB-450F-9623-319922EE3C7A|E3CDC578-37BA-4CDB-B150-DAB0409270CD|3EB16048-5FE7-4FDB-952D-C156C395534C|552c0a24-6038-440f-add5-2dadfb9a23bd
B21C8B6A-1E00-453D-8F68-A98A743AA3A3|E3CDC578-37BA-4CDB-B150-DAB0409270CD|8D0E34C2-E477-4CB8-8FBF-4D94EC4B043E|552c0a24-6038-440f-add5-2dadfb9a23bd
D8BA76D6-D084-4B77-A1FE-CF308B719669|E3CDC578-37BA-4CDB-B150-DAB0409270CD|E2F64CC7-D0E4-421E-9FF4-3453624BE455|552c0a24-6038-440f-add5-2dadfb9a23bd
33742C24-E5FA-43E2-8AAC-0073FD6DE63F|E3CDC578-37BA-4CDB-B150-DAB0409270CD|C65A996F-D03D-4D96-9CE7-252175F01AFB|552c0a24-6038-440f-add5-2dadfb9a23bd
388A94D8-8F6F-413A-AE50-A27A5C6C7569|E3CDC578-37BA-4CDB-B150-DAB0409270CD|754C2BDA-35B5-4799-8A2C-94E7C57CA8AB|552c0a24-6038-440f-add5-2dadfb9a23bd
F5E038A3-311C-477B-B635-408A90D6E754|E3CDC578-37BA-4CDB-B150-DAB0409270CD|12C5CC17-8C11-4572-AAB2-20E9A063C699|552c0a24-6038-440f-add5-2dadfb9a23bd
CDE7F813-60D2-49FB-929C-2F0DC1F35E19|E3CDC578-37BA-4CDB-B150-DAB0409270CD|08F810FF-B734-48E0-A9C8-A5574F2AADA8|552c0a24-6038-440f-add5-2dadfb9a23bd
2814B992-418C-4640-A090-ECA5BE7D031D|E3CDC578-37BA-4CDB-B150-DAB0409270CD|51CBE1C4-1CA5-45FC-B707-921D1B38F018|552c0a24-6038-440f-add5-2dadfb9a23bd
B8AF97F6-4182-411F-BFFF-8E5F85702A0B|E3CDC578-37BA-4CDB-B150-DAB0409270CD|4FD1738D-3A86-455A-B971-C371D658B926|552c0a24-6038-440f-add5-2dadfb9a23bd
7EAC04F5-AB2D-4C52-B1A1-A223FE6B07BF|E3CDC578-37BA-4CDB-B150-DAB0409270CD|908375E6-8E8B-4339-A2E3-39E2A1BFEE43|552c0a24-6038-440f-add5-2dadfb9a23bd
0649D3CB-3121-434C-A3EE-D129828A7BD9|E3CDC578-37BA-4CDB-B150-DAB0409270CD|83DA7896-B2F1-49A9-B75A-70CA04A97B68|552c0a24-6038-440f-add5-2dadfb9a23bd
5ED36236-A33C-4371-9C75-45FFE8B746CE|E3CDC578-37BA-4CDB-B150-DAB0409270CD|499ADCBF-9C19-4BE5-BA51-616B58BB05C3|552c0a24-6038-440f-add5-2dadfb9a23bd
49EAD47E-F536-4066-BB28-6E7EE1FBF08E|E3CDC578-37BA-4CDB-B150-DAB0409270CD|E59703FC-BA9B-4818-AD11-984D76210FE9|552c0a24-6038-440f-add5-2dadfb9a23bd
3A4C6958-0DD8-41F8-9CB2-056A8C3CC7E9|E3CDC578-37BA-4CDB-B150-DAB0409270CD|66F6CF06-FACD-4A39-B5CF-5001F5D4194E|552c0a24-6038-440f-add5-2dadfb9a23bd
226355BE-5238-48EC-B414-7A149D6C6049|E3CDC578-37BA-4CDB-B150-DAB0409270CD|97F05ACC-2A03-4AA8-ACB8-3F9FADCC9486|552c0a24-6038-440f-add5-2dadfb9a23bd
3CFBA00B-ED27-4189-BFD8-E524CF163481|E3CDC578-37BA-4CDB-B150-DAB0409270CD|C7C8FA02-9451-47F9-95BF-4DDCBB60FFCF|552c0a24-6038-440f-add5-2dadfb9a23bd
5874B903-15A2-47FB-AF41-8986F0AFD850|E3CDC578-37BA-4CDB-B150-DAB0409270CD|83FA197B-664B-4955-BD5E-8B074CBE63A3|552c0a24-6038-440f-add5-2dadfb9a23bd
FA681C9C-2E26-44CA-931F-1D9956DDE3D4|E3CDC578-37BA-4CDB-B150-DAB0409270CD|794ABEAB-352A-4261-A218-EEF2EDFD5428|552c0a24-6038-440f-add5-2dadfb9a23bd
A4309E69-FFE9-4309-BBE7-94E7D771D128|E3CDC578-37BA-4CDB-B150-DAB0409270CD|B5E2CA94-9BF5-47C4-B44E-36938F03EECC|552c0a24-6038-440f-add5-2dadfb9a23bd
729D7BEF-85DB-4A95-816D-81D47339653A|E3CDC578-37BA-4CDB-B150-DAB0409270CD|01A330A1-EA96-4D4F-BADD-622010A5CF74|552c0a24-6038-440f-add5-2dadfb9a23bd
42BC89E8-5E7B-45C4-9D0F-2A8928D83C5B|E3CDC578-37BA-4CDB-B150-DAB0409270CD|989A7D0A-8D13-462D-AB3F-20FC93FC0610|552c0a24-6038-440f-add5-2dadfb9a23bd
FABB1476-C087-40DD-BF99-40439C7884A1|E3CDC578-37BA-4CDB-B150-DAB0409270CD|42A26815-CF73-4AFE-B336-B1DBFE4C5DE8|552c0a24-6038-440f-add5-2dadfb9a23bd
728D1539-F732-42BE-9B23-3BFA402947EE|E3CDC578-37BA-4CDB-B150-DAB0409270CD|6FB357B5-B6AB-4CBD-B717-47139C155C3A|552c0a24-6038-440f-add5-2dadfb9a23bd
DEDEBD9A-5FB7-4161-B297-D77A23AE732E|E3CDC578-37BA-4CDB-B150-DAB0409270CD|230FD046-73F1-4958-9A82-D801610E11FA|552c0a24-6038-440f-add5-2dadfb9a23bd
0C700998-A9AE-4D53-AE88-43A1E01CDBF5|E3CDC578-37BA-4CDB-B150-DAB0409270CD|0FE377D0-F95C-422C-B029-E7E75BB06A4B|552c0a24-6038-440f-add5-2dadfb9a23bd
5995E8E5-9433-4B2A-92B3-E65D15ACCCCB|E3CDC578-37BA-4CDB-B150-DAB0409270CD|F2E280C3-7CFA-4A6A-8598-B105812BD06F|552c0a24-6038-440f-add5-2dadfb9a23bd
E3813F4D-05EC-406F-AC93-B4DD60CC0FC3|E3CDC578-37BA-4CDB-B150-DAB0409270CD|5C19B3DF-6F82-40B3-A11A-79FCCEE6B70B|552c0a24-6038-440f-add5-2dadfb9a23bd
A0D8333E-48BA-403A-95E2-9377F10254A4|E3CDC578-37BA-4CDB-B150-DAB0409270CD|9C80D7BE-52F5-4F72-8DE4-E37A0B7172F9|552c0a24-6038-440f-add5-2dadfb9a23bd
E8C29C08-E226-41DA-B6AF-F53DE1A51980|E3CDC578-37BA-4CDB-B150-DAB0409270CD|92D792CD-853C-4CCB-B423-CE6C620E65F4|552c0a24-6038-440f-add5-2dadfb9a23bd
97674E50-EADB-4DCE-B545-3E8F0537647B|E3CDC578-37BA-4CDB-B150-DAB0409270CD|B470F594-3E52-4B5A-ACF4-E3EE432714E5|552c0a24-6038-440f-add5-2dadfb9a23bd
9EBB79B4-4D1E-40AC-B365-DA4A2AC36CF6|E3CDC578-37BA-4CDB-B150-DAB0409270CD|B97BF159-E609-48CF-B3BD-F509E4A72043|552c0a24-6038-440f-add5-2dadfb9a23bd
EED5E9C8-5D01-4EAE-B689-44EAADF7121B|E3CDC578-37BA-4CDB-B150-DAB0409270CD|04BB856A-856E-43AE-B305-FD85AFBD2FFF|552c0a24-6038-440f-add5-2dadfb9a23bd
B64333C3-A1E8-45A9-A6EE-C9E608D6800F|E3CDC578-37BA-4CDB-B150-DAB0409270CD|ADD9AA97-52E1-4117-92DE-DF1BFCAB00BC|552c0a24-6038-440f-add5-2dadfb9a23bd
DE82EF3B-524F-4F64-878C-0BFA437DEF67|E3CDC578-37BA-4CDB-B150-DAB0409270CD|6600539C-3A0B-45F8-A1B2-69F709D717D5|552c0a24-6038-440f-add5-2dadfb9a23bd
44B61952-F03C-47B6-ADD3-CC5859126C63|E3CDC578-37BA-4CDB-B150-DAB0409270CD|D9D3AE3C-E591-45B9-8779-74B5BB832186|552c0a24-6038-440f-add5-2dadfb9a23bd
95A3B67C-2004-4629-B727-5E033F1FB3BB|E3CDC578-37BA-4CDB-B150-DAB0409270CD|25798F46-9001-4CA9-9CC1-5BBCD885465B|552c0a24-6038-440f-add5-2dadfb9a23bd
04BC926B-C979-482B-8D49-B2B9E906C161|E3CDC578-37BA-4CDB-B150-DAB0409270CD|0EABB394-4C93-47FC-A480-01F12E29BA27|552c0a24-6038-440f-add5-2dadfb9a23bd
155EEDFC-1182-4A6D-8FC2-A7F713D196C0|E3CDC578-37BA-4CDB-B150-DAB0409270CD|0B084961-A64F-41A1-A154-EC39C9039D89|552c0a24-6038-440f-add5-2dadfb9a23bd
51279D58-DF63-4B55-933B-3B85BED33622|E3CDC578-37BA-4CDB-B150-DAB0409270CD|2E696E43-12D8-4304-8E74-14C0F8239C8B|552c0a24-6038-440f-add5-2dadfb9a23bd
90AB702D-AF57-44BF-A51D-6640BD062347|E3CDC578-37BA-4CDB-B150-DAB0409270CD|DB4A113F-DD71-4D65-BDD6-140EE8CFA057|552c0a24-6038-440f-add5-2dadfb9a23bd
1D5BA6EA-7985-4285-B959-6D2E254B6485|E3CDC578-37BA-4CDB-B150-DAB0409270CD|A7BFB70C-1537-4543-818E-1A26631EB726|552c0a24-6038-440f-add5-2dadfb9a23bd
CD67C279-3BAF-44C2-B0B9-ABAE3D51CE3A|E3CDC578-37BA-4CDB-B150-DAB0409270CD|57B87F21-6FA6-4A6D-9B44-352C421399D2|552c0a24-6038-440f-add5-2dadfb9a23bd
FA8948B1-A36A-419C-8BCE-CC7969290E5C|E3CDC578-37BA-4CDB-B150-DAB0409270CD|3A5DAE15-6E75-49EB-A01E-BD0245CF5E49|552c0a24-6038-440f-add5-2dadfb9a23bd
7366A36D-9033-4EF1-B2BA-03FCC761C839|E3CDC578-37BA-4CDB-B150-DAB0409270CD|FB79819F-8376-4095-B7F7-AC1F0A0AC176|552c0a24-6038-440f-add5-2dadfb9a23bd
038931D2-A782-4A9C-975A-66AC284B4CBA|E3CDC578-37BA-4CDB-B150-DAB0409270CD|221BF4A4-CAF5-4DD2-AF83-A77E631EF111|552c0a24-6038-440f-add5-2dadfb9a23bd
668034CD-8136-47E9-8FAD-9EC308B242C2|E3CDC578-37BA-4CDB-B150-DAB0409270CD|7265407E-3324-4A80-846B-5C83BDFE24F1|552c0a24-6038-440f-add5-2dadfb9a23bd
9125ADF5-6A86-4E5E-AC4E-27779157F86C|E3CDC578-37BA-4CDB-B150-DAB0409270CD|6B7068BA-069E-4DBA-94FA-D79BC7EA1248|552c0a24-6038-440f-add5-2dadfb9a23bd
813DF7EA-51C2-4103-B7D4-64EE6CD5E263|E3CDC578-37BA-4CDB-B150-DAB0409270CD|D14B8BC3-9777-48D7-936C-376176C3BFE3|552c0a24-6038-440f-add5-2dadfb9a23bd
0C6F0F1B-B0B5-4D72-9AB3-38E8259782C8|E3CDC578-37BA-4CDB-B150-DAB0409270CD|5F43BD29-BE46-4C55-BA9E-0F195233EDED|552c0a24-6038-440f-add5-2dadfb9a23bd
9B2FD74B-1CE5-4299-8345-BF0FD3B5ABAF|E3CDC578-37BA-4CDB-B150-DAB0409270CD|ACD7008B-EF21-483B-8379-54C8A4D3A866|552c0a24-6038-440f-add5-2dadfb9a23bd
D6862650-8353-4CF8-ACC8-A10A8BFCE082|E3CDC578-37BA-4CDB-B150-DAB0409270CD|07F42ECC-7E24-4630-A5EC-4ED7FD3D9A0B|552c0a24-6038-440f-add5-2dadfb9a23bd
F924652E-45AD-4B09-B631-8AD7317FFFC4|E3CDC578-37BA-4CDB-B150-DAB0409270CD|50B56335-DA2C-400C-8788-1F665E5704D3|552c0a24-6038-440f-add5-2dadfb9a23bd
A727A8FF-EA72-4FEC-8B09-02A54037FCAA|E3CDC578-37BA-4CDB-B150-DAB0409270CD|C4F52BB8-C0FB-400C-818B-1F4271249DE5|552c0a24-6038-440f-add5-2dadfb9a23bd
CC671897-FF90-4FFD-80A0-E82559908E79|E3CDC578-37BA-4CDB-B150-DAB0409270CD|5E08A40F-9427-424B-9C7C-0FE5FD2BED32|552c0a24-6038-440f-add5-2dadfb9a23bd
31DE5A79-50B2-4E5B-82ED-CE80A2FB2D46|E3CDC578-37BA-4CDB-B150-DAB0409270CD|36ED94CB-08DF-48CF-8DA2-CA6365ACBB0B|552c0a24-6038-440f-add5-2dadfb9a23bd
0B933910-2A06-4182-9B14-AEDAD08E4848|E3CDC578-37BA-4CDB-B150-DAB0409270CD|366D7C25-51C5-4A0B-9128-A3F52FE6D5EE|552c0a24-6038-440f-add5-2dadfb9a23bd
82FF3A7E-2965-4A44-B260-63D115048979|E3CDC578-37BA-4CDB-B150-DAB0409270CD|B38A36EC-A66C-4738-9F86-56DECD1B160F|552c0a24-6038-440f-add5-2dadfb9a23bd
D435B3A9-8309-497C-BC74-928E3ED1D64F|E3CDC578-37BA-4CDB-B150-DAB0409270CD|27A748F4-C0CF-4BEF-821B-AB42D738622C|552c0a24-6038-440f-add5-2dadfb9a23bd
375C6DF3-41C5-446D-AF35-6DBA2A0BFB10|E3CDC578-37BA-4CDB-B150-DAB0409270CD|674E095E-B54C-4353-AC9E-BACE342C7D5B|552c0a24-6038-440f-add5-2dadfb9a23bd
9F90CED7-9927-43AB-BF21-4464E317E188|E3CDC578-37BA-4CDB-B150-DAB0409270CD|20936997-90CE-4251-872B-AB9D91F71125|552c0a24-6038-440f-add5-2dadfb9a23bd
D0B0C707-171C-4FDA-8975-AC7FA39F76DA|E3CDC578-37BA-4CDB-B150-DAB0409270CD|0937EA44-F95B-4FF4-A4E0-2CA91CC60CAF|552c0a24-6038-440f-add5-2dadfb9a23bd
DAF870BC-C071-4ACE-B059-455AF832F5FD|E3CDC578-37BA-4CDB-B150-DAB0409270CD|93338C52-D8D1-4021-B48B-19F0B0E9B21E|552c0a24-6038-440f-add5-2dadfb9a23bd
0099ABEF-51CE-46E3-BF5C-42F7AD835150|E3CDC578-37BA-4CDB-B150-DAB0409270CD|2AE44D35-CBC9-4442-B5BE-B8B0602657B2|552c0a24-6038-440f-add5-2dadfb9a23bd
D849BE37-694F-4DE7-8D8E-3B1220776475|E3CDC578-37BA-4CDB-B150-DAB0409270CD|C25B83A9-792E-481E-BE0B-2C04DE97DE12|552c0a24-6038-440f-add5-2dadfb9a23bd
E272DEE5-1995-44BE-8103-D39ADEE9E905|E3CDC578-37BA-4CDB-B150-DAB0409270CD|FC786FD1-9C26-4783-A0B8-2F250F806610|552c0a24-6038-440f-add5-2dadfb9a23bd
845BBB59-C33E-408C-9A9E-CF422BED8541|E3CDC578-37BA-4CDB-B150-DAB0409270CD|AE9ED18A-8761-40CE-BA1E-B4F3D4274504|552c0a24-6038-440f-add5-2dadfb9a23bd
8415B0F5-3A10-4371-B550-47004E3EDAB2|E3CDC578-37BA-4CDB-B150-DAB0409270CD|8AACF062-36FE-4D43-895B-E1CFDFA4EE93|552c0a24-6038-440f-add5-2dadfb9a23bd
F8342C81-A6AD-4D1C-9CA2-45D4DFE30827|E3CDC578-37BA-4CDB-B150-DAB0409270CD|F1D6D93A-51E3-4CEC-9470-A8941914E615|552c0a24-6038-440f-add5-2dadfb9a23bd
5451A108-66D1-4917-8C6D-63635964E810|E3CDC578-37BA-4CDB-B150-DAB0409270CD|C85DDFD1-62B2-4F6F-82D3-814EB99F49EE|552c0a24-6038-440f-add5-2dadfb9a23bd
9D3F64F7-2716-4592-ADF9-9093F6E45EBA|E3CDC578-37BA-4CDB-B150-DAB0409270CD|457FC285-C47F-4DD3-8238-0A7922D2C660|552c0a24-6038-440f-add5-2dadfb9a23bd
1B55469C-5E49-4BC6-AEC7-EE1C3B608D30|E3CDC578-37BA-4CDB-B150-DAB0409270CD|0B6858E0-B265-4B7E-8744-9902FB7EE70B|552c0a24-6038-440f-add5-2dadfb9a23bd
E77A2B8F-6F61-4BAC-981E-0B7A8AD9689A|E3CDC578-37BA-4CDB-B150-DAB0409270CD|8A3E4154-6C02-45D8-92BD-80D11EC9BC20|552c0a24-6038-440f-add5-2dadfb9a23bd
B19CB414-BFA3-4AD9-8956-FFAAA2581C95|E3CDC578-37BA-4CDB-B150-DAB0409270CD|C01FA99C-6A3E-4293-A462-E215F2FD1929|552c0a24-6038-440f-add5-2dadfb9a23bd
EF4047E5-9409-413F-8AE8-6E7669179E9A|E3CDC578-37BA-4CDB-B150-DAB0409270CD|FBE28CB8-6B4E-4F50-A95D-F8E1C733A159|552c0a24-6038-440f-add5-2dadfb9a23bd
943F5C4D-B0D3-40DF-B502-F6349E84A85E|E3CDC578-37BA-4CDB-B150-DAB0409270CD|717FD680-3AF4-463E-8006-204A086F6F9D|552c0a24-6038-440f-add5-2dadfb9a23bd
C8157E67-F0BD-49D9-B831-A07ED7EFD4A8|E3CDC578-37BA-4CDB-B150-DAB0409270CD|79C746EC-C513-44B0-852B-6871DE7E3FA5|552c0a24-6038-440f-add5-2dadfb9a23bd
818F799E-8D04-4455-986B-5B91AE9FFA77|E3CDC578-37BA-4CDB-B150-DAB0409270CD|C4201204-DF2C-4870-8567-DCFEA0580C7C|552c0a24-6038-440f-add5-2dadfb9a23bd
7669F00D-9E27-45F6-997A-F33620183A3B|E3CDC578-37BA-4CDB-B150-DAB0409270CD|1113FBB3-4FB1-42A5-9602-0F3E2B7799C7|552c0a24-6038-440f-add5-2dadfb9a23bd
ABCA0256-5A45-4889-8DA1-840EC46A420D|E3CDC578-37BA-4CDB-B150-DAB0409270CD|C6C426F3-4F3C-4DAD-9EC4-A119F1086984|552c0a24-6038-440f-add5-2dadfb9a23bd
C47139D7-8575-4FAC-A74C-7D15AF1D60A6|E3CDC578-37BA-4CDB-B150-DAB0409270CD|56BFD25E-DF52-4C85-B55D-EA3CE1EC8EF0|552c0a24-6038-440f-add5-2dadfb9a23bd
4E060A08-EDC1-4803-9D5E-0211521D8C76|E3CDC578-37BA-4CDB-B150-DAB0409270CD|5A283405-71D5-44EE-A8C2-CBB5820D9AC7|552c0a24-6038-440f-add5-2dadfb9a23bd
64289513-8AEB-48FB-B35B-D13D5F40246A|E3CDC578-37BA-4CDB-B150-DAB0409270CD|B5C989AF-5853-4EF0-BDB8-6A9C7717644D|552c0a24-6038-440f-add5-2dadfb9a23bd
5D1E66BE-D3EE-4DC3-B74E-E34608D4B677|E3CDC578-37BA-4CDB-B150-DAB0409270CD|6D4BF323-E228-4796-BBEE-639AA86A2528|552c0a24-6038-440f-add5-2dadfb9a23bd
8CCDF554-25E7-4157-B875-3342BAD8800E|E3CDC578-37BA-4CDB-B150-DAB0409270CD|991FD9DE-146D-495F-A8AA-603F5D269E7D|552c0a24-6038-440f-add5-2dadfb9a23bd
7ED1B44D-49F5-4EF3-92E1-D5798859E81A|E3CDC578-37BA-4CDB-B150-DAB0409270CD|D3DB687E-FF09-4DFE-BC24-EF6747330FCA|552c0a24-6038-440f-add5-2dadfb9a23bd
476F6B26-FF0C-4A1D-8111-2D7D5ECF9013|E3CDC578-37BA-4CDB-B150-DAB0409270CD|63D54CDE-47B6-4458-BC3F-F61BDC9D6A08|552c0a24-6038-440f-add5-2dadfb9a23bd
E5613744-01DF-4F6E-B15C-A5F778EAAD36|E3CDC578-37BA-4CDB-B150-DAB0409270CD|0D599C97-E6ED-46D9-A6AD-72005D67E856|552c0a24-6038-440f-add5-2dadfb9a23bd
DCA979D5-27C3-40C7-A588-6E67D64061A1|E3CDC578-37BA-4CDB-B150-DAB0409270CD|2AA629B7-CAC4-441A-911B-594218A3BF17|552c0a24-6038-440f-add5-2dadfb9a23bd
0B75176A-CA66-48C4-9529-920B36BEC3DC|E3CDC578-37BA-4CDB-B150-DAB0409270CD|4631F3CA-DBBC-4B5A-A3F5-25B224135395|552c0a24-6038-440f-add5-2dadfb9a23bd
7D111DBC-5263-4564-A3EF-CA627625CDC8|E3CDC578-37BA-4CDB-B150-DAB0409270CD|CE456104-4DED-4CE2-970A-CFB0B976E324|552c0a24-6038-440f-add5-2dadfb9a23bd
B5A17DFD-AF9E-40CD-96B9-38DC2BD9F332|E3CDC578-37BA-4CDB-B150-DAB0409270CD|1D970206-0C82-4021-918D-0CE6DD0AC955|552c0a24-6038-440f-add5-2dadfb9a23bd
3014E56A-D69C-4048-B702-DE534C772750|E3CDC578-37BA-4CDB-B150-DAB0409270CD|D961EF8B-1F5E-40BD-8F6B-3FD878C61691|552c0a24-6038-440f-add5-2dadfb9a23bd
4498395D-28BC-4974-AEE5-3C162DBB959C|E3CDC578-37BA-4CDB-B150-DAB0409270CD|7E158943-92DF-46E3-8B2E-7973EC929C6C|552c0a24-6038-440f-add5-2dadfb9a23bd
460E3529-2655-4E53-885E-A629C79FABD3|E3CDC578-37BA-4CDB-B150-DAB0409270CD|F03AA506-8A07-4B79-9CE5-A9A987BD84FF|552c0a24-6038-440f-add5-2dadfb9a23bd
A2E6D1FE-70DD-407B-A7AB-A2F41337002C|E3CDC578-37BA-4CDB-B150-DAB0409270CD|CDABD353-BB34-43A1-8615-94D111E520FB|552c0a24-6038-440f-add5-2dadfb9a23bd
FB7CF64A-D0F6-4C45-AEEC-71183C8FBE15|E3CDC578-37BA-4CDB-B150-DAB0409270CD|CBE51DD4-DADD-4C8C-B3BE-5404DD97C63F|552c0a24-6038-440f-add5-2dadfb9a23bd
F3761B0C-1F86-4081-825C-FD86CC8F0750|E3CDC578-37BA-4CDB-B150-DAB0409270CD|C75EFC69-08FD-445F-B51B-3395FDEF4A95|552c0a24-6038-440f-add5-2dadfb9a23bd
519F1A5A-8B88-4FEC-B54F-07BC26574D85|E3CDC578-37BA-4CDB-B150-DAB0409270CD|ABAFB76A-8B72-4F60-849D-000245ADBA7F|552c0a24-6038-440f-add5-2dadfb9a23bd
E637ACF3-D874-473B-A868-23A55B034027|E3CDC578-37BA-4CDB-B150-DAB0409270CD|A6992B16-33F4-44EC-9B3E-C7E3E244A116|552c0a24-6038-440f-add5-2dadfb9a23bd
808954D1-FD28-4189-8311-CA6ECA5E2C6F|E3CDC578-37BA-4CDB-B150-DAB0409270CD|5558DF52-C470-46BD-A2B3-E9FFA52B4E70|552c0a24-6038-440f-add5-2dadfb9a23bd
C79247B8-B1E4-490E-8078-8D5B45482326|E3CDC578-37BA-4CDB-B150-DAB0409270CD|0D45D7CB-1FB8-44F6-856F-9A60EE0E8620|552c0a24-6038-440f-add5-2dadfb9a23bd
D7BF89AD-77C7-4132-875A-F0FBD86EEDF2|E3CDC578-37BA-4CDB-B150-DAB0409270CD|532F2337-E49A-4804-9C6C-422271B46E36|552c0a24-6038-440f-add5-2dadfb9a23bd
6DDE0B25-0313-47AC-8F7E-570543EE02AA|E3CDC578-37BA-4CDB-B150-DAB0409270CD|B3D6957B-0DAE-4E1B-A244-09C33F6FEF80|552c0a24-6038-440f-add5-2dadfb9a23bd
82C517BD-DB2E-4A17-9C3C-F8CBE77F90A0|E3CDC578-37BA-4CDB-B150-DAB0409270CD|4F218688-6DE5-4E69-8690-66FBA2F0DC9F|44f23b3c-e066-4b45-931c-0e8073d3a93a
59D53562-DABE-49B5-BE9F-4A213021A844|E3CDC578-37BA-4CDB-B150-DAB0409270CD|A195BAF6-D6E7-43A5-B7C9-D6C627A42815|44f23b3c-e066-4b45-931c-0e8073d3a93a
2BBA4341-A9A6-4D07-B184-7C3C37DD4DF3|E3CDC578-37BA-4CDB-B150-DAB0409270CD|8A1B5BDB-9589-4207-8345-A811FC18B2C9|44f23b3c-e066-4b45-931c-0e8073d3a93a
D65A8176-50BB-4C6B-8772-FABA162ABC60|E3CDC578-37BA-4CDB-B150-DAB0409270CD|AEED7469-F7AF-41E6-B24C-13B1D74E1026|44f23b3c-e066-4b45-931c-0e8073d3a93a
4C221B78-1FFC-4A7F-9309-EF267FE0FBDD|E3CDC578-37BA-4CDB-B150-DAB0409270CD|CF64EBB2-BCC2-4EAA-B1C8-060EEE3284F3|44f23b3c-e066-4b45-931c-0e8073d3a93a
B43806D0-507D-4112-895A-B731D0D1577E|E3CDC578-37BA-4CDB-B150-DAB0409270CD|7BF6983F-CF8D-4897-8122-7CCD0F778CAF|44f23b3c-e066-4b45-931c-0e8073d3a93a
663B7B0D-859E-4099-A59A-051BD7CB881F|E3CDC578-37BA-4CDB-B150-DAB0409270CD|87D0EA99-7042-4867-A4B7-C31E7665DE5E|44f23b3c-e066-4b45-931c-0e8073d3a93a
2753C84B-7C6E-4DC0-845D-C5A80F62A40F|E3CDC578-37BA-4CDB-B150-DAB0409270CD|6912F4C6-9370-440A-BA87-11A8426BA92C|44f23b3c-e066-4b45-931c-0e8073d3a93a
36D1A3A9-225C-4F66-BFA7-C9F4F373C6A7|E3CDC578-37BA-4CDB-B150-DAB0409270CD|91318D8C-8150-49B4-A473-CF97F104F6B7|44f23b3c-e066-4b45-931c-0e8073d3a93a
F219EC64-BAF4-4660-8123-D96C916C6A6B|E3CDC578-37BA-4CDB-B150-DAB0409270CD|DD9AF1EF-EEEC-49D3-A43F-802D7028BFD7|44f23b3c-e066-4b45-931c-0e8073d3a93a
B000E875-5C9A-4CC4-B81B-29AF04DFF480|E3CDC578-37BA-4CDB-B150-DAB0409270CD|62BC85B5-306F-4740-A215-48470CA31288|44f23b3c-e066-4b45-931c-0e8073d3a93a
9DC97023-E160-40D5-A0D8-1913691FCE96|E3CDC578-37BA-4CDB-B150-DAB0409270CD|B2EEF18D-EE0A-4CA1-B6FE-B82F863D81B4|44f23b3c-e066-4b45-931c-0e8073d3a93a
9C4374D9-179F-4B68-8331-F7E3460A318A|E3CDC578-37BA-4CDB-B150-DAB0409270CD|29A012E5-CDE3-45D8-9BB0-A25D3DBF0A92|44f23b3c-e066-4b45-931c-0e8073d3a93a
BF73E65A-8B10-4C9F-8559-2837C5972DE7|E3CDC578-37BA-4CDB-B150-DAB0409270CD|423C391C-4944-43F4-9034-9C6818E9C1A2|44f23b3c-e066-4b45-931c-0e8073d3a93a
2CB72FCC-B85D-4FC8-87FF-D5D5B5DB264C|E3CDC578-37BA-4CDB-B150-DAB0409270CD|F67E977A-0102-4758-91E8-9782A570E75D|44f23b3c-e066-4b45-931c-0e8073d3a93a
C5C7F519-670C-4376-8A0C-DAA955411EF6|E3CDC578-37BA-4CDB-B150-DAB0409270CD|EF70C8D3-6866-4F6E-8FC2-10665A8D9B12|44f23b3c-e066-4b45-931c-0e8073d3a93a
80CE647A-8386-4420-8E4F-B426C6CE90D8|E3CDC578-37BA-4CDB-B150-DAB0409270CD|123264D0-464E-4032-BEA5-CFECA81410C9|44f23b3c-e066-4b45-931c-0e8073d3a93a
B7F64993-1818-4DE4-8AD4-30E1BC8E7E21|E3CDC578-37BA-4CDB-B150-DAB0409270CD|CA1F032F-1CA2-4DCE-8AAA-CB284E167A3E|44f23b3c-e066-4b45-931c-0e8073d3a93a
345C7FE8-7D9E-48D0-A424-C8C878B1A78C|E3CDC578-37BA-4CDB-B150-DAB0409270CD|72A995F4-0C94-4FAA-8A43-2277B02B97D1|de0c86be-9bcb-4d3b-8098-b06687536c1f
DC90D142-AF86-4B6C-803C-D15C38E16794|E3CDC578-37BA-4CDB-B150-DAB0409270CD|0DE968C9-7309-C481-58F7-AB6CDB1011EF|de0c86be-9bcb-4d3b-8098-b06687536c1f
FD6CD951-F5EF-499F-94F9-6180F5C8977E|E3CDC578-37BA-4CDB-B150-DAB0409270CD|C1F2964E-9DD5-4B7A-86BD-E7FCAFB9D9D9|de0c86be-9bcb-4d3b-8098-b06687536c1f
BD98EF4B-8826-47E0-8D4C-31E9E175BDF5|E3CDC578-37BA-4CDB-B150-DAB0409270CD|E4D9BF24-8574-463D-A816-A21CEC6CD548|de0c86be-9bcb-4d3b-8098-b06687536c1f
B01ECAF3-79C9-43BE-A8E9-A13B61167332|E3CDC578-37BA-4CDB-B150-DAB0409270CD|40F82118-26E7-4CCC-8456-195B5F009478|de0c86be-9bcb-4d3b-8098-b06687536c1f
BFE5A5C4-ADA4-4F2A-AE5B-038F0609502D|E3CDC578-37BA-4CDB-B150-DAB0409270CD|0420916C-304D-4EB8-A847-8B4729E915C1|de0c86be-9bcb-4d3b-8098-b06687536c1f
7A604EE4-090D-4A1C-9ACB-2B656853E3D1|E3CDC578-37BA-4CDB-B150-DAB0409270CD|199C78A9-4708-451E-8C87-8E6B4F47AAD9|de0c86be-9bcb-4d3b-8098-b06687536c1f
914AACB6-A2DB-4BD0-99C4-97B3A7891873|E3CDC578-37BA-4CDB-B150-DAB0409270CD|B404AA65-25A3-40B0-8462-D377A926354F|de0c86be-9bcb-4d3b-8098-b06687536c1f
556F1593-2C04-4CAF-88C4-B827E54FB55F|E3CDC578-37BA-4CDB-B150-DAB0409270CD|B7B6D6E6-84B1-47F6-AA1B-AA34AEB7D236|de0c86be-9bcb-4d3b-8098-b06687536c1f
AD290F46-0F6D-4E11-ACB1-A5981C500A96|E3CDC578-37BA-4CDB-B150-DAB0409270CD|7559C867-A833-4DA2-816B-51D4636033A3|de0c86be-9bcb-4d3b-8098-b06687536c1f
247FBC9B-BA12-491A-872F-A8E84AB6CDA9|E3CDC578-37BA-4CDB-B150-DAB0409270CD|7FC3A038-C5DE-4DEE-AE2D-E2ED230AB328|de0c86be-9bcb-4d3b-8098-b06687536c1f
D4E91224-3D82-48ED-8208-CBD74819A736|E3CDC578-37BA-4CDB-B150-DAB0409270CD|4A4D0394-0FBD-4014-98A5-D3CE9161A568|de0c86be-9bcb-4d3b-8098-b06687536c1f
FEB0177A-647B-44BC-A1F0-EF71E5FB7716|E3CDC578-37BA-4CDB-B150-DAB0409270CD|CB0EF175-8A57-49D7-A1D4-89D0C6E3A497|de0c86be-9bcb-4d3b-8098-b06687536c1f
B11C8013-33C1-4354-9617-1E0693DE8010|E3CDC578-37BA-4CDB-B150-DAB0409270CD|309B97E9-72AB-4FD0-A282-8410413ACE46|de0c86be-9bcb-4d3b-8098-b06687536c1f
F9BB32F3-F830-4C35-9EEE-1AC8D0491478|E3CDC578-37BA-4CDB-B150-DAB0409270CD|307ED34F-D6B5-4EE8-AB44-543305B12085|de0c86be-9bcb-4d3b-8098-b06687536c1f
FA4204D0-D1BF-4B27-B9C9-90BECCCE43AA|E3CDC578-37BA-4CDB-B150-DAB0409270CD|97BAC717-C0A7-47F7-9918-C56658E6D792|de0c86be-9bcb-4d3b-8098-b06687536c1f
1375D1CE-B244-4FDE-99A7-BBB4EBFE1BD7|E3CDC578-37BA-4CDB-B150-DAB0409270CD|466D93AD-B0D7-4B29-89C0-569A421763D6|de0c86be-9bcb-4d3b-8098-b06687536c1f
ECDD17F3-35F6-46B2-84BD-1A47839981A3|E3CDC578-37BA-4CDB-B150-DAB0409270CD|41C68FA5-4A98-4BB2-B702-68DD844F92B0|de0c86be-9bcb-4d3b-8098-b06687536c1f
390100FA-B28E-456F-9643-B5E23D66FCCA|E3CDC578-37BA-4CDB-B150-DAB0409270CD|9208D11F-98E8-47B8-8DFC-4215FC2EF127|de0c86be-9bcb-4d3b-8098-b06687536c1f
76157920-37C0-435F-B494-F61A278B5C5F|E3CDC578-37BA-4CDB-B150-DAB0409270CD|3013780A-61AD-4BAA-8666-C89CC1A555F8|de0c86be-9bcb-4d3b-8098-b06687536c1f
6F713034-2396-4B91-8C8E-BB2DEC0B36E5|E3CDC578-37BA-4CDB-B150-DAB0409270CD|3C14C92D-9113-4289-8A69-564BF3F3D871|de0c86be-9bcb-4d3b-8098-b06687536c1f
E26946EF-BAE8-4869-96DB-3333B2F09992|E3CDC578-37BA-4CDB-B150-DAB0409270CD|E9888085-FD91-4551-9274-50BA485A9637|de0c86be-9bcb-4d3b-8098-b06687536c1f
0187B67E-03DB-4A87-AD66-C50068145FDB|E3CDC578-37BA-4CDB-B150-DAB0409270CD|DDAD0F9E-C85B-462D-8A57-FCE97AEE4EF0|de0c86be-9bcb-4d3b-8098-b06687536c1f
946BA74D-3179-4E35-9CDB-540A073B90FC|E3CDC578-37BA-4CDB-B150-DAB0409270CD|6799DC5E-5CEB-4D60-BD75-EAA9FFFDE30F|de0c86be-9bcb-4d3b-8098-b06687536c1f
31139BC7-3078-4CBB-8679-98BEC3E49A8B|E3CDC578-37BA-4CDB-B150-DAB0409270CD|85728858-0D2E-4DA6-9901-941B737421E5|de0c86be-9bcb-4d3b-8098-b06687536c1f
758E5ED9-EA3C-4CD5-B875-F204F3387A27|E3CDC578-37BA-4CDB-B150-DAB0409270CD|2A4FD176-029E-4DA0-A08A-036BF438EDE7|de0c86be-9bcb-4d3b-8098-b06687536c1f
022A3701-CFFB-4CB0-B7C8-610E7A120CA4|E3CDC578-37BA-4CDB-B150-DAB0409270CD|1381D1CA-EB72-4D72-A793-D692BE1483C9|de0c86be-9bcb-4d3b-8098-b06687536c1f
D42633F5-7DEB-4DD3-A6D0-938D5F5A2C31|E3CDC578-37BA-4CDB-B150-DAB0409270CD|81B20DD2-7462-47FB-B597-1BDAA8A9F0EF|de0c86be-9bcb-4d3b-8098-b06687536c1f
51AD8AB6-97CE-48FD-A13B-B99B8564F2D2|E3CDC578-37BA-4CDB-B150-DAB0409270CD|0BB327CC-1E4B-497E-9A77-7A49419D95C7|de0c86be-9bcb-4d3b-8098-b06687536c1f
58B230BD-3772-4858-B11A-1FF45EDD065B|E3CDC578-37BA-4CDB-B150-DAB0409270CD|AA1B14EB-5CA0-4FA1-B665-697342B2782D|de0c86be-9bcb-4d3b-8098-b06687536c1f
A6511A29-0C14-45B7-A89F-7390EECC4995|E3CDC578-37BA-4CDB-B150-DAB0409270CD|5B3BD314-7489-4F0E-8BD8-35DF4DF3FC5C|de0c86be-9bcb-4d3b-8098-b06687536c1f
9D2A24D7-CADB-494C-BD6F-D4DF00F6B945|E3CDC578-37BA-4CDB-B150-DAB0409270CD|89AE9658-3882-484D-B1D5-9E13F554DF2B|de0c86be-9bcb-4d3b-8098-b06687536c1f
B91611FB-71BB-4587-A578-834D3E9D0D67|E3CDC578-37BA-4CDB-B150-DAB0409270CD|87671173-70A4-435F-8C3F-14695782B8CF|de0c86be-9bcb-4d3b-8098-b06687536c1f
A7680C25-EF9C-4B32-B212-6809941F9275|E3CDC578-37BA-4CDB-B150-DAB0409270CD|3AD1F311-C539-4FED-B840-6B6081BDB2E7|de0c86be-9bcb-4d3b-8098-b06687536c1f
1F2FD46E-F49E-4912-A354-BA6AA1848786|E3CDC578-37BA-4CDB-B150-DAB0409270CD|90342A1E-0084-4EB2-9D11-2191B59FA1A6|de0c86be-9bcb-4d3b-8098-b06687536c1f
5DF6DFDC-966B-46AB-B4AE-C3C132C400EA|E3CDC578-37BA-4CDB-B150-DAB0409270CD|799CA5BA-3FA6-4773-BC2E-3C68E1213AC6|de0c86be-9bcb-4d3b-8098-b06687536c1f
B87E3368-C030-4AFD-A798-F8E5B7F12E1E|E3CDC578-37BA-4CDB-B150-DAB0409270CD|91DA9E7C-CAA1-4438-A1D7-DD071CFAFF8F|de0c86be-9bcb-4d3b-8098-b06687536c1f
9D9F9926-2BAF-425D-A5D2-E8BAFC4F860A|E3CDC578-37BA-4CDB-B150-DAB0409270CD|11FFC61B-DCDB-4DEE-B9C5-E9DD22B9E575|de0c86be-9bcb-4d3b-8098-b06687536c1f
C037403E-BF28-40F1-9824-134A7B982121|E3CDC578-37BA-4CDB-B150-DAB0409270CD|91DAFF4B-C8B9-4B46-A971-E66955D66332|de0c86be-9bcb-4d3b-8098-b06687536c1f
D4C75183-F042-4463-A3FD-75DFAC3C69EA|E3CDC578-37BA-4CDB-B150-DAB0409270CD|F5B016C3-DE03-4097-B006-616E8EE832CE|de0c86be-9bcb-4d3b-8098-b06687536c1f
689E2EDF-81E1-427E-B427-1EFFE3A0E48C|E3CDC578-37BA-4CDB-B150-DAB0409270CD|A2DA52F4-EDAE-4866-9228-634AFC4F5458|de0c86be-9bcb-4d3b-8098-b06687536c1f
00AB904A-CA50-4F66-90A4-239DE43FFD7E|E3CDC578-37BA-4CDB-B150-DAB0409270CD|BBE08494-134E-4E03-B8B6-44D2C9AFF521|de0c86be-9bcb-4d3b-8098-b06687536c1f
8AB522A9-4F38-456B-BD89-1EDF425B51B1|E3CDC578-37BA-4CDB-B150-DAB0409270CD|4F218688-6DE5-4E69-8690-66FBA2F0DC9F|e1729cc2-524a-4069-b4a4-be5aec8473fe
514A0239-1FA9-4807-9DE9-D073C03E9902|E3CDC578-37BA-4CDB-B150-DAB0409270CD|A195BAF6-D6E7-43A5-B7C9-D6C627A42815|e1729cc2-524a-4069-b4a4-be5aec8473fe
7F33F4E9-D6DB-4CD0-9078-7499FCBDF305|E3CDC578-37BA-4CDB-B150-DAB0409270CD|8A1B5BDB-9589-4207-8345-A811FC18B2C9|e1729cc2-524a-4069-b4a4-be5aec8473fe
F074FB9E-8EF7-4560-9CEE-6E24C19160FD|E3CDC578-37BA-4CDB-B150-DAB0409270CD|AEED7469-F7AF-41E6-B24C-13B1D74E1026|e1729cc2-524a-4069-b4a4-be5aec8473fe
A789AD6F-CF0B-4E1F-9098-1141E7A0731F|E3CDC578-37BA-4CDB-B150-DAB0409270CD|CF64EBB2-BCC2-4EAA-B1C8-060EEE3284F3|e1729cc2-524a-4069-b4a4-be5aec8473fe
67A738F4-A343-47F7-9FAC-9C403D5C170D|E3CDC578-37BA-4CDB-B150-DAB0409270CD|7BF6983F-CF8D-4897-8122-7CCD0F778CAF|e1729cc2-524a-4069-b4a4-be5aec8473fe
85E24ABF-EA10-4A14-8BD3-0979133CE2C4|E3CDC578-37BA-4CDB-B150-DAB0409270CD|87D0EA99-7042-4867-A4B7-C31E7665DE5E|e1729cc2-524a-4069-b4a4-be5aec8473fe
B3994B96-6C40-4533-A683-CF7BE7F839D7|E3CDC578-37BA-4CDB-B150-DAB0409270CD|6912F4C6-9370-440A-BA87-11A8426BA92C|e1729cc2-524a-4069-b4a4-be5aec8473fe
82D78018-F376-4A71-9AD8-D650BAE7CC25|E3CDC578-37BA-4CDB-B150-DAB0409270CD|91318D8C-8150-49B4-A473-CF97F104F6B7|e1729cc2-524a-4069-b4a4-be5aec8473fe
BD4EB113-E359-4EC5-BD20-DCE2E2E7A14C|E3CDC578-37BA-4CDB-B150-DAB0409270CD|DD9AF1EF-EEEC-49D3-A43F-802D7028BFD7|e1729cc2-524a-4069-b4a4-be5aec8473fe
5990F78A-6C4C-4917-9ADF-18D538A57978|E3CDC578-37BA-4CDB-B150-DAB0409270CD|62BC85B5-306F-4740-A215-48470CA31288|e1729cc2-524a-4069-b4a4-be5aec8473fe
CDB33271-DF64-4C48-A330-A063A176D31C|E3CDC578-37BA-4CDB-B150-DAB0409270CD|B2EEF18D-EE0A-4CA1-B6FE-B82F863D81B4|e1729cc2-524a-4069-b4a4-be5aec8473fe
D28A9799-CA70-43E6-BD32-814799E6CD51|E3CDC578-37BA-4CDB-B150-DAB0409270CD|29A012E5-CDE3-45D8-9BB0-A25D3DBF0A92|e1729cc2-524a-4069-b4a4-be5aec8473fe
CA410DA9-DF93-4637-B11A-91A9992919AC|E3CDC578-37BA-4CDB-B150-DAB0409270CD|423C391C-4944-43F4-9034-9C6818E9C1A2|e1729cc2-524a-4069-b4a4-be5aec8473fe
3F00ECB0-C451-4B14-973C-711F37EFB372|E3CDC578-37BA-4CDB-B150-DAB0409270CD|F67E977A-0102-4758-91E8-9782A570E75D|e1729cc2-524a-4069-b4a4-be5aec8473fe
52342267-2AF8-4359-A01E-6CCD5A0C4C6A|E3CDC578-37BA-4CDB-B150-DAB0409270CD|EF70C8D3-6866-4F6E-8FC2-10665A8D9B12|e1729cc2-524a-4069-b4a4-be5aec8473fe
FD332FB2-6B64-41A8-B73F-B38A070D8938|E3CDC578-37BA-4CDB-B150-DAB0409270CD|123264D0-464E-4032-BEA5-CFECA81410C9|e1729cc2-524a-4069-b4a4-be5aec8473fe
CB48A4C2-029C-4D21-B8D9-60C0795D8EC3|E3CDC578-37BA-4CDB-B150-DAB0409270CD|CA1F032F-1CA2-4DCE-8AAA-CB284E167A3E|e1729cc2-524a-4069-b4a4-be5aec8473fe
727CFB5B-6BCA-4C0B-AF37-4E392193BE65|E3CDC578-37BA-4CDB-B150-DAB0409270CD|72A995F4-0C94-4FAA-8A43-2277B02B97D1|e1729cc2-524a-4069-b4a4-be5aec8473fe
C8F3021E-4BB3-4662-9903-22986C01568A|E3CDC578-37BA-4CDB-B150-DAB0409270CD|0DE968C9-7309-C481-58F7-AB6CDB1011EF|e1729cc2-524a-4069-b4a4-be5aec8473fe
7543BF10-8A3B-455C-80C3-D6819730BB89|E3CDC578-37BA-4CDB-B150-DAB0409270CD|C1F2964E-9DD5-4B7A-86BD-E7FCAFB9D9D9|e1729cc2-524a-4069-b4a4-be5aec8473fe
E8655223-BA08-4EC1-800B-DDE5EDEB2EC1|E3CDC578-37BA-4CDB-B150-DAB0409270CD|E4D9BF24-8574-463D-A816-A21CEC6CD548|e1729cc2-524a-4069-b4a4-be5aec8473fe
5D034565-67B5-4816-879E-51B9AB97B3DE|E3CDC578-37BA-4CDB-B150-DAB0409270CD|40F82118-26E7-4CCC-8456-195B5F009478|e1729cc2-524a-4069-b4a4-be5aec8473fe
5A533339-9A34-45C8-9E5E-D357EE68768C|E3CDC578-37BA-4CDB-B150-DAB0409270CD|0420916C-304D-4EB8-A847-8B4729E915C1|e1729cc2-524a-4069-b4a4-be5aec8473fe
F13EFE4E-E644-451D-A6F4-6FBA8F4FCD57|E3CDC578-37BA-4CDB-B150-DAB0409270CD|199C78A9-4708-451E-8C87-8E6B4F47AAD9|e1729cc2-524a-4069-b4a4-be5aec8473fe
1CF643D4-78F9-4914-A22F-78E86140FAF9|E3CDC578-37BA-4CDB-B150-DAB0409270CD|B404AA65-25A3-40B0-8462-D377A926354F|e1729cc2-524a-4069-b4a4-be5aec8473fe
EC571B40-2212-4357-885F-5E58049B5972|E3CDC578-37BA-4CDB-B150-DAB0409270CD|B7B6D6E6-84B1-47F6-AA1B-AA34AEB7D236|e1729cc2-524a-4069-b4a4-be5aec8473fe
342981A6-E7F3-46BA-8B09-13FAE2ED6C0C|E3CDC578-37BA-4CDB-B150-DAB0409270CD|7559C867-A833-4DA2-816B-51D4636033A3|e1729cc2-524a-4069-b4a4-be5aec8473fe
20EFB20C-E5DD-4EF9-93FC-E95177E6D9CC|E3CDC578-37BA-4CDB-B150-DAB0409270CD|7FC3A038-C5DE-4DEE-AE2D-E2ED230AB328|e1729cc2-524a-4069-b4a4-be5aec8473fe
7F25D9BA-1C17-45D3-B5A4-F2FACCB7E960|E3CDC578-37BA-4CDB-B150-DAB0409270CD|4A4D0394-0FBD-4014-98A5-D3CE9161A568|e1729cc2-524a-4069-b4a4-be5aec8473fe
403FEE9B-1486-44AC-B4D0-2B20232ED6E3|E3CDC578-37BA-4CDB-B150-DAB0409270CD|CB0EF175-8A57-49D7-A1D4-89D0C6E3A497|e1729cc2-524a-4069-b4a4-be5aec8473fe
F3E6DEE6-8A6A-417F-A764-5B0B24AFFD91|E3CDC578-37BA-4CDB-B150-DAB0409270CD|309B97E9-72AB-4FD0-A282-8410413ACE46|e1729cc2-524a-4069-b4a4-be5aec8473fe
AB8AFB7B-DCC8-4D25-A1A4-552DDF65F4C3|E3CDC578-37BA-4CDB-B150-DAB0409270CD|307ED34F-D6B5-4EE8-AB44-543305B12085|e1729cc2-524a-4069-b4a4-be5aec8473fe
F7D48A1C-B053-4717-BA95-0315E016925C|E3CDC578-37BA-4CDB-B150-DAB0409270CD|97BAC717-C0A7-47F7-9918-C56658E6D792|e1729cc2-524a-4069-b4a4-be5aec8473fe
CEB63073-4BF4-4D0A-99FF-655C38B0625A|E3CDC578-37BA-4CDB-B150-DAB0409270CD|466D93AD-B0D7-4B29-89C0-569A421763D6|e1729cc2-524a-4069-b4a4-be5aec8473fe
D985C632-D5C8-4D10-A7F2-EDE720BA91DF|E3CDC578-37BA-4CDB-B150-DAB0409270CD|41C68FA5-4A98-4BB2-B702-68DD844F92B0|e1729cc2-524a-4069-b4a4-be5aec8473fe
B128552D-49B9-41E0-9DC3-F04AFBAF8756|E3CDC578-37BA-4CDB-B150-DAB0409270CD|9208D11F-98E8-47B8-8DFC-4215FC2EF127|e1729cc2-524a-4069-b4a4-be5aec8473fe
0EA21365-30DF-4ED6-9E11-7F02651A7943|E3CDC578-37BA-4CDB-B150-DAB0409270CD|3013780A-61AD-4BAA-8666-C89CC1A555F8|e1729cc2-524a-4069-b4a4-be5aec8473fe
3C2E3BEF-6540-46EF-B6E0-2BF9A817F5ED|E3CDC578-37BA-4CDB-B150-DAB0409270CD|3C14C92D-9113-4289-8A69-564BF3F3D871|e1729cc2-524a-4069-b4a4-be5aec8473fe
7B672882-4762-4D9B-98F6-B1FA21BD30F8|E3CDC578-37BA-4CDB-B150-DAB0409270CD|E9888085-FD91-4551-9274-50BA485A9637|e1729cc2-524a-4069-b4a4-be5aec8473fe
F316C573-615D-4E71-9971-09E78F03A20D|E3CDC578-37BA-4CDB-B150-DAB0409270CD|DDAD0F9E-C85B-462D-8A57-FCE97AEE4EF0|e1729cc2-524a-4069-b4a4-be5aec8473fe
F494795C-07BC-4955-B54F-E5B08A8AB313|E3CDC578-37BA-4CDB-B150-DAB0409270CD|6799DC5E-5CEB-4D60-BD75-EAA9FFFDE30F|e1729cc2-524a-4069-b4a4-be5aec8473fe
C5D3F86C-4F53-483B-834E-B615AC9CA2DA|E3CDC578-37BA-4CDB-B150-DAB0409270CD|85728858-0D2E-4DA6-9901-941B737421E5|e1729cc2-524a-4069-b4a4-be5aec8473fe
E48BB194-B70B-4164-8178-B3BFB6156A28|E3CDC578-37BA-4CDB-B150-DAB0409270CD|2A4FD176-029E-4DA0-A08A-036BF438EDE7|b9bbd718-b32f-4466-ab34-42f544ff900e
F7129D81-F113-49C2-8CE3-FC4B82C09C01|E3CDC578-37BA-4CDB-B150-DAB0409270CD|1381D1CA-EB72-4D72-A793-D692BE1483C9|b9bbd718-b32f-4466-ab34-42f544ff900e
F16A242C-52AB-413D-BB9F-5EAB112107BE|E3CDC578-37BA-4CDB-B150-DAB0409270CD|81B20DD2-7462-47FB-B597-1BDAA8A9F0EF|b9bbd718-b32f-4466-ab34-42f544ff900e
00D72E21-66EE-4B65-9550-65653248CD21|E3CDC578-37BA-4CDB-B150-DAB0409270CD|0BB327CC-1E4B-497E-9A77-7A49419D95C7|b9bbd718-b32f-4466-ab34-42f544ff900e
64723B57-715E-43CC-948F-65633AADFA84|E3CDC578-37BA-4CDB-B150-DAB0409270CD|AA1B14EB-5CA0-4FA1-B665-697342B2782D|b9bbd718-b32f-4466-ab34-42f544ff900e
609670BC-05DC-4FA9-A55F-96106E8C9227|E3CDC578-37BA-4CDB-B150-DAB0409270CD|5B3BD314-7489-4F0E-8BD8-35DF4DF3FC5C|b9bbd718-b32f-4466-ab34-42f544ff900e
D656EE78-CF04-40B4-A5A8-1B9221ACD170|E3CDC578-37BA-4CDB-B150-DAB0409270CD|89AE9658-3882-484D-B1D5-9E13F554DF2B|b9bbd718-b32f-4466-ab34-42f544ff900e
21DEB5B8-FA3E-4D7E-B590-50981C7FAB61|E3CDC578-37BA-4CDB-B150-DAB0409270CD|87671173-70A4-435F-8C3F-14695782B8CF|b9bbd718-b32f-4466-ab34-42f544ff900e
0BFA313E-0C29-4C75-8F74-289B77993B54|E3CDC578-37BA-4CDB-B150-DAB0409270CD|3AD1F311-C539-4FED-B840-6B6081BDB2E7|b9bbd718-b32f-4466-ab34-42f544ff900e
C24161F0-310A-409F-9741-4412ECA35BA5|E3CDC578-37BA-4CDB-B150-DAB0409270CD|90342A1E-0084-4EB2-9D11-2191B59FA1A6|b9bbd718-b32f-4466-ab34-42f544ff900e
20EAB9A2-F6D8-4B46-A007-7BD4271DEA37|E3CDC578-37BA-4CDB-B150-DAB0409270CD|799CA5BA-3FA6-4773-BC2E-3C68E1213AC6|b9bbd718-b32f-4466-ab34-42f544ff900e
C13E33CF-73C8-4518-80E0-080D11A54542|E3CDC578-37BA-4CDB-B150-DAB0409270CD|91DA9E7C-CAA1-4438-A1D7-DD071CFAFF8F|b9bbd718-b32f-4466-ab34-42f544ff900e
CA283C65-E811-446B-9901-E8E8CD77989F|E3CDC578-37BA-4CDB-B150-DAB0409270CD|11FFC61B-DCDB-4DEE-B9C5-E9DD22B9E575|b9bbd718-b32f-4466-ab34-42f544ff900e
D18493B4-32C7-43B0-8FFD-EA9A88C1BBEB|E3CDC578-37BA-4CDB-B150-DAB0409270CD|91DAFF4B-C8B9-4B46-A971-E66955D66332|b9bbd718-b32f-4466-ab34-42f544ff900e
D542D8E0-27F9-47C2-AD58-04772588B841|E3CDC578-37BA-4CDB-B150-DAB0409270CD|F5B016C3-DE03-4097-B006-616E8EE832CE|b9bbd718-b32f-4466-ab34-42f544ff900e
C224B63C-4744-42C1-8B27-E9BA0CA2C20C|E3CDC578-37BA-4CDB-B150-DAB0409270CD|A2DA52F4-EDAE-4866-9228-634AFC4F5458|b9bbd718-b32f-4466-ab34-42f544ff900e
A29B4E25-3FD6-4680-AF02-2ED60DF2D896|E3CDC578-37BA-4CDB-B150-DAB0409270CD|BBE08494-134E-4E03-B8B6-44D2C9AFF521|b9bbd718-b32f-4466-ab34-42f544ff900e
6F3C4F03-78C0-4DFB-9EC4-B368D76F3FB1|E3CDC578-37BA-4CDB-B150-DAB0409270CD|4F218688-6DE5-4E69-8690-66FBA2F0DC9F|c9caf109-c27d-4062-9b9f-ac4268629e27
C6E9CC13-5D79-445C-9AAA-2C03B9F512E8|E3CDC578-37BA-4CDB-B150-DAB0409270CD|A195BAF6-D6E7-43A5-B7C9-D6C627A42815|c9caf109-c27d-4062-9b9f-ac4268629e27
F9E63AE8-FA12-48D6-870C-F3AEAA5880D7|E3CDC578-37BA-4CDB-B150-DAB0409270CD|8A1B5BDB-9589-4207-8345-A811FC18B2C9|c9caf109-c27d-4062-9b9f-ac4268629e27
A32E5347-786B-4485-88A1-AFEBF0A541F7|E3CDC578-37BA-4CDB-B150-DAB0409270CD|AEED7469-F7AF-41E6-B24C-13B1D74E1026|c9caf109-c27d-4062-9b9f-ac4268629e27
7A113209-5859-4185-89CA-06C4ECC6EE7F|E3CDC578-37BA-4CDB-B150-DAB0409270CD|CF64EBB2-BCC2-4EAA-B1C8-060EEE3284F3|c9caf109-c27d-4062-9b9f-ac4268629e27
F74B56B6-78BD-467B-9E36-D11BC0BE7A57|E3CDC578-37BA-4CDB-B150-DAB0409270CD|7BF6983F-CF8D-4897-8122-7CCD0F778CAF|c9caf109-c27d-4062-9b9f-ac4268629e27
FAFBCF5E-5015-4A89-B96C-6471ACAFA044|E3CDC578-37BA-4CDB-B150-DAB0409270CD|87D0EA99-7042-4867-A4B7-C31E7665DE5E|c9caf109-c27d-4062-9b9f-ac4268629e27
D0874756-C1D1-431D-AAE4-ED406A1EA163|E3CDC578-37BA-4CDB-B150-DAB0409270CD|6912F4C6-9370-440A-BA87-11A8426BA92C|c9caf109-c27d-4062-9b9f-ac4268629e27
EDFCADF7-BCC1-46B7-AEE7-68A3FCA23D60|E3CDC578-37BA-4CDB-B150-DAB0409270CD|91318D8C-8150-49B4-A473-CF97F104F6B7|c9caf109-c27d-4062-9b9f-ac4268629e27
2200C8C6-183B-423C-8A5E-8D61C26A8F04|E3CDC578-37BA-4CDB-B150-DAB0409270CD|DD9AF1EF-EEEC-49D3-A43F-802D7028BFD7|c9caf109-c27d-4062-9b9f-ac4268629e27
BD8841B8-9F22-49AE-BB53-3CF5397AA35A|E3CDC578-37BA-4CDB-B150-DAB0409270CD|62BC85B5-306F-4740-A215-48470CA31288|c9caf109-c27d-4062-9b9f-ac4268629e27
7E85A961-09E5-4C1E-A59C-4ABDE28E789F|E3CDC578-37BA-4CDB-B150-DAB0409270CD|B2EEF18D-EE0A-4CA1-B6FE-B82F863D81B4|c9caf109-c27d-4062-9b9f-ac4268629e27
FC29BAEB-9393-46DB-A77D-28E3D63D6D28|E3CDC578-37BA-4CDB-B150-DAB0409270CD|29A012E5-CDE3-45D8-9BB0-A25D3DBF0A92|c9caf109-c27d-4062-9b9f-ac4268629e27
D3F1DF00-6559-43A9-AC96-A45E0725D706|E3CDC578-37BA-4CDB-B150-DAB0409270CD|423C391C-4944-43F4-9034-9C6818E9C1A2|c9caf109-c27d-4062-9b9f-ac4268629e27
347224B2-C3B2-4355-88E3-A1633D469DB0|E3CDC578-37BA-4CDB-B150-DAB0409270CD|F67E977A-0102-4758-91E8-9782A570E75D|c9caf109-c27d-4062-9b9f-ac4268629e27
7F08CE7E-20AA-4BA9-B15E-CD86CD25060F|E3CDC578-37BA-4CDB-B150-DAB0409270CD|EF70C8D3-6866-4F6E-8FC2-10665A8D9B12|c9caf109-c27d-4062-9b9f-ac4268629e27
5D9627E5-15F3-48CF-B150-7235C98D4B69|E3CDC578-37BA-4CDB-B150-DAB0409270CD|123264D0-464E-4032-BEA5-CFECA81410C9|c9caf109-c27d-4062-9b9f-ac4268629e27
C267F575-17E3-4F31-99E8-21F721CDE99A|E3CDC578-37BA-4CDB-B150-DAB0409270CD|CA1F032F-1CA2-4DCE-8AAA-CB284E167A3E|c9caf109-c27d-4062-9b9f-ac4268629e27
04273B1B-8D84-4912-B7F6-AE2FBF22B9E9|E3CDC578-37BA-4CDB-B150-DAB0409270CD|72A995F4-0C94-4FAA-8A43-2277B02B97D1|c9caf109-c27d-4062-9b9f-ac4268629e27
EA372922-22D4-4899-9EBD-17848FB8D472|E3CDC578-37BA-4CDB-B150-DAB0409270CD|0DE968C9-7309-C481-58F7-AB6CDB1011EF|c9caf109-c27d-4062-9b9f-ac4268629e27
C4AB19FA-7970-42E4-BA84-D574CA3F5D1C|E3CDC578-37BA-4CDB-B150-DAB0409270CD|C1F2964E-9DD5-4B7A-86BD-E7FCAFB9D9D9|c9caf109-c27d-4062-9b9f-ac4268629e27
EBD6B6C4-31DE-40A6-A7EA-7915DF8FE43C|E3CDC578-37BA-4CDB-B150-DAB0409270CD|E4D9BF24-8574-463D-A816-A21CEC6CD548|c9caf109-c27d-4062-9b9f-ac4268629e27
6796B3DA-2D6E-4187-973E-1F953E215274|E3CDC578-37BA-4CDB-B150-DAB0409270CD|40F82118-26E7-4CCC-8456-195B5F009478|c9caf109-c27d-4062-9b9f-ac4268629e27
DBF787D4-1426-4132-B399-F5BA26E10893|E3CDC578-37BA-4CDB-B150-DAB0409270CD|0420916C-304D-4EB8-A847-8B4729E915C1|c9caf109-c27d-4062-9b9f-ac4268629e27
85937184-5476-48F9-BA8B-CC68146C03EC|E3CDC578-37BA-4CDB-B150-DAB0409270CD|199C78A9-4708-451E-8C87-8E6B4F47AAD9|c9caf109-c27d-4062-9b9f-ac4268629e27
338ABA85-4C55-4C6D-AFF6-DF49967A0DB3|E3CDC578-37BA-4CDB-B150-DAB0409270CD|B404AA65-25A3-40B0-8462-D377A926354F|c9caf109-c27d-4062-9b9f-ac4268629e27
6B5E2CF0-CDEB-4B44-9A58-52DF1DD71C68|E3CDC578-37BA-4CDB-B150-DAB0409270CD|B7B6D6E6-84B1-47F6-AA1B-AA34AEB7D236|c9caf109-c27d-4062-9b9f-ac4268629e27
2F669372-4990-43A7-B877-6370B85ADE18|E3CDC578-37BA-4CDB-B150-DAB0409270CD|7559C867-A833-4DA2-816B-51D4636033A3|c9caf109-c27d-4062-9b9f-ac4268629e27
C0F8C015-FA55-4AA2-A68D-B8F4958CD23B|E3CDC578-37BA-4CDB-B150-DAB0409270CD|7FC3A038-C5DE-4DEE-AE2D-E2ED230AB328|c9caf109-c27d-4062-9b9f-ac4268629e27
E03FD5E2-1048-416E-BA4C-EE93B23B5C91|E3CDC578-37BA-4CDB-B150-DAB0409270CD|4A4D0394-0FBD-4014-98A5-D3CE9161A568|c9caf109-c27d-4062-9b9f-ac4268629e27
79D23310-805E-46AC-9BC9-7DD57D5E001A|E3CDC578-37BA-4CDB-B150-DAB0409270CD|CB0EF175-8A57-49D7-A1D4-89D0C6E3A497|c9caf109-c27d-4062-9b9f-ac4268629e27
D266B991-FD88-4748-967B-BB0384859516|E3CDC578-37BA-4CDB-B150-DAB0409270CD|309B97E9-72AB-4FD0-A282-8410413ACE46|c9caf109-c27d-4062-9b9f-ac4268629e27
3FF4011C-30E7-4C18-A3A8-2E5F8ADFF895|E3CDC578-37BA-4CDB-B150-DAB0409270CD|307ED34F-D6B5-4EE8-AB44-543305B12085|c9caf109-c27d-4062-9b9f-ac4268629e27
6B391DC0-EE19-41FF-B4F5-643F9BC6B5C1|E3CDC578-37BA-4CDB-B150-DAB0409270CD|97BAC717-C0A7-47F7-9918-C56658E6D792|c9caf109-c27d-4062-9b9f-ac4268629e27
3576231F-5A22-4B1E-A3FA-B285E21AF79A|E3CDC578-37BA-4CDB-B150-DAB0409270CD|466D93AD-B0D7-4B29-89C0-569A421763D6|c9caf109-c27d-4062-9b9f-ac4268629e27
74E13661-52DF-460A-A07E-B58C1EA9DB8F|E3CDC578-37BA-4CDB-B150-DAB0409270CD|41C68FA5-4A98-4BB2-B702-68DD844F92B0|f098e943-26fd-4dc0-b6a0-2d02477004a4
FDEB566B-4F30-4E09-8114-08A20019FBFD|E3CDC578-37BA-4CDB-B150-DAB0409270CD|9208D11F-98E8-47B8-8DFC-4215FC2EF127|f098e943-26fd-4dc0-b6a0-2d02477004a4
CFC78388-AB1E-48F6-B4FA-3D47CDA5CF23|E3CDC578-37BA-4CDB-B150-DAB0409270CD|3013780A-61AD-4BAA-8666-C89CC1A555F8|f098e943-26fd-4dc0-b6a0-2d02477004a4
1FE133D2-6DAE-424C-A1FC-EEF5049EFD8B|E3CDC578-37BA-4CDB-B150-DAB0409270CD|3C14C92D-9113-4289-8A69-564BF3F3D871|f098e943-26fd-4dc0-b6a0-2d02477004a4
41FA8389-F4DA-456C-955F-149EBCC94431|E3CDC578-37BA-4CDB-B150-DAB0409270CD|E9888085-FD91-4551-9274-50BA485A9637|f098e943-26fd-4dc0-b6a0-2d02477004a4
E1A84278-E033-440A-B295-ACA432C5CF25|E3CDC578-37BA-4CDB-B150-DAB0409270CD|DDAD0F9E-C85B-462D-8A57-FCE97AEE4EF0|f098e943-26fd-4dc0-b6a0-2d02477004a4
90473358-CEE5-495B-AB4B-952901CB9584|E3CDC578-37BA-4CDB-B150-DAB0409270CD|6799DC5E-5CEB-4D60-BD75-EAA9FFFDE30F|f098e943-26fd-4dc0-b6a0-2d02477004a4
965241A4-B192-4DDB-BAC0-D0933B3A0B5C|E3CDC578-37BA-4CDB-B150-DAB0409270CD|85728858-0D2E-4DA6-9901-941B737421E5|f098e943-26fd-4dc0-b6a0-2d02477004a4
729A5FEE-8A9C-49EA-A2FB-600541AF8009|E3CDC578-37BA-4CDB-B150-DAB0409270CD|2A4FD176-029E-4DA0-A08A-036BF438EDE7|f098e943-26fd-4dc0-b6a0-2d02477004a4
3FBBDDD4-9B8D-46B7-886C-17297F0761B8|E3CDC578-37BA-4CDB-B150-DAB0409270CD|1381D1CA-EB72-4D72-A793-D692BE1483C9|f098e943-26fd-4dc0-b6a0-2d02477004a4
AA1AB91E-49D8-4167-A4AA-9C809191E4C4|E3CDC578-37BA-4CDB-B150-DAB0409270CD|81B20DD2-7462-47FB-B597-1BDAA8A9F0EF|f098e943-26fd-4dc0-b6a0-2d02477004a4
F9084DD9-F4B0-462F-AD5D-EA0F75E38353|E3CDC578-37BA-4CDB-B150-DAB0409270CD|0BB327CC-1E4B-497E-9A77-7A49419D95C7|f098e943-26fd-4dc0-b6a0-2d02477004a4
EEC91114-3D55-41BF-945A-17FE42663C43|E3CDC578-37BA-4CDB-B150-DAB0409270CD|AA1B14EB-5CA0-4FA1-B665-697342B2782D|f098e943-26fd-4dc0-b6a0-2d02477004a4
2B7816BA-F43E-4C2E-91FD-E0649F89EDED|E3CDC578-37BA-4CDB-B150-DAB0409270CD|5B3BD314-7489-4F0E-8BD8-35DF4DF3FC5C|f098e943-26fd-4dc0-b6a0-2d02477004a4
746BB80C-4042-4E18-89CD-87E77BABAF96|E3CDC578-37BA-4CDB-B150-DAB0409270CD|89AE9658-3882-484D-B1D5-9E13F554DF2B|f098e943-26fd-4dc0-b6a0-2d02477004a4
C6DBC025-16F4-4518-A494-004D501DF92B|E3CDC578-37BA-4CDB-B150-DAB0409270CD|87671173-70A4-435F-8C3F-14695782B8CF|f098e943-26fd-4dc0-b6a0-2d02477004a4
1EE15202-4C3C-4651-BF26-B6394A412A26|E3CDC578-37BA-4CDB-B150-DAB0409270CD|3AD1F311-C539-4FED-B840-6B6081BDB2E7|f098e943-26fd-4dc0-b6a0-2d02477004a4
5806FF3A-0C5A-4716-97C9-65F31DEB2CA7|E3CDC578-37BA-4CDB-B150-DAB0409270CD|90342A1E-0084-4EB2-9D11-2191B59FA1A6|f098e943-26fd-4dc0-b6a0-2d02477004a4
D4A16254-54EB-444A-AA74-CEAC92A3A83B|E3CDC578-37BA-4CDB-B150-DAB0409270CD|799CA5BA-3FA6-4773-BC2E-3C68E1213AC6|f098e943-26fd-4dc0-b6a0-2d02477004a4
1B73CE26-734C-451E-8737-0039D4A8966C|E3CDC578-37BA-4CDB-B150-DAB0409270CD|91DA9E7C-CAA1-4438-A1D7-DD071CFAFF8F|f098e943-26fd-4dc0-b6a0-2d02477004a4
1C61E5AA-C6EB-44C6-A01F-B3D5147AD266|E3CDC578-37BA-4CDB-B150-DAB0409270CD|11FFC61B-DCDB-4DEE-B9C5-E9DD22B9E575|f098e943-26fd-4dc0-b6a0-2d02477004a4
5584481F-9899-4B30-A388-2D7CDEF62C10|E3CDC578-37BA-4CDB-B150-DAB0409270CD|91DAFF4B-C8B9-4B46-A971-E66955D66332|f098e943-26fd-4dc0-b6a0-2d02477004a4
87FF3DF4-5474-47A6-B460-709944CB887D|E3CDC578-37BA-4CDB-B150-DAB0409270CD|F5B016C3-DE03-4097-B006-616E8EE832CE|f098e943-26fd-4dc0-b6a0-2d02477004a4
C3BAC071-783C-47F9-AE9C-C1B78EB42E2C|E3CDC578-37BA-4CDB-B150-DAB0409270CD|A2DA52F4-EDAE-4866-9228-634AFC4F5458|f098e943-26fd-4dc0-b6a0-2d02477004a4
971B531E-F564-4774-A0F8-8E51685D6756|E3CDC578-37BA-4CDB-B150-DAB0409270CD|D28063C0-F2B8-4A47-9817-19656004C279|b9bbd718-b32f-4466-ab34-42f544ff900e
C525BF81-7FCF-4521-9698-4ECCB8A69A65|E3CDC578-37BA-4CDB-B150-DAB0409270CD|C72A3B1C-A13C-462C-BDB7-AFDEFF5F2DA8|b9bbd718-b32f-4466-ab34-42f544ff900e
7FFCBDFA-9F22-4217-8F8B-84262049A53E|E3CDC578-37BA-4CDB-B150-DAB0409270CD|9F22612B-A69B-41D3-8819-F71420D6DF2F|b9bbd718-b32f-4466-ab34-42f544ff900e
09771C66-D274-4B70-B586-6A7012159A3E|E3CDC578-37BA-4CDB-B150-DAB0409270CD|E4CBA165-C6EE-4B1D-ADC8-C327B77B6B13|b9bbd718-b32f-4466-ab34-42f544ff900e
3BB3C29E-AB63-4EF2-AFE0-882F9A97D08E|E3CDC578-37BA-4CDB-B150-DAB0409270CD|F26BC70F-FDDC-4383-A8D9-E0E5457834D9|b9bbd718-b32f-4466-ab34-42f544ff900e
3922ED8E-78B4-4185-A3C2-15755419B323|E3CDC578-37BA-4CDB-B150-DAB0409270CD|BDBD35C0-F0A5-46F8-AFFF-5F2BBC182C25|b9bbd718-b32f-4466-ab34-42f544ff900e
000FB591-28F6-40D0-962E-81F8A6EF4BE8|E3CDC578-37BA-4CDB-B150-DAB0409270CD|31638728-0D17-4D23-B876-FF238D90B7F9|b9bbd718-b32f-4466-ab34-42f544ff900e
CED27C09-E677-4995-B131-30C4E31AEBE8|E3CDC578-37BA-4CDB-B150-DAB0409270CD|172EE44D-088A-4766-A021-690628406CB9|b9bbd718-b32f-4466-ab34-42f544ff900e
7491CC4A-BCF0-4F07-9A53-018294C2C01F|E3CDC578-37BA-4CDB-B150-DAB0409270CD|582A7D9B-1159-40C5-B8EF-21173770BFA3|b9bbd718-b32f-4466-ab34-42f544ff900e
B5D7C264-32E5-4C65-BE94-7DDB6DA06DF7|E3CDC578-37BA-4CDB-B150-DAB0409270CD|777CE711-981A-4613-AAA3-99E1140E90E9|b9bbd718-b32f-4466-ab34-42f544ff900e
4822361C-D7F7-432E-A0BD-A1BF6A374C8B|E3CDC578-37BA-4CDB-B150-DAB0409270CD|289A87A1-3936-4012-9487-7B5598F672C9|b9bbd718-b32f-4466-ab34-42f544ff900e
EEA211A1-8F2B-45CC-9590-21291F7EB25B|E3CDC578-37BA-4CDB-B150-DAB0409270CD|F07D8FE7-DA87-40EB-A294-D06BDAC8F438|b9bbd718-b32f-4466-ab34-42f544ff900e
85734B1D-95FD-4480-B8ED-69D5F5C25871|E3CDC578-37BA-4CDB-B150-DAB0409270CD|A2678067-A7A3-4D10-A30C-C3789B180A70|b9bbd718-b32f-4466-ab34-42f544ff900e
AFBCF745-7F88-4078-BCF8-7E35EFE46E0F|E3CDC578-37BA-4CDB-B150-DAB0409270CD|2F073061-C5C3-4359-B4DE-5E17D74D6620|b9bbd718-b32f-4466-ab34-42f544ff900e
B221F82C-F00A-445F-8AAD-C710028C9BEF|E3CDC578-37BA-4CDB-B150-DAB0409270CD|539D4A11-2C5B-40BC-91A2-44998747E8AD|b9bbd718-b32f-4466-ab34-42f544ff900e
F9C3C452-3D4E-4097-852C-A32FA95B7C83|E3CDC578-37BA-4CDB-B150-DAB0409270CD|EE943C52-EF11-4D6C-BEBF-CE5901394CB3|b9bbd718-b32f-4466-ab34-42f544ff900e
1757B362-8068-4C5D-A6F5-94F333CE2496|E3CDC578-37BA-4CDB-B150-DAB0409270CD|743DB4A9-876D-4148-828D-A0CC23B736CC|b9bbd718-b32f-4466-ab34-42f544ff900e
DD376F3F-FA0D-4B4E-9951-524707FCE7E8|E3CDC578-37BA-4CDB-B150-DAB0409270CD|CE880C8E-C8D0-49A3-AA4A-8294F8F3F307|b9bbd718-b32f-4466-ab34-42f544ff900e
8AB3A44A-B5E7-4D54-8666-DE14F8FA2C87|E3CDC578-37BA-4CDB-B150-DAB0409270CD|20CA9579-140F-4DAB-8587-30AEAD28B04E|b9bbd718-b32f-4466-ab34-42f544ff900e
5C65C89C-7D46-495E-A4CD-7A5C13DD8CBF|E3CDC578-37BA-4CDB-B150-DAB0409270CD|505B0413-C444-4B53-99E2-BFA56F3F771A|b9bbd718-b32f-4466-ab34-42f544ff900e
3BFBC6C5-96DF-4120-BC59-4B3110D85B7A|E3CDC578-37BA-4CDB-B150-DAB0409270CD|A48C8714-0012-4AF0-AE0F-0C3932980FC5|b9bbd718-b32f-4466-ab34-42f544ff900e
F2BB7B0A-9FB6-4F03-8CF7-62A08F143885|E3CDC578-37BA-4CDB-B150-DAB0409270CD|3DC2A34B-008C-4C2C-BD11-262FB0DA6BB3|b9bbd718-b32f-4466-ab34-42f544ff900e
F076BBF2-DAC2-4918-8423-536BB3FB92D4|E3CDC578-37BA-4CDB-B150-DAB0409270CD|5CF574B4-1464-4BEC-AD86-84639DE8EB1A|b9bbd718-b32f-4466-ab34-42f544ff900e
26E20704-58BA-4839-A56C-D92B7CC2EEAA|E3CDC578-37BA-4CDB-B150-DAB0409270CD|7C3BAB0E-C09E-4238-B3C0-9FAF188A53B7|b9bbd718-b32f-4466-ab34-42f544ff900e
1A5D83A9-6B93-4B1B-84E6-019FBB1B0B6D|E3CDC578-37BA-4CDB-B150-DAB0409270CD|CD23A751-4F7F-4CA4-9B98-CA509B1C9BE9|b9bbd718-b32f-4466-ab34-42f544ff900e
6203E608-5D76-47C3-B23D-F9F908745D91|E3CDC578-37BA-4CDB-B150-DAB0409270CD|E3AC3BF6-7832-4CFA-A684-F866CFF1EC03|b9bbd718-b32f-4466-ab34-42f544ff900e
97FD5223-8FB5-4D92-9F41-B98B590C88A3|E3CDC578-37BA-4CDB-B150-DAB0409270CD|54A61629-5C00-42D7-9167-44AC3E6A1D49|b9bbd718-b32f-4466-ab34-42f544ff900e
3DDE7D99-5D43-414F-97B4-4AD6E7F3CEB7|E3CDC578-37BA-4CDB-B150-DAB0409270CD|2F1D0FF2-D63F-42EC-B26C-728328BD2D2E|b9bbd718-b32f-4466-ab34-42f544ff900e
5ABB501D-5EC0-4CAD-871F-B7A10A360269|E3CDC578-37BA-4CDB-B150-DAB0409270CD|6B6E166D-6F1C-4594-AC6F-220CC73C569A|b9bbd718-b32f-4466-ab34-42f544ff900e
8365BF48-3472-410C-BE0D-0562AF3ED35C|E3CDC578-37BA-4CDB-B150-DAB0409270CD|3F6F8ACF-477F-4E93-9099-524272131150|b9bbd718-b32f-4466-ab34-42f544ff900e
E9D5004E-2A24-4813-92AB-8DA52F0F72A3|E3CDC578-37BA-4CDB-B150-DAB0409270CD|CEAECA2A-D0DE-4E78-B663-2C2265C56E5A|b9bbd718-b32f-4466-ab34-42f544ff900e
07E948DA-2613-4DBE-BC0C-19208DDB1668|E3CDC578-37BA-4CDB-B150-DAB0409270CD|7193EB96-25D8-4FC0-AA1F-F76B0695AB1D|b9bbd718-b32f-4466-ab34-42f544ff900e
EC6ACC7A-EE58-42F2-838C-744C70614889|E3CDC578-37BA-4CDB-B150-DAB0409270CD|9BDEB2F2-AE2F-4D41-95A7-075FE76077C9|b9bbd718-b32f-4466-ab34-42f544ff900e
7D37987A-8F4E-4EDD-B368-F5F9DA9F6334|E3CDC578-37BA-4CDB-B150-DAB0409270CD|40CC3205-3CE2-4FB3-9331-5AC66B8FAA3D|b9bbd718-b32f-4466-ab34-42f544ff900e
8D3B14F7-5CF2-4EC4-871F-5CBEFC143A68|E3CDC578-37BA-4CDB-B150-DAB0409270CD|0B19CA51-195B-4FF1-9BC0-2B75DA47A5B2|b9bbd718-b32f-4466-ab34-42f544ff900e
487D0D9F-A5A3-49FD-8724-AEA893063464|E3CDC578-37BA-4CDB-B150-DAB0409270CD|745823C6-C558-45D0-A477-B963799C8F28|b9bbd718-b32f-4466-ab34-42f544ff900e
7164255F-61CC-4BD6-AF4D-C0C35CB0CE37|E3CDC578-37BA-4CDB-B150-DAB0409270CD|9D3BEDC0-924F-434C-8CFE-4EF4EE2323C9|b9bbd718-b32f-4466-ab34-42f544ff900e
F92EC9CB-CBB3-4EAC-93FD-CA8EB85A06E3|E3CDC578-37BA-4CDB-B150-DAB0409270CD|CC6D62A0-5AA0-46CA-A0AA-C0A651021BDA|b9bbd718-b32f-4466-ab34-42f544ff900e
442ABC76-8DC9-494C-85FC-22DF60CBEEC0|E3CDC578-37BA-4CDB-B150-DAB0409270CD|E9E5C637-E205-4479-B0E8-4F547DEFE169|b9bbd718-b32f-4466-ab34-42f544ff900e
AFBD3849-E155-4BFC-B20D-83CCC44967CC|E3CDC578-37BA-4CDB-B150-DAB0409270CD|95251D87-568C-4B6B-9378-1018A934808A|b9bbd718-b32f-4466-ab34-42f544ff900e
B911410C-23BD-4C34-B416-271BE9657E27|E3CDC578-37BA-4CDB-B150-DAB0409270CD|3AA8BAE9-981D-406C-B388-81337EFB95C7|b9bbd718-b32f-4466-ab34-42f544ff900e
125AE30A-D173-4313-A7FD-04451D484B47|E3CDC578-37BA-4CDB-B150-DAB0409270CD|910AAFE9-54B0-42E3-8348-C1ADAA8EC4F6|b9bbd718-b32f-4466-ab34-42f544ff900e
D3F250EE-3439-47E4-92EA-F41F426AD25B|E3CDC578-37BA-4CDB-B150-DAB0409270CD|8297AE60-2986-4FEA-9ECD-253652CE5AAE|b9bbd718-b32f-4466-ab34-42f544ff900e
3C95969E-6010-4744-B8E4-91C83E81BC21|E3CDC578-37BA-4CDB-B150-DAB0409270CD|19AA4B94-DFA8-46D9-9663-E84B2AEE6AAB|b9bbd718-b32f-4466-ab34-42f544ff900e
D6F4D180-445D-4E9A-8EEC-54485990FDED|E3CDC578-37BA-4CDB-B150-DAB0409270CD|B80DF118-2B28-4B7C-9B4F-0938CB025413|b9bbd718-b32f-4466-ab34-42f544ff900e
6226EAA5-7BC3-4FC3-BDA9-8B12745E076C|E3CDC578-37BA-4CDB-B150-DAB0409270CD|88598F8E-AFA3-40D3-A3AD-D4D7DE7DB538|b9bbd718-b32f-4466-ab34-42f544ff900e
914B7CD3-D750-4BA2-809C-B90003A200ED|E3CDC578-37BA-4CDB-B150-DAB0409270CD|4643C0D8-5534-4BE8-AF1A-7C7DFD0BA5DB|b9bbd718-b32f-4466-ab34-42f544ff900e
D7D624DA-B39F-492B-9D39-62CF051E7F85|E3CDC578-37BA-4CDB-B150-DAB0409270CD|BC134D9A-C501-46EA-8578-AC197DC48A88|b9bbd718-b32f-4466-ab34-42f544ff900e
BAD3DA21-A253-4C95-971B-6B6369B0D2B3|E3CDC578-37BA-4CDB-B150-DAB0409270CD|B208DFF0-E0DE-4EDD-8682-852408D7E031|b9bbd718-b32f-4466-ab34-42f544ff900e
FDF66117-4B8E-40DB-B5EF-6BF51F8EC238|E3CDC578-37BA-4CDB-B150-DAB0409270CD|1DFB8B07-F776-4A7A-9042-A1B6E0C3A970|b9bbd718-b32f-4466-ab34-42f544ff900e
21B75E00-D8AB-4680-8B05-C0A9AD9091C1|E3CDC578-37BA-4CDB-B150-DAB0409270CD|EA790CE4-0C54-4EEC-A6FA-F299E60517F5|b9bbd718-b32f-4466-ab34-42f544ff900e
DB633E95-BFD0-40E8-A5D8-AA25A79F55AE|E3CDC578-37BA-4CDB-B150-DAB0409270CD|12050094-A227-4531-BC57-F990E4285943|b9bbd718-b32f-4466-ab34-42f544ff900e
0598DFCB-5E96-4332-A825-AAE01F29A684|E3CDC578-37BA-4CDB-B150-DAB0409270CD|9323CB91-A36D-460C-B5D0-2F440977CA44|b9bbd718-b32f-4466-ab34-42f544ff900e
E9887C66-F2D1-412A-8368-5C3B1AC093FE|E3CDC578-37BA-4CDB-B150-DAB0409270CD|0AF1C702-24AB-4024-B173-24C470078433|b9bbd718-b32f-4466-ab34-42f544ff900e
9A7ECC20-AC78-46A5-8914-55E92A37AF70|E3CDC578-37BA-4CDB-B150-DAB0409270CD|D3AAD922-38D5-46D1-A331-1BF46D629479|b9bbd718-b32f-4466-ab34-42f544ff900e
66A900F1-C73D-43DC-AE0A-70926897BA72|E3CDC578-37BA-4CDB-B150-DAB0409270CD|4B55AA3A-1B40-431F-8658-2F2367F2AE8F|b9bbd718-b32f-4466-ab34-42f544ff900e
53330DD2-3B00-474E-96AE-BD94D5071E9C|E3CDC578-37BA-4CDB-B150-DAB0409270CD|81F2CC53-D7D2-44FC-922D-980D7DC11F37|b9bbd718-b32f-4466-ab34-42f544ff900e
F57A845B-03A6-465D-992B-B908C6270939|E3CDC578-37BA-4CDB-B150-DAB0409270CD|3EB16048-5FE7-4FDB-952D-C156C395534C|b9bbd718-b32f-4466-ab34-42f544ff900e
D462B411-B14C-4D8A-9535-D2C13774E561|E3CDC578-37BA-4CDB-B150-DAB0409270CD|8D0E34C2-E477-4CB8-8FBF-4D94EC4B043E|b9bbd718-b32f-4466-ab34-42f544ff900e
697FF3E3-B3EF-4E81-8A07-1946FB927971|E3CDC578-37BA-4CDB-B150-DAB0409270CD|E2F64CC7-D0E4-421E-9FF4-3453624BE455|b9bbd718-b32f-4466-ab34-42f544ff900e
9F13C13D-A274-4799-9D03-8DB01CBE223E|E3CDC578-37BA-4CDB-B150-DAB0409270CD|C65A996F-D03D-4D96-9CE7-252175F01AFB|b9bbd718-b32f-4466-ab34-42f544ff900e
B2CB304B-22B5-4E29-B584-CE2EA918C545|E3CDC578-37BA-4CDB-B150-DAB0409270CD|D28063C0-F2B8-4A47-9817-19656004C279|0e5dc1c6-f62f-4a36-a1ec-064173332694
0F140993-EE62-4AD3-B561-8D9D8AF044D5|E3CDC578-37BA-4CDB-B150-DAB0409270CD|C72A3B1C-A13C-462C-BDB7-AFDEFF5F2DA8|0e5dc1c6-f62f-4a36-a1ec-064173332694
4449AEF0-CDD7-4F9B-A7DE-5E53B93C39DC|E3CDC578-37BA-4CDB-B150-DAB0409270CD|9F22612B-A69B-41D3-8819-F71420D6DF2F|0e5dc1c6-f62f-4a36-a1ec-064173332694
81A2F281-6425-4A49-8D7A-191A062A831F|E3CDC578-37BA-4CDB-B150-DAB0409270CD|E4CBA165-C6EE-4B1D-ADC8-C327B77B6B13|0e5dc1c6-f62f-4a36-a1ec-064173332694
E5FB439B-01D1-4710-8698-88B3C6322F99|E3CDC578-37BA-4CDB-B150-DAB0409270CD|F26BC70F-FDDC-4383-A8D9-E0E5457834D9|0e5dc1c6-f62f-4a36-a1ec-064173332694
6AA4EFED-8CB9-4245-A711-93F0600EB5A1|E3CDC578-37BA-4CDB-B150-DAB0409270CD|BDBD35C0-F0A5-46F8-AFFF-5F2BBC182C25|0e5dc1c6-f62f-4a36-a1ec-064173332694
FCF1A27B-0167-4601-A5C4-6A1447329E37|E3CDC578-37BA-4CDB-B150-DAB0409270CD|31638728-0D17-4D23-B876-FF238D90B7F9|0e5dc1c6-f62f-4a36-a1ec-064173332694
D8685A17-B53B-4617-8BC4-611CFEC236C8|E3CDC578-37BA-4CDB-B150-DAB0409270CD|172EE44D-088A-4766-A021-690628406CB9|0e5dc1c6-f62f-4a36-a1ec-064173332694
04A5A12A-158C-48B2-AF21-2B2B7F8F2D55|E3CDC578-37BA-4CDB-B150-DAB0409270CD|582A7D9B-1159-40C5-B8EF-21173770BFA3|0e5dc1c6-f62f-4a36-a1ec-064173332694
E198E84B-AACA-4512-9353-C966D25BD321|E3CDC578-37BA-4CDB-B150-DAB0409270CD|777CE711-981A-4613-AAA3-99E1140E90E9|0e5dc1c6-f62f-4a36-a1ec-064173332694
F7ECD787-49B2-428C-B954-DA8CBABE9913|E3CDC578-37BA-4CDB-B150-DAB0409270CD|289A87A1-3936-4012-9487-7B5598F672C9|0e5dc1c6-f62f-4a36-a1ec-064173332694
06C0D670-229B-4E47-94EA-6BF59F7B0E19|E3CDC578-37BA-4CDB-B150-DAB0409270CD|F07D8FE7-DA87-40EB-A294-D06BDAC8F438|0e5dc1c6-f62f-4a36-a1ec-064173332694
5A414C1B-0CD5-43FB-B3CC-FC5008FD8903|E3CDC578-37BA-4CDB-B150-DAB0409270CD|A2678067-A7A3-4D10-A30C-C3789B180A70|0e5dc1c6-f62f-4a36-a1ec-064173332694
9F86C8C6-F8C3-467E-B75F-D2DEBCD4BAFE|E3CDC578-37BA-4CDB-B150-DAB0409270CD|2F073061-C5C3-4359-B4DE-5E17D74D6620|0e5dc1c6-f62f-4a36-a1ec-064173332694
8683DABD-7039-41B1-BFDA-010BF9CF6F63|E3CDC578-37BA-4CDB-B150-DAB0409270CD|539D4A11-2C5B-40BC-91A2-44998747E8AD|0e5dc1c6-f62f-4a36-a1ec-064173332694
D73F2093-F5A6-4D3F-86A6-F64D2B3FE3F2|E3CDC578-37BA-4CDB-B150-DAB0409270CD|EE943C52-EF11-4D6C-BEBF-CE5901394CB3|0e5dc1c6-f62f-4a36-a1ec-064173332694
FD413C2D-EC00-417F-AE4A-19555C8626BD|E3CDC578-37BA-4CDB-B150-DAB0409270CD|743DB4A9-876D-4148-828D-A0CC23B736CC|0e5dc1c6-f62f-4a36-a1ec-064173332694
B602B7BE-FD3D-4117-A44F-A836C1C2103D|E3CDC578-37BA-4CDB-B150-DAB0409270CD|CE880C8E-C8D0-49A3-AA4A-8294F8F3F307|0e5dc1c6-f62f-4a36-a1ec-064173332694
76772978-0C11-4EEB-96FE-BF63116731A6|E3CDC578-37BA-4CDB-B150-DAB0409270CD|20CA9579-140F-4DAB-8587-30AEAD28B04E|0e5dc1c6-f62f-4a36-a1ec-064173332694
2A45A425-D4BB-4F79-8AF9-BDA85D5F242E|E3CDC578-37BA-4CDB-B150-DAB0409270CD|505B0413-C444-4B53-99E2-BFA56F3F771A|0e5dc1c6-f62f-4a36-a1ec-064173332694
7D33AFBD-78AB-43EB-A3C5-559AAC7D2371|E3CDC578-37BA-4CDB-B150-DAB0409270CD|A48C8714-0012-4AF0-AE0F-0C3932980FC5|0e5dc1c6-f62f-4a36-a1ec-064173332694
E0FDD0A4-A831-47C7-BAAC-0A96BE555B02|E3CDC578-37BA-4CDB-B150-DAB0409270CD|3DC2A34B-008C-4C2C-BD11-262FB0DA6BB3|0e5dc1c6-f62f-4a36-a1ec-064173332694
2F4D8281-5DD1-4E0E-ABB6-741C76275280|E3CDC578-37BA-4CDB-B150-DAB0409270CD|5CF574B4-1464-4BEC-AD86-84639DE8EB1A|0e5dc1c6-f62f-4a36-a1ec-064173332694
C1EF26DA-74E9-41D1-A1B8-A139B6222533|E3CDC578-37BA-4CDB-B150-DAB0409270CD|7C3BAB0E-C09E-4238-B3C0-9FAF188A53B7|0e5dc1c6-f62f-4a36-a1ec-064173332694
A30ED364-2472-42AC-BA75-F5D5CBF9C0A1|E3CDC578-37BA-4CDB-B150-DAB0409270CD|CD23A751-4F7F-4CA4-9B98-CA509B1C9BE9|0e5dc1c6-f62f-4a36-a1ec-064173332694
D127D358-DBCE-42EF-B77C-762D7A236AEA|E3CDC578-37BA-4CDB-B150-DAB0409270CD|E3AC3BF6-7832-4CFA-A684-F866CFF1EC03|0e5dc1c6-f62f-4a36-a1ec-064173332694
7A47919E-EBFA-4E9A-935B-64649DB59A6F|E3CDC578-37BA-4CDB-B150-DAB0409270CD|54A61629-5C00-42D7-9167-44AC3E6A1D49|0e5dc1c6-f62f-4a36-a1ec-064173332694
83F18A97-3CF2-4B44-A11E-A25C3D8C203E|E3CDC578-37BA-4CDB-B150-DAB0409270CD|2F1D0FF2-D63F-42EC-B26C-728328BD2D2E|0e5dc1c6-f62f-4a36-a1ec-064173332694
0A6B45A0-044C-4923-87E1-3900F1324888|E3CDC578-37BA-4CDB-B150-DAB0409270CD|6B6E166D-6F1C-4594-AC6F-220CC73C569A|0e5dc1c6-f62f-4a36-a1ec-064173332694
30CD918A-CA76-457A-BC4C-3FBE10F923E7|E3CDC578-37BA-4CDB-B150-DAB0409270CD|3F6F8ACF-477F-4E93-9099-524272131150|0e5dc1c6-f62f-4a36-a1ec-064173332694
F9D17DAF-263B-42BF-AD4D-7C968447DF90|E3CDC578-37BA-4CDB-B150-DAB0409270CD|CEAECA2A-D0DE-4E78-B663-2C2265C56E5A|0e5dc1c6-f62f-4a36-a1ec-064173332694
5EA52F14-1D98-4F0C-9EAC-89AEFE38106C|E3CDC578-37BA-4CDB-B150-DAB0409270CD|7193EB96-25D8-4FC0-AA1F-F76B0695AB1D|0e5dc1c6-f62f-4a36-a1ec-064173332694
A24BB814-7AE2-4F13-9F4F-8EE51A814CE8|E3CDC578-37BA-4CDB-B150-DAB0409270CD|9BDEB2F2-AE2F-4D41-95A7-075FE76077C9|0e5dc1c6-f62f-4a36-a1ec-064173332694
3894DE9F-FD63-460C-8AD3-2A7BECF683CE|E3CDC578-37BA-4CDB-B150-DAB0409270CD|40CC3205-3CE2-4FB3-9331-5AC66B8FAA3D|0e5dc1c6-f62f-4a36-a1ec-064173332694
FA6E020C-B75C-4101-B7DC-DFE67F4D7A2F|E3CDC578-37BA-4CDB-B150-DAB0409270CD|0B19CA51-195B-4FF1-9BC0-2B75DA47A5B2|0e5dc1c6-f62f-4a36-a1ec-064173332694
78DB5C23-C68E-4FF9-8036-DDFB1AB5356E|E3CDC578-37BA-4CDB-B150-DAB0409270CD|745823C6-C558-45D0-A477-B963799C8F28|0e5dc1c6-f62f-4a36-a1ec-064173332694
FC57FA5D-1F7E-47D1-8C1F-967297A23C7C|E3CDC578-37BA-4CDB-B150-DAB0409270CD|9D3BEDC0-924F-434C-8CFE-4EF4EE2323C9|0e5dc1c6-f62f-4a36-a1ec-064173332694
FCC74997-E964-41B5-B031-C8D229F7F6D8|E3CDC578-37BA-4CDB-B150-DAB0409270CD|CC6D62A0-5AA0-46CA-A0AA-C0A651021BDA|0e5dc1c6-f62f-4a36-a1ec-064173332694
F94A7D6E-320A-4F6F-8202-2E027398AF40|E3CDC578-37BA-4CDB-B150-DAB0409270CD|E9E5C637-E205-4479-B0E8-4F547DEFE169|0e5dc1c6-f62f-4a36-a1ec-064173332694
AC585923-D3C6-4053-B1B6-4A01363F4E13|E3CDC578-37BA-4CDB-B150-DAB0409270CD|95251D87-568C-4B6B-9378-1018A934808A|0e5dc1c6-f62f-4a36-a1ec-064173332694
F7D85603-6867-4FC2-9900-A9758719F552|E3CDC578-37BA-4CDB-B150-DAB0409270CD|3AA8BAE9-981D-406C-B388-81337EFB95C7|0e5dc1c6-f62f-4a36-a1ec-064173332694
021A84E8-BF60-46D7-B9EB-FB306844FD1C|E3CDC578-37BA-4CDB-B150-DAB0409270CD|910AAFE9-54B0-42E3-8348-C1ADAA8EC4F6|0e5dc1c6-f62f-4a36-a1ec-064173332694
7766B8DE-66BD-48CA-9A7D-73486C410214|E3CDC578-37BA-4CDB-B150-DAB0409270CD|8297AE60-2986-4FEA-9ECD-253652CE5AAE|0e5dc1c6-f62f-4a36-a1ec-064173332694
55058313-E4AC-475B-93EC-45B37F6786FC|E3CDC578-37BA-4CDB-B150-DAB0409270CD|19AA4B94-DFA8-46D9-9663-E84B2AEE6AAB|0e5dc1c6-f62f-4a36-a1ec-064173332694
388E3ADA-90BF-4FC3-BC38-3584B8F23784|E3CDC578-37BA-4CDB-B150-DAB0409270CD|B80DF118-2B28-4B7C-9B4F-0938CB025413|0e5dc1c6-f62f-4a36-a1ec-064173332694
C0FB7D23-2556-4FC1-AE0E-EC04358D8F45|E3CDC578-37BA-4CDB-B150-DAB0409270CD|88598F8E-AFA3-40D3-A3AD-D4D7DE7DB538|0e5dc1c6-f62f-4a36-a1ec-064173332694
C5E4B50C-4682-4A73-A97F-D33613AFA2F9|E3CDC578-37BA-4CDB-B150-DAB0409270CD|4643C0D8-5534-4BE8-AF1A-7C7DFD0BA5DB|0e5dc1c6-f62f-4a36-a1ec-064173332694
4E036749-4171-4B9B-89CA-61AF58EAC01E|E3CDC578-37BA-4CDB-B150-DAB0409270CD|BC134D9A-C501-46EA-8578-AC197DC48A88|0e5dc1c6-f62f-4a36-a1ec-064173332694
D6C706F0-828D-4733-A2AD-E70F4F232BC6|E3CDC578-37BA-4CDB-B150-DAB0409270CD|B208DFF0-E0DE-4EDD-8682-852408D7E031|0e5dc1c6-f62f-4a36-a1ec-064173332694
9F0F1DF7-6998-4CE7-9483-7CDD5E48F652|E3CDC578-37BA-4CDB-B150-DAB0409270CD|1DFB8B07-F776-4A7A-9042-A1B6E0C3A970|0e5dc1c6-f62f-4a36-a1ec-064173332694
31BADECD-7760-47DA-8799-F26A3A640D95|E3CDC578-37BA-4CDB-B150-DAB0409270CD|EA790CE4-0C54-4EEC-A6FA-F299E60517F5|0e5dc1c6-f62f-4a36-a1ec-064173332694
70075111-06F3-46D7-A50B-48BC01618D53|E3CDC578-37BA-4CDB-B150-DAB0409270CD|12050094-A227-4531-BC57-F990E4285943|0e5dc1c6-f62f-4a36-a1ec-064173332694
6B6C217E-5A51-4AA0-8820-B7C3221CBB34|E3CDC578-37BA-4CDB-B150-DAB0409270CD|9323CB91-A36D-460C-B5D0-2F440977CA44|0e5dc1c6-f62f-4a36-a1ec-064173332694
4B16DCD6-72D1-40CE-9F2D-07166A889D0A|E3CDC578-37BA-4CDB-B150-DAB0409270CD|0AF1C702-24AB-4024-B173-24C470078433|0e5dc1c6-f62f-4a36-a1ec-064173332694
A32C2697-0386-4035-A0E6-616F4A65982B|E3CDC578-37BA-4CDB-B150-DAB0409270CD|D3AAD922-38D5-46D1-A331-1BF46D629479|0e5dc1c6-f62f-4a36-a1ec-064173332694
2DF835D6-F322-40EE-944A-0CB83718C31D|E3CDC578-37BA-4CDB-B150-DAB0409270CD|4B55AA3A-1B40-431F-8658-2F2367F2AE8F|0e5dc1c6-f62f-4a36-a1ec-064173332694
D85312D3-C793-4FA3-BD8D-A458D6B054C1|E3CDC578-37BA-4CDB-B150-DAB0409270CD|81F2CC53-D7D2-44FC-922D-980D7DC11F37|0e5dc1c6-f62f-4a36-a1ec-064173332694
87AF76AA-5348-44A1-A7B8-06F3BAF0A74B|E3CDC578-37BA-4CDB-B150-DAB0409270CD|3EB16048-5FE7-4FDB-952D-C156C395534C|0e5dc1c6-f62f-4a36-a1ec-064173332694
456E5802-F36E-4805-A0E5-3326654D6899|E3CDC578-37BA-4CDB-B150-DAB0409270CD|8D0E34C2-E477-4CB8-8FBF-4D94EC4B043E|0e5dc1c6-f62f-4a36-a1ec-064173332694
24EBE810-F66E-4DC2-BDF4-0DD945FA99C4|E3CDC578-37BA-4CDB-B150-DAB0409270CD|E2F64CC7-D0E4-421E-9FF4-3453624BE455|0e5dc1c6-f62f-4a36-a1ec-064173332694
2D479D8B-4781-4D65-88E3-CB7C8D293D59|E3CDC578-37BA-4CDB-B150-DAB0409270CD|C65A996F-D03D-4D96-9CE7-252175F01AFB|0e5dc1c6-f62f-4a36-a1ec-064173332694
E309FB22-588C-4490-B9A4-BCC8D7AEEC98|E3CDC578-37BA-4CDB-B150-DAB0409270CD|D28063C0-F2B8-4A47-9817-19656004C279|c9caf109-c27d-4062-9b9f-ac4268629e27
9E0D8433-68E0-40DE-9470-29E5AD23766D|E3CDC578-37BA-4CDB-B150-DAB0409270CD|C72A3B1C-A13C-462C-BDB7-AFDEFF5F2DA8|c9caf109-c27d-4062-9b9f-ac4268629e27
F5B2CF1D-C7A0-4EF5-A4AC-25ECD93333F5|E3CDC578-37BA-4CDB-B150-DAB0409270CD|9F22612B-A69B-41D3-8819-F71420D6DF2F|c9caf109-c27d-4062-9b9f-ac4268629e27
01E1F403-DCE4-40FB-A3DC-9BE661D06D39|E3CDC578-37BA-4CDB-B150-DAB0409270CD|E4CBA165-C6EE-4B1D-ADC8-C327B77B6B13|c9caf109-c27d-4062-9b9f-ac4268629e27
7DA70DEB-B7F6-4D7D-97F9-C82E77984016|E3CDC578-37BA-4CDB-B150-DAB0409270CD|F26BC70F-FDDC-4383-A8D9-E0E5457834D9|c9caf109-c27d-4062-9b9f-ac4268629e27
DFDEF184-62C6-48A3-9921-A77070592E67|E3CDC578-37BA-4CDB-B150-DAB0409270CD|BDBD35C0-F0A5-46F8-AFFF-5F2BBC182C25|c9caf109-c27d-4062-9b9f-ac4268629e27
AFC4655A-0749-44E7-B4A1-2D1CB0D50895|E3CDC578-37BA-4CDB-B150-DAB0409270CD|31638728-0D17-4D23-B876-FF238D90B7F9|c9caf109-c27d-4062-9b9f-ac4268629e27
3A798148-DA5F-4220-B777-E3D8FE754BE3|E3CDC578-37BA-4CDB-B150-DAB0409270CD|172EE44D-088A-4766-A021-690628406CB9|c9caf109-c27d-4062-9b9f-ac4268629e27
7BACBA51-6013-4015-B2D1-E066DA989D00|E3CDC578-37BA-4CDB-B150-DAB0409270CD|582A7D9B-1159-40C5-B8EF-21173770BFA3|c9caf109-c27d-4062-9b9f-ac4268629e27
441E3CD2-7876-45A9-931B-2E8827A26B32|E3CDC578-37BA-4CDB-B150-DAB0409270CD|777CE711-981A-4613-AAA3-99E1140E90E9|c9caf109-c27d-4062-9b9f-ac4268629e27
B2377085-231E-4FA1-98AC-B687A608CCCE|E3CDC578-37BA-4CDB-B150-DAB0409270CD|289A87A1-3936-4012-9487-7B5598F672C9|c9caf109-c27d-4062-9b9f-ac4268629e27
C8BDFA34-8CBA-4EC5-8E8B-6AFEBD44FF55|E3CDC578-37BA-4CDB-B150-DAB0409270CD|F07D8FE7-DA87-40EB-A294-D06BDAC8F438|c9caf109-c27d-4062-9b9f-ac4268629e27
F28CE3CB-E9AB-449C-BB07-710C17063AE6|E3CDC578-37BA-4CDB-B150-DAB0409270CD|A2678067-A7A3-4D10-A30C-C3789B180A70|c9caf109-c27d-4062-9b9f-ac4268629e27
71A730E1-AA3A-414A-B69C-4B5415C64930|E3CDC578-37BA-4CDB-B150-DAB0409270CD|2F073061-C5C3-4359-B4DE-5E17D74D6620|c9caf109-c27d-4062-9b9f-ac4268629e27
E272AF59-77D1-4B10-8789-A71ACF7B481E|E3CDC578-37BA-4CDB-B150-DAB0409270CD|539D4A11-2C5B-40BC-91A2-44998747E8AD|c9caf109-c27d-4062-9b9f-ac4268629e27
7C8C26F5-6B04-4C55-9878-FBA681BB1E85|E3CDC578-37BA-4CDB-B150-DAB0409270CD|EE943C52-EF11-4D6C-BEBF-CE5901394CB3|c9caf109-c27d-4062-9b9f-ac4268629e27
01581358-AA16-4B8C-B139-0CD7571EF5F7|E3CDC578-37BA-4CDB-B150-DAB0409270CD|743DB4A9-876D-4148-828D-A0CC23B736CC|c9caf109-c27d-4062-9b9f-ac4268629e27
F31B47D4-A58F-4AF8-B6D6-1FC46305F825|E3CDC578-37BA-4CDB-B150-DAB0409270CD|CE880C8E-C8D0-49A3-AA4A-8294F8F3F307|c9caf109-c27d-4062-9b9f-ac4268629e27
6DC64B16-5EAB-480E-A040-628578835E5E|E3CDC578-37BA-4CDB-B150-DAB0409270CD|20CA9579-140F-4DAB-8587-30AEAD28B04E|c9caf109-c27d-4062-9b9f-ac4268629e27
7D016A32-4B1A-48AF-B86F-8F6D39D487FD|E3CDC578-37BA-4CDB-B150-DAB0409270CD|505B0413-C444-4B53-99E2-BFA56F3F771A|c9caf109-c27d-4062-9b9f-ac4268629e27
FE8A76A7-C52E-46DF-8421-25BD4372AEA4|E3CDC578-37BA-4CDB-B150-DAB0409270CD|A48C8714-0012-4AF0-AE0F-0C3932980FC5|c9caf109-c27d-4062-9b9f-ac4268629e27
F5559EEC-EF76-4E05-8B34-CB47302428AA|E3CDC578-37BA-4CDB-B150-DAB0409270CD|3DC2A34B-008C-4C2C-BD11-262FB0DA6BB3|c9caf109-c27d-4062-9b9f-ac4268629e27
F0B62795-1A3B-484F-952D-DB52C8B60A5C|E3CDC578-37BA-4CDB-B150-DAB0409270CD|5CF574B4-1464-4BEC-AD86-84639DE8EB1A|c9caf109-c27d-4062-9b9f-ac4268629e27
3F0F4111-EA75-436C-8CB0-C9E822CD9094|E3CDC578-37BA-4CDB-B150-DAB0409270CD|7C3BAB0E-C09E-4238-B3C0-9FAF188A53B7|c9caf109-c27d-4062-9b9f-ac4268629e27
7C05D5BE-C467-413C-8894-A7BF955DE982|E3CDC578-37BA-4CDB-B150-DAB0409270CD|CD23A751-4F7F-4CA4-9B98-CA509B1C9BE9|c9caf109-c27d-4062-9b9f-ac4268629e27
2536009A-12A3-4D46-B55A-D62FA94219C8|E3CDC578-37BA-4CDB-B150-DAB0409270CD|E3AC3BF6-7832-4CFA-A684-F866CFF1EC03|c9caf109-c27d-4062-9b9f-ac4268629e27
FA53AE19-2A88-4C14-9222-8FC0F5440810|E3CDC578-37BA-4CDB-B150-DAB0409270CD|54A61629-5C00-42D7-9167-44AC3E6A1D49|c9caf109-c27d-4062-9b9f-ac4268629e27
63EB55FB-70F3-49B2-A972-F7957813A6BB|E3CDC578-37BA-4CDB-B150-DAB0409270CD|2F1D0FF2-D63F-42EC-B26C-728328BD2D2E|c9caf109-c27d-4062-9b9f-ac4268629e27
B9B7B934-8884-4347-ACB1-61B1DC92DAFC|E3CDC578-37BA-4CDB-B150-DAB0409270CD|6B6E166D-6F1C-4594-AC6F-220CC73C569A|c9caf109-c27d-4062-9b9f-ac4268629e27
4966095E-2D8E-4416-8013-6B83A93F4378|E3CDC578-37BA-4CDB-B150-DAB0409270CD|3F6F8ACF-477F-4E93-9099-524272131150|c9caf109-c27d-4062-9b9f-ac4268629e27
74198532-8833-4C8A-ADCC-B3629C10B158|E3CDC578-37BA-4CDB-B150-DAB0409270CD|CEAECA2A-D0DE-4E78-B663-2C2265C56E5A|c9caf109-c27d-4062-9b9f-ac4268629e27
284CC401-573D-461B-B457-1D2E51C03113|E3CDC578-37BA-4CDB-B150-DAB0409270CD|7193EB96-25D8-4FC0-AA1F-F76B0695AB1D|c9caf109-c27d-4062-9b9f-ac4268629e27
DF3972AC-9D17-4E23-BEBD-4DE59E3A04BE|E3CDC578-37BA-4CDB-B150-DAB0409270CD|9BDEB2F2-AE2F-4D41-95A7-075FE76077C9|c9caf109-c27d-4062-9b9f-ac4268629e27
4252010F-05D3-4215-879C-AE07496EFC71|E3CDC578-37BA-4CDB-B150-DAB0409270CD|40CC3205-3CE2-4FB3-9331-5AC66B8FAA3D|c9caf109-c27d-4062-9b9f-ac4268629e27
CD206815-A648-49A3-ACAC-A468E13D9C66|E3CDC578-37BA-4CDB-B150-DAB0409270CD|0B19CA51-195B-4FF1-9BC0-2B75DA47A5B2|c9caf109-c27d-4062-9b9f-ac4268629e27
1C021C47-7389-493D-8805-08D20D1172FC|E3CDC578-37BA-4CDB-B150-DAB0409270CD|745823C6-C558-45D0-A477-B963799C8F28|c9caf109-c27d-4062-9b9f-ac4268629e27
1E7B20D8-54BC-4DB4-BD70-5EEA4287876E|E3CDC578-37BA-4CDB-B150-DAB0409270CD|9D3BEDC0-924F-434C-8CFE-4EF4EE2323C9|c9caf109-c27d-4062-9b9f-ac4268629e27
0A22C162-5AD7-44B3-833E-443515BB7B27|E3CDC578-37BA-4CDB-B150-DAB0409270CD|CC6D62A0-5AA0-46CA-A0AA-C0A651021BDA|f098e943-26fd-4dc0-b6a0-2d02477004a4
6D8CDCBE-88CF-4363-B980-A08353191786|E3CDC578-37BA-4CDB-B150-DAB0409270CD|E9E5C637-E205-4479-B0E8-4F547DEFE169|f098e943-26fd-4dc0-b6a0-2d02477004a4
C5778B37-4B41-4F73-AA8C-C4875DF2ADE2|E3CDC578-37BA-4CDB-B150-DAB0409270CD|95251D87-568C-4B6B-9378-1018A934808A|f098e943-26fd-4dc0-b6a0-2d02477004a4
CBA35A81-7F74-4BB5-9560-8B0D1C9AF3BC|E3CDC578-37BA-4CDB-B150-DAB0409270CD|3AA8BAE9-981D-406C-B388-81337EFB95C7|f098e943-26fd-4dc0-b6a0-2d02477004a4
4BCA748D-58CA-4030-9ABC-8448B835CB19|E3CDC578-37BA-4CDB-B150-DAB0409270CD|910AAFE9-54B0-42E3-8348-C1ADAA8EC4F6|f098e943-26fd-4dc0-b6a0-2d02477004a4
AEDC0A73-4471-46D8-B7CC-98C09FA492F0|E3CDC578-37BA-4CDB-B150-DAB0409270CD|8297AE60-2986-4FEA-9ECD-253652CE5AAE|f098e943-26fd-4dc0-b6a0-2d02477004a4
E5029DEC-B496-49C4-AC2D-39AE24984B85|E3CDC578-37BA-4CDB-B150-DAB0409270CD|19AA4B94-DFA8-46D9-9663-E84B2AEE6AAB|f098e943-26fd-4dc0-b6a0-2d02477004a4
3F71BA00-BF25-4921-8990-0B9976CF87BE|E3CDC578-37BA-4CDB-B150-DAB0409270CD|B80DF118-2B28-4B7C-9B4F-0938CB025413|f098e943-26fd-4dc0-b6a0-2d02477004a4
F3324B5C-481D-4E6B-BFCD-8A87AD12BBE1|E3CDC578-37BA-4CDB-B150-DAB0409270CD|88598F8E-AFA3-40D3-A3AD-D4D7DE7DB538|f098e943-26fd-4dc0-b6a0-2d02477004a4
05C963BD-DF37-4B77-A01B-46FE2D79E9B5|E3CDC578-37BA-4CDB-B150-DAB0409270CD|4643C0D8-5534-4BE8-AF1A-7C7DFD0BA5DB|f098e943-26fd-4dc0-b6a0-2d02477004a4
AA9A51D5-39E5-4ED8-BFEE-98C2C5DA6778|E3CDC578-37BA-4CDB-B150-DAB0409270CD|BC134D9A-C501-46EA-8578-AC197DC48A88|f098e943-26fd-4dc0-b6a0-2d02477004a4
E940EA23-510D-4AD9-B5FF-5FF8EB69D711|E3CDC578-37BA-4CDB-B150-DAB0409270CD|B208DFF0-E0DE-4EDD-8682-852408D7E031|f098e943-26fd-4dc0-b6a0-2d02477004a4
030773DF-7C63-4ADB-B328-B1CFA1B09811|E3CDC578-37BA-4CDB-B150-DAB0409270CD|1DFB8B07-F776-4A7A-9042-A1B6E0C3A970|f098e943-26fd-4dc0-b6a0-2d02477004a4
134EB66D-AA28-4C44-9007-E1A8DA4CE25D|E3CDC578-37BA-4CDB-B150-DAB0409270CD|EA790CE4-0C54-4EEC-A6FA-F299E60517F5|f098e943-26fd-4dc0-b6a0-2d02477004a4
01FE997B-A76C-4B05-8139-251D15F06D62|E3CDC578-37BA-4CDB-B150-DAB0409270CD|12050094-A227-4531-BC57-F990E4285943|f098e943-26fd-4dc0-b6a0-2d02477004a4
469BAB01-FD75-45FE-9E73-1382E3F60192|E3CDC578-37BA-4CDB-B150-DAB0409270CD|9323CB91-A36D-460C-B5D0-2F440977CA44|f098e943-26fd-4dc0-b6a0-2d02477004a4
337EA4A2-A713-4425-AC98-7CC3AA74444B|E3CDC578-37BA-4CDB-B150-DAB0409270CD|0AF1C702-24AB-4024-B173-24C470078433|f098e943-26fd-4dc0-b6a0-2d02477004a4
CDBC32BA-E14E-45B5-9D2F-7FF56B30A42E|E3CDC578-37BA-4CDB-B150-DAB0409270CD|D3AAD922-38D5-46D1-A331-1BF46D629479|f098e943-26fd-4dc0-b6a0-2d02477004a4
CEB63529-0D98-4B61-8B60-44B2CB97E097|E3CDC578-37BA-4CDB-B150-DAB0409270CD|4B55AA3A-1B40-431F-8658-2F2367F2AE8F|f098e943-26fd-4dc0-b6a0-2d02477004a4
070025B5-7E99-4ED2-BEEE-ED3653DD87B2|E3CDC578-37BA-4CDB-B150-DAB0409270CD|81F2CC53-D7D2-44FC-922D-980D7DC11F37|f098e943-26fd-4dc0-b6a0-2d02477004a4
0D342769-1FC9-4F86-8903-68441F39609B|E3CDC578-37BA-4CDB-B150-DAB0409270CD|3EB16048-5FE7-4FDB-952D-C156C395534C|f098e943-26fd-4dc0-b6a0-2d02477004a4
AB135EB8-F440-4A60-976D-A461898DF174|E3CDC578-37BA-4CDB-B150-DAB0409270CD|8D0E34C2-E477-4CB8-8FBF-4D94EC4B043E|f098e943-26fd-4dc0-b6a0-2d02477004a4
B4FDFD1C-7FBB-4CBC-9C47-21B753B15E96|E3CDC578-37BA-4CDB-B150-DAB0409270CD|E2F64CC7-D0E4-421E-9FF4-3453624BE455|f098e943-26fd-4dc0-b6a0-2d02477004a4
010F16C3-2798-4F3D-9F1A-EEB46C203945|E3CDC578-37BA-4CDB-B150-DAB0409270CD|C65A996F-D03D-4D96-9CE7-252175F01AFB|f098e943-26fd-4dc0-b6a0-2d02477004a4
1F9D26D1-1165-454D-AD25-9CDF8B30A4E6|E3CDC578-37BA-4CDB-B150-DAB0409270CD|D28063C0-F2B8-4A47-9817-19656004C279|C1F28FF4-1A18-4552-822A-7A4767643643
D2A68D8E-4B73-4A19-A945-6F36201EEDBE|E3CDC578-37BA-4CDB-B150-DAB0409270CD|C72A3B1C-A13C-462C-BDB7-AFDEFF5F2DA8|C1F28FF4-1A18-4552-822A-7A4767643643
90A8859F-E4E7-4571-9591-B76391236364|E3CDC578-37BA-4CDB-B150-DAB0409270CD|9F22612B-A69B-41D3-8819-F71420D6DF2F|C1F28FF4-1A18-4552-822A-7A4767643643
A79AA850-2A10-477A-874F-B298237BC0FA|E3CDC578-37BA-4CDB-B150-DAB0409270CD|E4CBA165-C6EE-4B1D-ADC8-C327B77B6B13|C1F28FF4-1A18-4552-822A-7A4767643643
730256A0-194E-4741-8203-B698A5D5447E|E3CDC578-37BA-4CDB-B150-DAB0409270CD|F26BC70F-FDDC-4383-A8D9-E0E5457834D9|C1F28FF4-1A18-4552-822A-7A4767643643
7B980D94-AEA2-47A6-AD59-4A9EE2A91924|E3CDC578-37BA-4CDB-B150-DAB0409270CD|BDBD35C0-F0A5-46F8-AFFF-5F2BBC182C25|C1F28FF4-1A18-4552-822A-7A4767643643
0759C110-E472-4AAD-A409-5576F1D16F92|E3CDC578-37BA-4CDB-B150-DAB0409270CD|31638728-0D17-4D23-B876-FF238D90B7F9|C1F28FF4-1A18-4552-822A-7A4767643643
C1E2BAE0-B01B-4CB7-849D-A35743408CA5|E3CDC578-37BA-4CDB-B150-DAB0409270CD|172EE44D-088A-4766-A021-690628406CB9|C1F28FF4-1A18-4552-822A-7A4767643643
C5A952E1-8F07-46C2-B1E1-6674DA9B30D2|E3CDC578-37BA-4CDB-B150-DAB0409270CD|582A7D9B-1159-40C5-B8EF-21173770BFA3|C1F28FF4-1A18-4552-822A-7A4767643643
60A30037-67D3-49CD-9B53-FCE150F9162E|E3CDC578-37BA-4CDB-B150-DAB0409270CD|777CE711-981A-4613-AAA3-99E1140E90E9|C1F28FF4-1A18-4552-822A-7A4767643643
8527E9E4-03EB-4315-ADB4-E2198C6A7B80|E3CDC578-37BA-4CDB-B150-DAB0409270CD|289A87A1-3936-4012-9487-7B5598F672C9|C1F28FF4-1A18-4552-822A-7A4767643643
16824D00-B5E7-495F-9723-5CE6DD0F1BE7|E3CDC578-37BA-4CDB-B150-DAB0409270CD|F07D8FE7-DA87-40EB-A294-D06BDAC8F438|C1F28FF4-1A18-4552-822A-7A4767643643
71352EEE-CD6E-4233-81C7-3D7D6E1B513F|E3CDC578-37BA-4CDB-B150-DAB0409270CD|A2678067-A7A3-4D10-A30C-C3789B180A70|C1F28FF4-1A18-4552-822A-7A4767643643
5685BEB7-1C20-4CB9-8B48-3F3D4A3629DC|E3CDC578-37BA-4CDB-B150-DAB0409270CD|2F073061-C5C3-4359-B4DE-5E17D74D6620|C1F28FF4-1A18-4552-822A-7A4767643643
88A0933C-581C-4B7E-B820-D4C6AB873D81|E3CDC578-37BA-4CDB-B150-DAB0409270CD|539D4A11-2C5B-40BC-91A2-44998747E8AD|C1F28FF4-1A18-4552-822A-7A4767643643
D3C6351A-CC3F-4376-B383-331C26A97EFA|E3CDC578-37BA-4CDB-B150-DAB0409270CD|EE943C52-EF11-4D6C-BEBF-CE5901394CB3|C1F28FF4-1A18-4552-822A-7A4767643643
1D48A260-FF9F-42AF-B82B-E9E4F3B632F9|E3CDC578-37BA-4CDB-B150-DAB0409270CD|743DB4A9-876D-4148-828D-A0CC23B736CC|C1F28FF4-1A18-4552-822A-7A4767643643
876688D5-2FE1-4B42-B1FD-65CBF371D3F5|E3CDC578-37BA-4CDB-B150-DAB0409270CD|CE880C8E-C8D0-49A3-AA4A-8294F8F3F307|C1F28FF4-1A18-4552-822A-7A4767643643
62E34C00-B0A7-47E8-A42E-50E8434FD5F7|E3CDC578-37BA-4CDB-B150-DAB0409270CD|20CA9579-140F-4DAB-8587-30AEAD28B04E|C1F28FF4-1A18-4552-822A-7A4767643643
16631926-93A0-48D4-BFD1-4F18B3059879|E3CDC578-37BA-4CDB-B150-DAB0409270CD|505B0413-C444-4B53-99E2-BFA56F3F771A|C1F28FF4-1A18-4552-822A-7A4767643643
89F3B602-7E5B-4DFA-8080-C8D86D7C8CD2|E3CDC578-37BA-4CDB-B150-DAB0409270CD|A48C8714-0012-4AF0-AE0F-0C3932980FC5|C1F28FF4-1A18-4552-822A-7A4767643643
46902793-84B3-47F1-B170-563E137326BC|E3CDC578-37BA-4CDB-B150-DAB0409270CD|3DC2A34B-008C-4C2C-BD11-262FB0DA6BB3|C1F28FF4-1A18-4552-822A-7A4767643643
D27E331B-85EE-4F35-81AC-B2592F74844E|E3CDC578-37BA-4CDB-B150-DAB0409270CD|5CF574B4-1464-4BEC-AD86-84639DE8EB1A|C1F28FF4-1A18-4552-822A-7A4767643643
C542E36C-6A1E-453C-9645-2586EB96C1ED|E3CDC578-37BA-4CDB-B150-DAB0409270CD|7C3BAB0E-C09E-4238-B3C0-9FAF188A53B7|C1F28FF4-1A18-4552-822A-7A4767643643
8697F9EA-15C8-476E-80BC-84B986A5BC28|E3CDC578-37BA-4CDB-B150-DAB0409270CD|CD23A751-4F7F-4CA4-9B98-CA509B1C9BE9|C1F28FF4-1A18-4552-822A-7A4767643643
EB60CF63-F0C2-45AC-A13D-628610EEBF8E|E3CDC578-37BA-4CDB-B150-DAB0409270CD|E3AC3BF6-7832-4CFA-A684-F866CFF1EC03|C1F28FF4-1A18-4552-822A-7A4767643643
1777B8A5-551B-43A0-90FE-BF4DD90B3660|E3CDC578-37BA-4CDB-B150-DAB0409270CD|54A61629-5C00-42D7-9167-44AC3E6A1D49|C1F28FF4-1A18-4552-822A-7A4767643643
ACF0B618-0B01-4152-9F61-66D4AB8A5DAA|E3CDC578-37BA-4CDB-B150-DAB0409270CD|2F1D0FF2-D63F-42EC-B26C-728328BD2D2E|C1F28FF4-1A18-4552-822A-7A4767643643
204B7D4B-C13F-4E1A-8695-0A7DCF3E44B5|E3CDC578-37BA-4CDB-B150-DAB0409270CD|6B6E166D-6F1C-4594-AC6F-220CC73C569A|C1F28FF4-1A18-4552-822A-7A4767643643
72A994DE-01EE-47DB-B271-9B52A0523B88|E3CDC578-37BA-4CDB-B150-DAB0409270CD|3F6F8ACF-477F-4E93-9099-524272131150|C1F28FF4-1A18-4552-822A-7A4767643643
BE12286B-A46C-4BA0-BEF6-5A9CDFBC010D|E3CDC578-37BA-4CDB-B150-DAB0409270CD|CEAECA2A-D0DE-4E78-B663-2C2265C56E5A|C1F28FF4-1A18-4552-822A-7A4767643643
AF8746B1-DDA7-48EA-97EE-A0AE763ACF8D|E3CDC578-37BA-4CDB-B150-DAB0409270CD|7193EB96-25D8-4FC0-AA1F-F76B0695AB1D|C1F28FF4-1A18-4552-822A-7A4767643643
56980D09-A1A7-4025-9250-EB043470A7D6|E3CDC578-37BA-4CDB-B150-DAB0409270CD|9BDEB2F2-AE2F-4D41-95A7-075FE76077C9|F1972BF2-C788-4F41-94FE-FBA1869C92BC
56761BBB-3FA0-4F3C-BF02-EDBA3F2A6359|E3CDC578-37BA-4CDB-B150-DAB0409270CD|40CC3205-3CE2-4FB3-9331-5AC66B8FAA3D|F1972BF2-C788-4F41-94FE-FBA1869C92BC
BA1C13C6-99D7-4076-920F-3E16D38363F4|E3CDC578-37BA-4CDB-B150-DAB0409270CD|0B19CA51-195B-4FF1-9BC0-2B75DA47A5B2|F1972BF2-C788-4F41-94FE-FBA1869C92BC
DF4F335A-34D0-42AE-99C7-6032A6FFDA36|E3CDC578-37BA-4CDB-B150-DAB0409270CD|745823C6-C558-45D0-A477-B963799C8F28|F1972BF2-C788-4F41-94FE-FBA1869C92BC
1BAB5166-81BB-4669-980E-7793B9890BCB|E3CDC578-37BA-4CDB-B150-DAB0409270CD|9D3BEDC0-924F-434C-8CFE-4EF4EE2323C9|F1972BF2-C788-4F41-94FE-FBA1869C92BC
7FF7C398-1EE5-42C4-B9CC-7D016F049943|E3CDC578-37BA-4CDB-B150-DAB0409270CD|CC6D62A0-5AA0-46CA-A0AA-C0A651021BDA|F1972BF2-C788-4F41-94FE-FBA1869C92BC
7340AA9B-4785-4207-BE04-314BE02590F9|E3CDC578-37BA-4CDB-B150-DAB0409270CD|E9E5C637-E205-4479-B0E8-4F547DEFE169|F1972BF2-C788-4F41-94FE-FBA1869C92BC
3457C7E1-B2FF-4C14-8C92-A93D309F7E3D|E3CDC578-37BA-4CDB-B150-DAB0409270CD|95251D87-568C-4B6B-9378-1018A934808A|F1972BF2-C788-4F41-94FE-FBA1869C92BC
220210AD-114D-4875-A391-989EE0CA28B0|E3CDC578-37BA-4CDB-B150-DAB0409270CD|3AA8BAE9-981D-406C-B388-81337EFB95C7|F1972BF2-C788-4F41-94FE-FBA1869C92BC
B4A05036-7192-4613-AE7F-C20D1CCB9C17|E3CDC578-37BA-4CDB-B150-DAB0409270CD|910AAFE9-54B0-42E3-8348-C1ADAA8EC4F6|F1972BF2-C788-4F41-94FE-FBA1869C92BC
01CC4092-6EF3-4016-AF07-6F20BAF2E4A2|E3CDC578-37BA-4CDB-B150-DAB0409270CD|8297AE60-2986-4FEA-9ECD-253652CE5AAE|F1972BF2-C788-4F41-94FE-FBA1869C92BC
8A4EB5DD-611B-46CD-B073-84F0E9541D35|E3CDC578-37BA-4CDB-B150-DAB0409270CD|19AA4B94-DFA8-46D9-9663-E84B2AEE6AAB|F1972BF2-C788-4F41-94FE-FBA1869C92BC
3224D877-5882-4FD9-B116-A4E80898742C|E3CDC578-37BA-4CDB-B150-DAB0409270CD|B80DF118-2B28-4B7C-9B4F-0938CB025413|F1972BF2-C788-4F41-94FE-FBA1869C92BC
150F7A3C-6864-4B45-AA62-069BF03A4884|E3CDC578-37BA-4CDB-B150-DAB0409270CD|88598F8E-AFA3-40D3-A3AD-D4D7DE7DB538|F1972BF2-C788-4F41-94FE-FBA1869C92BC
5F13C526-4DB9-4878-92D3-E98E829E15D3|E3CDC578-37BA-4CDB-B150-DAB0409270CD|4643C0D8-5534-4BE8-AF1A-7C7DFD0BA5DB|F1972BF2-C788-4F41-94FE-FBA1869C92BC
CAC8D9C7-5E54-49D8-A429-554D72BE811C|E3CDC578-37BA-4CDB-B150-DAB0409270CD|BC134D9A-C501-46EA-8578-AC197DC48A88|F1972BF2-C788-4F41-94FE-FBA1869C92BC
40C8C4EC-B772-4B6F-A370-42282FB0C79D|E3CDC578-37BA-4CDB-B150-DAB0409270CD|B208DFF0-E0DE-4EDD-8682-852408D7E031|F1972BF2-C788-4F41-94FE-FBA1869C92BC
9F6C0EEF-944E-442E-AC79-EAC20C327346|E3CDC578-37BA-4CDB-B150-DAB0409270CD|1DFB8B07-F776-4A7A-9042-A1B6E0C3A970|F1972BF2-C788-4F41-94FE-FBA1869C92BC
18713B90-2B84-4A8B-810F-07F89E4AB236|E3CDC578-37BA-4CDB-B150-DAB0409270CD|EA790CE4-0C54-4EEC-A6FA-F299E60517F5|F1972BF2-C788-4F41-94FE-FBA1869C92BC
1A158D20-46FB-4978-8A9A-A172CA5B4D17|E3CDC578-37BA-4CDB-B150-DAB0409270CD|12050094-A227-4531-BC57-F990E4285943|F1972BF2-C788-4F41-94FE-FBA1869C92BC
A0ABE11C-0CCB-419B-B0FC-2D9AB50EE4F6|E3CDC578-37BA-4CDB-B150-DAB0409270CD|9323CB91-A36D-460C-B5D0-2F440977CA44|F1972BF2-C788-4F41-94FE-FBA1869C92BC
FDA8D6C6-7403-4D5C-9D62-A576D884C4CD|E3CDC578-37BA-4CDB-B150-DAB0409270CD|0AF1C702-24AB-4024-B173-24C470078433|F1972BF2-C788-4F41-94FE-FBA1869C92BC
E0D5C488-FDAD-4E28-9C1E-4FB1324B087B|E3CDC578-37BA-4CDB-B150-DAB0409270CD|D3AAD922-38D5-46D1-A331-1BF46D629479|F1972BF2-C788-4F41-94FE-FBA1869C92BC
CFBD0C85-6403-4CA6-BB5B-38ED22854317|E3CDC578-37BA-4CDB-B150-DAB0409270CD|4B55AA3A-1B40-431F-8658-2F2367F2AE8F|F1972BF2-C788-4F41-94FE-FBA1869C92BC
38E4A001-5140-49CC-8107-B232689FE40E|E3CDC578-37BA-4CDB-B150-DAB0409270CD|81F2CC53-D7D2-44FC-922D-980D7DC11F37|F1972BF2-C788-4F41-94FE-FBA1869C92BC
37A5CA81-E61A-4E71-B751-2B3ABE158242|E3CDC578-37BA-4CDB-B150-DAB0409270CD|3EB16048-5FE7-4FDB-952D-C156C395534C|F1972BF2-C788-4F41-94FE-FBA1869C92BC
2E091DDC-70EF-4F37-8790-DFB5940E3481|E3CDC578-37BA-4CDB-B150-DAB0409270CD|8D0E34C2-E477-4CB8-8FBF-4D94EC4B043E|F1972BF2-C788-4F41-94FE-FBA1869C92BC
8D850FC8-B763-43F5-9CD1-E99B4FC5F6DB|E3CDC578-37BA-4CDB-B150-DAB0409270CD|E2F64CC7-D0E4-421E-9FF4-3453624BE455|F1972BF2-C788-4F41-94FE-FBA1869C92BC
C875472A-5490-4A51-A681-C8EAECC5B6EE|E3CDC578-37BA-4CDB-B150-DAB0409270CD|C65A996F-D03D-4D96-9CE7-252175F01AFB|F1972BF2-C788-4F41-94FE-FBA1869C92BC
9812377B-4AC6-41A8-AAB8-E4FB698B7FCF|E3CDC578-37BA-4CDB-B150-DAB0409270CD|754C2BDA-35B5-4799-8A2C-94E7C57CA8AB|c9caf109-c27d-4062-9b9f-ac4268629e27
1A890CD2-3883-4730-A7D3-2E310C40DE3C|E3CDC578-37BA-4CDB-B150-DAB0409270CD|12C5CC17-8C11-4572-AAB2-20E9A063C699|c9caf109-c27d-4062-9b9f-ac4268629e27
D3ACADCA-DBF9-42FF-8207-2D4985DB7B4E|E3CDC578-37BA-4CDB-B150-DAB0409270CD|08F810FF-B734-48E0-A9C8-A5574F2AADA8|c9caf109-c27d-4062-9b9f-ac4268629e27
D22EC293-3244-4CD9-B177-6487FD794E95|E3CDC578-37BA-4CDB-B150-DAB0409270CD|51CBE1C4-1CA5-45FC-B707-921D1B38F018|c9caf109-c27d-4062-9b9f-ac4268629e27
953C5440-0AF3-4FD2-BDB8-783CC99AABA2|E3CDC578-37BA-4CDB-B150-DAB0409270CD|4FD1738D-3A86-455A-B971-C371D658B926|c9caf109-c27d-4062-9b9f-ac4268629e27
AD18F956-460F-4B10-AC2A-C726C893B07C|E3CDC578-37BA-4CDB-B150-DAB0409270CD|908375E6-8E8B-4339-A2E3-39E2A1BFEE43|c9caf109-c27d-4062-9b9f-ac4268629e27
AB372E4D-6D5C-45EA-81E7-AD8153D50CA6|E3CDC578-37BA-4CDB-B150-DAB0409270CD|83DA7896-B2F1-49A9-B75A-70CA04A97B68|c9caf109-c27d-4062-9b9f-ac4268629e27
39CA6C13-AAC7-4918-9893-D0253C612D6D|E3CDC578-37BA-4CDB-B150-DAB0409270CD|499ADCBF-9C19-4BE5-BA51-616B58BB05C3|c9caf109-c27d-4062-9b9f-ac4268629e27
E445839B-2874-4C5C-A61B-0E31CBF9E1BF|E3CDC578-37BA-4CDB-B150-DAB0409270CD|E59703FC-BA9B-4818-AD11-984D76210FE9|c9caf109-c27d-4062-9b9f-ac4268629e27
626DD45D-3EDD-47F6-9677-13FF79928666|E3CDC578-37BA-4CDB-B150-DAB0409270CD|66F6CF06-FACD-4A39-B5CF-5001F5D4194E|c9caf109-c27d-4062-9b9f-ac4268629e27
87F0DAE1-97B6-48CA-86A4-0114536C0355|E3CDC578-37BA-4CDB-B150-DAB0409270CD|97F05ACC-2A03-4AA8-ACB8-3F9FADCC9486|c9caf109-c27d-4062-9b9f-ac4268629e27
8AEA876A-F291-4DD6-81DF-DC379149B20A|E3CDC578-37BA-4CDB-B150-DAB0409270CD|C7C8FA02-9451-47F9-95BF-4DDCBB60FFCF|c9caf109-c27d-4062-9b9f-ac4268629e27
CE965BD4-643A-4234-972F-52C609893F40|E3CDC578-37BA-4CDB-B150-DAB0409270CD|83FA197B-664B-4955-BD5E-8B074CBE63A3|c9caf109-c27d-4062-9b9f-ac4268629e27
D9CFAE23-C9F0-40BE-B2EE-3670BF859B13|E3CDC578-37BA-4CDB-B150-DAB0409270CD|794ABEAB-352A-4261-A218-EEF2EDFD5428|c9caf109-c27d-4062-9b9f-ac4268629e27
D1326FCC-211D-4999-A1A6-1C5EE68C4258|E3CDC578-37BA-4CDB-B150-DAB0409270CD|B5E2CA94-9BF5-47C4-B44E-36938F03EECC|c9caf109-c27d-4062-9b9f-ac4268629e27
3FE72914-EAC8-4AD2-A410-CD4E41620DB2|E3CDC578-37BA-4CDB-B150-DAB0409270CD|01A330A1-EA96-4D4F-BADD-622010A5CF74|c9caf109-c27d-4062-9b9f-ac4268629e27
45F57C2E-EF1D-4720-841C-621EC3F341E2|E3CDC578-37BA-4CDB-B150-DAB0409270CD|989A7D0A-8D13-462D-AB3F-20FC93FC0610|c9caf109-c27d-4062-9b9f-ac4268629e27
7AE9BEFB-94F8-4D6C-AC22-98D27428DDA1|E3CDC578-37BA-4CDB-B150-DAB0409270CD|42A26815-CF73-4AFE-B336-B1DBFE4C5DE8|c9caf109-c27d-4062-9b9f-ac4268629e27
529D1990-BF12-4CE5-810D-4CBF8A79812C|E3CDC578-37BA-4CDB-B150-DAB0409270CD|6FB357B5-B6AB-4CBD-B717-47139C155C3A|c9caf109-c27d-4062-9b9f-ac4268629e27
F543C54A-A7A9-4461-A0BF-E1B5EAF5C169|E3CDC578-37BA-4CDB-B150-DAB0409270CD|230FD046-73F1-4958-9A82-D801610E11FA|c9caf109-c27d-4062-9b9f-ac4268629e27
63FA1D12-79AC-46DE-9CBC-04DC47617A42|E3CDC578-37BA-4CDB-B150-DAB0409270CD|0FE377D0-F95C-422C-B029-E7E75BB06A4B|c9caf109-c27d-4062-9b9f-ac4268629e27
00B660B7-9B79-4F85-A48E-5A81D582C605|E3CDC578-37BA-4CDB-B150-DAB0409270CD|F2E280C3-7CFA-4A6A-8598-B105812BD06F|c9caf109-c27d-4062-9b9f-ac4268629e27
508338FF-5ED5-466B-A25D-240D813C75FF|E3CDC578-37BA-4CDB-B150-DAB0409270CD|5C19B3DF-6F82-40B3-A11A-79FCCEE6B70B|c9caf109-c27d-4062-9b9f-ac4268629e27
E527D71E-B30D-40FC-AAFE-BE9DBD41DB1F|E3CDC578-37BA-4CDB-B150-DAB0409270CD|9C80D7BE-52F5-4F72-8DE4-E37A0B7172F9|c9caf109-c27d-4062-9b9f-ac4268629e27
251CB116-B1F5-4F52-90CC-AB9416020901|E3CDC578-37BA-4CDB-B150-DAB0409270CD|92D792CD-853C-4CCB-B423-CE6C620E65F4|c9caf109-c27d-4062-9b9f-ac4268629e27
1EC330E6-FBE1-4207-B16F-3484081E9EE4|E3CDC578-37BA-4CDB-B150-DAB0409270CD|B470F594-3E52-4B5A-ACF4-E3EE432714E5|c9caf109-c27d-4062-9b9f-ac4268629e27
DCC3313C-CB51-49E4-B74D-38A3888526C4|E3CDC578-37BA-4CDB-B150-DAB0409270CD|B97BF159-E609-48CF-B3BD-F509E4A72043|c9caf109-c27d-4062-9b9f-ac4268629e27
8E43B479-3D69-414B-BC51-D37282089DDF|E3CDC578-37BA-4CDB-B150-DAB0409270CD|04BB856A-856E-43AE-B305-FD85AFBD2FFF|c9caf109-c27d-4062-9b9f-ac4268629e27
A3EC1570-C3B2-4880-A2BF-4445AD86BFD1|E3CDC578-37BA-4CDB-B150-DAB0409270CD|ADD9AA97-52E1-4117-92DE-DF1BFCAB00BC|c9caf109-c27d-4062-9b9f-ac4268629e27
56D2D2BC-97F2-492D-9BD8-F616C5819ECB|E3CDC578-37BA-4CDB-B150-DAB0409270CD|6600539C-3A0B-45F8-A1B2-69F709D717D5|c9caf109-c27d-4062-9b9f-ac4268629e27
15A6BCEC-00F2-49AD-BB05-32F8CF3048C6|E3CDC578-37BA-4CDB-B150-DAB0409270CD|D9D3AE3C-E591-45B9-8779-74B5BB832186|c9caf109-c27d-4062-9b9f-ac4268629e27
F6048531-3C04-4502-AF0F-DE23224AC0FB|E3CDC578-37BA-4CDB-B150-DAB0409270CD|25798F46-9001-4CA9-9CC1-5BBCD885465B|c9caf109-c27d-4062-9b9f-ac4268629e27
56B7F202-19C8-4CE5-AB04-51AA2203DEE2|E3CDC578-37BA-4CDB-B150-DAB0409270CD|0EABB394-4C93-47FC-A480-01F12E29BA27|c9caf109-c27d-4062-9b9f-ac4268629e27
2985AE08-15E7-47C0-A0E5-D4C80C3DD3B1|E3CDC578-37BA-4CDB-B150-DAB0409270CD|0B084961-A64F-41A1-A154-EC39C9039D89|c9caf109-c27d-4062-9b9f-ac4268629e27
41E89BD3-4551-4FD7-96F8-16FADA32C039|E3CDC578-37BA-4CDB-B150-DAB0409270CD|2E696E43-12D8-4304-8E74-14C0F8239C8B|c9caf109-c27d-4062-9b9f-ac4268629e27
519BCA8A-4DEA-42F3-BF4E-86C215D971B5|E3CDC578-37BA-4CDB-B150-DAB0409270CD|DB4A113F-DD71-4D65-BDD6-140EE8CFA057|c9caf109-c27d-4062-9b9f-ac4268629e27
2C55887B-74EA-4604-B2AE-889E990568BF|E3CDC578-37BA-4CDB-B150-DAB0409270CD|A7BFB70C-1537-4543-818E-1A26631EB726|c9caf109-c27d-4062-9b9f-ac4268629e27
ECBCC7DE-92B7-4901-9CE9-525B5BF499B2|E3CDC578-37BA-4CDB-B150-DAB0409270CD|57B87F21-6FA6-4A6D-9B44-352C421399D2|c9caf109-c27d-4062-9b9f-ac4268629e27
60A598E0-0347-450F-9CA1-43D57A2831D3|E3CDC578-37BA-4CDB-B150-DAB0409270CD|3A5DAE15-6E75-49EB-A01E-BD0245CF5E49|c9caf109-c27d-4062-9b9f-ac4268629e27
23D99F0D-FE92-405D-9E40-E83C4F651FC8|E3CDC578-37BA-4CDB-B150-DAB0409270CD|FB79819F-8376-4095-B7F7-AC1F0A0AC176|c9caf109-c27d-4062-9b9f-ac4268629e27
D5158939-CF41-4CCB-9183-21F3B39F6A19|E3CDC578-37BA-4CDB-B150-DAB0409270CD|221BF4A4-CAF5-4DD2-AF83-A77E631EF111|c9caf109-c27d-4062-9b9f-ac4268629e27
2444F22A-2A73-4DF5-AE53-B19A18A4341B|E3CDC578-37BA-4CDB-B150-DAB0409270CD|7265407E-3324-4A80-846B-5C83BDFE24F1|c9caf109-c27d-4062-9b9f-ac4268629e27
1339FE01-86B3-4C65-8E50-E3075E3E36F5|E3CDC578-37BA-4CDB-B150-DAB0409270CD|754C2BDA-35B5-4799-8A2C-94E7C57CA8AB|f098e943-26fd-4dc0-b6a0-2d02477004a4
B2042D3C-2013-4AEB-8DAB-6D9A129B0957|E3CDC578-37BA-4CDB-B150-DAB0409270CD|12C5CC17-8C11-4572-AAB2-20E9A063C699|f098e943-26fd-4dc0-b6a0-2d02477004a4
BDD6972C-65F0-4E2B-A200-0370A598185C|E3CDC578-37BA-4CDB-B150-DAB0409270CD|08F810FF-B734-48E0-A9C8-A5574F2AADA8|f098e943-26fd-4dc0-b6a0-2d02477004a4
BF1EC53A-59CA-4222-9268-A20CFF55978C|E3CDC578-37BA-4CDB-B150-DAB0409270CD|51CBE1C4-1CA5-45FC-B707-921D1B38F018|f098e943-26fd-4dc0-b6a0-2d02477004a4
94BDA619-5599-4D3C-A7FB-C0C4E54CEA58|E3CDC578-37BA-4CDB-B150-DAB0409270CD|4FD1738D-3A86-455A-B971-C371D658B926|f098e943-26fd-4dc0-b6a0-2d02477004a4
3D94AACB-4942-4685-AA08-A09AB02AC2BE|E3CDC578-37BA-4CDB-B150-DAB0409270CD|908375E6-8E8B-4339-A2E3-39E2A1BFEE43|f098e943-26fd-4dc0-b6a0-2d02477004a4
962795F0-A06D-4D43-8903-7E9931A567FF|E3CDC578-37BA-4CDB-B150-DAB0409270CD|83DA7896-B2F1-49A9-B75A-70CA04A97B68|f098e943-26fd-4dc0-b6a0-2d02477004a4
19C0F931-288D-47E3-B632-4C28CE271DCF|E3CDC578-37BA-4CDB-B150-DAB0409270CD|499ADCBF-9C19-4BE5-BA51-616B58BB05C3|f098e943-26fd-4dc0-b6a0-2d02477004a4
6EE0AF88-FE0E-4EE7-876C-A3DE06ADEF19|E3CDC578-37BA-4CDB-B150-DAB0409270CD|E59703FC-BA9B-4818-AD11-984D76210FE9|f098e943-26fd-4dc0-b6a0-2d02477004a4
12ECF5DA-D262-40C9-A6DA-6A929DE4B7BB|E3CDC578-37BA-4CDB-B150-DAB0409270CD|66F6CF06-FACD-4A39-B5CF-5001F5D4194E|f098e943-26fd-4dc0-b6a0-2d02477004a4
464C9795-1295-4F70-96A4-BA8CBCC56959|E3CDC578-37BA-4CDB-B150-DAB0409270CD|97F05ACC-2A03-4AA8-ACB8-3F9FADCC9486|f098e943-26fd-4dc0-b6a0-2d02477004a4
4B6C2790-0530-419D-8A06-555FA0AA0391|E3CDC578-37BA-4CDB-B150-DAB0409270CD|C7C8FA02-9451-47F9-95BF-4DDCBB60FFCF|f098e943-26fd-4dc0-b6a0-2d02477004a4
4687623C-4C2F-4126-8600-8DBF947A55D7|E3CDC578-37BA-4CDB-B150-DAB0409270CD|83FA197B-664B-4955-BD5E-8B074CBE63A3|f098e943-26fd-4dc0-b6a0-2d02477004a4
ED233D88-B0EB-4100-9CAD-E4B5DD3B8AE4|E3CDC578-37BA-4CDB-B150-DAB0409270CD|794ABEAB-352A-4261-A218-EEF2EDFD5428|f098e943-26fd-4dc0-b6a0-2d02477004a4
82D55569-2316-4E7E-8F12-B7FED1729604|E3CDC578-37BA-4CDB-B150-DAB0409270CD|B5E2CA94-9BF5-47C4-B44E-36938F03EECC|f098e943-26fd-4dc0-b6a0-2d02477004a4
1E3C1939-3D25-47E1-9EBC-87A22538103C|E3CDC578-37BA-4CDB-B150-DAB0409270CD|01A330A1-EA96-4D4F-BADD-622010A5CF74|f098e943-26fd-4dc0-b6a0-2d02477004a4
2578561F-F337-47D0-8B7E-F8F472B276EE|E3CDC578-37BA-4CDB-B150-DAB0409270CD|989A7D0A-8D13-462D-AB3F-20FC93FC0610|f098e943-26fd-4dc0-b6a0-2d02477004a4
0506B03F-FC35-4CEA-8629-FDB2A98452C4|E3CDC578-37BA-4CDB-B150-DAB0409270CD|42A26815-CF73-4AFE-B336-B1DBFE4C5DE8|f098e943-26fd-4dc0-b6a0-2d02477004a4
F3C595C4-5B23-4AD6-9CD5-F13F23DEE534|E3CDC578-37BA-4CDB-B150-DAB0409270CD|6FB357B5-B6AB-4CBD-B717-47139C155C3A|f098e943-26fd-4dc0-b6a0-2d02477004a4
1C7F0379-EF34-456F-91C0-7BDE296FB414|E3CDC578-37BA-4CDB-B150-DAB0409270CD|230FD046-73F1-4958-9A82-D801610E11FA|f098e943-26fd-4dc0-b6a0-2d02477004a4
5FD7E8EE-5CC0-4BD5-B763-1E0F1BAE8E2C|E3CDC578-37BA-4CDB-B150-DAB0409270CD|0FE377D0-F95C-422C-B029-E7E75BB06A4B|f098e943-26fd-4dc0-b6a0-2d02477004a4
87DB9662-06BF-4584-AF5C-D4BB4371C572|E3CDC578-37BA-4CDB-B150-DAB0409270CD|F2E280C3-7CFA-4A6A-8598-B105812BD06F|f098e943-26fd-4dc0-b6a0-2d02477004a4
0823BC05-49D5-449D-A47C-ED6C63B4BC48|E3CDC578-37BA-4CDB-B150-DAB0409270CD|5C19B3DF-6F82-40B3-A11A-79FCCEE6B70B|f098e943-26fd-4dc0-b6a0-2d02477004a4
E25A9F50-4FC7-45C1-8F72-F407B05CF935|E3CDC578-37BA-4CDB-B150-DAB0409270CD|9C80D7BE-52F5-4F72-8DE4-E37A0B7172F9|f098e943-26fd-4dc0-b6a0-2d02477004a4
389A4F15-55CE-48C5-B0C4-6FA527881883|E3CDC578-37BA-4CDB-B150-DAB0409270CD|92D792CD-853C-4CCB-B423-CE6C620E65F4|f098e943-26fd-4dc0-b6a0-2d02477004a4
0EE287DE-0D89-42AE-B0E1-35611BE1C7AC|E3CDC578-37BA-4CDB-B150-DAB0409270CD|B470F594-3E52-4B5A-ACF4-E3EE432714E5|f098e943-26fd-4dc0-b6a0-2d02477004a4
4B537722-842D-4E45-B608-7E540C14925F|E3CDC578-37BA-4CDB-B150-DAB0409270CD|B97BF159-E609-48CF-B3BD-F509E4A72043|f098e943-26fd-4dc0-b6a0-2d02477004a4
B5FD4743-4CC6-48B9-A659-BC66B1268742|E3CDC578-37BA-4CDB-B150-DAB0409270CD|04BB856A-856E-43AE-B305-FD85AFBD2FFF|f098e943-26fd-4dc0-b6a0-2d02477004a4
32C4ECA7-3817-4A31-9140-4C8470E00DD4|E3CDC578-37BA-4CDB-B150-DAB0409270CD|ADD9AA97-52E1-4117-92DE-DF1BFCAB00BC|f098e943-26fd-4dc0-b6a0-2d02477004a4
EA18A5CB-C33A-455B-A365-C8A708CD1A44|E3CDC578-37BA-4CDB-B150-DAB0409270CD|6600539C-3A0B-45F8-A1B2-69F709D717D5|f098e943-26fd-4dc0-b6a0-2d02477004a4
6F387C80-B9C7-4B0D-86FB-2BB73AD6EDA2|E3CDC578-37BA-4CDB-B150-DAB0409270CD|D9D3AE3C-E591-45B9-8779-74B5BB832186|f098e943-26fd-4dc0-b6a0-2d02477004a4
39BDC3B7-BB10-44C9-92C3-EC22EEFBDE18|E3CDC578-37BA-4CDB-B150-DAB0409270CD|25798F46-9001-4CA9-9CC1-5BBCD885465B|f098e943-26fd-4dc0-b6a0-2d02477004a4
ECF7033B-131E-46B3-84EB-2B42F20C0A17|E3CDC578-37BA-4CDB-B150-DAB0409270CD|0EABB394-4C93-47FC-A480-01F12E29BA27|f098e943-26fd-4dc0-b6a0-2d02477004a4
19E60E02-BF0B-4199-9727-6E7A179051DF|E3CDC578-37BA-4CDB-B150-DAB0409270CD|0B084961-A64F-41A1-A154-EC39C9039D89|f098e943-26fd-4dc0-b6a0-2d02477004a4
5B57DB41-7778-4F41-94C0-49C239A5C966|E3CDC578-37BA-4CDB-B150-DAB0409270CD|2E696E43-12D8-4304-8E74-14C0F8239C8B|f098e943-26fd-4dc0-b6a0-2d02477004a4
D0FD0578-B9D0-4849-83CF-B61578C047D7|E3CDC578-37BA-4CDB-B150-DAB0409270CD|DB4A113F-DD71-4D65-BDD6-140EE8CFA057|f098e943-26fd-4dc0-b6a0-2d02477004a4
F89B765E-CE2B-436F-9DB9-038B83D474CB|E3CDC578-37BA-4CDB-B150-DAB0409270CD|A7BFB70C-1537-4543-818E-1A26631EB726|f098e943-26fd-4dc0-b6a0-2d02477004a4
113178CC-74DB-422E-A6A6-34DCDA319BA8|E3CDC578-37BA-4CDB-B150-DAB0409270CD|57B87F21-6FA6-4A6D-9B44-352C421399D2|f098e943-26fd-4dc0-b6a0-2d02477004a4
F9EA7390-33EF-41F9-AAA1-A4C4137812F6|E3CDC578-37BA-4CDB-B150-DAB0409270CD|3A5DAE15-6E75-49EB-A01E-BD0245CF5E49|f098e943-26fd-4dc0-b6a0-2d02477004a4
CF30F5B7-A507-4880-83B6-5983A4C5DC3A|E3CDC578-37BA-4CDB-B150-DAB0409270CD|FB79819F-8376-4095-B7F7-AC1F0A0AC176|f098e943-26fd-4dc0-b6a0-2d02477004a4
1368A2A3-576A-4DEC-A6F8-75840C05FC1B|E3CDC578-37BA-4CDB-B150-DAB0409270CD|221BF4A4-CAF5-4DD2-AF83-A77E631EF111|f098e943-26fd-4dc0-b6a0-2d02477004a4
C25B2E5E-B1E6-4F65-A2A6-FE254F4AE2E3|E3CDC578-37BA-4CDB-B150-DAB0409270CD|7265407E-3324-4A80-846B-5C83BDFE24F1|f098e943-26fd-4dc0-b6a0-2d02477004a4
CA7525B3-00CF-413F-B9B8-FD1FF2F50E2E|E3CDC578-37BA-4CDB-B150-DAB0409270CD|754C2BDA-35B5-4799-8A2C-94E7C57CA8AB|0e5dc1c6-f62f-4a36-a1ec-064173332694
6BAB958B-C9CB-40F8-B30B-B915503A29CB|E3CDC578-37BA-4CDB-B150-DAB0409270CD|12C5CC17-8C11-4572-AAB2-20E9A063C699|0e5dc1c6-f62f-4a36-a1ec-064173332694
B2CC0BAD-82A4-44E0-B298-FE21DF271CAF|E3CDC578-37BA-4CDB-B150-DAB0409270CD|08F810FF-B734-48E0-A9C8-A5574F2AADA8|0e5dc1c6-f62f-4a36-a1ec-064173332694
70CBB02E-9BB5-4AB8-9005-6090FFC55C73|E3CDC578-37BA-4CDB-B150-DAB0409270CD|51CBE1C4-1CA5-45FC-B707-921D1B38F018|0e5dc1c6-f62f-4a36-a1ec-064173332694
47957F85-9655-4B21-B01D-4326A58221DB|E3CDC578-37BA-4CDB-B150-DAB0409270CD|4FD1738D-3A86-455A-B971-C371D658B926|0e5dc1c6-f62f-4a36-a1ec-064173332694
6CF3724C-D368-4C7D-9754-54796B335F77|E3CDC578-37BA-4CDB-B150-DAB0409270CD|908375E6-8E8B-4339-A2E3-39E2A1BFEE43|0e5dc1c6-f62f-4a36-a1ec-064173332694
16CA3BD1-6A6C-40EB-803C-FCA583C0E012|E3CDC578-37BA-4CDB-B150-DAB0409270CD|83DA7896-B2F1-49A9-B75A-70CA04A97B68|0e5dc1c6-f62f-4a36-a1ec-064173332694
094C6EF9-E8AE-45F8-8DFE-27E043B135A2|E3CDC578-37BA-4CDB-B150-DAB0409270CD|499ADCBF-9C19-4BE5-BA51-616B58BB05C3|0e5dc1c6-f62f-4a36-a1ec-064173332694
5880EDF0-8C8B-42D0-A785-F6EAD51F89FD|E3CDC578-37BA-4CDB-B150-DAB0409270CD|E59703FC-BA9B-4818-AD11-984D76210FE9|0e5dc1c6-f62f-4a36-a1ec-064173332694
8988F393-0B3D-4948-BF16-A971D59E12E0|E3CDC578-37BA-4CDB-B150-DAB0409270CD|66F6CF06-FACD-4A39-B5CF-5001F5D4194E|0e5dc1c6-f62f-4a36-a1ec-064173332694
932B1069-1082-4521-880B-3BF4812F66EC|E3CDC578-37BA-4CDB-B150-DAB0409270CD|97F05ACC-2A03-4AA8-ACB8-3F9FADCC9486|0e5dc1c6-f62f-4a36-a1ec-064173332694
AAA5230B-FE7A-47BC-BB78-303715F9E7FA|E3CDC578-37BA-4CDB-B150-DAB0409270CD|C7C8FA02-9451-47F9-95BF-4DDCBB60FFCF|0e5dc1c6-f62f-4a36-a1ec-064173332694
4542D074-A0BC-45A6-8C22-78947164AD20|E3CDC578-37BA-4CDB-B150-DAB0409270CD|83FA197B-664B-4955-BD5E-8B074CBE63A3|0e5dc1c6-f62f-4a36-a1ec-064173332694
313995F8-34BE-4603-8A05-73F0379F95E8|E3CDC578-37BA-4CDB-B150-DAB0409270CD|794ABEAB-352A-4261-A218-EEF2EDFD5428|0e5dc1c6-f62f-4a36-a1ec-064173332694
BE698746-19AB-4F35-A73D-802EDB18B82D|E3CDC578-37BA-4CDB-B150-DAB0409270CD|B5E2CA94-9BF5-47C4-B44E-36938F03EECC|0e5dc1c6-f62f-4a36-a1ec-064173332694
7C3524A8-83CF-4476-98B2-EC6B7C5428AD|E3CDC578-37BA-4CDB-B150-DAB0409270CD|01A330A1-EA96-4D4F-BADD-622010A5CF74|0e5dc1c6-f62f-4a36-a1ec-064173332694
0B2D216B-AC12-4225-908D-436DF294D781|E3CDC578-37BA-4CDB-B150-DAB0409270CD|989A7D0A-8D13-462D-AB3F-20FC93FC0610|0e5dc1c6-f62f-4a36-a1ec-064173332694
F10498CC-C819-4E2A-9D84-3D318C6B5CEE|E3CDC578-37BA-4CDB-B150-DAB0409270CD|42A26815-CF73-4AFE-B336-B1DBFE4C5DE8|0e5dc1c6-f62f-4a36-a1ec-064173332694
AA243EC1-A777-4C25-A1F8-D8C144B309CC|E3CDC578-37BA-4CDB-B150-DAB0409270CD|6FB357B5-B6AB-4CBD-B717-47139C155C3A|0e5dc1c6-f62f-4a36-a1ec-064173332694
9E245D20-C66B-453D-8CC5-7121824A136E|E3CDC578-37BA-4CDB-B150-DAB0409270CD|230FD046-73F1-4958-9A82-D801610E11FA|0e5dc1c6-f62f-4a36-a1ec-064173332694
2825896C-B2A8-47C5-806D-C66D2B6C1A01|E3CDC578-37BA-4CDB-B150-DAB0409270CD|0FE377D0-F95C-422C-B029-E7E75BB06A4B|0e5dc1c6-f62f-4a36-a1ec-064173332694
F84A7349-1F33-4C6B-86C6-79A9570CB302|E3CDC578-37BA-4CDB-B150-DAB0409270CD|F2E280C3-7CFA-4A6A-8598-B105812BD06F|0e5dc1c6-f62f-4a36-a1ec-064173332694
EDAAFAF1-0205-4E80-A7C6-B3DF68FC0B59|E3CDC578-37BA-4CDB-B150-DAB0409270CD|5C19B3DF-6F82-40B3-A11A-79FCCEE6B70B|0e5dc1c6-f62f-4a36-a1ec-064173332694
CA3FD1B9-5D91-4799-B253-A213572F5145|E3CDC578-37BA-4CDB-B150-DAB0409270CD|9C80D7BE-52F5-4F72-8DE4-E37A0B7172F9|0e5dc1c6-f62f-4a36-a1ec-064173332694
619E1835-BF3C-4A11-B9B9-AA30E433B8D6|E3CDC578-37BA-4CDB-B150-DAB0409270CD|92D792CD-853C-4CCB-B423-CE6C620E65F4|0e5dc1c6-f62f-4a36-a1ec-064173332694
121EFBA5-6682-4FD3-A010-0BF9E67B2CC9|E3CDC578-37BA-4CDB-B150-DAB0409270CD|B470F594-3E52-4B5A-ACF4-E3EE432714E5|0e5dc1c6-f62f-4a36-a1ec-064173332694
5A0C5E6D-D22F-49B3-98FA-A1F99BB08673|E3CDC578-37BA-4CDB-B150-DAB0409270CD|B97BF159-E609-48CF-B3BD-F509E4A72043|0e5dc1c6-f62f-4a36-a1ec-064173332694
44F2C7DF-601F-4E8A-86E3-9B9D55FD09AC|E3CDC578-37BA-4CDB-B150-DAB0409270CD|04BB856A-856E-43AE-B305-FD85AFBD2FFF|0e5dc1c6-f62f-4a36-a1ec-064173332694
EC34C257-8B23-4E52-B6C4-48333B1C0E48|E3CDC578-37BA-4CDB-B150-DAB0409270CD|ADD9AA97-52E1-4117-92DE-DF1BFCAB00BC|0e5dc1c6-f62f-4a36-a1ec-064173332694
1A76C2F3-BB2A-4E08-B7DF-2CC6FB2F1925|E3CDC578-37BA-4CDB-B150-DAB0409270CD|6600539C-3A0B-45F8-A1B2-69F709D717D5|0e5dc1c6-f62f-4a36-a1ec-064173332694
711AFCF0-C6F1-4E7A-9A19-275A77A2DCF7|E3CDC578-37BA-4CDB-B150-DAB0409270CD|D9D3AE3C-E591-45B9-8779-74B5BB832186|0e5dc1c6-f62f-4a36-a1ec-064173332694
6D81C1CA-6C88-4080-A6AC-A92E86417F31|E3CDC578-37BA-4CDB-B150-DAB0409270CD|25798F46-9001-4CA9-9CC1-5BBCD885465B|0e5dc1c6-f62f-4a36-a1ec-064173332694
F58E3E8A-B2C6-4070-B56C-45BBF82765D9|E3CDC578-37BA-4CDB-B150-DAB0409270CD|0EABB394-4C93-47FC-A480-01F12E29BA27|0e5dc1c6-f62f-4a36-a1ec-064173332694
B54C0B01-F11F-47B3-B2AC-EF0216C23BE8|E3CDC578-37BA-4CDB-B150-DAB0409270CD|0B084961-A64F-41A1-A154-EC39C9039D89|0e5dc1c6-f62f-4a36-a1ec-064173332694
2FAB8FA5-7DF3-4D70-9B5D-98EC768DB08B|E3CDC578-37BA-4CDB-B150-DAB0409270CD|2E696E43-12D8-4304-8E74-14C0F8239C8B|0e5dc1c6-f62f-4a36-a1ec-064173332694
AB397B6A-8157-4FE6-8700-01011B50366F|E3CDC578-37BA-4CDB-B150-DAB0409270CD|DB4A113F-DD71-4D65-BDD6-140EE8CFA057|0e5dc1c6-f62f-4a36-a1ec-064173332694
8128C9A3-2D4C-4D5C-B8E0-D2B14FE09467|E3CDC578-37BA-4CDB-B150-DAB0409270CD|A7BFB70C-1537-4543-818E-1A26631EB726|0e5dc1c6-f62f-4a36-a1ec-064173332694
1E8D8ABF-AA26-4DFF-8D03-8D60198E3B1E|E3CDC578-37BA-4CDB-B150-DAB0409270CD|57B87F21-6FA6-4A6D-9B44-352C421399D2|0e5dc1c6-f62f-4a36-a1ec-064173332694
20DA2488-AA60-4AC2-884C-8F29923E725B|E3CDC578-37BA-4CDB-B150-DAB0409270CD|3A5DAE15-6E75-49EB-A01E-BD0245CF5E49|0e5dc1c6-f62f-4a36-a1ec-064173332694
1E48B2B2-9534-4930-A112-1E42D5322A2F|E3CDC578-37BA-4CDB-B150-DAB0409270CD|FB79819F-8376-4095-B7F7-AC1F0A0AC176|0e5dc1c6-f62f-4a36-a1ec-064173332694
AE29C337-5F93-445B-A35B-5664E89B5E19|E3CDC578-37BA-4CDB-B150-DAB0409270CD|221BF4A4-CAF5-4DD2-AF83-A77E631EF111|0e5dc1c6-f62f-4a36-a1ec-064173332694
9C325035-848F-47AA-88B9-C80CA155AA4B|E3CDC578-37BA-4CDB-B150-DAB0409270CD|7265407E-3324-4A80-846B-5C83BDFE24F1|0e5dc1c6-f62f-4a36-a1ec-064173332694
08AB241B-E2B3-439C-858D-B057B5695B6B|E3CDC578-37BA-4CDB-B150-DAB0409270CD|754C2BDA-35B5-4799-8A2C-94E7C57CA8AB|e1729cc2-524a-4069-b4a4-be5aec8473fe
42B48E9D-B4EA-410E-832F-512A5479CE71|E3CDC578-37BA-4CDB-B150-DAB0409270CD|12C5CC17-8C11-4572-AAB2-20E9A063C699|e1729cc2-524a-4069-b4a4-be5aec8473fe
FC5CD907-4380-4812-9F55-985D3A8AF103|E3CDC578-37BA-4CDB-B150-DAB0409270CD|08F810FF-B734-48E0-A9C8-A5574F2AADA8|e1729cc2-524a-4069-b4a4-be5aec8473fe
E76430A1-7306-4119-BAAD-7B8315B05D51|E3CDC578-37BA-4CDB-B150-DAB0409270CD|51CBE1C4-1CA5-45FC-B707-921D1B38F018|e1729cc2-524a-4069-b4a4-be5aec8473fe
38D7B1E8-C98A-4AD7-9D15-17DE7D4EA80F|E3CDC578-37BA-4CDB-B150-DAB0409270CD|4FD1738D-3A86-455A-B971-C371D658B926|e1729cc2-524a-4069-b4a4-be5aec8473fe
0F609CD3-C4B0-4686-8560-601A9FA7BBAD|E3CDC578-37BA-4CDB-B150-DAB0409270CD|908375E6-8E8B-4339-A2E3-39E2A1BFEE43|e1729cc2-524a-4069-b4a4-be5aec8473fe
43DB65E5-5347-4425-A17E-06024D8326FE|E3CDC578-37BA-4CDB-B150-DAB0409270CD|83DA7896-B2F1-49A9-B75A-70CA04A97B68|e1729cc2-524a-4069-b4a4-be5aec8473fe
0E7A7AE4-3864-4F41-8502-9CE0EFC5B2B9|E3CDC578-37BA-4CDB-B150-DAB0409270CD|499ADCBF-9C19-4BE5-BA51-616B58BB05C3|e1729cc2-524a-4069-b4a4-be5aec8473fe
18FB7AAB-EF92-4A7B-93F6-C1D2E64E3615|E3CDC578-37BA-4CDB-B150-DAB0409270CD|E59703FC-BA9B-4818-AD11-984D76210FE9|e1729cc2-524a-4069-b4a4-be5aec8473fe
F2B206A7-1A19-4661-AC92-77D1508C30D7|E3CDC578-37BA-4CDB-B150-DAB0409270CD|66F6CF06-FACD-4A39-B5CF-5001F5D4194E|e1729cc2-524a-4069-b4a4-be5aec8473fe
0761B662-AEA3-4831-9EA8-3EBA27DB42CE|E3CDC578-37BA-4CDB-B150-DAB0409270CD|97F05ACC-2A03-4AA8-ACB8-3F9FADCC9486|e1729cc2-524a-4069-b4a4-be5aec8473fe
F35C8BCD-580C-498A-9D3F-A56E2F933A58|E3CDC578-37BA-4CDB-B150-DAB0409270CD|C7C8FA02-9451-47F9-95BF-4DDCBB60FFCF|e1729cc2-524a-4069-b4a4-be5aec8473fe
D69A2DC7-4CB2-4A34-BA64-3C539EBD5389|E3CDC578-37BA-4CDB-B150-DAB0409270CD|83FA197B-664B-4955-BD5E-8B074CBE63A3|e1729cc2-524a-4069-b4a4-be5aec8473fe
A8C52EE6-BAAA-48EF-9ED7-78F16EE9D761|E3CDC578-37BA-4CDB-B150-DAB0409270CD|794ABEAB-352A-4261-A218-EEF2EDFD5428|e1729cc2-524a-4069-b4a4-be5aec8473fe
61B1C53F-416A-4254-BF66-DBB60D5F01E7|E3CDC578-37BA-4CDB-B150-DAB0409270CD|B5E2CA94-9BF5-47C4-B44E-36938F03EECC|e1729cc2-524a-4069-b4a4-be5aec8473fe
DA8CB989-C0EC-46D0-957D-7316B5384327|E3CDC578-37BA-4CDB-B150-DAB0409270CD|01A330A1-EA96-4D4F-BADD-622010A5CF74|e1729cc2-524a-4069-b4a4-be5aec8473fe
45CBA27F-0FA9-49EE-8A1D-1768F025DE95|E3CDC578-37BA-4CDB-B150-DAB0409270CD|989A7D0A-8D13-462D-AB3F-20FC93FC0610|e1729cc2-524a-4069-b4a4-be5aec8473fe
70AF3945-3822-4C4A-8982-51188F82AD11|E3CDC578-37BA-4CDB-B150-DAB0409270CD|42A26815-CF73-4AFE-B336-B1DBFE4C5DE8|e1729cc2-524a-4069-b4a4-be5aec8473fe
025096E9-5616-4B40-B572-17A64E8B7CD3|E3CDC578-37BA-4CDB-B150-DAB0409270CD|6FB357B5-B6AB-4CBD-B717-47139C155C3A|e1729cc2-524a-4069-b4a4-be5aec8473fe
890708E1-598F-43EE-98DA-6ECA4E96B7C0|E3CDC578-37BA-4CDB-B150-DAB0409270CD|230FD046-73F1-4958-9A82-D801610E11FA|e1729cc2-524a-4069-b4a4-be5aec8473fe
A401DA48-0A5E-4D1A-89B1-8DE4242A2814|E3CDC578-37BA-4CDB-B150-DAB0409270CD|0FE377D0-F95C-422C-B029-E7E75BB06A4B|e1729cc2-524a-4069-b4a4-be5aec8473fe
1CA28893-29B5-4C22-B97A-D21C9AAB5B15|E3CDC578-37BA-4CDB-B150-DAB0409270CD|F2E280C3-7CFA-4A6A-8598-B105812BD06F|e1729cc2-524a-4069-b4a4-be5aec8473fe
3EEE76B9-8E89-4CDE-A6F4-F8E147FBD824|E3CDC578-37BA-4CDB-B150-DAB0409270CD|5C19B3DF-6F82-40B3-A11A-79FCCEE6B70B|e1729cc2-524a-4069-b4a4-be5aec8473fe
599BDE2F-AF75-4951-893E-A923C538436E|E3CDC578-37BA-4CDB-B150-DAB0409270CD|9C80D7BE-52F5-4F72-8DE4-E37A0B7172F9|e1729cc2-524a-4069-b4a4-be5aec8473fe
1AC8CD75-56A0-4189-89CB-6F7B2E3EBC70|E3CDC578-37BA-4CDB-B150-DAB0409270CD|92D792CD-853C-4CCB-B423-CE6C620E65F4|e1729cc2-524a-4069-b4a4-be5aec8473fe
6C31326A-5990-4C76-8708-C5A8E985A715|E3CDC578-37BA-4CDB-B150-DAB0409270CD|B470F594-3E52-4B5A-ACF4-E3EE432714E5|e1729cc2-524a-4069-b4a4-be5aec8473fe
C01A91D5-B5E7-4610-B7D0-CF4A6D943B02|E3CDC578-37BA-4CDB-B150-DAB0409270CD|B97BF159-E609-48CF-B3BD-F509E4A72043|e1729cc2-524a-4069-b4a4-be5aec8473fe
A3060BA0-21C8-4863-B64F-702FFED3B1B7|E3CDC578-37BA-4CDB-B150-DAB0409270CD|04BB856A-856E-43AE-B305-FD85AFBD2FFF|e1729cc2-524a-4069-b4a4-be5aec8473fe
D1FF8326-7D81-4FE6-A1F2-58A61E681413|E3CDC578-37BA-4CDB-B150-DAB0409270CD|ADD9AA97-52E1-4117-92DE-DF1BFCAB00BC|e1729cc2-524a-4069-b4a4-be5aec8473fe
3502918F-87AD-45E7-9CC7-8E5BA17AA220|E3CDC578-37BA-4CDB-B150-DAB0409270CD|6600539C-3A0B-45F8-A1B2-69F709D717D5|e1729cc2-524a-4069-b4a4-be5aec8473fe
6F184506-4ABE-4FB2-B405-92B42DB9D50C|E3CDC578-37BA-4CDB-B150-DAB0409270CD|D9D3AE3C-E591-45B9-8779-74B5BB832186|e1729cc2-524a-4069-b4a4-be5aec8473fe
4455772E-1096-480D-81C8-BB552F5FB0B9|E3CDC578-37BA-4CDB-B150-DAB0409270CD|25798F46-9001-4CA9-9CC1-5BBCD885465B|e1729cc2-524a-4069-b4a4-be5aec8473fe
7F23D7C4-6859-4D72-810B-A9AA1DC82EBB|E3CDC578-37BA-4CDB-B150-DAB0409270CD|0EABB394-4C93-47FC-A480-01F12E29BA27|e1729cc2-524a-4069-b4a4-be5aec8473fe
213E8DDC-909D-4A60-AFC7-1408A42BBDD3|E3CDC578-37BA-4CDB-B150-DAB0409270CD|0B084961-A64F-41A1-A154-EC39C9039D89|e1729cc2-524a-4069-b4a4-be5aec8473fe
42710FBE-8A03-4C27-9685-4D5B7F16CF2D|E3CDC578-37BA-4CDB-B150-DAB0409270CD|2E696E43-12D8-4304-8E74-14C0F8239C8B|e1729cc2-524a-4069-b4a4-be5aec8473fe
F9B1531A-C88A-4833-8111-103E5E290C3B|E3CDC578-37BA-4CDB-B150-DAB0409270CD|DB4A113F-DD71-4D65-BDD6-140EE8CFA057|e1729cc2-524a-4069-b4a4-be5aec8473fe
5A0F92AA-3C81-4F39-94CE-321B5849837B|E3CDC578-37BA-4CDB-B150-DAB0409270CD|A7BFB70C-1537-4543-818E-1A26631EB726|e1729cc2-524a-4069-b4a4-be5aec8473fe
6394DB19-BC45-4035-B515-866CA864F423|E3CDC578-37BA-4CDB-B150-DAB0409270CD|57B87F21-6FA6-4A6D-9B44-352C421399D2|e1729cc2-524a-4069-b4a4-be5aec8473fe
69A0EEB4-B946-41B6-A45B-929CB97E48C9|E3CDC578-37BA-4CDB-B150-DAB0409270CD|3A5DAE15-6E75-49EB-A01E-BD0245CF5E49|e1729cc2-524a-4069-b4a4-be5aec8473fe
90B996CD-0474-4117-9C6D-37B493E989A7|E3CDC578-37BA-4CDB-B150-DAB0409270CD|FB79819F-8376-4095-B7F7-AC1F0A0AC176|e1729cc2-524a-4069-b4a4-be5aec8473fe
B968C330-EE79-4265-92EC-1DDDD44BB100|E3CDC578-37BA-4CDB-B150-DAB0409270CD|221BF4A4-CAF5-4DD2-AF83-A77E631EF111|e1729cc2-524a-4069-b4a4-be5aec8473fe
D74B69E7-8A9B-463D-8D46-83738622E228|E3CDC578-37BA-4CDB-B150-DAB0409270CD|7265407E-3324-4A80-846B-5C83BDFE24F1|e1729cc2-524a-4069-b4a4-be5aec8473fe
F8E7BD08-756B-4E7F-9296-D7B4BC9E7D6C|E3CDC578-37BA-4CDB-B150-DAB0409270CD|754C2BDA-35B5-4799-8A2C-94E7C57CA8AB|b9bbd718-b32f-4466-ab34-42f544ff900e
FD816AE0-A3F5-4651-A61A-32DAFAAD4AA7|E3CDC578-37BA-4CDB-B150-DAB0409270CD|12C5CC17-8C11-4572-AAB2-20E9A063C699|b9bbd718-b32f-4466-ab34-42f544ff900e
4D96DFA7-79C7-44F2-BADC-4AB81175079F|E3CDC578-37BA-4CDB-B150-DAB0409270CD|08F810FF-B734-48E0-A9C8-A5574F2AADA8|b9bbd718-b32f-4466-ab34-42f544ff900e
73E9E94F-04D1-45E1-A0FA-38E6FAFE9D1C|E3CDC578-37BA-4CDB-B150-DAB0409270CD|51CBE1C4-1CA5-45FC-B707-921D1B38F018|b9bbd718-b32f-4466-ab34-42f544ff900e
4EB73FE9-4972-4F60-988A-72BC6C821B1F|E3CDC578-37BA-4CDB-B150-DAB0409270CD|4FD1738D-3A86-455A-B971-C371D658B926|b9bbd718-b32f-4466-ab34-42f544ff900e
975F571A-06FD-49E8-B2F0-0C3CD5362FCA|E3CDC578-37BA-4CDB-B150-DAB0409270CD|908375E6-8E8B-4339-A2E3-39E2A1BFEE43|b9bbd718-b32f-4466-ab34-42f544ff900e
557997B4-23D7-4FD7-BA45-05CA891EE042|E3CDC578-37BA-4CDB-B150-DAB0409270CD|83DA7896-B2F1-49A9-B75A-70CA04A97B68|b9bbd718-b32f-4466-ab34-42f544ff900e
D5D01B57-CA74-492F-9F34-4B6C79D058AE|E3CDC578-37BA-4CDB-B150-DAB0409270CD|499ADCBF-9C19-4BE5-BA51-616B58BB05C3|b9bbd718-b32f-4466-ab34-42f544ff900e
8D5302F4-0E72-4A61-BF81-FB3757CD7BC8|E3CDC578-37BA-4CDB-B150-DAB0409270CD|E59703FC-BA9B-4818-AD11-984D76210FE9|b9bbd718-b32f-4466-ab34-42f544ff900e
17D37C0B-3D6D-498F-8538-C3F9437A7B42|E3CDC578-37BA-4CDB-B150-DAB0409270CD|66F6CF06-FACD-4A39-B5CF-5001F5D4194E|b9bbd718-b32f-4466-ab34-42f544ff900e
480DB816-B0D9-4045-8B74-11CACD06557A|E3CDC578-37BA-4CDB-B150-DAB0409270CD|97F05ACC-2A03-4AA8-ACB8-3F9FADCC9486|b9bbd718-b32f-4466-ab34-42f544ff900e
30932708-C7CA-48A0-AF2C-015E0B1A27F9|E3CDC578-37BA-4CDB-B150-DAB0409270CD|C7C8FA02-9451-47F9-95BF-4DDCBB60FFCF|b9bbd718-b32f-4466-ab34-42f544ff900e
4EA27A59-688A-4F80-A2BE-554DD6D8CDF2|E3CDC578-37BA-4CDB-B150-DAB0409270CD|83FA197B-664B-4955-BD5E-8B074CBE63A3|b9bbd718-b32f-4466-ab34-42f544ff900e
90D1AD85-D221-4CAE-97C3-D653DBBA2DFC|E3CDC578-37BA-4CDB-B150-DAB0409270CD|794ABEAB-352A-4261-A218-EEF2EDFD5428|b9bbd718-b32f-4466-ab34-42f544ff900e
A5BFF34C-88FF-48CB-8A90-1ABBC3FD1091|E3CDC578-37BA-4CDB-B150-DAB0409270CD|B5E2CA94-9BF5-47C4-B44E-36938F03EECC|b9bbd718-b32f-4466-ab34-42f544ff900e
344E12B1-29E9-4C0A-83B2-A888948652DA|E3CDC578-37BA-4CDB-B150-DAB0409270CD|01A330A1-EA96-4D4F-BADD-622010A5CF74|b9bbd718-b32f-4466-ab34-42f544ff900e
2300FDAD-3A6C-44D4-A9BE-D643E73409EA|E3CDC578-37BA-4CDB-B150-DAB0409270CD|989A7D0A-8D13-462D-AB3F-20FC93FC0610|b9bbd718-b32f-4466-ab34-42f544ff900e
2F0282C4-BD66-423D-81E9-031555DB5F0A|E3CDC578-37BA-4CDB-B150-DAB0409270CD|42A26815-CF73-4AFE-B336-B1DBFE4C5DE8|b9bbd718-b32f-4466-ab34-42f544ff900e
3DB0F58A-0115-4A82-B49D-E272047D779D|E3CDC578-37BA-4CDB-B150-DAB0409270CD|6FB357B5-B6AB-4CBD-B717-47139C155C3A|b9bbd718-b32f-4466-ab34-42f544ff900e
041FCBBB-5173-4DBB-A8BA-ACEC3642D215|E3CDC578-37BA-4CDB-B150-DAB0409270CD|230FD046-73F1-4958-9A82-D801610E11FA|b9bbd718-b32f-4466-ab34-42f544ff900e
CE49DA5A-B3C9-4FE4-A72D-D465C8891E75|E3CDC578-37BA-4CDB-B150-DAB0409270CD|0FE377D0-F95C-422C-B029-E7E75BB06A4B|b9bbd718-b32f-4466-ab34-42f544ff900e
63649A8E-5F38-445C-8CAE-296FCEBCA89F|E3CDC578-37BA-4CDB-B150-DAB0409270CD|F2E280C3-7CFA-4A6A-8598-B105812BD06F|b9bbd718-b32f-4466-ab34-42f544ff900e
4896F11D-06F8-4CF9-BFE5-0D423F484682|E3CDC578-37BA-4CDB-B150-DAB0409270CD|5C19B3DF-6F82-40B3-A11A-79FCCEE6B70B|b9bbd718-b32f-4466-ab34-42f544ff900e
9E596023-191B-4FE5-8D6A-5FC9901F0D5F|E3CDC578-37BA-4CDB-B150-DAB0409270CD|9C80D7BE-52F5-4F72-8DE4-E37A0B7172F9|b9bbd718-b32f-4466-ab34-42f544ff900e
70B4EA62-1ACA-4FE4-BDCF-E34894D704C1|E3CDC578-37BA-4CDB-B150-DAB0409270CD|92D792CD-853C-4CCB-B423-CE6C620E65F4|b9bbd718-b32f-4466-ab34-42f544ff900e
0D3B3E63-0C7A-41E1-85B8-0FCAB6CF7AE7|E3CDC578-37BA-4CDB-B150-DAB0409270CD|B470F594-3E52-4B5A-ACF4-E3EE432714E5|b9bbd718-b32f-4466-ab34-42f544ff900e
9CFA8CB8-8B59-4A67-ABEB-68739D16CB04|E3CDC578-37BA-4CDB-B150-DAB0409270CD|B97BF159-E609-48CF-B3BD-F509E4A72043|b9bbd718-b32f-4466-ab34-42f544ff900e
601F2C4F-084D-4ABE-AB22-29E6839540F0|E3CDC578-37BA-4CDB-B150-DAB0409270CD|04BB856A-856E-43AE-B305-FD85AFBD2FFF|b9bbd718-b32f-4466-ab34-42f544ff900e
FEB567F5-C680-43F8-9DCC-652BF28CCE67|E3CDC578-37BA-4CDB-B150-DAB0409270CD|ADD9AA97-52E1-4117-92DE-DF1BFCAB00BC|b9bbd718-b32f-4466-ab34-42f544ff900e
868D0940-4A19-49BC-8656-004DF2885761|E3CDC578-37BA-4CDB-B150-DAB0409270CD|6600539C-3A0B-45F8-A1B2-69F709D717D5|b9bbd718-b32f-4466-ab34-42f544ff900e
7F283D8B-34A9-4F7A-B353-8D055C5D72B3|E3CDC578-37BA-4CDB-B150-DAB0409270CD|D9D3AE3C-E591-45B9-8779-74B5BB832186|b9bbd718-b32f-4466-ab34-42f544ff900e
245D04E7-E3C7-43F7-ABD1-41CBC0A30A64|E3CDC578-37BA-4CDB-B150-DAB0409270CD|25798F46-9001-4CA9-9CC1-5BBCD885465B|b9bbd718-b32f-4466-ab34-42f544ff900e
6D7C28B7-EE8D-458F-9829-EF4AFA35906E|E3CDC578-37BA-4CDB-B150-DAB0409270CD|0EABB394-4C93-47FC-A480-01F12E29BA27|b9bbd718-b32f-4466-ab34-42f544ff900e
66F63A41-08D2-4612-81C5-2CC4CC3C61FC|E3CDC578-37BA-4CDB-B150-DAB0409270CD|0B084961-A64F-41A1-A154-EC39C9039D89|b9bbd718-b32f-4466-ab34-42f544ff900e
7F81FDF4-27DA-47F1-8B64-ECA4141C82F9|E3CDC578-37BA-4CDB-B150-DAB0409270CD|2E696E43-12D8-4304-8E74-14C0F8239C8B|b9bbd718-b32f-4466-ab34-42f544ff900e
A61B66A9-3293-4C5C-8C02-9FFCAE871676|E3CDC578-37BA-4CDB-B150-DAB0409270CD|DB4A113F-DD71-4D65-BDD6-140EE8CFA057|b9bbd718-b32f-4466-ab34-42f544ff900e
204D706F-51C4-4E8F-AEB9-65F0ACEA32DF|E3CDC578-37BA-4CDB-B150-DAB0409270CD|A7BFB70C-1537-4543-818E-1A26631EB726|b9bbd718-b32f-4466-ab34-42f544ff900e
408B1C1C-C686-48F7-BE4C-9D46477AD06F|E3CDC578-37BA-4CDB-B150-DAB0409270CD|57B87F21-6FA6-4A6D-9B44-352C421399D2|b9bbd718-b32f-4466-ab34-42f544ff900e
BADB2CE0-6AE6-4703-9E04-6147E0421566|E3CDC578-37BA-4CDB-B150-DAB0409270CD|3A5DAE15-6E75-49EB-A01E-BD0245CF5E49|b9bbd718-b32f-4466-ab34-42f544ff900e
CD68DE73-5428-49F6-8A92-8223EB96F723|E3CDC578-37BA-4CDB-B150-DAB0409270CD|FB79819F-8376-4095-B7F7-AC1F0A0AC176|b9bbd718-b32f-4466-ab34-42f544ff900e
C3B0E3B9-C29D-4D73-9B23-48418C3F6572|E3CDC578-37BA-4CDB-B150-DAB0409270CD|221BF4A4-CAF5-4DD2-AF83-A77E631EF111|b9bbd718-b32f-4466-ab34-42f544ff900e
16AE9523-446A-41DB-9F45-085884375374|E3CDC578-37BA-4CDB-B150-DAB0409270CD|7265407E-3324-4A80-846B-5C83BDFE24F1|b9bbd718-b32f-4466-ab34-42f544ff900e
E345B32E-8C40-4CC3-B526-A6286A6F5DD4|E3CDC578-37BA-4CDB-B150-DAB0409270CD|754C2BDA-35B5-4799-8A2C-94E7C57CA8AB|44f23b3c-e066-4b45-931c-0e8073d3a93a
D3E13FAF-B718-4B73-868B-123BA0D93E16|E3CDC578-37BA-4CDB-B150-DAB0409270CD|12C5CC17-8C11-4572-AAB2-20E9A063C699|44f23b3c-e066-4b45-931c-0e8073d3a93a
B0BA4C2B-21D5-49F2-876E-8797C58D7270|E3CDC578-37BA-4CDB-B150-DAB0409270CD|08F810FF-B734-48E0-A9C8-A5574F2AADA8|44f23b3c-e066-4b45-931c-0e8073d3a93a
06A69902-214A-4573-A1EE-14E228B11872|E3CDC578-37BA-4CDB-B150-DAB0409270CD|51CBE1C4-1CA5-45FC-B707-921D1B38F018|44f23b3c-e066-4b45-931c-0e8073d3a93a
E09AB8F2-E826-4E44-A36F-1DF9C89F73D3|E3CDC578-37BA-4CDB-B150-DAB0409270CD|4FD1738D-3A86-455A-B971-C371D658B926|44f23b3c-e066-4b45-931c-0e8073d3a93a
7C48C663-2AE5-4730-BED1-C5744F0EBFE2|E3CDC578-37BA-4CDB-B150-DAB0409270CD|908375E6-8E8B-4339-A2E3-39E2A1BFEE43|44f23b3c-e066-4b45-931c-0e8073d3a93a
A1958232-828E-4A23-85E2-0691B504FF5A|E3CDC578-37BA-4CDB-B150-DAB0409270CD|83DA7896-B2F1-49A9-B75A-70CA04A97B68|44f23b3c-e066-4b45-931c-0e8073d3a93a
E70B4224-A48E-4D28-8C25-9322C7CC53B6|E3CDC578-37BA-4CDB-B150-DAB0409270CD|499ADCBF-9C19-4BE5-BA51-616B58BB05C3|44f23b3c-e066-4b45-931c-0e8073d3a93a
4CD2C9B1-B28F-4C4C-AA69-C7BAFF0B7E91|E3CDC578-37BA-4CDB-B150-DAB0409270CD|E59703FC-BA9B-4818-AD11-984D76210FE9|44f23b3c-e066-4b45-931c-0e8073d3a93a
84F4DD2B-089A-4104-9BB0-C666D3F5069A|E3CDC578-37BA-4CDB-B150-DAB0409270CD|66F6CF06-FACD-4A39-B5CF-5001F5D4194E|44f23b3c-e066-4b45-931c-0e8073d3a93a
505DE076-52EE-4E4C-A4E7-EB2EDAFE4FC4|E3CDC578-37BA-4CDB-B150-DAB0409270CD|97F05ACC-2A03-4AA8-ACB8-3F9FADCC9486|44f23b3c-e066-4b45-931c-0e8073d3a93a
A5FCD7E2-3894-4FB5-9933-90FBB7C2003C|E3CDC578-37BA-4CDB-B150-DAB0409270CD|C7C8FA02-9451-47F9-95BF-4DDCBB60FFCF|44f23b3c-e066-4b45-931c-0e8073d3a93a
05BC0AAE-E147-407D-87D3-9E0C13A8302E|E3CDC578-37BA-4CDB-B150-DAB0409270CD|83FA197B-664B-4955-BD5E-8B074CBE63A3|44f23b3c-e066-4b45-931c-0e8073d3a93a
F708D921-363D-4F26-BD0C-A42AAC7F2BAF|E3CDC578-37BA-4CDB-B150-DAB0409270CD|794ABEAB-352A-4261-A218-EEF2EDFD5428|44f23b3c-e066-4b45-931c-0e8073d3a93a
52F83B28-A576-47CA-BB8A-1714D8C3772B|E3CDC578-37BA-4CDB-B150-DAB0409270CD|B5E2CA94-9BF5-47C4-B44E-36938F03EECC|44f23b3c-e066-4b45-931c-0e8073d3a93a
37433080-0533-4943-BEFA-E74291671002|E3CDC578-37BA-4CDB-B150-DAB0409270CD|01A330A1-EA96-4D4F-BADD-622010A5CF74|44f23b3c-e066-4b45-931c-0e8073d3a93a
E8760EC1-83F3-41AD-996D-CE37EFF90EEC|E3CDC578-37BA-4CDB-B150-DAB0409270CD|989A7D0A-8D13-462D-AB3F-20FC93FC0610|44f23b3c-e066-4b45-931c-0e8073d3a93a
372F1382-98FC-413A-A717-6547B28BEDDD|E3CDC578-37BA-4CDB-B150-DAB0409270CD|42A26815-CF73-4AFE-B336-B1DBFE4C5DE8|44f23b3c-e066-4b45-931c-0e8073d3a93a
9173FAB9-B28D-4BD0-8090-B0631A78606F|E3CDC578-37BA-4CDB-B150-DAB0409270CD|6FB357B5-B6AB-4CBD-B717-47139C155C3A|44f23b3c-e066-4b45-931c-0e8073d3a93a
891E53FB-23E5-4607-970C-A0B4BBA80973|E3CDC578-37BA-4CDB-B150-DAB0409270CD|230FD046-73F1-4958-9A82-D801610E11FA|44f23b3c-e066-4b45-931c-0e8073d3a93a
515049ED-0F8B-4161-828B-961244AED886|E3CDC578-37BA-4CDB-B150-DAB0409270CD|0FE377D0-F95C-422C-B029-E7E75BB06A4B|44f23b3c-e066-4b45-931c-0e8073d3a93a
045FC0CB-F15E-44F9-907C-1593A40B47B7|E3CDC578-37BA-4CDB-B150-DAB0409270CD|F2E280C3-7CFA-4A6A-8598-B105812BD06F|44f23b3c-e066-4b45-931c-0e8073d3a93a
15FD09A7-00C4-440C-9E51-C01A7EA6C799|E3CDC578-37BA-4CDB-B150-DAB0409270CD|5C19B3DF-6F82-40B3-A11A-79FCCEE6B70B|44f23b3c-e066-4b45-931c-0e8073d3a93a
5DA3597D-CFF4-4461-ADA9-873190B15FC1|E3CDC578-37BA-4CDB-B150-DAB0409270CD|9C80D7BE-52F5-4F72-8DE4-E37A0B7172F9|44f23b3c-e066-4b45-931c-0e8073d3a93a
8508B93C-100B-4FE9-96FD-4452F562E02E|E3CDC578-37BA-4CDB-B150-DAB0409270CD|92D792CD-853C-4CCB-B423-CE6C620E65F4|44f23b3c-e066-4b45-931c-0e8073d3a93a
F6121D08-A187-4F70-A2C6-70D4006AF6F8|E3CDC578-37BA-4CDB-B150-DAB0409270CD|B470F594-3E52-4B5A-ACF4-E3EE432714E5|44f23b3c-e066-4b45-931c-0e8073d3a93a
01D76FCB-6C61-4996-8971-7B7DB97E1290|E3CDC578-37BA-4CDB-B150-DAB0409270CD|B97BF159-E609-48CF-B3BD-F509E4A72043|44f23b3c-e066-4b45-931c-0e8073d3a93a
70080BB8-A009-4EB2-8E60-EC626E9873AD|E3CDC578-37BA-4CDB-B150-DAB0409270CD|04BB856A-856E-43AE-B305-FD85AFBD2FFF|44f23b3c-e066-4b45-931c-0e8073d3a93a
69E4FED4-0A0D-4488-9EA7-005D70966F05|E3CDC578-37BA-4CDB-B150-DAB0409270CD|ADD9AA97-52E1-4117-92DE-DF1BFCAB00BC|44f23b3c-e066-4b45-931c-0e8073d3a93a
F1187A5D-34B0-4219-9FA4-BA5F2EB521A7|E3CDC578-37BA-4CDB-B150-DAB0409270CD|6600539C-3A0B-45F8-A1B2-69F709D717D5|44f23b3c-e066-4b45-931c-0e8073d3a93a
126E1FA4-A471-4593-B65C-4E3F36FE84D0|E3CDC578-37BA-4CDB-B150-DAB0409270CD|D9D3AE3C-E591-45B9-8779-74B5BB832186|44f23b3c-e066-4b45-931c-0e8073d3a93a
41EA030E-BA9E-400D-9483-C087DFA8E4A4|E3CDC578-37BA-4CDB-B150-DAB0409270CD|25798F46-9001-4CA9-9CC1-5BBCD885465B|44f23b3c-e066-4b45-931c-0e8073d3a93a
1F5D3AB4-6C74-4C43-B1DE-A598510F39DE|E3CDC578-37BA-4CDB-B150-DAB0409270CD|0EABB394-4C93-47FC-A480-01F12E29BA27|44f23b3c-e066-4b45-931c-0e8073d3a93a
D279390D-E32B-48F0-A56A-B916A6CCA680|E3CDC578-37BA-4CDB-B150-DAB0409270CD|0B084961-A64F-41A1-A154-EC39C9039D89|44f23b3c-e066-4b45-931c-0e8073d3a93a
D1D71AA7-5E20-4412-9212-2B15A494F035|E3CDC578-37BA-4CDB-B150-DAB0409270CD|2E696E43-12D8-4304-8E74-14C0F8239C8B|44f23b3c-e066-4b45-931c-0e8073d3a93a
C1B680BF-AE08-4123-9C99-E75F0AEFDFAF|E3CDC578-37BA-4CDB-B150-DAB0409270CD|DB4A113F-DD71-4D65-BDD6-140EE8CFA057|44f23b3c-e066-4b45-931c-0e8073d3a93a
E48173F3-EA19-4B97-A6ED-7B145D698D33|E3CDC578-37BA-4CDB-B150-DAB0409270CD|A7BFB70C-1537-4543-818E-1A26631EB726|44f23b3c-e066-4b45-931c-0e8073d3a93a
39AF3EF3-4E35-4211-8540-D7D64F5C8162|E3CDC578-37BA-4CDB-B150-DAB0409270CD|57B87F21-6FA6-4A6D-9B44-352C421399D2|44f23b3c-e066-4b45-931c-0e8073d3a93a
27598283-DB83-453E-91C2-BAC78899B14E|E3CDC578-37BA-4CDB-B150-DAB0409270CD|3A5DAE15-6E75-49EB-A01E-BD0245CF5E49|44f23b3c-e066-4b45-931c-0e8073d3a93a
0A22DCF7-2151-46D8-981B-5E764EB467F0|E3CDC578-37BA-4CDB-B150-DAB0409270CD|FB79819F-8376-4095-B7F7-AC1F0A0AC176|44f23b3c-e066-4b45-931c-0e8073d3a93a
88E30DC7-F5E4-49C8-9B65-3816C60D5A3D|E3CDC578-37BA-4CDB-B150-DAB0409270CD|221BF4A4-CAF5-4DD2-AF83-A77E631EF111|44f23b3c-e066-4b45-931c-0e8073d3a93a
8F463AF6-14AE-445C-82DB-84AE7672E43E|E3CDC578-37BA-4CDB-B150-DAB0409270CD|7265407E-3324-4A80-846B-5C83BDFE24F1|44f23b3c-e066-4b45-931c-0e8073d3a93a
D7B0DA3E-C4CE-40EB-9C90-9DBF67FC640F|E3CDC578-37BA-4CDB-B150-DAB0409270CD|6B7068BA-069E-4DBA-94FA-D79BC7EA1248|c9caf109-c27d-4062-9b9f-ac4268629e27
2D62A76A-9B5E-40B4-A4B0-23F9A1E5918D|E3CDC578-37BA-4CDB-B150-DAB0409270CD|D14B8BC3-9777-48D7-936C-376176C3BFE3|c9caf109-c27d-4062-9b9f-ac4268629e27
281E2FDD-AFB6-40D9-9E5A-9D96073E1E1B|E3CDC578-37BA-4CDB-B150-DAB0409270CD|5F43BD29-BE46-4C55-BA9E-0F195233EDED|c9caf109-c27d-4062-9b9f-ac4268629e27
0FFB056F-C2FC-44B1-BB02-2735807A1A3D|E3CDC578-37BA-4CDB-B150-DAB0409270CD|ACD7008B-EF21-483B-8379-54C8A4D3A866|c9caf109-c27d-4062-9b9f-ac4268629e27
4968F1E1-84A3-4FF8-A023-DD2AA27D7392|E3CDC578-37BA-4CDB-B150-DAB0409270CD|07F42ECC-7E24-4630-A5EC-4ED7FD3D9A0B|c9caf109-c27d-4062-9b9f-ac4268629e27
C75FDA63-6784-47F1-A73C-30DC1C433A38|E3CDC578-37BA-4CDB-B150-DAB0409270CD|50B56335-DA2C-400C-8788-1F665E5704D3|c9caf109-c27d-4062-9b9f-ac4268629e27
1E6B3773-BD12-4BCD-BB43-0781BA183CC6|E3CDC578-37BA-4CDB-B150-DAB0409270CD|C4F52BB8-C0FB-400C-818B-1F4271249DE5|c9caf109-c27d-4062-9b9f-ac4268629e27
DB17E87E-A1D0-4A9E-B7E5-B2D72C12F831|E3CDC578-37BA-4CDB-B150-DAB0409270CD|5E08A40F-9427-424B-9C7C-0FE5FD2BED32|c9caf109-c27d-4062-9b9f-ac4268629e27
D10EB63D-513B-4978-86A8-FEF24143C4FF|E3CDC578-37BA-4CDB-B150-DAB0409270CD|36ED94CB-08DF-48CF-8DA2-CA6365ACBB0B|c9caf109-c27d-4062-9b9f-ac4268629e27
B842A432-2925-4C38-A0C4-18DE19FB84A9|E3CDC578-37BA-4CDB-B150-DAB0409270CD|366D7C25-51C5-4A0B-9128-A3F52FE6D5EE|c9caf109-c27d-4062-9b9f-ac4268629e27
E247B83E-10BE-4401-9137-BCD16DB0A1F0|E3CDC578-37BA-4CDB-B150-DAB0409270CD|B38A36EC-A66C-4738-9F86-56DECD1B160F|c9caf109-c27d-4062-9b9f-ac4268629e27
8674B266-4699-42CE-918A-1A0C443488EB|E3CDC578-37BA-4CDB-B150-DAB0409270CD|27A748F4-C0CF-4BEF-821B-AB42D738622C|c9caf109-c27d-4062-9b9f-ac4268629e27
1A07355A-5EA4-43AF-A417-BA429A94D2F8|E3CDC578-37BA-4CDB-B150-DAB0409270CD|674E095E-B54C-4353-AC9E-BACE342C7D5B|c9caf109-c27d-4062-9b9f-ac4268629e27
1931DB93-7650-4F97-9126-3B828222D959|E3CDC578-37BA-4CDB-B150-DAB0409270CD|20936997-90CE-4251-872B-AB9D91F71125|c9caf109-c27d-4062-9b9f-ac4268629e27
5BAD5474-F487-4E15-8ECF-2010F560BA76|E3CDC578-37BA-4CDB-B150-DAB0409270CD|0937EA44-F95B-4FF4-A4E0-2CA91CC60CAF|c9caf109-c27d-4062-9b9f-ac4268629e27
0D9FC578-2E8E-4DAC-8A1E-5615448D71DB|E3CDC578-37BA-4CDB-B150-DAB0409270CD|93338C52-D8D1-4021-B48B-19F0B0E9B21E|c9caf109-c27d-4062-9b9f-ac4268629e27
6A89A51F-ACD2-4F0A-8D17-E17663F291B9|E3CDC578-37BA-4CDB-B150-DAB0409270CD|2AE44D35-CBC9-4442-B5BE-B8B0602657B2|c9caf109-c27d-4062-9b9f-ac4268629e27
44EBDF27-4BB3-40A0-A436-6188BAB01485|E3CDC578-37BA-4CDB-B150-DAB0409270CD|C25B83A9-792E-481E-BE0B-2C04DE97DE12|c9caf109-c27d-4062-9b9f-ac4268629e27
861A6389-7D0F-48BC-8DDC-05C23FDE8280|E3CDC578-37BA-4CDB-B150-DAB0409270CD|FC786FD1-9C26-4783-A0B8-2F250F806610|c9caf109-c27d-4062-9b9f-ac4268629e27
F95BBB1D-6258-436D-B743-1CD86DA2232E|E3CDC578-37BA-4CDB-B150-DAB0409270CD|AE9ED18A-8761-40CE-BA1E-B4F3D4274504|c9caf109-c27d-4062-9b9f-ac4268629e27
E315B28C-3E15-459F-9325-7CE30DC9D3A0|E3CDC578-37BA-4CDB-B150-DAB0409270CD|8AACF062-36FE-4D43-895B-E1CFDFA4EE93|c9caf109-c27d-4062-9b9f-ac4268629e27
7FB90182-8911-43CB-B008-365E223965BD|E3CDC578-37BA-4CDB-B150-DAB0409270CD|F1D6D93A-51E3-4CEC-9470-A8941914E615|c9caf109-c27d-4062-9b9f-ac4268629e27
87F6FC41-9512-453F-8B2F-F5B9D8B7C0A6|E3CDC578-37BA-4CDB-B150-DAB0409270CD|C85DDFD1-62B2-4F6F-82D3-814EB99F49EE|c9caf109-c27d-4062-9b9f-ac4268629e27
1824170E-F869-4BAF-AEA4-FE4F7D7D1765|E3CDC578-37BA-4CDB-B150-DAB0409270CD|457FC285-C47F-4DD3-8238-0A7922D2C660|c9caf109-c27d-4062-9b9f-ac4268629e27
10787254-5B4E-465C-96DA-A0E6120CAAB3|E3CDC578-37BA-4CDB-B150-DAB0409270CD|0B6858E0-B265-4B7E-8744-9902FB7EE70B|c9caf109-c27d-4062-9b9f-ac4268629e27
8E21DAD5-DA29-4FB6-A86D-1950CA9BE73F|E3CDC578-37BA-4CDB-B150-DAB0409270CD|8A3E4154-6C02-45D8-92BD-80D11EC9BC20|c9caf109-c27d-4062-9b9f-ac4268629e27
82767BE4-4CF1-4E64-8847-0F0F81F1B91C|E3CDC578-37BA-4CDB-B150-DAB0409270CD|C01FA99C-6A3E-4293-A462-E215F2FD1929|c9caf109-c27d-4062-9b9f-ac4268629e27
02BF6E48-D918-4396-95C1-B32EEBB3B573|E3CDC578-37BA-4CDB-B150-DAB0409270CD|FBE28CB8-6B4E-4F50-A95D-F8E1C733A159|c9caf109-c27d-4062-9b9f-ac4268629e27
0AFAB546-75F8-4245-90E1-23B9FC659819|E3CDC578-37BA-4CDB-B150-DAB0409270CD|717FD680-3AF4-463E-8006-204A086F6F9D|c9caf109-c27d-4062-9b9f-ac4268629e27
BA5A016C-8472-4576-9E81-9D15BBCCB175|E3CDC578-37BA-4CDB-B150-DAB0409270CD|79C746EC-C513-44B0-852B-6871DE7E3FA5|c9caf109-c27d-4062-9b9f-ac4268629e27
E1C3F96A-DC84-42C2-A69A-1993C12A70B8|E3CDC578-37BA-4CDB-B150-DAB0409270CD|C4201204-DF2C-4870-8567-DCFEA0580C7C|c9caf109-c27d-4062-9b9f-ac4268629e27
34944D0E-1CDB-4A9F-A552-CB6F15A56EF0|E3CDC578-37BA-4CDB-B150-DAB0409270CD|1113FBB3-4FB1-42A5-9602-0F3E2B7799C7|c9caf109-c27d-4062-9b9f-ac4268629e27
4DEC9D89-983D-46E4-92F6-1CCAA97B5589|E3CDC578-37BA-4CDB-B150-DAB0409270CD|C6C426F3-4F3C-4DAD-9EC4-A119F1086984|c9caf109-c27d-4062-9b9f-ac4268629e27
3A3F7B64-482C-4A20-BFF9-C4E895DE6965|E3CDC578-37BA-4CDB-B150-DAB0409270CD|56BFD25E-DF52-4C85-B55D-EA3CE1EC8EF0|c9caf109-c27d-4062-9b9f-ac4268629e27
EF04649C-FEE3-473E-A754-CA085297A1D9|E3CDC578-37BA-4CDB-B150-DAB0409270CD|5A283405-71D5-44EE-A8C2-CBB5820D9AC7|c9caf109-c27d-4062-9b9f-ac4268629e27
D117C347-8093-4228-A827-0CC34CCA1445|E3CDC578-37BA-4CDB-B150-DAB0409270CD|B5C989AF-5853-4EF0-BDB8-6A9C7717644D|c9caf109-c27d-4062-9b9f-ac4268629e27
8062ED5A-0DB0-4E5F-96BB-B4446915DDE1|E3CDC578-37BA-4CDB-B150-DAB0409270CD|6D4BF323-E228-4796-BBEE-639AA86A2528|c9caf109-c27d-4062-9b9f-ac4268629e27
C6C0CAD6-66D9-4E0C-931D-AC92F203B281|E3CDC578-37BA-4CDB-B150-DAB0409270CD|991FD9DE-146D-495F-A8AA-603F5D269E7D|c9caf109-c27d-4062-9b9f-ac4268629e27
A49403D9-6C91-4D4A-A11A-409E13BCB85C|E3CDC578-37BA-4CDB-B150-DAB0409270CD|D3DB687E-FF09-4DFE-BC24-EF6747330FCA|c9caf109-c27d-4062-9b9f-ac4268629e27
C2FB6D39-8206-4996-868E-BC872A0BBE14|E3CDC578-37BA-4CDB-B150-DAB0409270CD|63D54CDE-47B6-4458-BC3F-F61BDC9D6A08|c9caf109-c27d-4062-9b9f-ac4268629e27
CFE5C6BC-3CDD-4754-8962-ADCDDED063A9|E3CDC578-37BA-4CDB-B150-DAB0409270CD|0D599C97-E6ED-46D9-A6AD-72005D67E856|c9caf109-c27d-4062-9b9f-ac4268629e27
57E7F620-8819-4FB5-BD58-DDAD2F2D7F2C|E3CDC578-37BA-4CDB-B150-DAB0409270CD|2AA629B7-CAC4-441A-911B-594218A3BF17|c9caf109-c27d-4062-9b9f-ac4268629e27
F1476BFE-D6D8-4D34-AC84-1B0DF9350850|E3CDC578-37BA-4CDB-B150-DAB0409270CD|4631F3CA-DBBC-4B5A-A3F5-25B224135395|c9caf109-c27d-4062-9b9f-ac4268629e27
11C0F48C-8D92-4447-BCC4-6F52515CD881|E3CDC578-37BA-4CDB-B150-DAB0409270CD|CE456104-4DED-4CE2-970A-CFB0B976E324|c9caf109-c27d-4062-9b9f-ac4268629e27
7459575F-D5D4-4DC6-A1F2-77F58D046269|E3CDC578-37BA-4CDB-B150-DAB0409270CD|1D970206-0C82-4021-918D-0CE6DD0AC955|c9caf109-c27d-4062-9b9f-ac4268629e27
9D0B4E41-7B90-449D-B588-C06099A2F65A|E3CDC578-37BA-4CDB-B150-DAB0409270CD|D961EF8B-1F5E-40BD-8F6B-3FD878C61691|c9caf109-c27d-4062-9b9f-ac4268629e27
FC1F3357-89B1-45FC-A2C8-9D8BDAAEADFF|E3CDC578-37BA-4CDB-B150-DAB0409270CD|7E158943-92DF-46E3-8B2E-7973EC929C6C|c9caf109-c27d-4062-9b9f-ac4268629e27
026B8557-0E6F-4551-969C-A6F37116669A|E3CDC578-37BA-4CDB-B150-DAB0409270CD|F03AA506-8A07-4B79-9CE5-A9A987BD84FF|c9caf109-c27d-4062-9b9f-ac4268629e27
46EFB960-3109-47B3-9FDB-50A52C2768B9|E3CDC578-37BA-4CDB-B150-DAB0409270CD|CDABD353-BB34-43A1-8615-94D111E520FB|c9caf109-c27d-4062-9b9f-ac4268629e27
638F3384-1E8B-4594-9320-209AD91DC538|E3CDC578-37BA-4CDB-B150-DAB0409270CD|CBE51DD4-DADD-4C8C-B3BE-5404DD97C63F|c9caf109-c27d-4062-9b9f-ac4268629e27
D9B97DCF-E3BA-4976-BA3D-7856929772D8|E3CDC578-37BA-4CDB-B150-DAB0409270CD|C75EFC69-08FD-445F-B51B-3395FDEF4A95|c9caf109-c27d-4062-9b9f-ac4268629e27
67E64BF7-2844-444C-B5B4-77BF93226760|E3CDC578-37BA-4CDB-B150-DAB0409270CD|ABAFB76A-8B72-4F60-849D-000245ADBA7F|c9caf109-c27d-4062-9b9f-ac4268629e27
CF951249-D8D8-47A4-B924-1A53439DB549|E3CDC578-37BA-4CDB-B150-DAB0409270CD|A6992B16-33F4-44EC-9B3E-C7E3E244A116|c9caf109-c27d-4062-9b9f-ac4268629e27
D91B26E0-9E09-490C-94D6-7D57CB132AA1|E3CDC578-37BA-4CDB-B150-DAB0409270CD|5558DF52-C470-46BD-A2B3-E9FFA52B4E70|c9caf109-c27d-4062-9b9f-ac4268629e27
BE057F5E-4C67-432A-98FC-B0F269D14D2E|E3CDC578-37BA-4CDB-B150-DAB0409270CD|0D45D7CB-1FB8-44F6-856F-9A60EE0E8620|c9caf109-c27d-4062-9b9f-ac4268629e27
3866306A-3DD4-43C9-BE1C-D0D2F7BC53E0|E3CDC578-37BA-4CDB-B150-DAB0409270CD|532F2337-E49A-4804-9C6C-422271B46E36|c9caf109-c27d-4062-9b9f-ac4268629e27
A6A1FE85-6214-4C76-85B0-505F6E8B9441|E3CDC578-37BA-4CDB-B150-DAB0409270CD|B3D6957B-0DAE-4E1B-A244-09C33F6FEF80|c9caf109-c27d-4062-9b9f-ac4268629e27
A6FB36B3-C8B1-4209-BE31-A873AA4CF933|E3CDC578-37BA-4CDB-B150-DAB0409270CD|6B7068BA-069E-4DBA-94FA-D79BC7EA1248|f098e943-26fd-4dc0-b6a0-2d02477004a4
2D3FFB85-3D34-4768-8461-9DC123B1CF6B|E3CDC578-37BA-4CDB-B150-DAB0409270CD|D14B8BC3-9777-48D7-936C-376176C3BFE3|f098e943-26fd-4dc0-b6a0-2d02477004a4
9702673F-CC3C-481B-8A51-94814AB6C10F|E3CDC578-37BA-4CDB-B150-DAB0409270CD|5F43BD29-BE46-4C55-BA9E-0F195233EDED|f098e943-26fd-4dc0-b6a0-2d02477004a4
F19DADE8-48FB-432D-90D0-9DF9F9B4BFAE|E3CDC578-37BA-4CDB-B150-DAB0409270CD|ACD7008B-EF21-483B-8379-54C8A4D3A866|f098e943-26fd-4dc0-b6a0-2d02477004a4
5FEE4390-3736-46BF-9E21-0235A7A16CDE|E3CDC578-37BA-4CDB-B150-DAB0409270CD|07F42ECC-7E24-4630-A5EC-4ED7FD3D9A0B|f098e943-26fd-4dc0-b6a0-2d02477004a4
B0F4E77E-32FF-4DAD-B95D-1ADD2A1F60CB|E3CDC578-37BA-4CDB-B150-DAB0409270CD|50B56335-DA2C-400C-8788-1F665E5704D3|f098e943-26fd-4dc0-b6a0-2d02477004a4
E7B048F0-F6B5-4498-B0E4-7275D0EED20A|E3CDC578-37BA-4CDB-B150-DAB0409270CD|C4F52BB8-C0FB-400C-818B-1F4271249DE5|f098e943-26fd-4dc0-b6a0-2d02477004a4
328DFA0B-1FD9-49B0-9728-11B2FD94A9F0|E3CDC578-37BA-4CDB-B150-DAB0409270CD|5E08A40F-9427-424B-9C7C-0FE5FD2BED32|f098e943-26fd-4dc0-b6a0-2d02477004a4
B07853F6-D879-49E7-BA5B-DF4406823019|E3CDC578-37BA-4CDB-B150-DAB0409270CD|36ED94CB-08DF-48CF-8DA2-CA6365ACBB0B|f098e943-26fd-4dc0-b6a0-2d02477004a4
787D9451-B8DE-42A6-BB1C-BCAA73B1AD05|E3CDC578-37BA-4CDB-B150-DAB0409270CD|366D7C25-51C5-4A0B-9128-A3F52FE6D5EE|f098e943-26fd-4dc0-b6a0-2d02477004a4
6F53251C-BA7F-4873-A2C0-A4A34AE692C4|E3CDC578-37BA-4CDB-B150-DAB0409270CD|B38A36EC-A66C-4738-9F86-56DECD1B160F|f098e943-26fd-4dc0-b6a0-2d02477004a4
091C8FF3-475E-449F-AF3A-96DC67F6DCEE|E3CDC578-37BA-4CDB-B150-DAB0409270CD|27A748F4-C0CF-4BEF-821B-AB42D738622C|f098e943-26fd-4dc0-b6a0-2d02477004a4
8B1498EC-3207-4F98-821A-2E6AEE9C7C0A|E3CDC578-37BA-4CDB-B150-DAB0409270CD|674E095E-B54C-4353-AC9E-BACE342C7D5B|f098e943-26fd-4dc0-b6a0-2d02477004a4
4B764344-1666-4F04-905E-B51772056E95|E3CDC578-37BA-4CDB-B150-DAB0409270CD|20936997-90CE-4251-872B-AB9D91F71125|f098e943-26fd-4dc0-b6a0-2d02477004a4
51A06C33-7A1B-4A35-BAB0-285956280540|E3CDC578-37BA-4CDB-B150-DAB0409270CD|0937EA44-F95B-4FF4-A4E0-2CA91CC60CAF|f098e943-26fd-4dc0-b6a0-2d02477004a4
A601F899-7D8D-4A4A-92A3-C3C7C410A68F|E3CDC578-37BA-4CDB-B150-DAB0409270CD|93338C52-D8D1-4021-B48B-19F0B0E9B21E|f098e943-26fd-4dc0-b6a0-2d02477004a4
B7D05CA5-1B29-4A19-AE79-4F366F6B1495|E3CDC578-37BA-4CDB-B150-DAB0409270CD|2AE44D35-CBC9-4442-B5BE-B8B0602657B2|f098e943-26fd-4dc0-b6a0-2d02477004a4
9A673333-3D70-41CB-89DA-56D93321186A|E3CDC578-37BA-4CDB-B150-DAB0409270CD|C25B83A9-792E-481E-BE0B-2C04DE97DE12|f098e943-26fd-4dc0-b6a0-2d02477004a4
610F320E-75C2-4C2F-AD4F-0511338CB8D1|E3CDC578-37BA-4CDB-B150-DAB0409270CD|FC786FD1-9C26-4783-A0B8-2F250F806610|f098e943-26fd-4dc0-b6a0-2d02477004a4
0AEEC786-3804-4273-8EF7-B021C1389F24|E3CDC578-37BA-4CDB-B150-DAB0409270CD|AE9ED18A-8761-40CE-BA1E-B4F3D4274504|f098e943-26fd-4dc0-b6a0-2d02477004a4
E39E2801-CEED-4A46-B0EE-871AC38B1ECF|E3CDC578-37BA-4CDB-B150-DAB0409270CD|8AACF062-36FE-4D43-895B-E1CFDFA4EE93|f098e943-26fd-4dc0-b6a0-2d02477004a4
CE1F88BA-75ED-4C55-910A-929C6559123F|E3CDC578-37BA-4CDB-B150-DAB0409270CD|F1D6D93A-51E3-4CEC-9470-A8941914E615|f098e943-26fd-4dc0-b6a0-2d02477004a4
52D0C4B5-19A8-42F3-9737-96AA6AE24DC3|E3CDC578-37BA-4CDB-B150-DAB0409270CD|C85DDFD1-62B2-4F6F-82D3-814EB99F49EE|f098e943-26fd-4dc0-b6a0-2d02477004a4
612543C8-F496-451C-B712-072884853CC0|E3CDC578-37BA-4CDB-B150-DAB0409270CD|457FC285-C47F-4DD3-8238-0A7922D2C660|f098e943-26fd-4dc0-b6a0-2d02477004a4
225F2295-7C31-429D-89EC-60FC03E1DB48|E3CDC578-37BA-4CDB-B150-DAB0409270CD|0B6858E0-B265-4B7E-8744-9902FB7EE70B|f098e943-26fd-4dc0-b6a0-2d02477004a4
FEE909D3-D166-4630-90BB-3FE70C52FCDC|E3CDC578-37BA-4CDB-B150-DAB0409270CD|8A3E4154-6C02-45D8-92BD-80D11EC9BC20|f098e943-26fd-4dc0-b6a0-2d02477004a4
95E04E7C-3C13-4808-BAB5-1E67B224101D|E3CDC578-37BA-4CDB-B150-DAB0409270CD|C01FA99C-6A3E-4293-A462-E215F2FD1929|f098e943-26fd-4dc0-b6a0-2d02477004a4
21BDE0EF-B2F6-4415-8E04-1347A46F7760|E3CDC578-37BA-4CDB-B150-DAB0409270CD|FBE28CB8-6B4E-4F50-A95D-F8E1C733A159|f098e943-26fd-4dc0-b6a0-2d02477004a4
D07416C1-D9C5-46DE-AF67-28E9EA7706F9|E3CDC578-37BA-4CDB-B150-DAB0409270CD|717FD680-3AF4-463E-8006-204A086F6F9D|f098e943-26fd-4dc0-b6a0-2d02477004a4
14C97CBA-33E4-443A-BE20-669FCA9D7B35|E3CDC578-37BA-4CDB-B150-DAB0409270CD|79C746EC-C513-44B0-852B-6871DE7E3FA5|f098e943-26fd-4dc0-b6a0-2d02477004a4
D9089031-2C27-421A-83E3-85251A8548A7|E3CDC578-37BA-4CDB-B150-DAB0409270CD|C4201204-DF2C-4870-8567-DCFEA0580C7C|f098e943-26fd-4dc0-b6a0-2d02477004a4
F88E276C-E132-48A7-8553-76C98E4674B9|E3CDC578-37BA-4CDB-B150-DAB0409270CD|1113FBB3-4FB1-42A5-9602-0F3E2B7799C7|f098e943-26fd-4dc0-b6a0-2d02477004a4
BFC8EC32-D68C-43CE-AA38-3D2D2429C2B1|E3CDC578-37BA-4CDB-B150-DAB0409270CD|C6C426F3-4F3C-4DAD-9EC4-A119F1086984|f098e943-26fd-4dc0-b6a0-2d02477004a4
5BD97CB0-2D3E-454E-86AE-6F12376D7C64|E3CDC578-37BA-4CDB-B150-DAB0409270CD|56BFD25E-DF52-4C85-B55D-EA3CE1EC8EF0|f098e943-26fd-4dc0-b6a0-2d02477004a4
58AE3AD4-B8E5-4888-BD69-7E6CFE92E19D|E3CDC578-37BA-4CDB-B150-DAB0409270CD|5A283405-71D5-44EE-A8C2-CBB5820D9AC7|f098e943-26fd-4dc0-b6a0-2d02477004a4
B9FA8309-CB52-4551-830A-3077DFC5EE98|E3CDC578-37BA-4CDB-B150-DAB0409270CD|B5C989AF-5853-4EF0-BDB8-6A9C7717644D|f098e943-26fd-4dc0-b6a0-2d02477004a4
A5050E18-AF5B-4856-AA9F-61FE06A2FE36|E3CDC578-37BA-4CDB-B150-DAB0409270CD|6D4BF323-E228-4796-BBEE-639AA86A2528|f098e943-26fd-4dc0-b6a0-2d02477004a4
F5613233-3791-4982-9D65-65160FB0A87C|E3CDC578-37BA-4CDB-B150-DAB0409270CD|991FD9DE-146D-495F-A8AA-603F5D269E7D|f098e943-26fd-4dc0-b6a0-2d02477004a4
A208FF4C-AB44-4413-A857-68A1BD14A7FA|E3CDC578-37BA-4CDB-B150-DAB0409270CD|D3DB687E-FF09-4DFE-BC24-EF6747330FCA|f098e943-26fd-4dc0-b6a0-2d02477004a4
12A9A7FD-BF9B-499E-98B2-7D45C46413E3|E3CDC578-37BA-4CDB-B150-DAB0409270CD|63D54CDE-47B6-4458-BC3F-F61BDC9D6A08|f098e943-26fd-4dc0-b6a0-2d02477004a4
661B502C-C77B-4325-97F0-CAAEA2835D45|E3CDC578-37BA-4CDB-B150-DAB0409270CD|0D599C97-E6ED-46D9-A6AD-72005D67E856|f098e943-26fd-4dc0-b6a0-2d02477004a4
BFB071CE-E2C3-4518-86E2-BFC7FAD637D1|E3CDC578-37BA-4CDB-B150-DAB0409270CD|2AA629B7-CAC4-441A-911B-594218A3BF17|f098e943-26fd-4dc0-b6a0-2d02477004a4
FDC2C875-8C88-4EE8-89E8-646F5EE8156D|E3CDC578-37BA-4CDB-B150-DAB0409270CD|4631F3CA-DBBC-4B5A-A3F5-25B224135395|f098e943-26fd-4dc0-b6a0-2d02477004a4
7D427850-4150-4D5F-B7B3-D9951237964C|E3CDC578-37BA-4CDB-B150-DAB0409270CD|CE456104-4DED-4CE2-970A-CFB0B976E324|f098e943-26fd-4dc0-b6a0-2d02477004a4
6929766A-B451-4B7C-BFD6-2AAB4E773FC8|E3CDC578-37BA-4CDB-B150-DAB0409270CD|1D970206-0C82-4021-918D-0CE6DD0AC955|f098e943-26fd-4dc0-b6a0-2d02477004a4
1C7EC545-0767-4D21-92DD-A0FE2AE7DCE9|E3CDC578-37BA-4CDB-B150-DAB0409270CD|D961EF8B-1F5E-40BD-8F6B-3FD878C61691|f098e943-26fd-4dc0-b6a0-2d02477004a4
B99E74F2-FA67-4B9E-9238-1E8A1AD94823|E3CDC578-37BA-4CDB-B150-DAB0409270CD|7E158943-92DF-46E3-8B2E-7973EC929C6C|f098e943-26fd-4dc0-b6a0-2d02477004a4
B28D3ADF-C09A-4308-80F3-CE6374FA3C73|E3CDC578-37BA-4CDB-B150-DAB0409270CD|F03AA506-8A07-4B79-9CE5-A9A987BD84FF|f098e943-26fd-4dc0-b6a0-2d02477004a4
5C8683A3-DD3C-4331-AD80-F29241BFA3BC|E3CDC578-37BA-4CDB-B150-DAB0409270CD|CDABD353-BB34-43A1-8615-94D111E520FB|f098e943-26fd-4dc0-b6a0-2d02477004a4
A020CB05-B41A-4F2D-A9CB-D0608224CA6E|E3CDC578-37BA-4CDB-B150-DAB0409270CD|CBE51DD4-DADD-4C8C-B3BE-5404DD97C63F|f098e943-26fd-4dc0-b6a0-2d02477004a4
F1E9842E-799D-4273-B6BD-006DF48906C1|E3CDC578-37BA-4CDB-B150-DAB0409270CD|C75EFC69-08FD-445F-B51B-3395FDEF4A95|f098e943-26fd-4dc0-b6a0-2d02477004a4
64AA53E1-7D5E-436A-8AB2-F96873050107|E3CDC578-37BA-4CDB-B150-DAB0409270CD|ABAFB76A-8B72-4F60-849D-000245ADBA7F|f098e943-26fd-4dc0-b6a0-2d02477004a4
C7B2684F-C805-4F66-90D9-5E80B96F81BF|E3CDC578-37BA-4CDB-B150-DAB0409270CD|A6992B16-33F4-44EC-9B3E-C7E3E244A116|f098e943-26fd-4dc0-b6a0-2d02477004a4
4629005D-6663-4455-88BC-15A2E192D9E8|E3CDC578-37BA-4CDB-B150-DAB0409270CD|5558DF52-C470-46BD-A2B3-E9FFA52B4E70|f098e943-26fd-4dc0-b6a0-2d02477004a4
1E63A699-A9C4-4F20-8372-434CDFADF878|E3CDC578-37BA-4CDB-B150-DAB0409270CD|0D45D7CB-1FB8-44F6-856F-9A60EE0E8620|f098e943-26fd-4dc0-b6a0-2d02477004a4
C16AB93C-894F-40A7-B604-87450A0A3C88|E3CDC578-37BA-4CDB-B150-DAB0409270CD|532F2337-E49A-4804-9C6C-422271B46E36|f098e943-26fd-4dc0-b6a0-2d02477004a4
B782885A-D05A-4509-BB85-6C457A5668C4|E3CDC578-37BA-4CDB-B150-DAB0409270CD|B3D6957B-0DAE-4E1B-A244-09C33F6FEF80|f098e943-26fd-4dc0-b6a0-2d02477004a4
14BFCBA9-980F-4EAC-9C63-5A603D499D87|E3CDC578-37BA-4CDB-B150-DAB0409270CD|6B7068BA-069E-4DBA-94FA-D79BC7EA1248|0e5dc1c6-f62f-4a36-a1ec-064173332694
18C7B6E9-376E-4B4D-9874-6E7889E2A967|E3CDC578-37BA-4CDB-B150-DAB0409270CD|D14B8BC3-9777-48D7-936C-376176C3BFE3|0e5dc1c6-f62f-4a36-a1ec-064173332694
3B0BC8E6-E57B-42DA-AE35-221C3544BFCC|E3CDC578-37BA-4CDB-B150-DAB0409270CD|5F43BD29-BE46-4C55-BA9E-0F195233EDED|0e5dc1c6-f62f-4a36-a1ec-064173332694
476095E0-0FDE-40F3-B7EA-944700F8CCDD|E3CDC578-37BA-4CDB-B150-DAB0409270CD|ACD7008B-EF21-483B-8379-54C8A4D3A866|0e5dc1c6-f62f-4a36-a1ec-064173332694
79824ECD-A9BC-47DF-97EC-482092A5B028|E3CDC578-37BA-4CDB-B150-DAB0409270CD|07F42ECC-7E24-4630-A5EC-4ED7FD3D9A0B|0e5dc1c6-f62f-4a36-a1ec-064173332694
B3BEC876-7C3B-4556-B834-DE1D87A7181B|E3CDC578-37BA-4CDB-B150-DAB0409270CD|50B56335-DA2C-400C-8788-1F665E5704D3|0e5dc1c6-f62f-4a36-a1ec-064173332694
7FAAAAA5-1F6A-43C0-BA15-D4B6AC11A210|E3CDC578-37BA-4CDB-B150-DAB0409270CD|C4F52BB8-C0FB-400C-818B-1F4271249DE5|0e5dc1c6-f62f-4a36-a1ec-064173332694
2CBC5881-D320-4AD9-9CD1-1D91000DC878|E3CDC578-37BA-4CDB-B150-DAB0409270CD|5E08A40F-9427-424B-9C7C-0FE5FD2BED32|0e5dc1c6-f62f-4a36-a1ec-064173332694
8AB5BB7B-DBD7-4A83-8EE2-049DC2F91F5E|E3CDC578-37BA-4CDB-B150-DAB0409270CD|36ED94CB-08DF-48CF-8DA2-CA6365ACBB0B|0e5dc1c6-f62f-4a36-a1ec-064173332694
BE0CF7E7-FD1A-49C9-B93E-09DD5DD4328B|E3CDC578-37BA-4CDB-B150-DAB0409270CD|366D7C25-51C5-4A0B-9128-A3F52FE6D5EE|0e5dc1c6-f62f-4a36-a1ec-064173332694
26BB8928-C793-45D3-B3BA-AEACD52200A6|E3CDC578-37BA-4CDB-B150-DAB0409270CD|B38A36EC-A66C-4738-9F86-56DECD1B160F|0e5dc1c6-f62f-4a36-a1ec-064173332694
57B7270D-5975-4F5E-AA33-F09CC60B8061|E3CDC578-37BA-4CDB-B150-DAB0409270CD|27A748F4-C0CF-4BEF-821B-AB42D738622C|0e5dc1c6-f62f-4a36-a1ec-064173332694
DED183DD-EE71-49C0-8C66-3A9617EC87E5|E3CDC578-37BA-4CDB-B150-DAB0409270CD|674E095E-B54C-4353-AC9E-BACE342C7D5B|0e5dc1c6-f62f-4a36-a1ec-064173332694
38CF092E-9FB5-4AC8-82BE-9C346F8AABB0|E3CDC578-37BA-4CDB-B150-DAB0409270CD|20936997-90CE-4251-872B-AB9D91F71125|0e5dc1c6-f62f-4a36-a1ec-064173332694
28280F71-0452-471F-AA70-805F2347DD30|E3CDC578-37BA-4CDB-B150-DAB0409270CD|0937EA44-F95B-4FF4-A4E0-2CA91CC60CAF|0e5dc1c6-f62f-4a36-a1ec-064173332694
8C4ACAD5-F1CD-4558-B8AF-49DD53CF19B9|E3CDC578-37BA-4CDB-B150-DAB0409270CD|93338C52-D8D1-4021-B48B-19F0B0E9B21E|0e5dc1c6-f62f-4a36-a1ec-064173332694
8912F5A4-7A80-4083-9C0D-A9647B8C4722|E3CDC578-37BA-4CDB-B150-DAB0409270CD|2AE44D35-CBC9-4442-B5BE-B8B0602657B2|0e5dc1c6-f62f-4a36-a1ec-064173332694
75532567-7BDE-4964-B32C-836CE55109C2|E3CDC578-37BA-4CDB-B150-DAB0409270CD|C25B83A9-792E-481E-BE0B-2C04DE97DE12|0e5dc1c6-f62f-4a36-a1ec-064173332694
25144F6C-7251-4799-845D-619DD54C9F16|E3CDC578-37BA-4CDB-B150-DAB0409270CD|FC786FD1-9C26-4783-A0B8-2F250F806610|0e5dc1c6-f62f-4a36-a1ec-064173332694
4E778240-5EEF-4101-B496-23BEAF279B8B|E3CDC578-37BA-4CDB-B150-DAB0409270CD|AE9ED18A-8761-40CE-BA1E-B4F3D4274504|0e5dc1c6-f62f-4a36-a1ec-064173332694
34A1FDDE-590B-48D0-9F71-F53377D085B9|E3CDC578-37BA-4CDB-B150-DAB0409270CD|8AACF062-36FE-4D43-895B-E1CFDFA4EE93|0e5dc1c6-f62f-4a36-a1ec-064173332694
67E1EA5C-1331-4015-A1BD-836F5B80609B|E3CDC578-37BA-4CDB-B150-DAB0409270CD|F1D6D93A-51E3-4CEC-9470-A8941914E615|0e5dc1c6-f62f-4a36-a1ec-064173332694
801E3D48-97C1-417F-9AF5-3EBAA0EC1B02|E3CDC578-37BA-4CDB-B150-DAB0409270CD|C85DDFD1-62B2-4F6F-82D3-814EB99F49EE|0e5dc1c6-f62f-4a36-a1ec-064173332694
4ED29B39-4F79-4D6E-8FC3-DCD4362BB4CB|E3CDC578-37BA-4CDB-B150-DAB0409270CD|457FC285-C47F-4DD3-8238-0A7922D2C660|0e5dc1c6-f62f-4a36-a1ec-064173332694
AF2EC4AF-1C59-4209-992E-5B529467D45D|E3CDC578-37BA-4CDB-B150-DAB0409270CD|0B6858E0-B265-4B7E-8744-9902FB7EE70B|0e5dc1c6-f62f-4a36-a1ec-064173332694
93205AC4-5A29-4874-9D03-7FDBE94A411B|E3CDC578-37BA-4CDB-B150-DAB0409270CD|8A3E4154-6C02-45D8-92BD-80D11EC9BC20|0e5dc1c6-f62f-4a36-a1ec-064173332694
91962009-1CAA-4B06-95DB-D1321D2811E6|E3CDC578-37BA-4CDB-B150-DAB0409270CD|C01FA99C-6A3E-4293-A462-E215F2FD1929|0e5dc1c6-f62f-4a36-a1ec-064173332694
84C13081-5A9C-42AD-9E7D-59A39260572E|E3CDC578-37BA-4CDB-B150-DAB0409270CD|FBE28CB8-6B4E-4F50-A95D-F8E1C733A159|0e5dc1c6-f62f-4a36-a1ec-064173332694
15BB3AF5-11C3-412F-B233-028838568C7F|E3CDC578-37BA-4CDB-B150-DAB0409270CD|717FD680-3AF4-463E-8006-204A086F6F9D|0e5dc1c6-f62f-4a36-a1ec-064173332694
2885B063-0A40-4192-BD33-CDF59C98E92A|E3CDC578-37BA-4CDB-B150-DAB0409270CD|79C746EC-C513-44B0-852B-6871DE7E3FA5|0e5dc1c6-f62f-4a36-a1ec-064173332694
8D47C812-72C5-4855-8526-CFE5CE47B15E|E3CDC578-37BA-4CDB-B150-DAB0409270CD|C4201204-DF2C-4870-8567-DCFEA0580C7C|0e5dc1c6-f62f-4a36-a1ec-064173332694
E7ECF932-7BAD-4F57-A5B2-BF6D5DAAB1A2|E3CDC578-37BA-4CDB-B150-DAB0409270CD|1113FBB3-4FB1-42A5-9602-0F3E2B7799C7|0e5dc1c6-f62f-4a36-a1ec-064173332694
F4A38F31-2D53-4083-8A75-C5553D7BD636|E3CDC578-37BA-4CDB-B150-DAB0409270CD|C6C426F3-4F3C-4DAD-9EC4-A119F1086984|0e5dc1c6-f62f-4a36-a1ec-064173332694
88256CFB-B439-4369-B0F7-9DE9F9292B53|E3CDC578-37BA-4CDB-B150-DAB0409270CD|56BFD25E-DF52-4C85-B55D-EA3CE1EC8EF0|0e5dc1c6-f62f-4a36-a1ec-064173332694
77FF42F7-E92C-4079-AA19-0C52217EC673|E3CDC578-37BA-4CDB-B150-DAB0409270CD|5A283405-71D5-44EE-A8C2-CBB5820D9AC7|0e5dc1c6-f62f-4a36-a1ec-064173332694
FFFA368D-109D-40BE-B5AE-C7AACF230BAE|E3CDC578-37BA-4CDB-B150-DAB0409270CD|B5C989AF-5853-4EF0-BDB8-6A9C7717644D|0e5dc1c6-f62f-4a36-a1ec-064173332694
99D43C3C-67B9-41C1-9B4F-5BB7FAFF10CE|E3CDC578-37BA-4CDB-B150-DAB0409270CD|6D4BF323-E228-4796-BBEE-639AA86A2528|0e5dc1c6-f62f-4a36-a1ec-064173332694
09A6B113-BDE6-4BAA-8403-D0520F0DD4DE|E3CDC578-37BA-4CDB-B150-DAB0409270CD|991FD9DE-146D-495F-A8AA-603F5D269E7D|0e5dc1c6-f62f-4a36-a1ec-064173332694
702D830D-4B5E-4940-95ED-ECBFC867826B|E3CDC578-37BA-4CDB-B150-DAB0409270CD|D3DB687E-FF09-4DFE-BC24-EF6747330FCA|0e5dc1c6-f62f-4a36-a1ec-064173332694
3914C22F-529D-45A2-8447-CAFC70175B80|E3CDC578-37BA-4CDB-B150-DAB0409270CD|63D54CDE-47B6-4458-BC3F-F61BDC9D6A08|0e5dc1c6-f62f-4a36-a1ec-064173332694
E433C3BC-9FDB-4686-9A3F-CFC7304C9749|E3CDC578-37BA-4CDB-B150-DAB0409270CD|0D599C97-E6ED-46D9-A6AD-72005D67E856|0e5dc1c6-f62f-4a36-a1ec-064173332694
55DA71F7-A155-42C3-8211-D5ECC5D15F7D|E3CDC578-37BA-4CDB-B150-DAB0409270CD|2AA629B7-CAC4-441A-911B-594218A3BF17|0e5dc1c6-f62f-4a36-a1ec-064173332694
601AE2E0-14D1-49CD-A6C8-C46C434A03F1|E3CDC578-37BA-4CDB-B150-DAB0409270CD|4631F3CA-DBBC-4B5A-A3F5-25B224135395|0e5dc1c6-f62f-4a36-a1ec-064173332694
AAC77830-E9A6-45D4-9249-2E99C872FD75|E3CDC578-37BA-4CDB-B150-DAB0409270CD|CE456104-4DED-4CE2-970A-CFB0B976E324|0e5dc1c6-f62f-4a36-a1ec-064173332694
31055E1C-43E0-4736-BFCE-87663D3B321D|E3CDC578-37BA-4CDB-B150-DAB0409270CD|1D970206-0C82-4021-918D-0CE6DD0AC955|0e5dc1c6-f62f-4a36-a1ec-064173332694
B04F5D58-78E2-4797-A8F6-899CD8A65EF2|E3CDC578-37BA-4CDB-B150-DAB0409270CD|D961EF8B-1F5E-40BD-8F6B-3FD878C61691|0e5dc1c6-f62f-4a36-a1ec-064173332694
B4042490-CA63-444F-A9D6-7F3B2CA446D5|E3CDC578-37BA-4CDB-B150-DAB0409270CD|7E158943-92DF-46E3-8B2E-7973EC929C6C|0e5dc1c6-f62f-4a36-a1ec-064173332694
B52767A5-DE93-45C4-92A1-4D02D51B700C|E3CDC578-37BA-4CDB-B150-DAB0409270CD|F03AA506-8A07-4B79-9CE5-A9A987BD84FF|0e5dc1c6-f62f-4a36-a1ec-064173332694
1A22612F-2B5F-4091-B9CE-BF348472B81B|E3CDC578-37BA-4CDB-B150-DAB0409270CD|CDABD353-BB34-43A1-8615-94D111E520FB|0e5dc1c6-f62f-4a36-a1ec-064173332694
6D7F6667-AA99-4A17-88C5-DB1F0A487446|E3CDC578-37BA-4CDB-B150-DAB0409270CD|CBE51DD4-DADD-4C8C-B3BE-5404DD97C63F|0e5dc1c6-f62f-4a36-a1ec-064173332694
3A34AFD8-B42B-4E85-A3B5-E78BEDA1D02C|E3CDC578-37BA-4CDB-B150-DAB0409270CD|C75EFC69-08FD-445F-B51B-3395FDEF4A95|0e5dc1c6-f62f-4a36-a1ec-064173332694
FE18E81A-EAD1-432C-92CB-85FB1C0516CA|E3CDC578-37BA-4CDB-B150-DAB0409270CD|ABAFB76A-8B72-4F60-849D-000245ADBA7F|0e5dc1c6-f62f-4a36-a1ec-064173332694
00449F97-16AC-4B28-AEBE-EAB31AE1C93A|E3CDC578-37BA-4CDB-B150-DAB0409270CD|A6992B16-33F4-44EC-9B3E-C7E3E244A116|0e5dc1c6-f62f-4a36-a1ec-064173332694
2C6A8A2E-8462-4C92-A881-08AA692980AC|E3CDC578-37BA-4CDB-B150-DAB0409270CD|5558DF52-C470-46BD-A2B3-E9FFA52B4E70|0e5dc1c6-f62f-4a36-a1ec-064173332694
399A9DF3-BAD7-429F-86A2-3CC1166FE8C3|E3CDC578-37BA-4CDB-B150-DAB0409270CD|0D45D7CB-1FB8-44F6-856F-9A60EE0E8620|0e5dc1c6-f62f-4a36-a1ec-064173332694
BED9AFB6-EBD9-4BEF-8EC2-55374A898323|E3CDC578-37BA-4CDB-B150-DAB0409270CD|532F2337-E49A-4804-9C6C-422271B46E36|0e5dc1c6-f62f-4a36-a1ec-064173332694
EFBBCE71-D89E-4C60-BADA-6A85B8A6EB7B|E3CDC578-37BA-4CDB-B150-DAB0409270CD|B3D6957B-0DAE-4E1B-A244-09C33F6FEF80|0e5dc1c6-f62f-4a36-a1ec-064173332694
877BA229-4177-4BB6-B768-41501A0FC410|E3CDC578-37BA-4CDB-B150-DAB0409270CD|6B7068BA-069E-4DBA-94FA-D79BC7EA1248|e1729cc2-524a-4069-b4a4-be5aec8473fe
16DCD025-5DD8-4577-BA13-500560214246|E3CDC578-37BA-4CDB-B150-DAB0409270CD|D14B8BC3-9777-48D7-936C-376176C3BFE3|e1729cc2-524a-4069-b4a4-be5aec8473fe
62D527BF-58AB-4CCC-BBE8-97D7155FD40C|E3CDC578-37BA-4CDB-B150-DAB0409270CD|5F43BD29-BE46-4C55-BA9E-0F195233EDED|e1729cc2-524a-4069-b4a4-be5aec8473fe
A8ACAD6C-C57C-47A7-8602-153CB168340B|E3CDC578-37BA-4CDB-B150-DAB0409270CD|ACD7008B-EF21-483B-8379-54C8A4D3A866|e1729cc2-524a-4069-b4a4-be5aec8473fe
4AAE5E4A-FCE1-4A3F-9FFC-5713FF06794A|E3CDC578-37BA-4CDB-B150-DAB0409270CD|07F42ECC-7E24-4630-A5EC-4ED7FD3D9A0B|e1729cc2-524a-4069-b4a4-be5aec8473fe
EF7BFDFB-C434-4D6A-889B-1E6E9ADB83E0|E3CDC578-37BA-4CDB-B150-DAB0409270CD|50B56335-DA2C-400C-8788-1F665E5704D3|e1729cc2-524a-4069-b4a4-be5aec8473fe
F5F45B64-C1E5-47BA-8507-7533F60BCF9A|E3CDC578-37BA-4CDB-B150-DAB0409270CD|C4F52BB8-C0FB-400C-818B-1F4271249DE5|e1729cc2-524a-4069-b4a4-be5aec8473fe
A1A80948-FA4D-4285-A4D8-E7BE07F56577|E3CDC578-37BA-4CDB-B150-DAB0409270CD|5E08A40F-9427-424B-9C7C-0FE5FD2BED32|e1729cc2-524a-4069-b4a4-be5aec8473fe
61272773-AE89-473C-ACB8-D7A32F303F10|E3CDC578-37BA-4CDB-B150-DAB0409270CD|36ED94CB-08DF-48CF-8DA2-CA6365ACBB0B|e1729cc2-524a-4069-b4a4-be5aec8473fe
FA64BE7E-EC08-426C-8977-A4E6378B17BC|E3CDC578-37BA-4CDB-B150-DAB0409270CD|366D7C25-51C5-4A0B-9128-A3F52FE6D5EE|e1729cc2-524a-4069-b4a4-be5aec8473fe
80B9A25E-03A2-4738-8FB5-6373F6B9FC88|E3CDC578-37BA-4CDB-B150-DAB0409270CD|B38A36EC-A66C-4738-9F86-56DECD1B160F|e1729cc2-524a-4069-b4a4-be5aec8473fe
9DACA8D5-DA91-44FA-ACA5-B323F8B630A2|E3CDC578-37BA-4CDB-B150-DAB0409270CD|27A748F4-C0CF-4BEF-821B-AB42D738622C|e1729cc2-524a-4069-b4a4-be5aec8473fe
C82D3D25-5DA6-4CF1-B1DC-E86AEADC1B2A|E3CDC578-37BA-4CDB-B150-DAB0409270CD|674E095E-B54C-4353-AC9E-BACE342C7D5B|e1729cc2-524a-4069-b4a4-be5aec8473fe
9ABCC89F-9378-4567-875E-EAD47C368FA0|E3CDC578-37BA-4CDB-B150-DAB0409270CD|20936997-90CE-4251-872B-AB9D91F71125|e1729cc2-524a-4069-b4a4-be5aec8473fe
A62EAB00-1830-4515-A838-AE2CD5D9355B|E3CDC578-37BA-4CDB-B150-DAB0409270CD|0937EA44-F95B-4FF4-A4E0-2CA91CC60CAF|e1729cc2-524a-4069-b4a4-be5aec8473fe
77F4A096-5EAD-4B5D-8786-59E11A299CDB|E3CDC578-37BA-4CDB-B150-DAB0409270CD|93338C52-D8D1-4021-B48B-19F0B0E9B21E|e1729cc2-524a-4069-b4a4-be5aec8473fe
2D896263-7E27-4C8E-85DF-AD16BCD51C11|E3CDC578-37BA-4CDB-B150-DAB0409270CD|2AE44D35-CBC9-4442-B5BE-B8B0602657B2|e1729cc2-524a-4069-b4a4-be5aec8473fe
2173E67C-1D24-4798-B13D-D2AEA330E015|E3CDC578-37BA-4CDB-B150-DAB0409270CD|C25B83A9-792E-481E-BE0B-2C04DE97DE12|e1729cc2-524a-4069-b4a4-be5aec8473fe
630A68FD-05EE-426A-ACBD-15E728D080EA|E3CDC578-37BA-4CDB-B150-DAB0409270CD|FC786FD1-9C26-4783-A0B8-2F250F806610|e1729cc2-524a-4069-b4a4-be5aec8473fe
49E4C97A-8EF2-4D69-83B1-990470754AC4|E3CDC578-37BA-4CDB-B150-DAB0409270CD|AE9ED18A-8761-40CE-BA1E-B4F3D4274504|e1729cc2-524a-4069-b4a4-be5aec8473fe
A7588154-B493-4136-BB3F-B03E4B8C715C|E3CDC578-37BA-4CDB-B150-DAB0409270CD|8AACF062-36FE-4D43-895B-E1CFDFA4EE93|e1729cc2-524a-4069-b4a4-be5aec8473fe
E0DBB39D-60F1-4B27-96AE-C94162961BB5|E3CDC578-37BA-4CDB-B150-DAB0409270CD|F1D6D93A-51E3-4CEC-9470-A8941914E615|e1729cc2-524a-4069-b4a4-be5aec8473fe
FA53D1DE-B89A-4AB5-8657-90777FD21823|E3CDC578-37BA-4CDB-B150-DAB0409270CD|C85DDFD1-62B2-4F6F-82D3-814EB99F49EE|e1729cc2-524a-4069-b4a4-be5aec8473fe
F47C913C-211B-4D0A-B540-DB4023EBC878|E3CDC578-37BA-4CDB-B150-DAB0409270CD|457FC285-C47F-4DD3-8238-0A7922D2C660|e1729cc2-524a-4069-b4a4-be5aec8473fe
7B63D734-8842-4F04-AB9D-FEC6A2A45CA1|E3CDC578-37BA-4CDB-B150-DAB0409270CD|0B6858E0-B265-4B7E-8744-9902FB7EE70B|e1729cc2-524a-4069-b4a4-be5aec8473fe
BC6F895B-1DCC-4A4F-8A5C-450AD46677AA|E3CDC578-37BA-4CDB-B150-DAB0409270CD|8A3E4154-6C02-45D8-92BD-80D11EC9BC20|e1729cc2-524a-4069-b4a4-be5aec8473fe
4F3FE549-701E-4209-B9E0-2CA19015D7B6|E3CDC578-37BA-4CDB-B150-DAB0409270CD|C01FA99C-6A3E-4293-A462-E215F2FD1929|e1729cc2-524a-4069-b4a4-be5aec8473fe
67613A0A-73A1-4C68-966A-3463DBDEF30E|E3CDC578-37BA-4CDB-B150-DAB0409270CD|FBE28CB8-6B4E-4F50-A95D-F8E1C733A159|e1729cc2-524a-4069-b4a4-be5aec8473fe
752221CC-AABD-4E5E-982B-093434CD39C2|E3CDC578-37BA-4CDB-B150-DAB0409270CD|717FD680-3AF4-463E-8006-204A086F6F9D|e1729cc2-524a-4069-b4a4-be5aec8473fe
FAA78CC7-E1BE-49CD-95A7-0552A764494B|E3CDC578-37BA-4CDB-B150-DAB0409270CD|79C746EC-C513-44B0-852B-6871DE7E3FA5|e1729cc2-524a-4069-b4a4-be5aec8473fe
A2809A47-2514-4552-B805-32477FFE4AB3|E3CDC578-37BA-4CDB-B150-DAB0409270CD|C4201204-DF2C-4870-8567-DCFEA0580C7C|e1729cc2-524a-4069-b4a4-be5aec8473fe
12E192A1-D79E-4FFE-A295-6593DFC5B139|E3CDC578-37BA-4CDB-B150-DAB0409270CD|1113FBB3-4FB1-42A5-9602-0F3E2B7799C7|e1729cc2-524a-4069-b4a4-be5aec8473fe
A19DD0CF-E6D5-407C-B42E-B8B4FA0EAE6C|E3CDC578-37BA-4CDB-B150-DAB0409270CD|C6C426F3-4F3C-4DAD-9EC4-A119F1086984|e1729cc2-524a-4069-b4a4-be5aec8473fe
50DA2F73-9403-4FAF-B850-99A9E1A65A50|E3CDC578-37BA-4CDB-B150-DAB0409270CD|56BFD25E-DF52-4C85-B55D-EA3CE1EC8EF0|e1729cc2-524a-4069-b4a4-be5aec8473fe
03F30EE2-3BC5-472E-88B9-800927CD23B8|E3CDC578-37BA-4CDB-B150-DAB0409270CD|5A283405-71D5-44EE-A8C2-CBB5820D9AC7|e1729cc2-524a-4069-b4a4-be5aec8473fe
E7630F46-B2EF-4CFF-8676-3044EA240635|E3CDC578-37BA-4CDB-B150-DAB0409270CD|B5C989AF-5853-4EF0-BDB8-6A9C7717644D|e1729cc2-524a-4069-b4a4-be5aec8473fe
E8CEB4BD-DB24-4BED-8C9D-06AFF59FEF59|E3CDC578-37BA-4CDB-B150-DAB0409270CD|6D4BF323-E228-4796-BBEE-639AA86A2528|e1729cc2-524a-4069-b4a4-be5aec8473fe
0B4EAABD-5B68-4903-98C3-C9798B78ADD6|E3CDC578-37BA-4CDB-B150-DAB0409270CD|991FD9DE-146D-495F-A8AA-603F5D269E7D|e1729cc2-524a-4069-b4a4-be5aec8473fe
9950A985-CE87-4FA4-9190-B6F08109E7A7|E3CDC578-37BA-4CDB-B150-DAB0409270CD|D3DB687E-FF09-4DFE-BC24-EF6747330FCA|e1729cc2-524a-4069-b4a4-be5aec8473fe
6CF15EC5-EFE7-48ED-B9CD-ABF98761685B|E3CDC578-37BA-4CDB-B150-DAB0409270CD|63D54CDE-47B6-4458-BC3F-F61BDC9D6A08|e1729cc2-524a-4069-b4a4-be5aec8473fe
8E6427D1-24AB-4DC0-8F75-9B129FEC1184|E3CDC578-37BA-4CDB-B150-DAB0409270CD|0D599C97-E6ED-46D9-A6AD-72005D67E856|e1729cc2-524a-4069-b4a4-be5aec8473fe
DE9109FB-21D5-4EA4-A618-83C64C1E0116|E3CDC578-37BA-4CDB-B150-DAB0409270CD|2AA629B7-CAC4-441A-911B-594218A3BF17|e1729cc2-524a-4069-b4a4-be5aec8473fe
268BF92E-D14B-407F-ACAE-AC7AD3525A19|E3CDC578-37BA-4CDB-B150-DAB0409270CD|4631F3CA-DBBC-4B5A-A3F5-25B224135395|e1729cc2-524a-4069-b4a4-be5aec8473fe
469EB7F2-0D59-4B82-8B86-7C28A4B4C479|E3CDC578-37BA-4CDB-B150-DAB0409270CD|CE456104-4DED-4CE2-970A-CFB0B976E324|e1729cc2-524a-4069-b4a4-be5aec8473fe
6293BEDA-F802-4321-A37D-F4E83A028688|E3CDC578-37BA-4CDB-B150-DAB0409270CD|1D970206-0C82-4021-918D-0CE6DD0AC955|e1729cc2-524a-4069-b4a4-be5aec8473fe
5A790CB2-5505-48C0-AE2D-98E65CE5375D|E3CDC578-37BA-4CDB-B150-DAB0409270CD|D961EF8B-1F5E-40BD-8F6B-3FD878C61691|e1729cc2-524a-4069-b4a4-be5aec8473fe
03D7BEF3-E8DD-476F-8E2D-7AF3B364723D|E3CDC578-37BA-4CDB-B150-DAB0409270CD|7E158943-92DF-46E3-8B2E-7973EC929C6C|e1729cc2-524a-4069-b4a4-be5aec8473fe
B253BF2A-24CF-4E6C-9647-7BD7EFB96307|E3CDC578-37BA-4CDB-B150-DAB0409270CD|F03AA506-8A07-4B79-9CE5-A9A987BD84FF|e1729cc2-524a-4069-b4a4-be5aec8473fe
98121FFC-9DE6-4F33-9AEE-F91E5EBF7A50|E3CDC578-37BA-4CDB-B150-DAB0409270CD|CDABD353-BB34-43A1-8615-94D111E520FB|e1729cc2-524a-4069-b4a4-be5aec8473fe
B9C94D91-EE98-4CA2-8FEC-E51613DB5082|E3CDC578-37BA-4CDB-B150-DAB0409270CD|CBE51DD4-DADD-4C8C-B3BE-5404DD97C63F|e1729cc2-524a-4069-b4a4-be5aec8473fe
DB63DB4B-5BB6-4AD1-B73E-5837252A61AE|E3CDC578-37BA-4CDB-B150-DAB0409270CD|C75EFC69-08FD-445F-B51B-3395FDEF4A95|e1729cc2-524a-4069-b4a4-be5aec8473fe
47DD3A0E-B460-4EF4-899B-9B1C6B34AF5D|E3CDC578-37BA-4CDB-B150-DAB0409270CD|ABAFB76A-8B72-4F60-849D-000245ADBA7F|e1729cc2-524a-4069-b4a4-be5aec8473fe
85D605BA-345A-4EB7-8B9C-FB7EC4C88A5D|E3CDC578-37BA-4CDB-B150-DAB0409270CD|A6992B16-33F4-44EC-9B3E-C7E3E244A116|e1729cc2-524a-4069-b4a4-be5aec8473fe
9800B563-1C11-44F4-A8C3-630BE7D56AEA|E3CDC578-37BA-4CDB-B150-DAB0409270CD|5558DF52-C470-46BD-A2B3-E9FFA52B4E70|e1729cc2-524a-4069-b4a4-be5aec8473fe
5E6155AE-C86C-4EA0-9C04-FB3AAAB5946F|E3CDC578-37BA-4CDB-B150-DAB0409270CD|0D45D7CB-1FB8-44F6-856F-9A60EE0E8620|e1729cc2-524a-4069-b4a4-be5aec8473fe
FD5782C1-8916-4EB4-A3CA-510DAB5A24F6|E3CDC578-37BA-4CDB-B150-DAB0409270CD|532F2337-E49A-4804-9C6C-422271B46E36|e1729cc2-524a-4069-b4a4-be5aec8473fe
43F05247-D45F-439C-BBDA-EB2EDCA22EB2|E3CDC578-37BA-4CDB-B150-DAB0409270CD|B3D6957B-0DAE-4E1B-A244-09C33F6FEF80|e1729cc2-524a-4069-b4a4-be5aec8473fe
1F2195A1-8B85-447A-9035-7747AFB2EB2D|E3CDC578-37BA-4CDB-B150-DAB0409270CD|6B7068BA-069E-4DBA-94FA-D79BC7EA1248|b9bbd718-b32f-4466-ab34-42f544ff900e
28CD74B9-E164-485F-A8DC-6C88395CAEC8|E3CDC578-37BA-4CDB-B150-DAB0409270CD|D14B8BC3-9777-48D7-936C-376176C3BFE3|b9bbd718-b32f-4466-ab34-42f544ff900e
49848320-EA8A-45CF-A027-552DE830B4FF|E3CDC578-37BA-4CDB-B150-DAB0409270CD|5F43BD29-BE46-4C55-BA9E-0F195233EDED|b9bbd718-b32f-4466-ab34-42f544ff900e
2AEEFF3E-F84C-4CFE-A610-A2724D2E2774|E3CDC578-37BA-4CDB-B150-DAB0409270CD|ACD7008B-EF21-483B-8379-54C8A4D3A866|b9bbd718-b32f-4466-ab34-42f544ff900e
819CA70D-2D02-45FA-916A-B05AD3E96310|E3CDC578-37BA-4CDB-B150-DAB0409270CD|07F42ECC-7E24-4630-A5EC-4ED7FD3D9A0B|b9bbd718-b32f-4466-ab34-42f544ff900e
710D145E-E03F-48DA-8216-784D77940D38|E3CDC578-37BA-4CDB-B150-DAB0409270CD|50B56335-DA2C-400C-8788-1F665E5704D3|b9bbd718-b32f-4466-ab34-42f544ff900e
64D315C6-1E01-42CE-ADD2-BA331D0638F8|E3CDC578-37BA-4CDB-B150-DAB0409270CD|C4F52BB8-C0FB-400C-818B-1F4271249DE5|b9bbd718-b32f-4466-ab34-42f544ff900e
83B6A3AC-96DC-449F-B148-A0F1B00B547C|E3CDC578-37BA-4CDB-B150-DAB0409270CD|5E08A40F-9427-424B-9C7C-0FE5FD2BED32|b9bbd718-b32f-4466-ab34-42f544ff900e
4CBC8242-605F-4180-AF84-1B5819326166|E3CDC578-37BA-4CDB-B150-DAB0409270CD|36ED94CB-08DF-48CF-8DA2-CA6365ACBB0B|b9bbd718-b32f-4466-ab34-42f544ff900e
8A08B573-434E-44A6-B6C6-C52229BAD2AB|E3CDC578-37BA-4CDB-B150-DAB0409270CD|366D7C25-51C5-4A0B-9128-A3F52FE6D5EE|b9bbd718-b32f-4466-ab34-42f544ff900e
DF80DE44-48F0-46CC-A95F-A0B8A010EC0C|E3CDC578-37BA-4CDB-B150-DAB0409270CD|B38A36EC-A66C-4738-9F86-56DECD1B160F|b9bbd718-b32f-4466-ab34-42f544ff900e
36DFF139-852B-48EC-A3F5-26F3CC0BFECA|E3CDC578-37BA-4CDB-B150-DAB0409270CD|27A748F4-C0CF-4BEF-821B-AB42D738622C|b9bbd718-b32f-4466-ab34-42f544ff900e
BA8AF20B-51F2-44B4-B3F6-78943AA4CB22|E3CDC578-37BA-4CDB-B150-DAB0409270CD|674E095E-B54C-4353-AC9E-BACE342C7D5B|b9bbd718-b32f-4466-ab34-42f544ff900e
AE6CDFFC-6916-4B2E-AA55-97D3F3DE8718|E3CDC578-37BA-4CDB-B150-DAB0409270CD|20936997-90CE-4251-872B-AB9D91F71125|b9bbd718-b32f-4466-ab34-42f544ff900e
B05D6445-3808-4F45-961A-AD4301D4FC26|E3CDC578-37BA-4CDB-B150-DAB0409270CD|0937EA44-F95B-4FF4-A4E0-2CA91CC60CAF|b9bbd718-b32f-4466-ab34-42f544ff900e
656BD07A-D2C9-43D0-BCFE-5B6FC54CFEFE|E3CDC578-37BA-4CDB-B150-DAB0409270CD|93338C52-D8D1-4021-B48B-19F0B0E9B21E|b9bbd718-b32f-4466-ab34-42f544ff900e
B8C13F50-70C7-45B8-B7BE-EB32FC8262BE|E3CDC578-37BA-4CDB-B150-DAB0409270CD|2AE44D35-CBC9-4442-B5BE-B8B0602657B2|b9bbd718-b32f-4466-ab34-42f544ff900e
864E8A7B-3E57-4E46-A466-3450B82B5E0B|E3CDC578-37BA-4CDB-B150-DAB0409270CD|C25B83A9-792E-481E-BE0B-2C04DE97DE12|b9bbd718-b32f-4466-ab34-42f544ff900e
654F19C1-2A61-4368-BE8C-A61987B257FF|E3CDC578-37BA-4CDB-B150-DAB0409270CD|FC786FD1-9C26-4783-A0B8-2F250F806610|b9bbd718-b32f-4466-ab34-42f544ff900e
428A8717-2040-4CAD-9069-F5AFD950A1BB|E3CDC578-37BA-4CDB-B150-DAB0409270CD|AE9ED18A-8761-40CE-BA1E-B4F3D4274504|b9bbd718-b32f-4466-ab34-42f544ff900e
284B8B43-0638-43D3-81D5-6B2B8AFD3AC1|E3CDC578-37BA-4CDB-B150-DAB0409270CD|8AACF062-36FE-4D43-895B-E1CFDFA4EE93|b9bbd718-b32f-4466-ab34-42f544ff900e
95B8A41E-9BDE-441F-A1B6-074B2BC3205F|E3CDC578-37BA-4CDB-B150-DAB0409270CD|F1D6D93A-51E3-4CEC-9470-A8941914E615|b9bbd718-b32f-4466-ab34-42f544ff900e
1847636E-C0DC-407F-A3C8-4C7A81EA6688|E3CDC578-37BA-4CDB-B150-DAB0409270CD|C85DDFD1-62B2-4F6F-82D3-814EB99F49EE|b9bbd718-b32f-4466-ab34-42f544ff900e
3039B283-1B58-40A3-B485-ED9BC25D6564|E3CDC578-37BA-4CDB-B150-DAB0409270CD|457FC285-C47F-4DD3-8238-0A7922D2C660|b9bbd718-b32f-4466-ab34-42f544ff900e
585D307A-F7BC-4030-9D02-A6A4BD1723BC|E3CDC578-37BA-4CDB-B150-DAB0409270CD|0B6858E0-B265-4B7E-8744-9902FB7EE70B|b9bbd718-b32f-4466-ab34-42f544ff900e
63D021AD-1424-49F8-B129-05DD496406CE|E3CDC578-37BA-4CDB-B150-DAB0409270CD|8A3E4154-6C02-45D8-92BD-80D11EC9BC20|b9bbd718-b32f-4466-ab34-42f544ff900e
5C4B4B6E-C754-4CA1-8A00-B6AA1E8E88DE|E3CDC578-37BA-4CDB-B150-DAB0409270CD|C01FA99C-6A3E-4293-A462-E215F2FD1929|b9bbd718-b32f-4466-ab34-42f544ff900e
B7A4E2DF-4F28-43EC-8D96-D47F44ECD042|E3CDC578-37BA-4CDB-B150-DAB0409270CD|FBE28CB8-6B4E-4F50-A95D-F8E1C733A159|b9bbd718-b32f-4466-ab34-42f544ff900e
745B2682-E9A3-4AB4-9164-C463465AAC8A|E3CDC578-37BA-4CDB-B150-DAB0409270CD|717FD680-3AF4-463E-8006-204A086F6F9D|b9bbd718-b32f-4466-ab34-42f544ff900e
5F9A23E8-C1EC-44C6-9C16-B8D395E83A69|E3CDC578-37BA-4CDB-B150-DAB0409270CD|79C746EC-C513-44B0-852B-6871DE7E3FA5|b9bbd718-b32f-4466-ab34-42f544ff900e
681E3F2D-7DA9-4E45-9508-B0F364BD3437|E3CDC578-37BA-4CDB-B150-DAB0409270CD|C4201204-DF2C-4870-8567-DCFEA0580C7C|b9bbd718-b32f-4466-ab34-42f544ff900e
3F814F8A-F924-4291-A43A-7CE8432BE321|E3CDC578-37BA-4CDB-B150-DAB0409270CD|1113FBB3-4FB1-42A5-9602-0F3E2B7799C7|b9bbd718-b32f-4466-ab34-42f544ff900e
06EAEC6A-1051-40C8-B991-2478B2CC4F69|E3CDC578-37BA-4CDB-B150-DAB0409270CD|C6C426F3-4F3C-4DAD-9EC4-A119F1086984|b9bbd718-b32f-4466-ab34-42f544ff900e
1F6A5D50-AEB9-49E1-8730-23B1B52177CA|E3CDC578-37BA-4CDB-B150-DAB0409270CD|56BFD25E-DF52-4C85-B55D-EA3CE1EC8EF0|b9bbd718-b32f-4466-ab34-42f544ff900e
10D2FA41-F563-4DD2-B9BC-30EEA296FE11|E3CDC578-37BA-4CDB-B150-DAB0409270CD|5A283405-71D5-44EE-A8C2-CBB5820D9AC7|b9bbd718-b32f-4466-ab34-42f544ff900e
BBC11612-D718-438D-978C-84EB8A52407E|E3CDC578-37BA-4CDB-B150-DAB0409270CD|B5C989AF-5853-4EF0-BDB8-6A9C7717644D|b9bbd718-b32f-4466-ab34-42f544ff900e
D04C713E-1F5B-4BD7-B7B8-84B9A209A3D3|E3CDC578-37BA-4CDB-B150-DAB0409270CD|6D4BF323-E228-4796-BBEE-639AA86A2528|b9bbd718-b32f-4466-ab34-42f544ff900e
188108F0-AB78-4EA6-8556-45303D81150A|E3CDC578-37BA-4CDB-B150-DAB0409270CD|991FD9DE-146D-495F-A8AA-603F5D269E7D|b9bbd718-b32f-4466-ab34-42f544ff900e
EF64CBEB-D441-4040-A7C2-77B2F8174ADF|E3CDC578-37BA-4CDB-B150-DAB0409270CD|D3DB687E-FF09-4DFE-BC24-EF6747330FCA|b9bbd718-b32f-4466-ab34-42f544ff900e
953749F0-1644-4864-8BEE-BAFBE8C43683|E3CDC578-37BA-4CDB-B150-DAB0409270CD|63D54CDE-47B6-4458-BC3F-F61BDC9D6A08|b9bbd718-b32f-4466-ab34-42f544ff900e
D8750649-B37E-4A1E-9AC7-52E5B40C3BA5|E3CDC578-37BA-4CDB-B150-DAB0409270CD|0D599C97-E6ED-46D9-A6AD-72005D67E856|b9bbd718-b32f-4466-ab34-42f544ff900e
E1456F28-5D40-4B31-943C-876FD32B53B9|E3CDC578-37BA-4CDB-B150-DAB0409270CD|2AA629B7-CAC4-441A-911B-594218A3BF17|b9bbd718-b32f-4466-ab34-42f544ff900e
9EB26081-32AE-412E-89DA-D06E23A68BFA|E3CDC578-37BA-4CDB-B150-DAB0409270CD|4631F3CA-DBBC-4B5A-A3F5-25B224135395|b9bbd718-b32f-4466-ab34-42f544ff900e
A89C9E3A-76B7-463B-8147-1212C4CE5BAB|E3CDC578-37BA-4CDB-B150-DAB0409270CD|CE456104-4DED-4CE2-970A-CFB0B976E324|b9bbd718-b32f-4466-ab34-42f544ff900e
49F10CF0-30AA-40B5-AB06-F88AB6859519|E3CDC578-37BA-4CDB-B150-DAB0409270CD|1D970206-0C82-4021-918D-0CE6DD0AC955|b9bbd718-b32f-4466-ab34-42f544ff900e
E5D48DEC-73B1-4F68-B866-E632B4E40FE3|E3CDC578-37BA-4CDB-B150-DAB0409270CD|D961EF8B-1F5E-40BD-8F6B-3FD878C61691|b9bbd718-b32f-4466-ab34-42f544ff900e
FD6D1C88-F002-4F08-B6EC-B09C02BD7C9E|E3CDC578-37BA-4CDB-B150-DAB0409270CD|7E158943-92DF-46E3-8B2E-7973EC929C6C|b9bbd718-b32f-4466-ab34-42f544ff900e
53C1C5E8-A50C-473A-8961-1ED957C25D6A|E3CDC578-37BA-4CDB-B150-DAB0409270CD|F03AA506-8A07-4B79-9CE5-A9A987BD84FF|b9bbd718-b32f-4466-ab34-42f544ff900e
14281807-5C75-41A4-BCB5-6E005056B496|E3CDC578-37BA-4CDB-B150-DAB0409270CD|CDABD353-BB34-43A1-8615-94D111E520FB|b9bbd718-b32f-4466-ab34-42f544ff900e
800B585B-634E-4D07-9A20-D174F727AA83|E3CDC578-37BA-4CDB-B150-DAB0409270CD|CBE51DD4-DADD-4C8C-B3BE-5404DD97C63F|b9bbd718-b32f-4466-ab34-42f544ff900e
280429DB-3662-420C-ADAC-F98EA62261DA|E3CDC578-37BA-4CDB-B150-DAB0409270CD|C75EFC69-08FD-445F-B51B-3395FDEF4A95|b9bbd718-b32f-4466-ab34-42f544ff900e
1BFDFBAB-F7AD-4042-B727-BC8A6B698B9B|E3CDC578-37BA-4CDB-B150-DAB0409270CD|ABAFB76A-8B72-4F60-849D-000245ADBA7F|b9bbd718-b32f-4466-ab34-42f544ff900e
5CD27F0B-B4DC-4CA1-8CC9-B9695B463EA4|E3CDC578-37BA-4CDB-B150-DAB0409270CD|A6992B16-33F4-44EC-9B3E-C7E3E244A116|b9bbd718-b32f-4466-ab34-42f544ff900e
562F6C69-A8E1-4024-9FD5-B538CB3BB8D4|E3CDC578-37BA-4CDB-B150-DAB0409270CD|5558DF52-C470-46BD-A2B3-E9FFA52B4E70|b9bbd718-b32f-4466-ab34-42f544ff900e
FF71EEAB-4032-4625-BE59-E5190957C5D7|E3CDC578-37BA-4CDB-B150-DAB0409270CD|0D45D7CB-1FB8-44F6-856F-9A60EE0E8620|b9bbd718-b32f-4466-ab34-42f544ff900e
D18F091C-238B-4CD5-AC50-EF95FD4883A0|E3CDC578-37BA-4CDB-B150-DAB0409270CD|532F2337-E49A-4804-9C6C-422271B46E36|b9bbd718-b32f-4466-ab34-42f544ff900e
514C9846-6806-4180-8D55-8AE1D2CB7140|E3CDC578-37BA-4CDB-B150-DAB0409270CD|B3D6957B-0DAE-4E1B-A244-09C33F6FEF80|b9bbd718-b32f-4466-ab34-42f544ff900e
4C13A122-DAA0-4EF5-AE68-EBA110224C32|E3CDC578-37BA-4CDB-B150-DAB0409270CD|6B7068BA-069E-4DBA-94FA-D79BC7EA1248|44f23b3c-e066-4b45-931c-0e8073d3a93a
EB232031-A00E-4FB6-8E80-36876BA8056E|E3CDC578-37BA-4CDB-B150-DAB0409270CD|D14B8BC3-9777-48D7-936C-376176C3BFE3|44f23b3c-e066-4b45-931c-0e8073d3a93a
761DF9EE-6293-4967-A1D1-75CCB60A099B|E3CDC578-37BA-4CDB-B150-DAB0409270CD|5F43BD29-BE46-4C55-BA9E-0F195233EDED|44f23b3c-e066-4b45-931c-0e8073d3a93a
2AE7F8D1-5591-43B7-A3AD-2195B6A7CDD6|E3CDC578-37BA-4CDB-B150-DAB0409270CD|ACD7008B-EF21-483B-8379-54C8A4D3A866|44f23b3c-e066-4b45-931c-0e8073d3a93a
E5717C0B-4E9B-4748-9B24-7D7D58DA9EF3|E3CDC578-37BA-4CDB-B150-DAB0409270CD|07F42ECC-7E24-4630-A5EC-4ED7FD3D9A0B|44f23b3c-e066-4b45-931c-0e8073d3a93a
A835892A-2C3C-415B-8BB7-1AA903C252FB|E3CDC578-37BA-4CDB-B150-DAB0409270CD|50B56335-DA2C-400C-8788-1F665E5704D3|44f23b3c-e066-4b45-931c-0e8073d3a93a
91B25367-A3CA-4820-A076-0D63F4CA8A48|E3CDC578-37BA-4CDB-B150-DAB0409270CD|C4F52BB8-C0FB-400C-818B-1F4271249DE5|44f23b3c-e066-4b45-931c-0e8073d3a93a
AAF0F7DB-3F71-496F-BC6F-C9C7D2845200|E3CDC578-37BA-4CDB-B150-DAB0409270CD|5E08A40F-9427-424B-9C7C-0FE5FD2BED32|44f23b3c-e066-4b45-931c-0e8073d3a93a
1C8C0940-D8FB-4E36-9311-CB17403EBB10|E3CDC578-37BA-4CDB-B150-DAB0409270CD|36ED94CB-08DF-48CF-8DA2-CA6365ACBB0B|44f23b3c-e066-4b45-931c-0e8073d3a93a
7E33D9BF-DC7B-41A4-9EC8-5831713842BE|E3CDC578-37BA-4CDB-B150-DAB0409270CD|366D7C25-51C5-4A0B-9128-A3F52FE6D5EE|44f23b3c-e066-4b45-931c-0e8073d3a93a
ABE047BB-65ED-424F-9E96-63E63B130153|E3CDC578-37BA-4CDB-B150-DAB0409270CD|B38A36EC-A66C-4738-9F86-56DECD1B160F|44f23b3c-e066-4b45-931c-0e8073d3a93a
B5AFEC44-5A64-4989-994F-306BED7AE208|E3CDC578-37BA-4CDB-B150-DAB0409270CD|27A748F4-C0CF-4BEF-821B-AB42D738622C|44f23b3c-e066-4b45-931c-0e8073d3a93a
F66022D2-2E2A-4C68-965C-134B0D1C3AC9|E3CDC578-37BA-4CDB-B150-DAB0409270CD|674E095E-B54C-4353-AC9E-BACE342C7D5B|44f23b3c-e066-4b45-931c-0e8073d3a93a
58844F45-8904-45E0-B781-C0FEFBDE87C5|E3CDC578-37BA-4CDB-B150-DAB0409270CD|20936997-90CE-4251-872B-AB9D91F71125|44f23b3c-e066-4b45-931c-0e8073d3a93a
D74E7662-E4A0-4895-B333-2A05EAB5FAC7|E3CDC578-37BA-4CDB-B150-DAB0409270CD|0937EA44-F95B-4FF4-A4E0-2CA91CC60CAF|44f23b3c-e066-4b45-931c-0e8073d3a93a
480A9F27-21AF-4025-A804-10F0C7D79FAB|E3CDC578-37BA-4CDB-B150-DAB0409270CD|93338C52-D8D1-4021-B48B-19F0B0E9B21E|44f23b3c-e066-4b45-931c-0e8073d3a93a
53ACB166-A7B5-4CFD-A49F-6C1D6A9220B6|E3CDC578-37BA-4CDB-B150-DAB0409270CD|2AE44D35-CBC9-4442-B5BE-B8B0602657B2|44f23b3c-e066-4b45-931c-0e8073d3a93a
BE0EFB11-5A7E-40BE-B2D3-5BDA294D1D0C|E3CDC578-37BA-4CDB-B150-DAB0409270CD|C25B83A9-792E-481E-BE0B-2C04DE97DE12|44f23b3c-e066-4b45-931c-0e8073d3a93a
D29CF290-9BA8-4999-9A8B-B2FBB4CD479F|E3CDC578-37BA-4CDB-B150-DAB0409270CD|FC786FD1-9C26-4783-A0B8-2F250F806610|44f23b3c-e066-4b45-931c-0e8073d3a93a
400D56F9-8CF6-4DDC-BC88-248C84F5CC6C|E3CDC578-37BA-4CDB-B150-DAB0409270CD|AE9ED18A-8761-40CE-BA1E-B4F3D4274504|44f23b3c-e066-4b45-931c-0e8073d3a93a
B0B04B52-D2D9-41BD-BE9E-AD7C78B82442|E3CDC578-37BA-4CDB-B150-DAB0409270CD|8AACF062-36FE-4D43-895B-E1CFDFA4EE93|44f23b3c-e066-4b45-931c-0e8073d3a93a
F500D8B5-7513-47E3-B7B8-4A7C447124F4|E3CDC578-37BA-4CDB-B150-DAB0409270CD|F1D6D93A-51E3-4CEC-9470-A8941914E615|44f23b3c-e066-4b45-931c-0e8073d3a93a
7F60090C-62BA-47C8-A3B2-24D677A66DF7|E3CDC578-37BA-4CDB-B150-DAB0409270CD|C85DDFD1-62B2-4F6F-82D3-814EB99F49EE|44f23b3c-e066-4b45-931c-0e8073d3a93a
35F9A7AC-60F3-4EA7-855F-3DE0CF09A0C8|E3CDC578-37BA-4CDB-B150-DAB0409270CD|457FC285-C47F-4DD3-8238-0A7922D2C660|44f23b3c-e066-4b45-931c-0e8073d3a93a
5739F935-5673-4B98-8D64-3FE77DF2D266|E3CDC578-37BA-4CDB-B150-DAB0409270CD|0B6858E0-B265-4B7E-8744-9902FB7EE70B|44f23b3c-e066-4b45-931c-0e8073d3a93a
9282003C-8E69-49ED-906C-9588C677CDD6|E3CDC578-37BA-4CDB-B150-DAB0409270CD|8A3E4154-6C02-45D8-92BD-80D11EC9BC20|44f23b3c-e066-4b45-931c-0e8073d3a93a
5B79D480-59A5-45FD-AF24-2337C4914D8A|E3CDC578-37BA-4CDB-B150-DAB0409270CD|C01FA99C-6A3E-4293-A462-E215F2FD1929|44f23b3c-e066-4b45-931c-0e8073d3a93a
3240025E-2CD9-4D05-B8F2-49A41FF9DB0E|E3CDC578-37BA-4CDB-B150-DAB0409270CD|FBE28CB8-6B4E-4F50-A95D-F8E1C733A159|44f23b3c-e066-4b45-931c-0e8073d3a93a
442ED4F6-5532-4AF6-97E6-C046245FB249|E3CDC578-37BA-4CDB-B150-DAB0409270CD|717FD680-3AF4-463E-8006-204A086F6F9D|44f23b3c-e066-4b45-931c-0e8073d3a93a
56E70372-76CB-4492-9F7E-1412539C7E5E|E3CDC578-37BA-4CDB-B150-DAB0409270CD|79C746EC-C513-44B0-852B-6871DE7E3FA5|44f23b3c-e066-4b45-931c-0e8073d3a93a
23CBCABB-6855-454B-AE42-260A3FBD98C5|E3CDC578-37BA-4CDB-B150-DAB0409270CD|C4201204-DF2C-4870-8567-DCFEA0580C7C|44f23b3c-e066-4b45-931c-0e8073d3a93a
B34C92E4-C6D3-4F27-A435-985F2374DAA2|E3CDC578-37BA-4CDB-B150-DAB0409270CD|1113FBB3-4FB1-42A5-9602-0F3E2B7799C7|44f23b3c-e066-4b45-931c-0e8073d3a93a
0225AC33-E68D-4756-B8F3-A7BA0725B41A|E3CDC578-37BA-4CDB-B150-DAB0409270CD|C6C426F3-4F3C-4DAD-9EC4-A119F1086984|44f23b3c-e066-4b45-931c-0e8073d3a93a
512D0A94-132F-43F2-8771-A99821BED860|E3CDC578-37BA-4CDB-B150-DAB0409270CD|56BFD25E-DF52-4C85-B55D-EA3CE1EC8EF0|44f23b3c-e066-4b45-931c-0e8073d3a93a
180058D8-C012-4026-8236-C70E1D2A99E2|E3CDC578-37BA-4CDB-B150-DAB0409270CD|5A283405-71D5-44EE-A8C2-CBB5820D9AC7|44f23b3c-e066-4b45-931c-0e8073d3a93a
D2B33109-EECB-4243-B6B4-9E9C995F983C|E3CDC578-37BA-4CDB-B150-DAB0409270CD|B5C989AF-5853-4EF0-BDB8-6A9C7717644D|44f23b3c-e066-4b45-931c-0e8073d3a93a
46AED4D6-47A4-4E66-A595-FEF5DD3F1519|E3CDC578-37BA-4CDB-B150-DAB0409270CD|6D4BF323-E228-4796-BBEE-639AA86A2528|44f23b3c-e066-4b45-931c-0e8073d3a93a
177A1F5D-7EF6-41D0-8A86-DBE296F5E183|E3CDC578-37BA-4CDB-B150-DAB0409270CD|991FD9DE-146D-495F-A8AA-603F5D269E7D|44f23b3c-e066-4b45-931c-0e8073d3a93a
0BDB2141-1CD1-4B56-996D-35369033EB3F|E3CDC578-37BA-4CDB-B150-DAB0409270CD|D3DB687E-FF09-4DFE-BC24-EF6747330FCA|44f23b3c-e066-4b45-931c-0e8073d3a93a
DCAA72C3-D1D9-4C76-B3AF-14E2F9A0A304|E3CDC578-37BA-4CDB-B150-DAB0409270CD|63D54CDE-47B6-4458-BC3F-F61BDC9D6A08|44f23b3c-e066-4b45-931c-0e8073d3a93a
9862DCAF-966B-45FE-B152-6E04CCD4B521|E3CDC578-37BA-4CDB-B150-DAB0409270CD|0D599C97-E6ED-46D9-A6AD-72005D67E856|44f23b3c-e066-4b45-931c-0e8073d3a93a
EC587C71-912E-415E-9B58-A1372AB7DDD3|E3CDC578-37BA-4CDB-B150-DAB0409270CD|2AA629B7-CAC4-441A-911B-594218A3BF17|44f23b3c-e066-4b45-931c-0e8073d3a93a
3EFEC344-A9C7-4DA2-BBFB-CC00B76B9CE4|E3CDC578-37BA-4CDB-B150-DAB0409270CD|4631F3CA-DBBC-4B5A-A3F5-25B224135395|44f23b3c-e066-4b45-931c-0e8073d3a93a
9CC4094C-D30D-444E-87B4-A11723A0CACD|E3CDC578-37BA-4CDB-B150-DAB0409270CD|CE456104-4DED-4CE2-970A-CFB0B976E324|44f23b3c-e066-4b45-931c-0e8073d3a93a
1903A6D9-EFB6-46F5-9ACB-4504996A8285|E3CDC578-37BA-4CDB-B150-DAB0409270CD|1D970206-0C82-4021-918D-0CE6DD0AC955|44f23b3c-e066-4b45-931c-0e8073d3a93a
58C469F8-6C00-4EDA-8E83-D23793166B40|E3CDC578-37BA-4CDB-B150-DAB0409270CD|D961EF8B-1F5E-40BD-8F6B-3FD878C61691|44f23b3c-e066-4b45-931c-0e8073d3a93a
E67007DA-6995-4545-A905-216D7CD79547|E3CDC578-37BA-4CDB-B150-DAB0409270CD|7E158943-92DF-46E3-8B2E-7973EC929C6C|44f23b3c-e066-4b45-931c-0e8073d3a93a
0D383EFB-E171-4A8B-BBCA-A29CFEA9813B|E3CDC578-37BA-4CDB-B150-DAB0409270CD|F03AA506-8A07-4B79-9CE5-A9A987BD84FF|44f23b3c-e066-4b45-931c-0e8073d3a93a
894DF681-DD30-4A6B-A1B7-DC3C1D9045E4|E3CDC578-37BA-4CDB-B150-DAB0409270CD|CDABD353-BB34-43A1-8615-94D111E520FB|44f23b3c-e066-4b45-931c-0e8073d3a93a
59EF0F87-3E3F-4DB8-B375-A770C2714DB9|E3CDC578-37BA-4CDB-B150-DAB0409270CD|CBE51DD4-DADD-4C8C-B3BE-5404DD97C63F|44f23b3c-e066-4b45-931c-0e8073d3a93a
FF8DDF8B-1979-4DEB-A29E-38587D8A8FDD|E3CDC578-37BA-4CDB-B150-DAB0409270CD|C75EFC69-08FD-445F-B51B-3395FDEF4A95|44f23b3c-e066-4b45-931c-0e8073d3a93a
76E4E943-0C76-4410-AEF2-1DC93596C9C6|E3CDC578-37BA-4CDB-B150-DAB0409270CD|ABAFB76A-8B72-4F60-849D-000245ADBA7F|44f23b3c-e066-4b45-931c-0e8073d3a93a
FB8AEF96-42A5-4C3C-8371-8FD28A331963|E3CDC578-37BA-4CDB-B150-DAB0409270CD|A6992B16-33F4-44EC-9B3E-C7E3E244A116|44f23b3c-e066-4b45-931c-0e8073d3a93a
880F2F09-090C-4CEF-ABBF-39D2DDDBC147|E3CDC578-37BA-4CDB-B150-DAB0409270CD|5558DF52-C470-46BD-A2B3-E9FFA52B4E70|44f23b3c-e066-4b45-931c-0e8073d3a93a
4FF69832-B82F-4D2F-8F81-58033EFDC3DA|E3CDC578-37BA-4CDB-B150-DAB0409270CD|0D45D7CB-1FB8-44F6-856F-9A60EE0E8620|44f23b3c-e066-4b45-931c-0e8073d3a93a
CD2F2A8D-51FF-43ED-8A41-CFB6DBAD745A|E3CDC578-37BA-4CDB-B150-DAB0409270CD|532F2337-E49A-4804-9C6C-422271B46E36|44f23b3c-e066-4b45-931c-0e8073d3a93a
D0405EB3-0A54-4390-A957-447F4BA4513F|E3CDC578-37BA-4CDB-B150-DAB0409270CD|B3D6957B-0DAE-4E1B-A244-09C33F6FEF80|44f23b3c-e066-4b45-931c-0e8073d3a93a
